# IFF floorball goal 160x115 - generated from SPCR 011 / SP-METHOD 1506
# units: millimetres
mtllib floorball_goal.mtl
v 800.000 100.000 -16.000
v 800.000 1050.000 -16.000
v 806.942 100.000 -14.416
v 806.942 1050.000 -14.416
v 812.509 100.000 -9.976
v 812.509 1050.000 -9.976
v 815.599 100.000 -3.560
v 815.599 1050.000 -3.560
v 815.599 100.000 3.560
v 815.599 1050.000 3.560
v 812.509 100.000 9.976
v 812.509 1050.000 9.976
v 806.942 100.000 14.416
v 806.942 1050.000 14.416
v 800.000 100.000 16.000
v 800.000 1050.000 16.000
v 793.058 100.000 14.416
v 793.058 1050.000 14.416
v 787.491 100.000 9.976
v 787.491 1050.000 9.976
v 784.401 100.000 3.560
v 784.401 1050.000 3.560
v 784.401 100.000 -3.560
v 784.401 1050.000 -3.560
v 787.491 100.000 -9.976
v 787.491 1050.000 -9.976
v 793.058 100.000 -14.416
v 793.058 1050.000 -14.416
v 800.000 1050.000 -16.000
v 798.079 1069.509 -16.000
v 806.909 1050.680 -14.416
v 804.987 1070.189 -14.416
v 812.449 1051.226 -9.976
v 810.528 1070.735 -9.976
v 815.524 1051.529 -3.560
v 813.602 1071.038 -3.560
v 815.524 1051.529 3.560
v 813.602 1071.038 3.560
v 812.449 1051.226 9.976
v 810.528 1070.735 9.976
v 806.909 1050.680 14.416
v 804.987 1070.189 14.416
v 800.000 1050.000 16.000
v 798.079 1069.509 16.000
v 793.091 1049.320 14.416
v 791.170 1068.829 14.416
v 787.551 1048.774 9.976
v 785.629 1068.283 9.976
v 784.476 1048.471 3.560
v 782.555 1067.980 3.560
v 784.476 1048.471 -3.560
v 782.555 1067.980 -3.560
v 787.551 1048.774 -9.976
v 785.629 1068.283 -9.976
v 793.091 1049.320 -14.416
v 791.170 1068.829 -14.416
v 798.079 1069.509 -16.000
v 792.388 1088.268 -16.000
v 804.722 1071.524 -14.416
v 799.031 1090.284 -14.416
v 810.049 1073.140 -9.976
v 804.359 1091.900 -9.976
v 813.006 1074.037 -3.560
v 807.315 1092.796 -3.560
v 813.006 1074.037 3.560
v 807.315 1092.796 3.560
v 810.049 1073.140 9.976
v 804.359 1091.900 9.976
v 804.722 1071.524 14.416
v 799.031 1090.284 14.416
v 798.079 1069.509 16.000
v 792.388 1088.268 16.000
v 791.435 1067.494 14.416
v 785.745 1086.253 14.416
v 786.108 1065.878 9.976
v 780.417 1084.637 9.976
v 783.151 1064.981 3.560
v 777.461 1083.740 3.560
v 783.151 1064.981 -3.560
v 777.461 1083.740 -3.560
v 786.108 1065.878 -9.976
v 780.417 1084.637 -9.976
v 791.435 1067.494 -14.416
v 785.745 1086.253 -14.416
v 792.388 1088.268 -16.000
v 783.147 1105.557 -16.000
v 798.510 1091.541 -14.416
v 789.269 1108.830 -14.416
v 803.420 1094.165 -9.976
v 794.179 1111.454 -9.976
v 806.145 1095.622 -3.560
v 796.904 1112.910 -3.560
v 806.145 1095.622 3.560
v 796.904 1112.910 3.560
v 803.420 1094.165 9.976
v 794.179 1111.454 9.976
v 798.510 1091.541 14.416
v 789.269 1108.830 14.416
v 792.388 1088.268 16.000
v 783.147 1105.557 16.000
v 786.266 1084.996 14.416
v 777.025 1102.285 14.416
v 781.356 1082.371 9.976
v 772.115 1099.660 9.976
v 778.631 1080.915 3.560
v 769.390 1098.204 3.560
v 778.631 1080.915 -3.560
v 769.390 1098.204 -3.560
v 781.356 1082.371 -9.976
v 772.115 1099.660 -9.976
v 786.266 1084.996 -14.416
v 777.025 1102.285 -14.416
v 783.147 1105.557 -16.000
v 770.711 1120.711 -16.000
v 788.513 1109.961 -14.416
v 776.077 1125.115 -14.416
v 792.817 1113.493 -9.976
v 780.381 1128.646 -9.976
v 795.205 1115.453 -3.560
v 782.769 1130.606 -3.560
v 795.205 1115.453 3.560
v 782.769 1130.606 3.560
v 792.817 1113.493 9.976
v 780.381 1128.646 9.976
v 788.513 1109.961 14.416
v 776.077 1125.115 14.416
v 783.147 1105.557 16.000
v 770.711 1120.711 16.000
v 777.781 1101.153 14.416
v 765.344 1116.307 14.416
v 773.477 1097.621 9.976
v 761.041 1112.775 9.976
v 771.089 1095.661 3.560
v 758.653 1110.815 3.560
v 771.089 1095.661 -3.560
v 758.653 1110.815 -3.560
v 773.477 1097.621 -9.976
v 761.041 1112.775 -9.976
v 777.781 1101.153 -14.416
v 765.344 1116.307 -14.416
v 770.711 1120.711 -16.000
v 755.557 1133.147 -16.000
v 775.115 1126.077 -14.416
v 759.961 1138.513 -14.416
v 778.646 1130.381 -9.976
v 763.493 1142.817 -9.976
v 780.606 1132.769 -3.560
v 765.453 1145.205 -3.560
v 780.606 1132.769 3.560
v 765.453 1145.205 3.560
v 778.646 1130.381 9.976
v 763.493 1142.817 9.976
v 775.115 1126.077 14.416
v 759.961 1138.513 14.416
v 770.711 1120.711 16.000
v 755.557 1133.147 16.000
v 766.307 1115.344 14.416
v 751.153 1127.781 14.416
v 762.775 1111.041 9.976
v 747.621 1123.477 9.976
v 760.815 1108.653 3.560
v 745.661 1121.089 3.560
v 760.815 1108.653 -3.560
v 745.661 1121.089 -3.560
v 762.775 1111.041 -9.976
v 747.621 1123.477 -9.976
v 766.307 1115.344 -14.416
v 751.153 1127.781 -14.416
v 755.557 1133.147 -16.000
v 738.268 1142.388 -16.000
v 758.830 1139.269 -14.416
v 741.541 1148.510 -14.416
v 761.454 1144.179 -9.976
v 744.165 1153.420 -9.976
v 762.910 1146.904 -3.560
v 745.622 1156.145 -3.560
v 762.910 1146.904 3.560
v 745.622 1156.145 3.560
v 761.454 1144.179 9.976
v 744.165 1153.420 9.976
v 758.830 1139.269 14.416
v 741.541 1148.510 14.416
v 755.557 1133.147 16.000
v 738.268 1142.388 16.000
v 752.285 1127.025 14.416
v 734.996 1136.266 14.416
v 749.660 1122.115 9.976
v 732.371 1131.356 9.976
v 748.204 1119.390 3.560
v 730.915 1128.631 3.560
v 748.204 1119.390 -3.560
v 730.915 1128.631 -3.560
v 749.660 1122.115 -9.976
v 732.371 1131.356 -9.976
v 752.285 1127.025 -14.416
v 734.996 1136.266 -14.416
v 738.268 1142.388 -16.000
v 719.509 1148.079 -16.000
v 740.284 1149.031 -14.416
v 721.524 1154.722 -14.416
v 741.900 1154.359 -9.976
v 723.140 1160.049 -9.976
v 742.796 1157.315 -3.560
v 724.037 1163.006 -3.560
v 742.796 1157.315 3.560
v 724.037 1163.006 3.560
v 741.900 1154.359 9.976
v 723.140 1160.049 9.976
v 740.284 1149.031 14.416
v 721.524 1154.722 14.416
v 738.268 1142.388 16.000
v 719.509 1148.079 16.000
v 736.253 1135.745 14.416
v 717.494 1141.435 14.416
v 734.637 1130.417 9.976
v 715.878 1136.108 9.976
v 733.740 1127.461 3.560
v 714.981 1133.151 3.560
v 733.740 1127.461 -3.560
v 714.981 1133.151 -3.560
v 734.637 1130.417 -9.976
v 715.878 1136.108 -9.976
v 736.253 1135.745 -14.416
v 717.494 1141.435 -14.416
v 719.509 1148.079 -16.000
v 700.000 1150.000 -16.000
v 720.189 1154.987 -14.416
v 700.680 1156.909 -14.416
v 720.735 1160.528 -9.976
v 701.226 1162.449 -9.976
v 721.038 1163.602 -3.560
v 701.529 1165.524 -3.560
v 721.038 1163.602 3.560
v 701.529 1165.524 3.560
v 720.735 1160.528 9.976
v 701.226 1162.449 9.976
v 720.189 1154.987 14.416
v 700.680 1156.909 14.416
v 719.509 1148.079 16.000
v 700.000 1150.000 16.000
v 718.829 1141.170 14.416
v 699.320 1143.091 14.416
v 718.283 1135.629 9.976
v 698.774 1137.551 9.976
v 717.980 1132.555 3.560
v 698.471 1134.476 3.560
v 717.980 1132.555 -3.560
v 698.471 1134.476 -3.560
v 718.283 1135.629 -9.976
v 698.774 1137.551 -9.976
v 718.829 1141.170 -14.416
v 699.320 1143.091 -14.416
v 700.000 1150.000 -16.000
v -719.509 1148.079 -16.000
v 699.991 1156.942 -14.416
v -719.518 1155.021 -14.416
v 699.983 1162.509 -9.976
v -719.526 1160.588 -9.976
v 699.979 1165.599 -3.560
v -719.530 1163.677 -3.560
v 699.979 1165.599 3.560
v -719.530 1163.677 3.560
v 699.983 1162.509 9.976
v -719.526 1160.588 9.976
v 699.991 1156.942 14.416
v -719.518 1155.021 14.416
v 700.000 1150.000 16.000
v -719.509 1148.079 16.000
v 700.009 1143.058 14.416
v -719.500 1141.136 14.416
v 700.017 1137.491 9.976
v -719.492 1135.569 9.976
v 700.021 1134.401 3.560
v -719.488 1132.480 3.560
v 700.021 1134.401 -3.560
v -719.488 1132.480 -3.560
v 700.017 1137.491 -9.976
v -719.492 1135.569 -9.976
v 700.009 1143.058 -14.416
v -719.500 1141.136 -14.416
v -719.509 1148.079 -16.000
v -738.268 1142.388 -16.000
v -721.524 1154.722 -14.416
v -740.284 1149.031 -14.416
v -723.140 1160.049 -9.976
v -741.900 1154.359 -9.976
v -724.037 1163.006 -3.560
v -742.796 1157.315 -3.560
v -724.037 1163.006 3.560
v -742.796 1157.315 3.560
v -723.140 1160.049 9.976
v -741.900 1154.359 9.976
v -721.524 1154.722 14.416
v -740.284 1149.031 14.416
v -719.509 1148.079 16.000
v -738.268 1142.388 16.000
v -717.494 1141.435 14.416
v -736.253 1135.745 14.416
v -715.878 1136.108 9.976
v -734.637 1130.417 9.976
v -714.981 1133.151 3.560
v -733.740 1127.461 3.560
v -714.981 1133.151 -3.560
v -733.740 1127.461 -3.560
v -715.878 1136.108 -9.976
v -734.637 1130.417 -9.976
v -717.494 1141.435 -14.416
v -736.253 1135.745 -14.416
v -738.268 1142.388 -16.000
v -755.557 1133.147 -16.000
v -741.541 1148.510 -14.416
v -758.830 1139.269 -14.416
v -744.165 1153.420 -9.976
v -761.454 1144.179 -9.976
v -745.622 1156.145 -3.560
v -762.910 1146.904 -3.560
v -745.622 1156.145 3.560
v -762.910 1146.904 3.560
v -744.165 1153.420 9.976
v -761.454 1144.179 9.976
v -741.541 1148.510 14.416
v -758.830 1139.269 14.416
v -738.268 1142.388 16.000
v -755.557 1133.147 16.000
v -734.996 1136.266 14.416
v -752.285 1127.025 14.416
v -732.371 1131.356 9.976
v -749.660 1122.115 9.976
v -730.915 1128.631 3.560
v -748.204 1119.390 3.560
v -730.915 1128.631 -3.560
v -748.204 1119.390 -3.560
v -732.371 1131.356 -9.976
v -749.660 1122.115 -9.976
v -734.996 1136.266 -14.416
v -752.285 1127.025 -14.416
v -755.557 1133.147 -16.000
v -770.711 1120.711 -16.000
v -759.961 1138.513 -14.416
v -775.115 1126.077 -14.416
v -763.493 1142.817 -9.976
v -778.646 1130.381 -9.976
v -765.453 1145.205 -3.560
v -780.606 1132.769 -3.560
v -765.453 1145.205 3.560
v -780.606 1132.769 3.560
v -763.493 1142.817 9.976
v -778.646 1130.381 9.976
v -759.961 1138.513 14.416
v -775.115 1126.077 14.416
v -755.557 1133.147 16.000
v -770.711 1120.711 16.000
v -751.153 1127.781 14.416
v -766.307 1115.344 14.416
v -747.621 1123.477 9.976
v -762.775 1111.041 9.976
v -745.661 1121.089 3.560
v -760.815 1108.653 3.560
v -745.661 1121.089 -3.560
v -760.815 1108.653 -3.560
v -747.621 1123.477 -9.976
v -762.775 1111.041 -9.976
v -751.153 1127.781 -14.416
v -766.307 1115.344 -14.416
v -770.711 1120.711 -16.000
v -783.147 1105.557 -16.000
v -776.077 1125.115 -14.416
v -788.513 1109.961 -14.416
v -780.381 1128.646 -9.976
v -792.817 1113.493 -9.976
v -782.769 1130.606 -3.560
v -795.205 1115.453 -3.560
v -782.769 1130.606 3.560
v -795.205 1115.453 3.560
v -780.381 1128.646 9.976
v -792.817 1113.493 9.976
v -776.077 1125.115 14.416
v -788.513 1109.961 14.416
v -770.711 1120.711 16.000
v -783.147 1105.557 16.000
v -765.344 1116.307 14.416
v -777.781 1101.153 14.416
v -761.041 1112.775 9.976
v -773.477 1097.621 9.976
v -758.653 1110.815 3.560
v -771.089 1095.661 3.560
v -758.653 1110.815 -3.560
v -771.089 1095.661 -3.560
v -761.041 1112.775 -9.976
v -773.477 1097.621 -9.976
v -765.344 1116.307 -14.416
v -777.781 1101.153 -14.416
v -783.147 1105.557 -16.000
v -792.388 1088.268 -16.000
v -789.269 1108.830 -14.416
v -798.510 1091.541 -14.416
v -794.179 1111.454 -9.976
v -803.420 1094.165 -9.976
v -796.904 1112.910 -3.560
v -806.145 1095.622 -3.560
v -796.904 1112.910 3.560
v -806.145 1095.622 3.560
v -794.179 1111.454 9.976
v -803.420 1094.165 9.976
v -789.269 1108.830 14.416
v -798.510 1091.541 14.416
v -783.147 1105.557 16.000
v -792.388 1088.268 16.000
v -777.025 1102.285 14.416
v -786.266 1084.996 14.416
v -772.115 1099.660 9.976
v -781.356 1082.371 9.976
v -769.390 1098.204 3.560
v -778.631 1080.915 3.560
v -769.390 1098.204 -3.560
v -778.631 1080.915 -3.560
v -772.115 1099.660 -9.976
v -781.356 1082.371 -9.976
v -777.025 1102.285 -14.416
v -786.266 1084.996 -14.416
v -792.388 1088.268 16.000
v -798.079 1069.509 16.000
v -785.745 1086.253 14.416
v -791.435 1067.494 14.416
v -780.417 1084.637 9.976
v -786.108 1065.878 9.976
v -777.461 1083.740 3.560
v -783.151 1064.981 3.560
v -777.461 1083.740 -3.560
v -783.151 1064.981 -3.560
v -780.417 1084.637 -9.976
v -786.108 1065.878 -9.976
v -785.745 1086.253 -14.416
v -791.435 1067.494 -14.416
v -792.388 1088.268 -16.000
v -798.079 1069.509 -16.000
v -799.031 1090.284 -14.416
v -804.722 1071.524 -14.416
v -804.359 1091.900 -9.976
v -810.049 1073.140 -9.976
v -807.315 1092.796 -3.560
v -813.006 1074.037 -3.560
v -807.315 1092.796 3.560
v -813.006 1074.037 3.560
v -804.359 1091.900 9.976
v -810.049 1073.140 9.976
v -799.031 1090.284 14.416
v -804.722 1071.524 14.416
v -798.079 1069.509 16.000
v -800.000 1050.000 16.000
v -791.170 1068.829 14.416
v -793.091 1049.320 14.416
v -785.629 1068.283 9.976
v -787.551 1048.774 9.976
v -782.555 1067.980 3.560
v -784.476 1048.471 3.560
v -782.555 1067.980 -3.560
v -784.476 1048.471 -3.560
v -785.629 1068.283 -9.976
v -787.551 1048.774 -9.976
v -791.170 1068.829 -14.416
v -793.091 1049.320 -14.416
v -798.079 1069.509 -16.000
v -800.000 1050.000 -16.000
v -804.987 1070.189 -14.416
v -806.909 1050.680 -14.416
v -810.528 1070.735 -9.976
v -812.449 1051.226 -9.976
v -813.602 1071.038 -3.560
v -815.524 1051.529 -3.560
v -813.602 1071.038 3.560
v -815.524 1051.529 3.560
v -810.528 1070.735 9.976
v -812.449 1051.226 9.976
v -804.987 1070.189 14.416
v -806.909 1050.680 14.416
v -800.000 1050.000 16.000
v -798.079 80.491 16.000
v -793.058 1050.014 14.416
v -791.136 80.505 14.416
v -787.491 1050.025 9.976
v -785.569 80.516 9.976
v -784.401 1050.031 3.560
v -782.480 80.522 3.560
v -784.401 1050.031 -3.560
v -782.480 80.522 -3.560
v -787.491 1050.025 -9.976
v -785.569 80.516 -9.976
v -793.058 1050.014 -14.416
v -791.136 80.505 -14.416
v -800.000 1050.000 -16.000
v -798.079 80.491 -16.000
v -806.942 1049.986 -14.416
v -805.021 80.477 -14.416
v -812.509 1049.975 -9.976
v -810.588 80.466 -9.976
v -815.599 1049.969 -3.560
v -813.677 80.460 -3.560
v -815.599 1049.969 3.560
v -813.677 80.460 3.560
v -812.509 1049.975 9.976
v -810.588 80.466 9.976
v -806.942 1049.986 14.416
v -805.021 80.477 14.416
v -798.079 80.491 16.000
v -792.388 61.732 16.000
v -791.435 82.506 14.416
v -785.745 63.747 14.416
v -786.108 84.122 9.976
v -780.417 65.363 9.976
v -783.151 85.019 3.560
v -777.461 66.260 3.560
v -783.151 85.019 -3.560
v -777.461 66.260 -3.560
v -786.108 84.122 -9.976
v -780.417 65.363 -9.976
v -791.435 82.506 -14.416
v -785.745 63.747 -14.416
v -798.079 80.491 -16.000
v -792.388 61.732 -16.000
v -804.722 78.476 -14.416
v -799.031 59.716 -14.416
v -810.049 76.860 -9.976
v -804.359 58.100 -9.976
v -813.006 75.963 -3.560
v -807.315 57.204 -3.560
v -813.006 75.963 3.560
v -807.315 57.204 3.560
v -810.049 76.860 9.976
v -804.359 58.100 9.976
v -804.722 78.476 14.416
v -799.031 59.716 14.416
v -792.388 61.732 16.000
v -783.147 44.443 16.000
v -786.266 65.004 14.416
v -777.025 47.715 14.416
v -781.356 67.629 9.976
v -772.115 50.340 9.976
v -778.631 69.085 3.560
v -769.390 51.796 3.560
v -778.631 69.085 -3.560
v -769.390 51.796 -3.560
v -781.356 67.629 -9.976
v -772.115 50.340 -9.976
v -786.266 65.004 -14.416
v -777.025 47.715 -14.416
v -792.388 61.732 -16.000
v -783.147 44.443 -16.000
v -798.510 58.459 -14.416
v -789.269 41.170 -14.416
v -803.420 55.835 -9.976
v -794.179 38.546 -9.976
v -806.145 54.378 -3.560
v -796.904 37.090 -3.560
v -806.145 54.378 3.560
v -796.904 37.090 3.560
v -803.420 55.835 9.976
v -794.179 38.546 9.976
v -798.510 58.459 14.416
v -789.269 41.170 14.416
v -783.147 44.443 16.000
v -770.711 29.289 16.000
v -777.781 48.847 14.416
v -765.344 33.693 14.416
v -773.477 52.379 9.976
v -761.041 37.225 9.976
v -771.089 54.339 3.560
v -758.653 39.185 3.560
v -771.089 54.339 -3.560
v -758.653 39.185 -3.560
v -773.477 52.379 -9.976
v -761.041 37.225 -9.976
v -777.781 48.847 -14.416
v -765.344 33.693 -14.416
v -783.147 44.443 -16.000
v -770.711 29.289 -16.000
v -788.513 40.039 -14.416
v -776.077 24.885 -14.416
v -792.817 36.507 -9.976
v -780.381 21.354 -9.976
v -795.205 34.547 -3.560
v -782.769 19.394 -3.560
v -795.205 34.547 3.560
v -782.769 19.394 3.560
v -792.817 36.507 9.976
v -780.381 21.354 9.976
v -788.513 40.039 14.416
v -776.077 24.885 14.416
v -770.711 29.289 16.000
v -755.557 16.853 16.000
v -766.307 34.656 14.416
v -751.153 22.219 14.416
v -762.775 38.959 9.976
v -747.621 26.523 9.976
v -760.815 41.347 3.560
v -745.661 28.911 3.560
v -760.815 41.347 -3.560
v -745.661 28.911 -3.560
v -762.775 38.959 -9.976
v -747.621 26.523 -9.976
v -766.307 34.656 -14.416
v -751.153 22.219 -14.416
v -770.711 29.289 -16.000
v -755.557 16.853 -16.000
v -775.115 23.923 -14.416
v -759.961 11.487 -14.416
v -778.646 19.619 -9.976
v -763.493 7.183 -9.976
v -780.606 17.231 -3.560
v -765.453 4.795 -3.560
v -780.606 17.231 3.560
v -765.453 4.795 3.560
v -778.646 19.619 9.976
v -763.493 7.183 9.976
v -775.115 23.923 14.416
v -759.961 11.487 14.416
v -755.557 16.853 16.000
v -738.268 7.612 16.000
v -752.285 22.975 14.416
v -734.996 13.734 14.416
v -749.660 27.885 9.976
v -732.371 18.644 9.976
v -748.204 30.610 3.560
v -730.915 21.369 3.560
v -748.204 30.610 -3.560
v -730.915 21.369 -3.560
v -749.660 27.885 -9.976
v -732.371 18.644 -9.976
v -752.285 22.975 -14.416
v -734.996 13.734 -14.416
v -755.557 16.853 -16.000
v -738.268 7.612 -16.000
v -758.830 10.731 -14.416
v -741.541 1.490 -14.416
v -761.454 5.821 -9.976
v -744.165 -3.420 -9.976
v -762.910 3.096 -3.560
v -745.622 -6.145 -3.560
v -762.910 3.096 3.560
v -745.622 -6.145 3.560
v -761.454 5.821 9.976
v -744.165 -3.420 9.976
v -758.830 10.731 14.416
v -741.541 1.490 14.416
v -738.268 7.612 16.000
v -719.509 1.921 16.000
v -736.253 14.255 14.416
v -717.494 8.565 14.416
v -734.637 19.583 9.976
v -715.878 13.892 9.976
v -733.740 22.539 3.560
v -714.981 16.849 3.560
v -733.740 22.539 -3.560
v -714.981 16.849 -3.560
v -734.637 19.583 -9.976
v -715.878 13.892 -9.976
v -736.253 14.255 -14.416
v -717.494 8.565 -14.416
v -738.268 7.612 -16.000
v -719.509 1.921 -16.000
v -740.284 0.969 -14.416
v -721.524 -4.722 -14.416
v -741.900 -4.359 -9.976
v -723.140 -10.049 -9.976
v -742.796 -7.315 -3.560
v -724.037 -13.006 -3.560
v -742.796 -7.315 3.560
v -724.037 -13.006 3.560
v -741.900 -4.359 9.976
v -723.140 -10.049 9.976
v -740.284 0.969 14.416
v -721.524 -4.722 14.416
v -719.509 1.921 16.000
v -700.000 0.000 16.000
v -718.829 8.830 14.416
v -699.320 6.909 14.416
v -718.283 14.371 9.976
v -698.774 12.449 9.976
v -717.980 17.445 3.560
v -698.471 15.524 3.560
v -717.980 17.445 -3.560
v -698.471 15.524 -3.560
v -718.283 14.371 -9.976
v -698.774 12.449 -9.976
v -718.829 8.830 -14.416
v -699.320 6.909 -14.416
v -719.509 1.921 -16.000
v -700.000 0.000 -16.000
v -720.189 -4.987 -14.416
v -700.680 -6.909 -14.416
v -720.735 -10.528 -9.976
v -701.226 -12.449 -9.976
v -721.038 -13.602 -3.560
v -701.529 -15.524 -3.560
v -721.038 -13.602 3.560
v -701.529 -15.524 3.560
v -720.735 -10.528 9.976
v -701.226 -12.449 9.976
v -720.189 -4.987 14.416
v -700.680 -6.909 14.416
v -700.000 0.000 16.000
v 719.509 1.921 16.000
v -700.009 6.942 14.416
v 719.500 8.864 14.416
v -700.017 12.509 9.976
v 719.492 14.431 9.976
v -700.021 15.599 3.560
v 719.488 17.520 3.560
v -700.021 15.599 -3.560
v 719.488 17.520 -3.560
v -700.017 12.509 -9.976
v 719.492 14.431 -9.976
v -700.009 6.942 -14.416
v 719.500 8.864 -14.416
v -700.000 0.000 -16.000
v 719.509 1.921 -16.000
v -699.991 -6.942 -14.416
v 719.518 -5.021 -14.416
v -699.983 -12.509 -9.976
v 719.526 -10.588 -9.976
v -699.979 -15.599 -3.560
v 719.530 -13.677 -3.560
v -699.979 -15.599 3.560
v 719.530 -13.677 3.560
v -699.983 -12.509 9.976
v 719.526 -10.588 9.976
v -699.991 -6.942 14.416
v 719.518 -5.021 14.416
v 719.509 1.921 16.000
v 738.268 7.612 16.000
v 717.494 8.565 14.416
v 736.253 14.255 14.416
v 715.878 13.892 9.976
v 734.637 19.583 9.976
v 714.981 16.849 3.560
v 733.740 22.539 3.560
v 714.981 16.849 -3.560
v 733.740 22.539 -3.560
v 715.878 13.892 -9.976
v 734.637 19.583 -9.976
v 717.494 8.565 -14.416
v 736.253 14.255 -14.416
v 719.509 1.921 -16.000
v 738.268 7.612 -16.000
v 721.524 -4.722 -14.416
v 740.284 0.969 -14.416
v 723.140 -10.049 -9.976
v 741.900 -4.359 -9.976
v 724.037 -13.006 -3.560
v 742.796 -7.315 -3.560
v 724.037 -13.006 3.560
v 742.796 -7.315 3.560
v 723.140 -10.049 9.976
v 741.900 -4.359 9.976
v 721.524 -4.722 14.416
v 740.284 0.969 14.416
v 738.268 7.612 16.000
v 755.557 16.853 16.000
v 734.996 13.734 14.416
v 752.285 22.975 14.416
v 732.371 18.644 9.976
v 749.660 27.885 9.976
v 730.915 21.369 3.560
v 748.204 30.610 3.560
v 730.915 21.369 -3.560
v 748.204 30.610 -3.560
v 732.371 18.644 -9.976
v 749.660 27.885 -9.976
v 734.996 13.734 -14.416
v 752.285 22.975 -14.416
v 738.268 7.612 -16.000
v 755.557 16.853 -16.000
v 741.541 1.490 -14.416
v 758.830 10.731 -14.416
v 744.165 -3.420 -9.976
v 761.454 5.821 -9.976
v 745.622 -6.145 -3.560
v 762.910 3.096 -3.560
v 745.622 -6.145 3.560
v 762.910 3.096 3.560
v 744.165 -3.420 9.976
v 761.454 5.821 9.976
v 741.541 1.490 14.416
v 758.830 10.731 14.416
v 755.557 16.853 16.000
v 770.711 29.289 16.000
v 751.153 22.219 14.416
v 766.307 34.656 14.416
v 747.621 26.523 9.976
v 762.775 38.959 9.976
v 745.661 28.911 3.560
v 760.815 41.347 3.560
v 745.661 28.911 -3.560
v 760.815 41.347 -3.560
v 747.621 26.523 -9.976
v 762.775 38.959 -9.976
v 751.153 22.219 -14.416
v 766.307 34.656 -14.416
v 755.557 16.853 -16.000
v 770.711 29.289 -16.000
v 759.961 11.487 -14.416
v 775.115 23.923 -14.416
v 763.493 7.183 -9.976
v 778.646 19.619 -9.976
v 765.453 4.795 -3.560
v 780.606 17.231 -3.560
v 765.453 4.795 3.560
v 780.606 17.231 3.560
v 763.493 7.183 9.976
v 778.646 19.619 9.976
v 759.961 11.487 14.416
v 775.115 23.923 14.416
v 770.711 29.289 16.000
v 783.147 44.443 16.000
v 765.344 33.693 14.416
v 777.781 48.847 14.416
v 761.041 37.225 9.976
v 773.477 52.379 9.976
v 758.653 39.185 3.560
v 771.089 54.339 3.560
v 758.653 39.185 -3.560
v 771.089 54.339 -3.560
v 761.041 37.225 -9.976
v 773.477 52.379 -9.976
v 765.344 33.693 -14.416
v 777.781 48.847 -14.416
v 770.711 29.289 -16.000
v 783.147 44.443 -16.000
v 776.077 24.885 -14.416
v 788.513 40.039 -14.416
v 780.381 21.354 -9.976
v 792.817 36.507 -9.976
v 782.769 19.394 -3.560
v 795.205 34.547 -3.560
v 782.769 19.394 3.560
v 795.205 34.547 3.560
v 780.381 21.354 9.976
v 792.817 36.507 9.976
v 776.077 24.885 14.416
v 788.513 40.039 14.416
v 783.147 44.443 16.000
v 792.388 61.732 16.000
v 777.025 47.715 14.416
v 786.266 65.004 14.416
v 772.115 50.340 9.976
v 781.356 67.629 9.976
v 769.390 51.796 3.560
v 778.631 69.085 3.560
v 769.390 51.796 -3.560
v 778.631 69.085 -3.560
v 772.115 50.340 -9.976
v 781.356 67.629 -9.976
v 777.025 47.715 -14.416
v 786.266 65.004 -14.416
v 783.147 44.443 -16.000
v 792.388 61.732 -16.000
v 789.269 41.170 -14.416
v 798.510 58.459 -14.416
v 794.179 38.546 -9.976
v 803.420 55.835 -9.976
v 796.904 37.090 -3.560
v 806.145 54.378 -3.560
v 796.904 37.090 3.560
v 806.145 54.378 3.560
v 794.179 38.546 9.976
v 803.420 55.835 9.976
v 789.269 41.170 14.416
v 798.510 58.459 14.416
v 792.388 61.732 -16.000
v 798.079 80.491 -16.000
v 799.031 59.716 -14.416
v 804.722 78.476 -14.416
v 804.359 58.100 -9.976
v 810.049 76.860 -9.976
v 807.315 57.204 -3.560
v 813.006 75.963 -3.560
v 807.315 57.204 3.560
v 813.006 75.963 3.560
v 804.359 58.100 9.976
v 810.049 76.860 9.976
v 799.031 59.716 14.416
v 804.722 78.476 14.416
v 792.388 61.732 16.000
v 798.079 80.491 16.000
v 785.745 63.747 14.416
v 791.435 82.506 14.416
v 780.417 65.363 9.976
v 786.108 84.122 9.976
v 777.461 66.260 3.560
v 783.151 85.019 3.560
v 777.461 66.260 -3.560
v 783.151 85.019 -3.560
v 780.417 65.363 -9.976
v 786.108 84.122 -9.976
v 785.745 63.747 -14.416
v 791.435 82.506 -14.416
v 798.079 80.491 -16.000
v 800.000 100.000 -16.000
v 804.987 79.811 -14.416
v 806.909 99.320 -14.416
v 810.528 79.265 -9.976
v 812.449 98.774 -9.976
v 813.602 78.962 -3.560
v 815.524 98.471 -3.560
v 813.602 78.962 3.560
v 815.524 98.471 3.560
v 810.528 79.265 9.976
v 812.449 98.774 9.976
v 804.987 79.811 14.416
v 806.909 99.320 14.416
v 798.079 80.491 16.000
v 800.000 100.000 16.000
v 791.170 81.171 14.416
v 793.091 100.680 14.416
v 785.629 81.717 9.976
v 787.551 101.226 9.976
v 782.555 82.020 3.560
v 784.476 101.529 3.560
v 782.555 82.020 -3.560
v 784.476 101.529 -3.560
v 785.629 81.717 -9.976
v 787.551 101.226 -9.976
v 791.170 81.171 -14.416
v 793.091 100.680 -14.416
v 800.000 116.000 0.000
v 800.000 116.000 0.000
v 800.000 116.000 0.000
v 800.000 116.000 0.000
v 800.000 116.000 0.000
v 800.000 116.000 0.000
v 800.000 116.000 0.000
v 800.000 116.000 0.000
v 800.000 116.000 0.000
v 800.000 116.000 0.000
v 800.000 116.000 0.000
v 800.000 116.000 0.000
v 808.000 113.856 0.000
v 806.928 113.856 4.000
v 804.000 113.856 6.928
v 800.000 113.856 8.000
v 796.000 113.856 6.928
v 793.072 113.856 4.000
v 792.000 113.856 0.000
v 793.072 113.856 -4.000
v 796.000 113.856 -6.928
v 800.000 113.856 -8.000
v 804.000 113.856 -6.928
v 806.928 113.856 -4.000
v 813.856 108.000 0.000
v 812.000 108.000 6.928
v 806.928 108.000 12.000
v 800.000 108.000 13.856
v 793.072 108.000 12.000
v 788.000 108.000 6.928
v 786.144 108.000 0.000
v 788.000 108.000 -6.928
v 793.072 108.000 -12.000
v 800.000 108.000 -13.856
v 806.928 108.000 -12.000
v 812.000 108.000 -6.928
v 816.000 100.000 0.000
v 813.856 100.000 8.000
v 808.000 100.000 13.856
v 800.000 100.000 16.000
v 792.000 100.000 13.856
v 786.144 100.000 8.000
v 784.000 100.000 0.000
v 786.144 100.000 -8.000
v 792.000 100.000 -13.856
v 800.000 100.000 -16.000
v 808.000 100.000 -13.856
v 813.856 100.000 -8.000
v 813.856 92.000 0.000
v 812.000 92.000 6.928
v 806.928 92.000 12.000
v 800.000 92.000 13.856
v 793.072 92.000 12.000
v 788.000 92.000 6.928
v 786.144 92.000 0.000
v 788.000 92.000 -6.928
v 793.072 92.000 -12.000
v 800.000 92.000 -13.856
v 806.928 92.000 -12.000
v 812.000 92.000 -6.928
v 808.000 86.144 0.000
v 806.928 86.144 4.000
v 804.000 86.144 6.928
v 800.000 86.144 8.000
v 796.000 86.144 6.928
v 793.072 86.144 4.000
v 792.000 86.144 0.000
v 793.072 86.144 -4.000
v 796.000 86.144 -6.928
v 800.000 86.144 -8.000
v 804.000 86.144 -6.928
v 806.928 86.144 -4.000
v 800.000 84.000 0.000
v 800.000 84.000 0.000
v 800.000 84.000 0.000
v 800.000 84.000 0.000
v 800.000 84.000 0.000
v 800.000 84.000 0.000
v 800.000 84.000 0.000
v 800.000 84.000 -0.000
v 800.000 84.000 -0.000
v 800.000 84.000 -0.000
v 800.000 84.000 -0.000
v 800.000 84.000 -0.000
v 800.000 1066.000 0.000
v 800.000 1066.000 0.000
v 800.000 1066.000 0.000
v 800.000 1066.000 0.000
v 800.000 1066.000 0.000
v 800.000 1066.000 0.000
v 800.000 1066.000 0.000
v 800.000 1066.000 0.000
v 800.000 1066.000 0.000
v 800.000 1066.000 0.000
v 800.000 1066.000 0.000
v 800.000 1066.000 0.000
v 808.000 1063.856 0.000
v 806.928 1063.856 4.000
v 804.000 1063.856 6.928
v 800.000 1063.856 8.000
v 796.000 1063.856 6.928
v 793.072 1063.856 4.000
v 792.000 1063.856 0.000
v 793.072 1063.856 -4.000
v 796.000 1063.856 -6.928
v 800.000 1063.856 -8.000
v 804.000 1063.856 -6.928
v 806.928 1063.856 -4.000
v 813.856 1058.000 0.000
v 812.000 1058.000 6.928
v 806.928 1058.000 12.000
v 800.000 1058.000 13.856
v 793.072 1058.000 12.000
v 788.000 1058.000 6.928
v 786.144 1058.000 0.000
v 788.000 1058.000 -6.928
v 793.072 1058.000 -12.000
v 800.000 1058.000 -13.856
v 806.928 1058.000 -12.000
v 812.000 1058.000 -6.928
v 816.000 1050.000 0.000
v 813.856 1050.000 8.000
v 808.000 1050.000 13.856
v 800.000 1050.000 16.000
v 792.000 1050.000 13.856
v 786.144 1050.000 8.000
v 784.000 1050.000 0.000
v 786.144 1050.000 -8.000
v 792.000 1050.000 -13.856
v 800.000 1050.000 -16.000
v 808.000 1050.000 -13.856
v 813.856 1050.000 -8.000
v 813.856 1042.000 0.000
v 812.000 1042.000 6.928
v 806.928 1042.000 12.000
v 800.000 1042.000 13.856
v 793.072 1042.000 12.000
v 788.000 1042.000 6.928
v 786.144 1042.000 0.000
v 788.000 1042.000 -6.928
v 793.072 1042.000 -12.000
v 800.000 1042.000 -13.856
v 806.928 1042.000 -12.000
v 812.000 1042.000 -6.928
v 808.000 1036.144 0.000
v 806.928 1036.144 4.000
v 804.000 1036.144 6.928
v 800.000 1036.144 8.000
v 796.000 1036.144 6.928
v 793.072 1036.144 4.000
v 792.000 1036.144 0.000
v 793.072 1036.144 -4.000
v 796.000 1036.144 -6.928
v 800.000 1036.144 -8.000
v 804.000 1036.144 -6.928
v 806.928 1036.144 -4.000
v 800.000 1034.000 0.000
v 800.000 1034.000 0.000
v 800.000 1034.000 0.000
v 800.000 1034.000 0.000
v 800.000 1034.000 0.000
v 800.000 1034.000 0.000
v 800.000 1034.000 0.000
v 800.000 1034.000 -0.000
v 800.000 1034.000 -0.000
v 800.000 1034.000 -0.000
v 800.000 1034.000 -0.000
v 800.000 1034.000 -0.000
v 798.079 1085.509 0.000
v 798.079 1085.509 0.000
v 798.079 1085.509 0.000
v 798.079 1085.509 0.000
v 798.079 1085.509 0.000
v 798.079 1085.509 0.000
v 798.079 1085.509 0.000
v 798.079 1085.509 0.000
v 798.079 1085.509 0.000
v 798.079 1085.509 0.000
v 798.079 1085.509 0.000
v 798.079 1085.509 0.000
v 806.079 1083.365 0.000
v 805.007 1083.365 4.000
v 802.079 1083.365 6.928
v 798.079 1083.365 8.000
v 794.079 1083.365 6.928
v 791.150 1083.365 4.000
v 790.079 1083.365 0.000
v 791.150 1083.365 -4.000
v 794.079 1083.365 -6.928
v 798.079 1083.365 -8.000
v 802.079 1083.365 -6.928
v 805.007 1083.365 -4.000
v 811.935 1077.509 0.000
v 810.079 1077.509 6.928
v 805.007 1077.509 12.000
v 798.079 1077.509 13.856
v 791.150 1077.509 12.000
v 786.079 1077.509 6.928
v 784.222 1077.509 0.000
v 786.079 1077.509 -6.928
v 791.150 1077.509 -12.000
v 798.079 1077.509 -13.856
v 805.007 1077.509 -12.000
v 810.079 1077.509 -6.928
v 814.079 1069.509 0.000
v 811.935 1069.509 8.000
v 806.079 1069.509 13.856
v 798.079 1069.509 16.000
v 790.079 1069.509 13.856
v 784.222 1069.509 8.000
v 782.079 1069.509 0.000
v 784.222 1069.509 -8.000
v 790.079 1069.509 -13.856
v 798.079 1069.509 -16.000
v 806.079 1069.509 -13.856
v 811.935 1069.509 -8.000
v 811.935 1061.509 0.000
v 810.079 1061.509 6.928
v 805.007 1061.509 12.000
v 798.079 1061.509 13.856
v 791.150 1061.509 12.000
v 786.079 1061.509 6.928
v 784.222 1061.509 0.000
v 786.079 1061.509 -6.928
v 791.150 1061.509 -12.000
v 798.079 1061.509 -13.856
v 805.007 1061.509 -12.000
v 810.079 1061.509 -6.928
v 806.079 1055.653 0.000
v 805.007 1055.653 4.000
v 802.079 1055.653 6.928
v 798.079 1055.653 8.000
v 794.079 1055.653 6.928
v 791.150 1055.653 4.000
v 790.079 1055.653 0.000
v 791.150 1055.653 -4.000
v 794.079 1055.653 -6.928
v 798.079 1055.653 -8.000
v 802.079 1055.653 -6.928
v 805.007 1055.653 -4.000
v 798.079 1053.509 0.000
v 798.079 1053.509 0.000
v 798.079 1053.509 0.000
v 798.079 1053.509 0.000
v 798.079 1053.509 0.000
v 798.079 1053.509 0.000
v 798.079 1053.509 0.000
v 798.079 1053.509 -0.000
v 798.079 1053.509 -0.000
v 798.079 1053.509 -0.000
v 798.079 1053.509 -0.000
v 798.079 1053.509 -0.000
v 792.388 1104.268 0.000
v 792.388 1104.268 0.000
v 792.388 1104.268 0.000
v 792.388 1104.268 0.000
v 792.388 1104.268 0.000
v 792.388 1104.268 0.000
v 792.388 1104.268 0.000
v 792.388 1104.268 0.000
v 792.388 1104.268 0.000
v 792.388 1104.268 0.000
v 792.388 1104.268 0.000
v 792.388 1104.268 0.000
v 800.388 1102.125 0.000
v 799.316 1102.125 4.000
v 796.388 1102.125 6.928
v 792.388 1102.125 8.000
v 788.388 1102.125 6.928
v 785.460 1102.125 4.000
v 784.388 1102.125 0.000
v 785.460 1102.125 -4.000
v 788.388 1102.125 -6.928
v 792.388 1102.125 -8.000
v 796.388 1102.125 -6.928
v 799.316 1102.125 -4.000
v 806.244 1096.268 0.000
v 804.388 1096.268 6.928
v 799.316 1096.268 12.000
v 792.388 1096.268 13.856
v 785.460 1096.268 12.000
v 780.388 1096.268 6.928
v 778.532 1096.268 0.000
v 780.388 1096.268 -6.928
v 785.460 1096.268 -12.000
v 792.388 1096.268 -13.856
v 799.316 1096.268 -12.000
v 804.388 1096.268 -6.928
v 808.388 1088.268 0.000
v 806.244 1088.268 8.000
v 800.388 1088.268 13.856
v 792.388 1088.268 16.000
v 784.388 1088.268 13.856
v 778.532 1088.268 8.000
v 776.388 1088.268 0.000
v 778.532 1088.268 -8.000
v 784.388 1088.268 -13.856
v 792.388 1088.268 -16.000
v 800.388 1088.268 -13.856
v 806.244 1088.268 -8.000
v 806.244 1080.268 0.000
v 804.388 1080.268 6.928
v 799.316 1080.268 12.000
v 792.388 1080.268 13.856
v 785.460 1080.268 12.000
v 780.388 1080.268 6.928
v 778.532 1080.268 0.000
v 780.388 1080.268 -6.928
v 785.460 1080.268 -12.000
v 792.388 1080.268 -13.856
v 799.316 1080.268 -12.000
v 804.388 1080.268 -6.928
v 800.388 1074.412 0.000
v 799.316 1074.412 4.000
v 796.388 1074.412 6.928
v 792.388 1074.412 8.000
v 788.388 1074.412 6.928
v 785.460 1074.412 4.000
v 784.388 1074.412 0.000
v 785.460 1074.412 -4.000
v 788.388 1074.412 -6.928
v 792.388 1074.412 -8.000
v 796.388 1074.412 -6.928
v 799.316 1074.412 -4.000
v 792.388 1072.268 0.000
v 792.388 1072.268 0.000
v 792.388 1072.268 0.000
v 792.388 1072.268 0.000
v 792.388 1072.268 0.000
v 792.388 1072.268 0.000
v 792.388 1072.268 0.000
v 792.388 1072.268 -0.000
v 792.388 1072.268 -0.000
v 792.388 1072.268 -0.000
v 792.388 1072.268 -0.000
v 792.388 1072.268 -0.000
v 783.147 1121.557 0.000
v 783.147 1121.557 0.000
v 783.147 1121.557 0.000
v 783.147 1121.557 0.000
v 783.147 1121.557 0.000
v 783.147 1121.557 0.000
v 783.147 1121.557 0.000
v 783.147 1121.557 0.000
v 783.147 1121.557 0.000
v 783.147 1121.557 0.000
v 783.147 1121.557 0.000
v 783.147 1121.557 0.000
v 791.147 1119.413 0.000
v 790.075 1119.413 4.000
v 787.147 1119.413 6.928
v 783.147 1119.413 8.000
v 779.147 1119.413 6.928
v 776.219 1119.413 4.000
v 775.147 1119.413 0.000
v 776.219 1119.413 -4.000
v 779.147 1119.413 -6.928
v 783.147 1119.413 -8.000
v 787.147 1119.413 -6.928
v 790.075 1119.413 -4.000
v 797.003 1113.557 0.000
v 795.147 1113.557 6.928
v 790.075 1113.557 12.000
v 783.147 1113.557 13.856
v 776.219 1113.557 12.000
v 771.147 1113.557 6.928
v 769.291 1113.557 0.000
v 771.147 1113.557 -6.928
v 776.219 1113.557 -12.000
v 783.147 1113.557 -13.856
v 790.075 1113.557 -12.000
v 795.147 1113.557 -6.928
v 799.147 1105.557 0.000
v 797.003 1105.557 8.000
v 791.147 1105.557 13.856
v 783.147 1105.557 16.000
v 775.147 1105.557 13.856
v 769.291 1105.557 8.000
v 767.147 1105.557 0.000
v 769.291 1105.557 -8.000
v 775.147 1105.557 -13.856
v 783.147 1105.557 -16.000
v 791.147 1105.557 -13.856
v 797.003 1105.557 -8.000
v 797.003 1097.557 0.000
v 795.147 1097.557 6.928
v 790.075 1097.557 12.000
v 783.147 1097.557 13.856
v 776.219 1097.557 12.000
v 771.147 1097.557 6.928
v 769.291 1097.557 0.000
v 771.147 1097.557 -6.928
v 776.219 1097.557 -12.000
v 783.147 1097.557 -13.856
v 790.075 1097.557 -12.000
v 795.147 1097.557 -6.928
v 791.147 1091.701 0.000
v 790.075 1091.701 4.000
v 787.147 1091.701 6.928
v 783.147 1091.701 8.000
v 779.147 1091.701 6.928
v 776.219 1091.701 4.000
v 775.147 1091.701 0.000
v 776.219 1091.701 -4.000
v 779.147 1091.701 -6.928
v 783.147 1091.701 -8.000
v 787.147 1091.701 -6.928
v 790.075 1091.701 -4.000
v 783.147 1089.557 0.000
v 783.147 1089.557 0.000
v 783.147 1089.557 0.000
v 783.147 1089.557 0.000
v 783.147 1089.557 0.000
v 783.147 1089.557 0.000
v 783.147 1089.557 0.000
v 783.147 1089.557 -0.000
v 783.147 1089.557 -0.000
v 783.147 1089.557 -0.000
v 783.147 1089.557 -0.000
v 783.147 1089.557 -0.000
v 770.711 1136.711 0.000
v 770.711 1136.711 0.000
v 770.711 1136.711 0.000
v 770.711 1136.711 0.000
v 770.711 1136.711 0.000
v 770.711 1136.711 0.000
v 770.711 1136.711 0.000
v 770.711 1136.711 0.000
v 770.711 1136.711 0.000
v 770.711 1136.711 0.000
v 770.711 1136.711 0.000
v 770.711 1136.711 0.000
v 778.711 1134.567 0.000
v 777.639 1134.567 4.000
v 774.711 1134.567 6.928
v 770.711 1134.567 8.000
v 766.711 1134.567 6.928
v 763.782 1134.567 4.000
v 762.711 1134.567 0.000
v 763.782 1134.567 -4.000
v 766.711 1134.567 -6.928
v 770.711 1134.567 -8.000
v 774.711 1134.567 -6.928
v 777.639 1134.567 -4.000
v 784.567 1128.711 0.000
v 782.711 1128.711 6.928
v 777.639 1128.711 12.000
v 770.711 1128.711 13.856
v 763.782 1128.711 12.000
v 758.711 1128.711 6.928
v 756.854 1128.711 0.000
v 758.711 1128.711 -6.928
v 763.782 1128.711 -12.000
v 770.711 1128.711 -13.856
v 777.639 1128.711 -12.000
v 782.711 1128.711 -6.928
v 786.711 1120.711 0.000
v 784.567 1120.711 8.000
v 778.711 1120.711 13.856
v 770.711 1120.711 16.000
v 762.711 1120.711 13.856
v 756.854 1120.711 8.000
v 754.711 1120.711 0.000
v 756.854 1120.711 -8.000
v 762.711 1120.711 -13.856
v 770.711 1120.711 -16.000
v 778.711 1120.711 -13.856
v 784.567 1120.711 -8.000
v 784.567 1112.711 0.000
v 782.711 1112.711 6.928
v 777.639 1112.711 12.000
v 770.711 1112.711 13.856
v 763.782 1112.711 12.000
v 758.711 1112.711 6.928
v 756.854 1112.711 0.000
v 758.711 1112.711 -6.928
v 763.782 1112.711 -12.000
v 770.711 1112.711 -13.856
v 777.639 1112.711 -12.000
v 782.711 1112.711 -6.928
v 778.711 1106.854 0.000
v 777.639 1106.854 4.000
v 774.711 1106.854 6.928
v 770.711 1106.854 8.000
v 766.711 1106.854 6.928
v 763.782 1106.854 4.000
v 762.711 1106.854 0.000
v 763.782 1106.854 -4.000
v 766.711 1106.854 -6.928
v 770.711 1106.854 -8.000
v 774.711 1106.854 -6.928
v 777.639 1106.854 -4.000
v 770.711 1104.711 0.000
v 770.711 1104.711 0.000
v 770.711 1104.711 0.000
v 770.711 1104.711 0.000
v 770.711 1104.711 0.000
v 770.711 1104.711 0.000
v 770.711 1104.711 0.000
v 770.711 1104.711 -0.000
v 770.711 1104.711 -0.000
v 770.711 1104.711 -0.000
v 770.711 1104.711 -0.000
v 770.711 1104.711 -0.000
v 755.557 1149.147 0.000
v 755.557 1149.147 0.000
v 755.557 1149.147 0.000
v 755.557 1149.147 0.000
v 755.557 1149.147 0.000
v 755.557 1149.147 0.000
v 755.557 1149.147 0.000
v 755.557 1149.147 0.000
v 755.557 1149.147 0.000
v 755.557 1149.147 0.000
v 755.557 1149.147 0.000
v 755.557 1149.147 0.000
v 763.557 1147.003 0.000
v 762.485 1147.003 4.000
v 759.557 1147.003 6.928
v 755.557 1147.003 8.000
v 751.557 1147.003 6.928
v 748.629 1147.003 4.000
v 747.557 1147.003 0.000
v 748.629 1147.003 -4.000
v 751.557 1147.003 -6.928
v 755.557 1147.003 -8.000
v 759.557 1147.003 -6.928
v 762.485 1147.003 -4.000
v 769.413 1141.147 0.000
v 767.557 1141.147 6.928
v 762.485 1141.147 12.000
v 755.557 1141.147 13.856
v 748.629 1141.147 12.000
v 743.557 1141.147 6.928
v 741.701 1141.147 0.000
v 743.557 1141.147 -6.928
v 748.629 1141.147 -12.000
v 755.557 1141.147 -13.856
v 762.485 1141.147 -12.000
v 767.557 1141.147 -6.928
v 771.557 1133.147 0.000
v 769.413 1133.147 8.000
v 763.557 1133.147 13.856
v 755.557 1133.147 16.000
v 747.557 1133.147 13.856
v 741.701 1133.147 8.000
v 739.557 1133.147 0.000
v 741.701 1133.147 -8.000
v 747.557 1133.147 -13.856
v 755.557 1133.147 -16.000
v 763.557 1133.147 -13.856
v 769.413 1133.147 -8.000
v 769.413 1125.147 0.000
v 767.557 1125.147 6.928
v 762.485 1125.147 12.000
v 755.557 1125.147 13.856
v 748.629 1125.147 12.000
v 743.557 1125.147 6.928
v 741.701 1125.147 0.000
v 743.557 1125.147 -6.928
v 748.629 1125.147 -12.000
v 755.557 1125.147 -13.856
v 762.485 1125.147 -12.000
v 767.557 1125.147 -6.928
v 763.557 1119.291 0.000
v 762.485 1119.291 4.000
v 759.557 1119.291 6.928
v 755.557 1119.291 8.000
v 751.557 1119.291 6.928
v 748.629 1119.291 4.000
v 747.557 1119.291 0.000
v 748.629 1119.291 -4.000
v 751.557 1119.291 -6.928
v 755.557 1119.291 -8.000
v 759.557 1119.291 -6.928
v 762.485 1119.291 -4.000
v 755.557 1117.147 0.000
v 755.557 1117.147 0.000
v 755.557 1117.147 0.000
v 755.557 1117.147 0.000
v 755.557 1117.147 0.000
v 755.557 1117.147 0.000
v 755.557 1117.147 0.000
v 755.557 1117.147 -0.000
v 755.557 1117.147 -0.000
v 755.557 1117.147 -0.000
v 755.557 1117.147 -0.000
v 755.557 1117.147 -0.000
v 738.268 1158.388 0.000
v 738.268 1158.388 0.000
v 738.268 1158.388 0.000
v 738.268 1158.388 0.000
v 738.268 1158.388 0.000
v 738.268 1158.388 0.000
v 738.268 1158.388 0.000
v 738.268 1158.388 0.000
v 738.268 1158.388 0.000
v 738.268 1158.388 0.000
v 738.268 1158.388 0.000
v 738.268 1158.388 0.000
v 746.268 1156.244 0.000
v 745.197 1156.244 4.000
v 742.268 1156.244 6.928
v 738.268 1156.244 8.000
v 734.268 1156.244 6.928
v 731.340 1156.244 4.000
v 730.268 1156.244 0.000
v 731.340 1156.244 -4.000
v 734.268 1156.244 -6.928
v 738.268 1156.244 -8.000
v 742.268 1156.244 -6.928
v 745.197 1156.244 -4.000
v 752.125 1150.388 0.000
v 750.268 1150.388 6.928
v 745.197 1150.388 12.000
v 738.268 1150.388 13.856
v 731.340 1150.388 12.000
v 726.268 1150.388 6.928
v 724.412 1150.388 0.000
v 726.268 1150.388 -6.928
v 731.340 1150.388 -12.000
v 738.268 1150.388 -13.856
v 745.197 1150.388 -12.000
v 750.268 1150.388 -6.928
v 754.268 1142.388 0.000
v 752.125 1142.388 8.000
v 746.268 1142.388 13.856
v 738.268 1142.388 16.000
v 730.268 1142.388 13.856
v 724.412 1142.388 8.000
v 722.268 1142.388 0.000
v 724.412 1142.388 -8.000
v 730.268 1142.388 -13.856
v 738.268 1142.388 -16.000
v 746.268 1142.388 -13.856
v 752.125 1142.388 -8.000
v 752.125 1134.388 0.000
v 750.268 1134.388 6.928
v 745.197 1134.388 12.000
v 738.268 1134.388 13.856
v 731.340 1134.388 12.000
v 726.268 1134.388 6.928
v 724.412 1134.388 0.000
v 726.268 1134.388 -6.928
v 731.340 1134.388 -12.000
v 738.268 1134.388 -13.856
v 745.197 1134.388 -12.000
v 750.268 1134.388 -6.928
v 746.268 1128.532 0.000
v 745.197 1128.532 4.000
v 742.268 1128.532 6.928
v 738.268 1128.532 8.000
v 734.268 1128.532 6.928
v 731.340 1128.532 4.000
v 730.268 1128.532 0.000
v 731.340 1128.532 -4.000
v 734.268 1128.532 -6.928
v 738.268 1128.532 -8.000
v 742.268 1128.532 -6.928
v 745.197 1128.532 -4.000
v 738.268 1126.388 0.000
v 738.268 1126.388 0.000
v 738.268 1126.388 0.000
v 738.268 1126.388 0.000
v 738.268 1126.388 0.000
v 738.268 1126.388 0.000
v 738.268 1126.388 0.000
v 738.268 1126.388 -0.000
v 738.268 1126.388 -0.000
v 738.268 1126.388 -0.000
v 738.268 1126.388 -0.000
v 738.268 1126.388 -0.000
v 719.509 1164.079 0.000
v 719.509 1164.079 0.000
v 719.509 1164.079 0.000
v 719.509 1164.079 0.000
v 719.509 1164.079 0.000
v 719.509 1164.079 0.000
v 719.509 1164.079 0.000
v 719.509 1164.079 0.000
v 719.509 1164.079 0.000
v 719.509 1164.079 0.000
v 719.509 1164.079 0.000
v 719.509 1164.079 0.000
v 727.509 1161.935 0.000
v 726.437 1161.935 4.000
v 723.509 1161.935 6.928
v 719.509 1161.935 8.000
v 715.509 1161.935 6.928
v 712.581 1161.935 4.000
v 711.509 1161.935 0.000
v 712.581 1161.935 -4.000
v 715.509 1161.935 -6.928
v 719.509 1161.935 -8.000
v 723.509 1161.935 -6.928
v 726.437 1161.935 -4.000
v 733.365 1156.079 0.000
v 731.509 1156.079 6.928
v 726.437 1156.079 12.000
v 719.509 1156.079 13.856
v 712.581 1156.079 12.000
v 707.509 1156.079 6.928
v 705.653 1156.079 0.000
v 707.509 1156.079 -6.928
v 712.581 1156.079 -12.000
v 719.509 1156.079 -13.856
v 726.437 1156.079 -12.000
v 731.509 1156.079 -6.928
v 735.509 1148.079 0.000
v 733.365 1148.079 8.000
v 727.509 1148.079 13.856
v 719.509 1148.079 16.000
v 711.509 1148.079 13.856
v 705.653 1148.079 8.000
v 703.509 1148.079 0.000
v 705.653 1148.079 -8.000
v 711.509 1148.079 -13.856
v 719.509 1148.079 -16.000
v 727.509 1148.079 -13.856
v 733.365 1148.079 -8.000
v 733.365 1140.079 0.000
v 731.509 1140.079 6.928
v 726.437 1140.079 12.000
v 719.509 1140.079 13.856
v 712.581 1140.079 12.000
v 707.509 1140.079 6.928
v 705.653 1140.079 0.000
v 707.509 1140.079 -6.928
v 712.581 1140.079 -12.000
v 719.509 1140.079 -13.856
v 726.437 1140.079 -12.000
v 731.509 1140.079 -6.928
v 727.509 1134.222 0.000
v 726.437 1134.222 4.000
v 723.509 1134.222 6.928
v 719.509 1134.222 8.000
v 715.509 1134.222 6.928
v 712.581 1134.222 4.000
v 711.509 1134.222 0.000
v 712.581 1134.222 -4.000
v 715.509 1134.222 -6.928
v 719.509 1134.222 -8.000
v 723.509 1134.222 -6.928
v 726.437 1134.222 -4.000
v 719.509 1132.079 0.000
v 719.509 1132.079 0.000
v 719.509 1132.079 0.000
v 719.509 1132.079 0.000
v 719.509 1132.079 0.000
v 719.509 1132.079 0.000
v 719.509 1132.079 0.000
v 719.509 1132.079 -0.000
v 719.509 1132.079 -0.000
v 719.509 1132.079 -0.000
v 719.509 1132.079 -0.000
v 719.509 1132.079 -0.000
v 700.000 1166.000 0.000
v 700.000 1166.000 0.000
v 700.000 1166.000 0.000
v 700.000 1166.000 0.000
v 700.000 1166.000 0.000
v 700.000 1166.000 0.000
v 700.000 1166.000 0.000
v 700.000 1166.000 0.000
v 700.000 1166.000 0.000
v 700.000 1166.000 0.000
v 700.000 1166.000 0.000
v 700.000 1166.000 0.000
v 708.000 1163.856 0.000
v 706.928 1163.856 4.000
v 704.000 1163.856 6.928
v 700.000 1163.856 8.000
v 696.000 1163.856 6.928
v 693.072 1163.856 4.000
v 692.000 1163.856 0.000
v 693.072 1163.856 -4.000
v 696.000 1163.856 -6.928
v 700.000 1163.856 -8.000
v 704.000 1163.856 -6.928
v 706.928 1163.856 -4.000
v 713.856 1158.000 0.000
v 712.000 1158.000 6.928
v 706.928 1158.000 12.000
v 700.000 1158.000 13.856
v 693.072 1158.000 12.000
v 688.000 1158.000 6.928
v 686.144 1158.000 0.000
v 688.000 1158.000 -6.928
v 693.072 1158.000 -12.000
v 700.000 1158.000 -13.856
v 706.928 1158.000 -12.000
v 712.000 1158.000 -6.928
v 716.000 1150.000 0.000
v 713.856 1150.000 8.000
v 708.000 1150.000 13.856
v 700.000 1150.000 16.000
v 692.000 1150.000 13.856
v 686.144 1150.000 8.000
v 684.000 1150.000 0.000
v 686.144 1150.000 -8.000
v 692.000 1150.000 -13.856
v 700.000 1150.000 -16.000
v 708.000 1150.000 -13.856
v 713.856 1150.000 -8.000
v 713.856 1142.000 0.000
v 712.000 1142.000 6.928
v 706.928 1142.000 12.000
v 700.000 1142.000 13.856
v 693.072 1142.000 12.000
v 688.000 1142.000 6.928
v 686.144 1142.000 0.000
v 688.000 1142.000 -6.928
v 693.072 1142.000 -12.000
v 700.000 1142.000 -13.856
v 706.928 1142.000 -12.000
v 712.000 1142.000 -6.928
v 708.000 1136.144 0.000
v 706.928 1136.144 4.000
v 704.000 1136.144 6.928
v 700.000 1136.144 8.000
v 696.000 1136.144 6.928
v 693.072 1136.144 4.000
v 692.000 1136.144 0.000
v 693.072 1136.144 -4.000
v 696.000 1136.144 -6.928
v 700.000 1136.144 -8.000
v 704.000 1136.144 -6.928
v 706.928 1136.144 -4.000
v 700.000 1134.000 0.000
v 700.000 1134.000 0.000
v 700.000 1134.000 0.000
v 700.000 1134.000 0.000
v 700.000 1134.000 0.000
v 700.000 1134.000 0.000
v 700.000 1134.000 0.000
v 700.000 1134.000 -0.000
v 700.000 1134.000 -0.000
v 700.000 1134.000 -0.000
v 700.000 1134.000 -0.000
v 700.000 1134.000 -0.000
v -719.509 1164.079 0.000
v -719.509 1164.079 0.000
v -719.509 1164.079 0.000
v -719.509 1164.079 0.000
v -719.509 1164.079 0.000
v -719.509 1164.079 0.000
v -719.509 1164.079 0.000
v -719.509 1164.079 0.000
v -719.509 1164.079 0.000
v -719.509 1164.079 0.000
v -719.509 1164.079 0.000
v -719.509 1164.079 0.000
v -711.509 1161.935 0.000
v -712.581 1161.935 4.000
v -715.509 1161.935 6.928
v -719.509 1161.935 8.000
v -723.509 1161.935 6.928
v -726.437 1161.935 4.000
v -727.509 1161.935 0.000
v -726.437 1161.935 -4.000
v -723.509 1161.935 -6.928
v -719.509 1161.935 -8.000
v -715.509 1161.935 -6.928
v -712.581 1161.935 -4.000
v -705.653 1156.079 0.000
v -707.509 1156.079 6.928
v -712.581 1156.079 12.000
v -719.509 1156.079 13.856
v -726.437 1156.079 12.000
v -731.509 1156.079 6.928
v -733.365 1156.079 0.000
v -731.509 1156.079 -6.928
v -726.437 1156.079 -12.000
v -719.509 1156.079 -13.856
v -712.581 1156.079 -12.000
v -707.509 1156.079 -6.928
v -703.509 1148.079 0.000
v -705.653 1148.079 8.000
v -711.509 1148.079 13.856
v -719.509 1148.079 16.000
v -727.509 1148.079 13.856
v -733.365 1148.079 8.000
v -735.509 1148.079 0.000
v -733.365 1148.079 -8.000
v -727.509 1148.079 -13.856
v -719.509 1148.079 -16.000
v -711.509 1148.079 -13.856
v -705.653 1148.079 -8.000
v -705.653 1140.079 0.000
v -707.509 1140.079 6.928
v -712.581 1140.079 12.000
v -719.509 1140.079 13.856
v -726.437 1140.079 12.000
v -731.509 1140.079 6.928
v -733.365 1140.079 0.000
v -731.509 1140.079 -6.928
v -726.437 1140.079 -12.000
v -719.509 1140.079 -13.856
v -712.581 1140.079 -12.000
v -707.509 1140.079 -6.928
v -711.509 1134.222 0.000
v -712.581 1134.222 4.000
v -715.509 1134.222 6.928
v -719.509 1134.222 8.000
v -723.509 1134.222 6.928
v -726.437 1134.222 4.000
v -727.509 1134.222 0.000
v -726.437 1134.222 -4.000
v -723.509 1134.222 -6.928
v -719.509 1134.222 -8.000
v -715.509 1134.222 -6.928
v -712.581 1134.222 -4.000
v -719.509 1132.079 0.000
v -719.509 1132.079 0.000
v -719.509 1132.079 0.000
v -719.509 1132.079 0.000
v -719.509 1132.079 0.000
v -719.509 1132.079 0.000
v -719.509 1132.079 0.000
v -719.509 1132.079 -0.000
v -719.509 1132.079 -0.000
v -719.509 1132.079 -0.000
v -719.509 1132.079 -0.000
v -719.509 1132.079 -0.000
v -738.268 1158.388 0.000
v -738.268 1158.388 0.000
v -738.268 1158.388 0.000
v -738.268 1158.388 0.000
v -738.268 1158.388 0.000
v -738.268 1158.388 0.000
v -738.268 1158.388 0.000
v -738.268 1158.388 0.000
v -738.268 1158.388 0.000
v -738.268 1158.388 0.000
v -738.268 1158.388 0.000
v -738.268 1158.388 0.000
v -730.268 1156.244 0.000
v -731.340 1156.244 4.000
v -734.268 1156.244 6.928
v -738.268 1156.244 8.000
v -742.268 1156.244 6.928
v -745.197 1156.244 4.000
v -746.268 1156.244 0.000
v -745.197 1156.244 -4.000
v -742.268 1156.244 -6.928
v -738.268 1156.244 -8.000
v -734.268 1156.244 -6.928
v -731.340 1156.244 -4.000
v -724.412 1150.388 0.000
v -726.268 1150.388 6.928
v -731.340 1150.388 12.000
v -738.268 1150.388 13.856
v -745.197 1150.388 12.000
v -750.268 1150.388 6.928
v -752.125 1150.388 0.000
v -750.268 1150.388 -6.928
v -745.197 1150.388 -12.000
v -738.268 1150.388 -13.856
v -731.340 1150.388 -12.000
v -726.268 1150.388 -6.928
v -722.268 1142.388 0.000
v -724.412 1142.388 8.000
v -730.268 1142.388 13.856
v -738.268 1142.388 16.000
v -746.268 1142.388 13.856
v -752.125 1142.388 8.000
v -754.268 1142.388 0.000
v -752.125 1142.388 -8.000
v -746.268 1142.388 -13.856
v -738.268 1142.388 -16.000
v -730.268 1142.388 -13.856
v -724.412 1142.388 -8.000
v -724.412 1134.388 0.000
v -726.268 1134.388 6.928
v -731.340 1134.388 12.000
v -738.268 1134.388 13.856
v -745.197 1134.388 12.000
v -750.268 1134.388 6.928
v -752.125 1134.388 0.000
v -750.268 1134.388 -6.928
v -745.197 1134.388 -12.000
v -738.268 1134.388 -13.856
v -731.340 1134.388 -12.000
v -726.268 1134.388 -6.928
v -730.268 1128.532 0.000
v -731.340 1128.532 4.000
v -734.268 1128.532 6.928
v -738.268 1128.532 8.000
v -742.268 1128.532 6.928
v -745.197 1128.532 4.000
v -746.268 1128.532 0.000
v -745.197 1128.532 -4.000
v -742.268 1128.532 -6.928
v -738.268 1128.532 -8.000
v -734.268 1128.532 -6.928
v -731.340 1128.532 -4.000
v -738.268 1126.388 0.000
v -738.268 1126.388 0.000
v -738.268 1126.388 0.000
v -738.268 1126.388 0.000
v -738.268 1126.388 0.000
v -738.268 1126.388 0.000
v -738.268 1126.388 0.000
v -738.268 1126.388 -0.000
v -738.268 1126.388 -0.000
v -738.268 1126.388 -0.000
v -738.268 1126.388 -0.000
v -738.268 1126.388 -0.000
v -755.557 1149.147 0.000
v -755.557 1149.147 0.000
v -755.557 1149.147 0.000
v -755.557 1149.147 0.000
v -755.557 1149.147 0.000
v -755.557 1149.147 0.000
v -755.557 1149.147 0.000
v -755.557 1149.147 0.000
v -755.557 1149.147 0.000
v -755.557 1149.147 0.000
v -755.557 1149.147 0.000
v -755.557 1149.147 0.000
v -747.557 1147.003 0.000
v -748.629 1147.003 4.000
v -751.557 1147.003 6.928
v -755.557 1147.003 8.000
v -759.557 1147.003 6.928
v -762.485 1147.003 4.000
v -763.557 1147.003 0.000
v -762.485 1147.003 -4.000
v -759.557 1147.003 -6.928
v -755.557 1147.003 -8.000
v -751.557 1147.003 -6.928
v -748.629 1147.003 -4.000
v -741.701 1141.147 0.000
v -743.557 1141.147 6.928
v -748.629 1141.147 12.000
v -755.557 1141.147 13.856
v -762.485 1141.147 12.000
v -767.557 1141.147 6.928
v -769.413 1141.147 0.000
v -767.557 1141.147 -6.928
v -762.485 1141.147 -12.000
v -755.557 1141.147 -13.856
v -748.629 1141.147 -12.000
v -743.557 1141.147 -6.928
v -739.557 1133.147 0.000
v -741.701 1133.147 8.000
v -747.557 1133.147 13.856
v -755.557 1133.147 16.000
v -763.557 1133.147 13.856
v -769.413 1133.147 8.000
v -771.557 1133.147 0.000
v -769.413 1133.147 -8.000
v -763.557 1133.147 -13.856
v -755.557 1133.147 -16.000
v -747.557 1133.147 -13.856
v -741.701 1133.147 -8.000
v -741.701 1125.147 0.000
v -743.557 1125.147 6.928
v -748.629 1125.147 12.000
v -755.557 1125.147 13.856
v -762.485 1125.147 12.000
v -767.557 1125.147 6.928
v -769.413 1125.147 0.000
v -767.557 1125.147 -6.928
v -762.485 1125.147 -12.000
v -755.557 1125.147 -13.856
v -748.629 1125.147 -12.000
v -743.557 1125.147 -6.928
v -747.557 1119.291 0.000
v -748.629 1119.291 4.000
v -751.557 1119.291 6.928
v -755.557 1119.291 8.000
v -759.557 1119.291 6.928
v -762.485 1119.291 4.000
v -763.557 1119.291 0.000
v -762.485 1119.291 -4.000
v -759.557 1119.291 -6.928
v -755.557 1119.291 -8.000
v -751.557 1119.291 -6.928
v -748.629 1119.291 -4.000
v -755.557 1117.147 0.000
v -755.557 1117.147 0.000
v -755.557 1117.147 0.000
v -755.557 1117.147 0.000
v -755.557 1117.147 0.000
v -755.557 1117.147 0.000
v -755.557 1117.147 0.000
v -755.557 1117.147 -0.000
v -755.557 1117.147 -0.000
v -755.557 1117.147 -0.000
v -755.557 1117.147 -0.000
v -755.557 1117.147 -0.000
v -770.711 1136.711 0.000
v -770.711 1136.711 0.000
v -770.711 1136.711 0.000
v -770.711 1136.711 0.000
v -770.711 1136.711 0.000
v -770.711 1136.711 0.000
v -770.711 1136.711 0.000
v -770.711 1136.711 0.000
v -770.711 1136.711 0.000
v -770.711 1136.711 0.000
v -770.711 1136.711 0.000
v -770.711 1136.711 0.000
v -762.711 1134.567 0.000
v -763.782 1134.567 4.000
v -766.711 1134.567 6.928
v -770.711 1134.567 8.000
v -774.711 1134.567 6.928
v -777.639 1134.567 4.000
v -778.711 1134.567 0.000
v -777.639 1134.567 -4.000
v -774.711 1134.567 -6.928
v -770.711 1134.567 -8.000
v -766.711 1134.567 -6.928
v -763.782 1134.567 -4.000
v -756.854 1128.711 0.000
v -758.711 1128.711 6.928
v -763.782 1128.711 12.000
v -770.711 1128.711 13.856
v -777.639 1128.711 12.000
v -782.711 1128.711 6.928
v -784.567 1128.711 0.000
v -782.711 1128.711 -6.928
v -777.639 1128.711 -12.000
v -770.711 1128.711 -13.856
v -763.782 1128.711 -12.000
v -758.711 1128.711 -6.928
v -754.711 1120.711 0.000
v -756.854 1120.711 8.000
v -762.711 1120.711 13.856
v -770.711 1120.711 16.000
v -778.711 1120.711 13.856
v -784.567 1120.711 8.000
v -786.711 1120.711 0.000
v -784.567 1120.711 -8.000
v -778.711 1120.711 -13.856
v -770.711 1120.711 -16.000
v -762.711 1120.711 -13.856
v -756.854 1120.711 -8.000
v -756.854 1112.711 0.000
v -758.711 1112.711 6.928
v -763.782 1112.711 12.000
v -770.711 1112.711 13.856
v -777.639 1112.711 12.000
v -782.711 1112.711 6.928
v -784.567 1112.711 0.000
v -782.711 1112.711 -6.928
v -777.639 1112.711 -12.000
v -770.711 1112.711 -13.856
v -763.782 1112.711 -12.000
v -758.711 1112.711 -6.928
v -762.711 1106.854 0.000
v -763.782 1106.854 4.000
v -766.711 1106.854 6.928
v -770.711 1106.854 8.000
v -774.711 1106.854 6.928
v -777.639 1106.854 4.000
v -778.711 1106.854 0.000
v -777.639 1106.854 -4.000
v -774.711 1106.854 -6.928
v -770.711 1106.854 -8.000
v -766.711 1106.854 -6.928
v -763.782 1106.854 -4.000
v -770.711 1104.711 0.000
v -770.711 1104.711 0.000
v -770.711 1104.711 0.000
v -770.711 1104.711 0.000
v -770.711 1104.711 0.000
v -770.711 1104.711 0.000
v -770.711 1104.711 0.000
v -770.711 1104.711 -0.000
v -770.711 1104.711 -0.000
v -770.711 1104.711 -0.000
v -770.711 1104.711 -0.000
v -770.711 1104.711 -0.000
v -783.147 1121.557 0.000
v -783.147 1121.557 0.000
v -783.147 1121.557 0.000
v -783.147 1121.557 0.000
v -783.147 1121.557 0.000
v -783.147 1121.557 0.000
v -783.147 1121.557 0.000
v -783.147 1121.557 0.000
v -783.147 1121.557 0.000
v -783.147 1121.557 0.000
v -783.147 1121.557 0.000
v -783.147 1121.557 0.000
v -775.147 1119.413 0.000
v -776.219 1119.413 4.000
v -779.147 1119.413 6.928
v -783.147 1119.413 8.000
v -787.147 1119.413 6.928
v -790.075 1119.413 4.000
v -791.147 1119.413 0.000
v -790.075 1119.413 -4.000
v -787.147 1119.413 -6.928
v -783.147 1119.413 -8.000
v -779.147 1119.413 -6.928
v -776.219 1119.413 -4.000
v -769.291 1113.557 0.000
v -771.147 1113.557 6.928
v -776.219 1113.557 12.000
v -783.147 1113.557 13.856
v -790.075 1113.557 12.000
v -795.147 1113.557 6.928
v -797.003 1113.557 0.000
v -795.147 1113.557 -6.928
v -790.075 1113.557 -12.000
v -783.147 1113.557 -13.856
v -776.219 1113.557 -12.000
v -771.147 1113.557 -6.928
v -767.147 1105.557 0.000
v -769.291 1105.557 8.000
v -775.147 1105.557 13.856
v -783.147 1105.557 16.000
v -791.147 1105.557 13.856
v -797.003 1105.557 8.000
v -799.147 1105.557 0.000
v -797.003 1105.557 -8.000
v -791.147 1105.557 -13.856
v -783.147 1105.557 -16.000
v -775.147 1105.557 -13.856
v -769.291 1105.557 -8.000
v -769.291 1097.557 0.000
v -771.147 1097.557 6.928
v -776.219 1097.557 12.000
v -783.147 1097.557 13.856
v -790.075 1097.557 12.000
v -795.147 1097.557 6.928
v -797.003 1097.557 0.000
v -795.147 1097.557 -6.928
v -790.075 1097.557 -12.000
v -783.147 1097.557 -13.856
v -776.219 1097.557 -12.000
v -771.147 1097.557 -6.928
v -775.147 1091.701 0.000
v -776.219 1091.701 4.000
v -779.147 1091.701 6.928
v -783.147 1091.701 8.000
v -787.147 1091.701 6.928
v -790.075 1091.701 4.000
v -791.147 1091.701 0.000
v -790.075 1091.701 -4.000
v -787.147 1091.701 -6.928
v -783.147 1091.701 -8.000
v -779.147 1091.701 -6.928
v -776.219 1091.701 -4.000
v -783.147 1089.557 0.000
v -783.147 1089.557 0.000
v -783.147 1089.557 0.000
v -783.147 1089.557 0.000
v -783.147 1089.557 0.000
v -783.147 1089.557 0.000
v -783.147 1089.557 0.000
v -783.147 1089.557 -0.000
v -783.147 1089.557 -0.000
v -783.147 1089.557 -0.000
v -783.147 1089.557 -0.000
v -783.147 1089.557 -0.000
v -792.388 1104.268 0.000
v -792.388 1104.268 0.000
v -792.388 1104.268 0.000
v -792.388 1104.268 0.000
v -792.388 1104.268 0.000
v -792.388 1104.268 0.000
v -792.388 1104.268 0.000
v -792.388 1104.268 0.000
v -792.388 1104.268 0.000
v -792.388 1104.268 0.000
v -792.388 1104.268 0.000
v -792.388 1104.268 0.000
v -784.388 1102.125 0.000
v -785.460 1102.125 4.000
v -788.388 1102.125 6.928
v -792.388 1102.125 8.000
v -796.388 1102.125 6.928
v -799.316 1102.125 4.000
v -800.388 1102.125 0.000
v -799.316 1102.125 -4.000
v -796.388 1102.125 -6.928
v -792.388 1102.125 -8.000
v -788.388 1102.125 -6.928
v -785.460 1102.125 -4.000
v -778.532 1096.268 0.000
v -780.388 1096.268 6.928
v -785.460 1096.268 12.000
v -792.388 1096.268 13.856
v -799.316 1096.268 12.000
v -804.388 1096.268 6.928
v -806.244 1096.268 0.000
v -804.388 1096.268 -6.928
v -799.316 1096.268 -12.000
v -792.388 1096.268 -13.856
v -785.460 1096.268 -12.000
v -780.388 1096.268 -6.928
v -776.388 1088.268 0.000
v -778.532 1088.268 8.000
v -784.388 1088.268 13.856
v -792.388 1088.268 16.000
v -800.388 1088.268 13.856
v -806.244 1088.268 8.000
v -808.388 1088.268 0.000
v -806.244 1088.268 -8.000
v -800.388 1088.268 -13.856
v -792.388 1088.268 -16.000
v -784.388 1088.268 -13.856
v -778.532 1088.268 -8.000
v -778.532 1080.268 0.000
v -780.388 1080.268 6.928
v -785.460 1080.268 12.000
v -792.388 1080.268 13.856
v -799.316 1080.268 12.000
v -804.388 1080.268 6.928
v -806.244 1080.268 0.000
v -804.388 1080.268 -6.928
v -799.316 1080.268 -12.000
v -792.388 1080.268 -13.856
v -785.460 1080.268 -12.000
v -780.388 1080.268 -6.928
v -784.388 1074.412 0.000
v -785.460 1074.412 4.000
v -788.388 1074.412 6.928
v -792.388 1074.412 8.000
v -796.388 1074.412 6.928
v -799.316 1074.412 4.000
v -800.388 1074.412 0.000
v -799.316 1074.412 -4.000
v -796.388 1074.412 -6.928
v -792.388 1074.412 -8.000
v -788.388 1074.412 -6.928
v -785.460 1074.412 -4.000
v -792.388 1072.268 0.000
v -792.388 1072.268 0.000
v -792.388 1072.268 0.000
v -792.388 1072.268 0.000
v -792.388 1072.268 0.000
v -792.388 1072.268 0.000
v -792.388 1072.268 0.000
v -792.388 1072.268 -0.000
v -792.388 1072.268 -0.000
v -792.388 1072.268 -0.000
v -792.388 1072.268 -0.000
v -792.388 1072.268 -0.000
v -798.079 1085.509 0.000
v -798.079 1085.509 0.000
v -798.079 1085.509 0.000
v -798.079 1085.509 0.000
v -798.079 1085.509 0.000
v -798.079 1085.509 0.000
v -798.079 1085.509 0.000
v -798.079 1085.509 0.000
v -798.079 1085.509 0.000
v -798.079 1085.509 0.000
v -798.079 1085.509 0.000
v -798.079 1085.509 0.000
v -790.079 1083.365 0.000
v -791.150 1083.365 4.000
v -794.079 1083.365 6.928
v -798.079 1083.365 8.000
v -802.079 1083.365 6.928
v -805.007 1083.365 4.000
v -806.079 1083.365 0.000
v -805.007 1083.365 -4.000
v -802.079 1083.365 -6.928
v -798.079 1083.365 -8.000
v -794.079 1083.365 -6.928
v -791.150 1083.365 -4.000
v -784.222 1077.509 0.000
v -786.079 1077.509 6.928
v -791.150 1077.509 12.000
v -798.079 1077.509 13.856
v -805.007 1077.509 12.000
v -810.079 1077.509 6.928
v -811.935 1077.509 0.000
v -810.079 1077.509 -6.928
v -805.007 1077.509 -12.000
v -798.079 1077.509 -13.856
v -791.150 1077.509 -12.000
v -786.079 1077.509 -6.928
v -782.079 1069.509 0.000
v -784.222 1069.509 8.000
v -790.079 1069.509 13.856
v -798.079 1069.509 16.000
v -806.079 1069.509 13.856
v -811.935 1069.509 8.000
v -814.079 1069.509 0.000
v -811.935 1069.509 -8.000
v -806.079 1069.509 -13.856
v -798.079 1069.509 -16.000
v -790.079 1069.509 -13.856
v -784.222 1069.509 -8.000
v -784.222 1061.509 0.000
v -786.079 1061.509 6.928
v -791.150 1061.509 12.000
v -798.079 1061.509 13.856
v -805.007 1061.509 12.000
v -810.079 1061.509 6.928
v -811.935 1061.509 0.000
v -810.079 1061.509 -6.928
v -805.007 1061.509 -12.000
v -798.079 1061.509 -13.856
v -791.150 1061.509 -12.000
v -786.079 1061.509 -6.928
v -790.079 1055.653 0.000
v -791.150 1055.653 4.000
v -794.079 1055.653 6.928
v -798.079 1055.653 8.000
v -802.079 1055.653 6.928
v -805.007 1055.653 4.000
v -806.079 1055.653 0.000
v -805.007 1055.653 -4.000
v -802.079 1055.653 -6.928
v -798.079 1055.653 -8.000
v -794.079 1055.653 -6.928
v -791.150 1055.653 -4.000
v -798.079 1053.509 0.000
v -798.079 1053.509 0.000
v -798.079 1053.509 0.000
v -798.079 1053.509 0.000
v -798.079 1053.509 0.000
v -798.079 1053.509 0.000
v -798.079 1053.509 0.000
v -798.079 1053.509 -0.000
v -798.079 1053.509 -0.000
v -798.079 1053.509 -0.000
v -798.079 1053.509 -0.000
v -798.079 1053.509 -0.000
v -800.000 1066.000 0.000
v -800.000 1066.000 0.000
v -800.000 1066.000 0.000
v -800.000 1066.000 0.000
v -800.000 1066.000 0.000
v -800.000 1066.000 0.000
v -800.000 1066.000 0.000
v -800.000 1066.000 0.000
v -800.000 1066.000 0.000
v -800.000 1066.000 0.000
v -800.000 1066.000 0.000
v -800.000 1066.000 0.000
v -792.000 1063.856 0.000
v -793.072 1063.856 4.000
v -796.000 1063.856 6.928
v -800.000 1063.856 8.000
v -804.000 1063.856 6.928
v -806.928 1063.856 4.000
v -808.000 1063.856 0.000
v -806.928 1063.856 -4.000
v -804.000 1063.856 -6.928
v -800.000 1063.856 -8.000
v -796.000 1063.856 -6.928
v -793.072 1063.856 -4.000
v -786.144 1058.000 0.000
v -788.000 1058.000 6.928
v -793.072 1058.000 12.000
v -800.000 1058.000 13.856
v -806.928 1058.000 12.000
v -812.000 1058.000 6.928
v -813.856 1058.000 0.000
v -812.000 1058.000 -6.928
v -806.928 1058.000 -12.000
v -800.000 1058.000 -13.856
v -793.072 1058.000 -12.000
v -788.000 1058.000 -6.928
v -784.000 1050.000 0.000
v -786.144 1050.000 8.000
v -792.000 1050.000 13.856
v -800.000 1050.000 16.000
v -808.000 1050.000 13.856
v -813.856 1050.000 8.000
v -816.000 1050.000 0.000
v -813.856 1050.000 -8.000
v -808.000 1050.000 -13.856
v -800.000 1050.000 -16.000
v -792.000 1050.000 -13.856
v -786.144 1050.000 -8.000
v -786.144 1042.000 0.000
v -788.000 1042.000 6.928
v -793.072 1042.000 12.000
v -800.000 1042.000 13.856
v -806.928 1042.000 12.000
v -812.000 1042.000 6.928
v -813.856 1042.000 0.000
v -812.000 1042.000 -6.928
v -806.928 1042.000 -12.000
v -800.000 1042.000 -13.856
v -793.072 1042.000 -12.000
v -788.000 1042.000 -6.928
v -792.000 1036.144 0.000
v -793.072 1036.144 4.000
v -796.000 1036.144 6.928
v -800.000 1036.144 8.000
v -804.000 1036.144 6.928
v -806.928 1036.144 4.000
v -808.000 1036.144 0.000
v -806.928 1036.144 -4.000
v -804.000 1036.144 -6.928
v -800.000 1036.144 -8.000
v -796.000 1036.144 -6.928
v -793.072 1036.144 -4.000
v -800.000 1034.000 0.000
v -800.000 1034.000 0.000
v -800.000 1034.000 0.000
v -800.000 1034.000 0.000
v -800.000 1034.000 0.000
v -800.000 1034.000 0.000
v -800.000 1034.000 0.000
v -800.000 1034.000 -0.000
v -800.000 1034.000 -0.000
v -800.000 1034.000 -0.000
v -800.000 1034.000 -0.000
v -800.000 1034.000 -0.000
v -798.079 96.491 0.000
v -798.079 96.491 0.000
v -798.079 96.491 0.000
v -798.079 96.491 0.000
v -798.079 96.491 0.000
v -798.079 96.491 0.000
v -798.079 96.491 0.000
v -798.079 96.491 0.000
v -798.079 96.491 0.000
v -798.079 96.491 0.000
v -798.079 96.491 0.000
v -798.079 96.491 0.000
v -790.079 94.347 0.000
v -791.150 94.347 4.000
v -794.079 94.347 6.928
v -798.079 94.347 8.000
v -802.079 94.347 6.928
v -805.007 94.347 4.000
v -806.079 94.347 0.000
v -805.007 94.347 -4.000
v -802.079 94.347 -6.928
v -798.079 94.347 -8.000
v -794.079 94.347 -6.928
v -791.150 94.347 -4.000
v -784.222 88.491 0.000
v -786.079 88.491 6.928
v -791.150 88.491 12.000
v -798.079 88.491 13.856
v -805.007 88.491 12.000
v -810.079 88.491 6.928
v -811.935 88.491 0.000
v -810.079 88.491 -6.928
v -805.007 88.491 -12.000
v -798.079 88.491 -13.856
v -791.150 88.491 -12.000
v -786.079 88.491 -6.928
v -782.079 80.491 0.000
v -784.222 80.491 8.000
v -790.079 80.491 13.856
v -798.079 80.491 16.000
v -806.079 80.491 13.856
v -811.935 80.491 8.000
v -814.079 80.491 0.000
v -811.935 80.491 -8.000
v -806.079 80.491 -13.856
v -798.079 80.491 -16.000
v -790.079 80.491 -13.856
v -784.222 80.491 -8.000
v -784.222 72.491 0.000
v -786.079 72.491 6.928
v -791.150 72.491 12.000
v -798.079 72.491 13.856
v -805.007 72.491 12.000
v -810.079 72.491 6.928
v -811.935 72.491 0.000
v -810.079 72.491 -6.928
v -805.007 72.491 -12.000
v -798.079 72.491 -13.856
v -791.150 72.491 -12.000
v -786.079 72.491 -6.928
v -790.079 66.635 0.000
v -791.150 66.635 4.000
v -794.079 66.635 6.928
v -798.079 66.635 8.000
v -802.079 66.635 6.928
v -805.007 66.635 4.000
v -806.079 66.635 0.000
v -805.007 66.635 -4.000
v -802.079 66.635 -6.928
v -798.079 66.635 -8.000
v -794.079 66.635 -6.928
v -791.150 66.635 -4.000
v -798.079 64.491 0.000
v -798.079 64.491 0.000
v -798.079 64.491 0.000
v -798.079 64.491 0.000
v -798.079 64.491 0.000
v -798.079 64.491 0.000
v -798.079 64.491 0.000
v -798.079 64.491 -0.000
v -798.079 64.491 -0.000
v -798.079 64.491 -0.000
v -798.079 64.491 -0.000
v -798.079 64.491 -0.000
v -792.388 77.732 0.000
v -792.388 77.732 0.000
v -792.388 77.732 0.000
v -792.388 77.732 0.000
v -792.388 77.732 0.000
v -792.388 77.732 0.000
v -792.388 77.732 0.000
v -792.388 77.732 0.000
v -792.388 77.732 0.000
v -792.388 77.732 0.000
v -792.388 77.732 0.000
v -792.388 77.732 0.000
v -784.388 75.588 0.000
v -785.460 75.588 4.000
v -788.388 75.588 6.928
v -792.388 75.588 8.000
v -796.388 75.588 6.928
v -799.316 75.588 4.000
v -800.388 75.588 0.000
v -799.316 75.588 -4.000
v -796.388 75.588 -6.928
v -792.388 75.588 -8.000
v -788.388 75.588 -6.928
v -785.460 75.588 -4.000
v -778.532 69.732 0.000
v -780.388 69.732 6.928
v -785.460 69.732 12.000
v -792.388 69.732 13.856
v -799.316 69.732 12.000
v -804.388 69.732 6.928
v -806.244 69.732 0.000
v -804.388 69.732 -6.928
v -799.316 69.732 -12.000
v -792.388 69.732 -13.856
v -785.460 69.732 -12.000
v -780.388 69.732 -6.928
v -776.388 61.732 0.000
v -778.532 61.732 8.000
v -784.388 61.732 13.856
v -792.388 61.732 16.000
v -800.388 61.732 13.856
v -806.244 61.732 8.000
v -808.388 61.732 0.000
v -806.244 61.732 -8.000
v -800.388 61.732 -13.856
v -792.388 61.732 -16.000
v -784.388 61.732 -13.856
v -778.532 61.732 -8.000
v -778.532 53.732 0.000
v -780.388 53.732 6.928
v -785.460 53.732 12.000
v -792.388 53.732 13.856
v -799.316 53.732 12.000
v -804.388 53.732 6.928
v -806.244 53.732 0.000
v -804.388 53.732 -6.928
v -799.316 53.732 -12.000
v -792.388 53.732 -13.856
v -785.460 53.732 -12.000
v -780.388 53.732 -6.928
v -784.388 47.875 0.000
v -785.460 47.875 4.000
v -788.388 47.875 6.928
v -792.388 47.875 8.000
v -796.388 47.875 6.928
v -799.316 47.875 4.000
v -800.388 47.875 0.000
v -799.316 47.875 -4.000
v -796.388 47.875 -6.928
v -792.388 47.875 -8.000
v -788.388 47.875 -6.928
v -785.460 47.875 -4.000
v -792.388 45.732 0.000
v -792.388 45.732 0.000
v -792.388 45.732 0.000
v -792.388 45.732 0.000
v -792.388 45.732 0.000
v -792.388 45.732 0.000
v -792.388 45.732 0.000
v -792.388 45.732 -0.000
v -792.388 45.732 -0.000
v -792.388 45.732 -0.000
v -792.388 45.732 -0.000
v -792.388 45.732 -0.000
v -783.147 60.443 0.000
v -783.147 60.443 0.000
v -783.147 60.443 0.000
v -783.147 60.443 0.000
v -783.147 60.443 0.000
v -783.147 60.443 0.000
v -783.147 60.443 0.000
v -783.147 60.443 0.000
v -783.147 60.443 0.000
v -783.147 60.443 0.000
v -783.147 60.443 0.000
v -783.147 60.443 0.000
v -775.147 58.299 0.000
v -776.219 58.299 4.000
v -779.147 58.299 6.928
v -783.147 58.299 8.000
v -787.147 58.299 6.928
v -790.075 58.299 4.000
v -791.147 58.299 0.000
v -790.075 58.299 -4.000
v -787.147 58.299 -6.928
v -783.147 58.299 -8.000
v -779.147 58.299 -6.928
v -776.219 58.299 -4.000
v -769.291 52.443 0.000
v -771.147 52.443 6.928
v -776.219 52.443 12.000
v -783.147 52.443 13.856
v -790.075 52.443 12.000
v -795.147 52.443 6.928
v -797.003 52.443 0.000
v -795.147 52.443 -6.928
v -790.075 52.443 -12.000
v -783.147 52.443 -13.856
v -776.219 52.443 -12.000
v -771.147 52.443 -6.928
v -767.147 44.443 0.000
v -769.291 44.443 8.000
v -775.147 44.443 13.856
v -783.147 44.443 16.000
v -791.147 44.443 13.856
v -797.003 44.443 8.000
v -799.147 44.443 0.000
v -797.003 44.443 -8.000
v -791.147 44.443 -13.856
v -783.147 44.443 -16.000
v -775.147 44.443 -13.856
v -769.291 44.443 -8.000
v -769.291 36.443 0.000
v -771.147 36.443 6.928
v -776.219 36.443 12.000
v -783.147 36.443 13.856
v -790.075 36.443 12.000
v -795.147 36.443 6.928
v -797.003 36.443 0.000
v -795.147 36.443 -6.928
v -790.075 36.443 -12.000
v -783.147 36.443 -13.856
v -776.219 36.443 -12.000
v -771.147 36.443 -6.928
v -775.147 30.587 0.000
v -776.219 30.587 4.000
v -779.147 30.587 6.928
v -783.147 30.587 8.000
v -787.147 30.587 6.928
v -790.075 30.587 4.000
v -791.147 30.587 0.000
v -790.075 30.587 -4.000
v -787.147 30.587 -6.928
v -783.147 30.587 -8.000
v -779.147 30.587 -6.928
v -776.219 30.587 -4.000
v -783.147 28.443 0.000
v -783.147 28.443 0.000
v -783.147 28.443 0.000
v -783.147 28.443 0.000
v -783.147 28.443 0.000
v -783.147 28.443 0.000
v -783.147 28.443 0.000
v -783.147 28.443 -0.000
v -783.147 28.443 -0.000
v -783.147 28.443 -0.000
v -783.147 28.443 -0.000
v -783.147 28.443 -0.000
v -770.711 45.289 0.000
v -770.711 45.289 0.000
v -770.711 45.289 0.000
v -770.711 45.289 0.000
v -770.711 45.289 0.000
v -770.711 45.289 0.000
v -770.711 45.289 0.000
v -770.711 45.289 0.000
v -770.711 45.289 0.000
v -770.711 45.289 0.000
v -770.711 45.289 0.000
v -770.711 45.289 0.000
v -762.711 43.146 0.000
v -763.782 43.146 4.000
v -766.711 43.146 6.928
v -770.711 43.146 8.000
v -774.711 43.146 6.928
v -777.639 43.146 4.000
v -778.711 43.146 0.000
v -777.639 43.146 -4.000
v -774.711 43.146 -6.928
v -770.711 43.146 -8.000
v -766.711 43.146 -6.928
v -763.782 43.146 -4.000
v -756.854 37.289 0.000
v -758.711 37.289 6.928
v -763.782 37.289 12.000
v -770.711 37.289 13.856
v -777.639 37.289 12.000
v -782.711 37.289 6.928
v -784.567 37.289 0.000
v -782.711 37.289 -6.928
v -777.639 37.289 -12.000
v -770.711 37.289 -13.856
v -763.782 37.289 -12.000
v -758.711 37.289 -6.928
v -754.711 29.289 0.000
v -756.854 29.289 8.000
v -762.711 29.289 13.856
v -770.711 29.289 16.000
v -778.711 29.289 13.856
v -784.567 29.289 8.000
v -786.711 29.289 0.000
v -784.567 29.289 -8.000
v -778.711 29.289 -13.856
v -770.711 29.289 -16.000
v -762.711 29.289 -13.856
v -756.854 29.289 -8.000
v -756.854 21.289 0.000
v -758.711 21.289 6.928
v -763.782 21.289 12.000
v -770.711 21.289 13.856
v -777.639 21.289 12.000
v -782.711 21.289 6.928
v -784.567 21.289 0.000
v -782.711 21.289 -6.928
v -777.639 21.289 -12.000
v -770.711 21.289 -13.856
v -763.782 21.289 -12.000
v -758.711 21.289 -6.928
v -762.711 15.433 0.000
v -763.782 15.433 4.000
v -766.711 15.433 6.928
v -770.711 15.433 8.000
v -774.711 15.433 6.928
v -777.639 15.433 4.000
v -778.711 15.433 0.000
v -777.639 15.433 -4.000
v -774.711 15.433 -6.928
v -770.711 15.433 -8.000
v -766.711 15.433 -6.928
v -763.782 15.433 -4.000
v -770.711 13.289 0.000
v -770.711 13.289 0.000
v -770.711 13.289 0.000
v -770.711 13.289 0.000
v -770.711 13.289 0.000
v -770.711 13.289 0.000
v -770.711 13.289 0.000
v -770.711 13.289 -0.000
v -770.711 13.289 -0.000
v -770.711 13.289 -0.000
v -770.711 13.289 -0.000
v -770.711 13.289 -0.000
v -755.557 32.853 0.000
v -755.557 32.853 0.000
v -755.557 32.853 0.000
v -755.557 32.853 0.000
v -755.557 32.853 0.000
v -755.557 32.853 0.000
v -755.557 32.853 0.000
v -755.557 32.853 0.000
v -755.557 32.853 0.000
v -755.557 32.853 0.000
v -755.557 32.853 0.000
v -755.557 32.853 0.000
v -747.557 30.709 0.000
v -748.629 30.709 4.000
v -751.557 30.709 6.928
v -755.557 30.709 8.000
v -759.557 30.709 6.928
v -762.485 30.709 4.000
v -763.557 30.709 0.000
v -762.485 30.709 -4.000
v -759.557 30.709 -6.928
v -755.557 30.709 -8.000
v -751.557 30.709 -6.928
v -748.629 30.709 -4.000
v -741.701 24.853 0.000
v -743.557 24.853 6.928
v -748.629 24.853 12.000
v -755.557 24.853 13.856
v -762.485 24.853 12.000
v -767.557 24.853 6.928
v -769.413 24.853 0.000
v -767.557 24.853 -6.928
v -762.485 24.853 -12.000
v -755.557 24.853 -13.856
v -748.629 24.853 -12.000
v -743.557 24.853 -6.928
v -739.557 16.853 0.000
v -741.701 16.853 8.000
v -747.557 16.853 13.856
v -755.557 16.853 16.000
v -763.557 16.853 13.856
v -769.413 16.853 8.000
v -771.557 16.853 0.000
v -769.413 16.853 -8.000
v -763.557 16.853 -13.856
v -755.557 16.853 -16.000
v -747.557 16.853 -13.856
v -741.701 16.853 -8.000
v -741.701 8.853 0.000
v -743.557 8.853 6.928
v -748.629 8.853 12.000
v -755.557 8.853 13.856
v -762.485 8.853 12.000
v -767.557 8.853 6.928
v -769.413 8.853 0.000
v -767.557 8.853 -6.928
v -762.485 8.853 -12.000
v -755.557 8.853 -13.856
v -748.629 8.853 -12.000
v -743.557 8.853 -6.928
v -747.557 2.997 0.000
v -748.629 2.997 4.000
v -751.557 2.997 6.928
v -755.557 2.997 8.000
v -759.557 2.997 6.928
v -762.485 2.997 4.000
v -763.557 2.997 0.000
v -762.485 2.997 -4.000
v -759.557 2.997 -6.928
v -755.557 2.997 -8.000
v -751.557 2.997 -6.928
v -748.629 2.997 -4.000
v -755.557 0.853 0.000
v -755.557 0.853 0.000
v -755.557 0.853 0.000
v -755.557 0.853 0.000
v -755.557 0.853 0.000
v -755.557 0.853 0.000
v -755.557 0.853 0.000
v -755.557 0.853 -0.000
v -755.557 0.853 -0.000
v -755.557 0.853 -0.000
v -755.557 0.853 -0.000
v -755.557 0.853 -0.000
v -738.268 23.612 0.000
v -738.268 23.612 0.000
v -738.268 23.612 0.000
v -738.268 23.612 0.000
v -738.268 23.612 0.000
v -738.268 23.612 0.000
v -738.268 23.612 0.000
v -738.268 23.612 0.000
v -738.268 23.612 0.000
v -738.268 23.612 0.000
v -738.268 23.612 0.000
v -738.268 23.612 0.000
v -730.268 21.468 0.000
v -731.340 21.468 4.000
v -734.268 21.468 6.928
v -738.268 21.468 8.000
v -742.268 21.468 6.928
v -745.197 21.468 4.000
v -746.268 21.468 0.000
v -745.197 21.468 -4.000
v -742.268 21.468 -6.928
v -738.268 21.468 -8.000
v -734.268 21.468 -6.928
v -731.340 21.468 -4.000
v -724.412 15.612 0.000
v -726.268 15.612 6.928
v -731.340 15.612 12.000
v -738.268 15.612 13.856
v -745.197 15.612 12.000
v -750.268 15.612 6.928
v -752.125 15.612 0.000
v -750.268 15.612 -6.928
v -745.197 15.612 -12.000
v -738.268 15.612 -13.856
v -731.340 15.612 -12.000
v -726.268 15.612 -6.928
v -722.268 7.612 0.000
v -724.412 7.612 8.000
v -730.268 7.612 13.856
v -738.268 7.612 16.000
v -746.268 7.612 13.856
v -752.125 7.612 8.000
v -754.268 7.612 0.000
v -752.125 7.612 -8.000
v -746.268 7.612 -13.856
v -738.268 7.612 -16.000
v -730.268 7.612 -13.856
v -724.412 7.612 -8.000
v -724.412 -0.388 0.000
v -726.268 -0.388 6.928
v -731.340 -0.388 12.000
v -738.268 -0.388 13.856
v -745.197 -0.388 12.000
v -750.268 -0.388 6.928
v -752.125 -0.388 0.000
v -750.268 -0.388 -6.928
v -745.197 -0.388 -12.000
v -738.268 -0.388 -13.856
v -731.340 -0.388 -12.000
v -726.268 -0.388 -6.928
v -730.268 -6.244 0.000
v -731.340 -6.244 4.000
v -734.268 -6.244 6.928
v -738.268 -6.244 8.000
v -742.268 -6.244 6.928
v -745.197 -6.244 4.000
v -746.268 -6.244 0.000
v -745.197 -6.244 -4.000
v -742.268 -6.244 -6.928
v -738.268 -6.244 -8.000
v -734.268 -6.244 -6.928
v -731.340 -6.244 -4.000
v -738.268 -8.388 0.000
v -738.268 -8.388 0.000
v -738.268 -8.388 0.000
v -738.268 -8.388 0.000
v -738.268 -8.388 0.000
v -738.268 -8.388 0.000
v -738.268 -8.388 0.000
v -738.268 -8.388 -0.000
v -738.268 -8.388 -0.000
v -738.268 -8.388 -0.000
v -738.268 -8.388 -0.000
v -738.268 -8.388 -0.000
v -719.509 17.921 0.000
v -719.509 17.921 0.000
v -719.509 17.921 0.000
v -719.509 17.921 0.000
v -719.509 17.921 0.000
v -719.509 17.921 0.000
v -719.509 17.921 0.000
v -719.509 17.921 0.000
v -719.509 17.921 0.000
v -719.509 17.921 0.000
v -719.509 17.921 0.000
v -719.509 17.921 0.000
v -711.509 15.778 0.000
v -712.581 15.778 4.000
v -715.509 15.778 6.928
v -719.509 15.778 8.000
v -723.509 15.778 6.928
v -726.437 15.778 4.000
v -727.509 15.778 0.000
v -726.437 15.778 -4.000
v -723.509 15.778 -6.928
v -719.509 15.778 -8.000
v -715.509 15.778 -6.928
v -712.581 15.778 -4.000
v -705.653 9.921 0.000
v -707.509 9.921 6.928
v -712.581 9.921 12.000
v -719.509 9.921 13.856
v -726.437 9.921 12.000
v -731.509 9.921 6.928
v -733.365 9.921 0.000
v -731.509 9.921 -6.928
v -726.437 9.921 -12.000
v -719.509 9.921 -13.856
v -712.581 9.921 -12.000
v -707.509 9.921 -6.928
v -703.509 1.921 0.000
v -705.653 1.921 8.000
v -711.509 1.921 13.856
v -719.509 1.921 16.000
v -727.509 1.921 13.856
v -733.365 1.921 8.000
v -735.509 1.921 0.000
v -733.365 1.921 -8.000
v -727.509 1.921 -13.856
v -719.509 1.921 -16.000
v -711.509 1.921 -13.856
v -705.653 1.921 -8.000
v -705.653 -6.079 0.000
v -707.509 -6.079 6.928
v -712.581 -6.079 12.000
v -719.509 -6.079 13.856
v -726.437 -6.079 12.000
v -731.509 -6.079 6.928
v -733.365 -6.079 0.000
v -731.509 -6.079 -6.928
v -726.437 -6.079 -12.000
v -719.509 -6.079 -13.856
v -712.581 -6.079 -12.000
v -707.509 -6.079 -6.928
v -711.509 -11.935 0.000
v -712.581 -11.935 4.000
v -715.509 -11.935 6.928
v -719.509 -11.935 8.000
v -723.509 -11.935 6.928
v -726.437 -11.935 4.000
v -727.509 -11.935 0.000
v -726.437 -11.935 -4.000
v -723.509 -11.935 -6.928
v -719.509 -11.935 -8.000
v -715.509 -11.935 -6.928
v -712.581 -11.935 -4.000
v -719.509 -14.079 0.000
v -719.509 -14.079 0.000
v -719.509 -14.079 0.000
v -719.509 -14.079 0.000
v -719.509 -14.079 0.000
v -719.509 -14.079 0.000
v -719.509 -14.079 0.000
v -719.509 -14.079 -0.000
v -719.509 -14.079 -0.000
v -719.509 -14.079 -0.000
v -719.509 -14.079 -0.000
v -719.509 -14.079 -0.000
v -700.000 16.000 0.000
v -700.000 16.000 0.000
v -700.000 16.000 0.000
v -700.000 16.000 0.000
v -700.000 16.000 0.000
v -700.000 16.000 0.000
v -700.000 16.000 0.000
v -700.000 16.000 0.000
v -700.000 16.000 0.000
v -700.000 16.000 0.000
v -700.000 16.000 0.000
v -700.000 16.000 0.000
v -692.000 13.856 0.000
v -693.072 13.856 4.000
v -696.000 13.856 6.928
v -700.000 13.856 8.000
v -704.000 13.856 6.928
v -706.928 13.856 4.000
v -708.000 13.856 0.000
v -706.928 13.856 -4.000
v -704.000 13.856 -6.928
v -700.000 13.856 -8.000
v -696.000 13.856 -6.928
v -693.072 13.856 -4.000
v -686.144 8.000 0.000
v -688.000 8.000 6.928
v -693.072 8.000 12.000
v -700.000 8.000 13.856
v -706.928 8.000 12.000
v -712.000 8.000 6.928
v -713.856 8.000 0.000
v -712.000 8.000 -6.928
v -706.928 8.000 -12.000
v -700.000 8.000 -13.856
v -693.072 8.000 -12.000
v -688.000 8.000 -6.928
v -684.000 0.000 0.000
v -686.144 0.000 8.000
v -692.000 0.000 13.856
v -700.000 0.000 16.000
v -708.000 0.000 13.856
v -713.856 0.000 8.000
v -716.000 0.000 0.000
v -713.856 0.000 -8.000
v -708.000 0.000 -13.856
v -700.000 0.000 -16.000
v -692.000 0.000 -13.856
v -686.144 0.000 -8.000
v -686.144 -8.000 0.000
v -688.000 -8.000 6.928
v -693.072 -8.000 12.000
v -700.000 -8.000 13.856
v -706.928 -8.000 12.000
v -712.000 -8.000 6.928
v -713.856 -8.000 0.000
v -712.000 -8.000 -6.928
v -706.928 -8.000 -12.000
v -700.000 -8.000 -13.856
v -693.072 -8.000 -12.000
v -688.000 -8.000 -6.928
v -692.000 -13.856 0.000
v -693.072 -13.856 4.000
v -696.000 -13.856 6.928
v -700.000 -13.856 8.000
v -704.000 -13.856 6.928
v -706.928 -13.856 4.000
v -708.000 -13.856 0.000
v -706.928 -13.856 -4.000
v -704.000 -13.856 -6.928
v -700.000 -13.856 -8.000
v -696.000 -13.856 -6.928
v -693.072 -13.856 -4.000
v -700.000 -16.000 0.000
v -700.000 -16.000 0.000
v -700.000 -16.000 0.000
v -700.000 -16.000 0.000
v -700.000 -16.000 0.000
v -700.000 -16.000 0.000
v -700.000 -16.000 0.000
v -700.000 -16.000 -0.000
v -700.000 -16.000 -0.000
v -700.000 -16.000 -0.000
v -700.000 -16.000 -0.000
v -700.000 -16.000 -0.000
v 719.509 17.921 0.000
v 719.509 17.921 0.000
v 719.509 17.921 0.000
v 719.509 17.921 0.000
v 719.509 17.921 0.000
v 719.509 17.921 0.000
v 719.509 17.921 0.000
v 719.509 17.921 0.000
v 719.509 17.921 0.000
v 719.509 17.921 0.000
v 719.509 17.921 0.000
v 719.509 17.921 0.000
v 727.509 15.778 0.000
v 726.437 15.778 4.000
v 723.509 15.778 6.928
v 719.509 15.778 8.000
v 715.509 15.778 6.928
v 712.581 15.778 4.000
v 711.509 15.778 0.000
v 712.581 15.778 -4.000
v 715.509 15.778 -6.928
v 719.509 15.778 -8.000
v 723.509 15.778 -6.928
v 726.437 15.778 -4.000
v 733.365 9.921 0.000
v 731.509 9.921 6.928
v 726.437 9.921 12.000
v 719.509 9.921 13.856
v 712.581 9.921 12.000
v 707.509 9.921 6.928
v 705.653 9.921 0.000
v 707.509 9.921 -6.928
v 712.581 9.921 -12.000
v 719.509 9.921 -13.856
v 726.437 9.921 -12.000
v 731.509 9.921 -6.928
v 735.509 1.921 0.000
v 733.365 1.921 8.000
v 727.509 1.921 13.856
v 719.509 1.921 16.000
v 711.509 1.921 13.856
v 705.653 1.921 8.000
v 703.509 1.921 0.000
v 705.653 1.921 -8.000
v 711.509 1.921 -13.856
v 719.509 1.921 -16.000
v 727.509 1.921 -13.856
v 733.365 1.921 -8.000
v 733.365 -6.079 0.000
v 731.509 -6.079 6.928
v 726.437 -6.079 12.000
v 719.509 -6.079 13.856
v 712.581 -6.079 12.000
v 707.509 -6.079 6.928
v 705.653 -6.079 0.000
v 707.509 -6.079 -6.928
v 712.581 -6.079 -12.000
v 719.509 -6.079 -13.856
v 726.437 -6.079 -12.000
v 731.509 -6.079 -6.928
v 727.509 -11.935 0.000
v 726.437 -11.935 4.000
v 723.509 -11.935 6.928
v 719.509 -11.935 8.000
v 715.509 -11.935 6.928
v 712.581 -11.935 4.000
v 711.509 -11.935 0.000
v 712.581 -11.935 -4.000
v 715.509 -11.935 -6.928
v 719.509 -11.935 -8.000
v 723.509 -11.935 -6.928
v 726.437 -11.935 -4.000
v 719.509 -14.079 0.000
v 719.509 -14.079 0.000
v 719.509 -14.079 0.000
v 719.509 -14.079 0.000
v 719.509 -14.079 0.000
v 719.509 -14.079 0.000
v 719.509 -14.079 0.000
v 719.509 -14.079 -0.000
v 719.509 -14.079 -0.000
v 719.509 -14.079 -0.000
v 719.509 -14.079 -0.000
v 719.509 -14.079 -0.000
v 738.268 23.612 0.000
v 738.268 23.612 0.000
v 738.268 23.612 0.000
v 738.268 23.612 0.000
v 738.268 23.612 0.000
v 738.268 23.612 0.000
v 738.268 23.612 0.000
v 738.268 23.612 0.000
v 738.268 23.612 0.000
v 738.268 23.612 0.000
v 738.268 23.612 0.000
v 738.268 23.612 0.000
v 746.268 21.468 0.000
v 745.197 21.468 4.000
v 742.268 21.468 6.928
v 738.268 21.468 8.000
v 734.268 21.468 6.928
v 731.340 21.468 4.000
v 730.268 21.468 0.000
v 731.340 21.468 -4.000
v 734.268 21.468 -6.928
v 738.268 21.468 -8.000
v 742.268 21.468 -6.928
v 745.197 21.468 -4.000
v 752.125 15.612 0.000
v 750.268 15.612 6.928
v 745.197 15.612 12.000
v 738.268 15.612 13.856
v 731.340 15.612 12.000
v 726.268 15.612 6.928
v 724.412 15.612 0.000
v 726.268 15.612 -6.928
v 731.340 15.612 -12.000
v 738.268 15.612 -13.856
v 745.197 15.612 -12.000
v 750.268 15.612 -6.928
v 754.268 7.612 0.000
v 752.125 7.612 8.000
v 746.268 7.612 13.856
v 738.268 7.612 16.000
v 730.268 7.612 13.856
v 724.412 7.612 8.000
v 722.268 7.612 0.000
v 724.412 7.612 -8.000
v 730.268 7.612 -13.856
v 738.268 7.612 -16.000
v 746.268 7.612 -13.856
v 752.125 7.612 -8.000
v 752.125 -0.388 0.000
v 750.268 -0.388 6.928
v 745.197 -0.388 12.000
v 738.268 -0.388 13.856
v 731.340 -0.388 12.000
v 726.268 -0.388 6.928
v 724.412 -0.388 0.000
v 726.268 -0.388 -6.928
v 731.340 -0.388 -12.000
v 738.268 -0.388 -13.856
v 745.197 -0.388 -12.000
v 750.268 -0.388 -6.928
v 746.268 -6.244 0.000
v 745.197 -6.244 4.000
v 742.268 -6.244 6.928
v 738.268 -6.244 8.000
v 734.268 -6.244 6.928
v 731.340 -6.244 4.000
v 730.268 -6.244 0.000
v 731.340 -6.244 -4.000
v 734.268 -6.244 -6.928
v 738.268 -6.244 -8.000
v 742.268 -6.244 -6.928
v 745.197 -6.244 -4.000
v 738.268 -8.388 0.000
v 738.268 -8.388 0.000
v 738.268 -8.388 0.000
v 738.268 -8.388 0.000
v 738.268 -8.388 0.000
v 738.268 -8.388 0.000
v 738.268 -8.388 0.000
v 738.268 -8.388 -0.000
v 738.268 -8.388 -0.000
v 738.268 -8.388 -0.000
v 738.268 -8.388 -0.000
v 738.268 -8.388 -0.000
v 755.557 32.853 0.000
v 755.557 32.853 0.000
v 755.557 32.853 0.000
v 755.557 32.853 0.000
v 755.557 32.853 0.000
v 755.557 32.853 0.000
v 755.557 32.853 0.000
v 755.557 32.853 0.000
v 755.557 32.853 0.000
v 755.557 32.853 0.000
v 755.557 32.853 0.000
v 755.557 32.853 0.000
v 763.557 30.709 0.000
v 762.485 30.709 4.000
v 759.557 30.709 6.928
v 755.557 30.709 8.000
v 751.557 30.709 6.928
v 748.629 30.709 4.000
v 747.557 30.709 0.000
v 748.629 30.709 -4.000
v 751.557 30.709 -6.928
v 755.557 30.709 -8.000
v 759.557 30.709 -6.928
v 762.485 30.709 -4.000
v 769.413 24.853 0.000
v 767.557 24.853 6.928
v 762.485 24.853 12.000
v 755.557 24.853 13.856
v 748.629 24.853 12.000
v 743.557 24.853 6.928
v 741.701 24.853 0.000
v 743.557 24.853 -6.928
v 748.629 24.853 -12.000
v 755.557 24.853 -13.856
v 762.485 24.853 -12.000
v 767.557 24.853 -6.928
v 771.557 16.853 0.000
v 769.413 16.853 8.000
v 763.557 16.853 13.856
v 755.557 16.853 16.000
v 747.557 16.853 13.856
v 741.701 16.853 8.000
v 739.557 16.853 0.000
v 741.701 16.853 -8.000
v 747.557 16.853 -13.856
v 755.557 16.853 -16.000
v 763.557 16.853 -13.856
v 769.413 16.853 -8.000
v 769.413 8.853 0.000
v 767.557 8.853 6.928
v 762.485 8.853 12.000
v 755.557 8.853 13.856
v 748.629 8.853 12.000
v 743.557 8.853 6.928
v 741.701 8.853 0.000
v 743.557 8.853 -6.928
v 748.629 8.853 -12.000
v 755.557 8.853 -13.856
v 762.485 8.853 -12.000
v 767.557 8.853 -6.928
v 763.557 2.997 0.000
v 762.485 2.997 4.000
v 759.557 2.997 6.928
v 755.557 2.997 8.000
v 751.557 2.997 6.928
v 748.629 2.997 4.000
v 747.557 2.997 0.000
v 748.629 2.997 -4.000
v 751.557 2.997 -6.928
v 755.557 2.997 -8.000
v 759.557 2.997 -6.928
v 762.485 2.997 -4.000
v 755.557 0.853 0.000
v 755.557 0.853 0.000
v 755.557 0.853 0.000
v 755.557 0.853 0.000
v 755.557 0.853 0.000
v 755.557 0.853 0.000
v 755.557 0.853 0.000
v 755.557 0.853 -0.000
v 755.557 0.853 -0.000
v 755.557 0.853 -0.000
v 755.557 0.853 -0.000
v 755.557 0.853 -0.000
v 770.711 45.289 0.000
v 770.711 45.289 0.000
v 770.711 45.289 0.000
v 770.711 45.289 0.000
v 770.711 45.289 0.000
v 770.711 45.289 0.000
v 770.711 45.289 0.000
v 770.711 45.289 0.000
v 770.711 45.289 0.000
v 770.711 45.289 0.000
v 770.711 45.289 0.000
v 770.711 45.289 0.000
v 778.711 43.146 0.000
v 777.639 43.146 4.000
v 774.711 43.146 6.928
v 770.711 43.146 8.000
v 766.711 43.146 6.928
v 763.782 43.146 4.000
v 762.711 43.146 0.000
v 763.782 43.146 -4.000
v 766.711 43.146 -6.928
v 770.711 43.146 -8.000
v 774.711 43.146 -6.928
v 777.639 43.146 -4.000
v 784.567 37.289 0.000
v 782.711 37.289 6.928
v 777.639 37.289 12.000
v 770.711 37.289 13.856
v 763.782 37.289 12.000
v 758.711 37.289 6.928
v 756.854 37.289 0.000
v 758.711 37.289 -6.928
v 763.782 37.289 -12.000
v 770.711 37.289 -13.856
v 777.639 37.289 -12.000
v 782.711 37.289 -6.928
v 786.711 29.289 0.000
v 784.567 29.289 8.000
v 778.711 29.289 13.856
v 770.711 29.289 16.000
v 762.711 29.289 13.856
v 756.854 29.289 8.000
v 754.711 29.289 0.000
v 756.854 29.289 -8.000
v 762.711 29.289 -13.856
v 770.711 29.289 -16.000
v 778.711 29.289 -13.856
v 784.567 29.289 -8.000
v 784.567 21.289 0.000
v 782.711 21.289 6.928
v 777.639 21.289 12.000
v 770.711 21.289 13.856
v 763.782 21.289 12.000
v 758.711 21.289 6.928
v 756.854 21.289 0.000
v 758.711 21.289 -6.928
v 763.782 21.289 -12.000
v 770.711 21.289 -13.856
v 777.639 21.289 -12.000
v 782.711 21.289 -6.928
v 778.711 15.433 0.000
v 777.639 15.433 4.000
v 774.711 15.433 6.928
v 770.711 15.433 8.000
v 766.711 15.433 6.928
v 763.782 15.433 4.000
v 762.711 15.433 0.000
v 763.782 15.433 -4.000
v 766.711 15.433 -6.928
v 770.711 15.433 -8.000
v 774.711 15.433 -6.928
v 777.639 15.433 -4.000
v 770.711 13.289 0.000
v 770.711 13.289 0.000
v 770.711 13.289 0.000
v 770.711 13.289 0.000
v 770.711 13.289 0.000
v 770.711 13.289 0.000
v 770.711 13.289 0.000
v 770.711 13.289 -0.000
v 770.711 13.289 -0.000
v 770.711 13.289 -0.000
v 770.711 13.289 -0.000
v 770.711 13.289 -0.000
v 783.147 60.443 0.000
v 783.147 60.443 0.000
v 783.147 60.443 0.000
v 783.147 60.443 0.000
v 783.147 60.443 0.000
v 783.147 60.443 0.000
v 783.147 60.443 0.000
v 783.147 60.443 0.000
v 783.147 60.443 0.000
v 783.147 60.443 0.000
v 783.147 60.443 0.000
v 783.147 60.443 0.000
v 791.147 58.299 0.000
v 790.075 58.299 4.000
v 787.147 58.299 6.928
v 783.147 58.299 8.000
v 779.147 58.299 6.928
v 776.219 58.299 4.000
v 775.147 58.299 0.000
v 776.219 58.299 -4.000
v 779.147 58.299 -6.928
v 783.147 58.299 -8.000
v 787.147 58.299 -6.928
v 790.075 58.299 -4.000
v 797.003 52.443 0.000
v 795.147 52.443 6.928
v 790.075 52.443 12.000
v 783.147 52.443 13.856
v 776.219 52.443 12.000
v 771.147 52.443 6.928
v 769.291 52.443 0.000
v 771.147 52.443 -6.928
v 776.219 52.443 -12.000
v 783.147 52.443 -13.856
v 790.075 52.443 -12.000
v 795.147 52.443 -6.928
v 799.147 44.443 0.000
v 797.003 44.443 8.000
v 791.147 44.443 13.856
v 783.147 44.443 16.000
v 775.147 44.443 13.856
v 769.291 44.443 8.000
v 767.147 44.443 0.000
v 769.291 44.443 -8.000
v 775.147 44.443 -13.856
v 783.147 44.443 -16.000
v 791.147 44.443 -13.856
v 797.003 44.443 -8.000
v 797.003 36.443 0.000
v 795.147 36.443 6.928
v 790.075 36.443 12.000
v 783.147 36.443 13.856
v 776.219 36.443 12.000
v 771.147 36.443 6.928
v 769.291 36.443 0.000
v 771.147 36.443 -6.928
v 776.219 36.443 -12.000
v 783.147 36.443 -13.856
v 790.075 36.443 -12.000
v 795.147 36.443 -6.928
v 791.147 30.587 0.000
v 790.075 30.587 4.000
v 787.147 30.587 6.928
v 783.147 30.587 8.000
v 779.147 30.587 6.928
v 776.219 30.587 4.000
v 775.147 30.587 0.000
v 776.219 30.587 -4.000
v 779.147 30.587 -6.928
v 783.147 30.587 -8.000
v 787.147 30.587 -6.928
v 790.075 30.587 -4.000
v 783.147 28.443 0.000
v 783.147 28.443 0.000
v 783.147 28.443 0.000
v 783.147 28.443 0.000
v 783.147 28.443 0.000
v 783.147 28.443 0.000
v 783.147 28.443 0.000
v 783.147 28.443 -0.000
v 783.147 28.443 -0.000
v 783.147 28.443 -0.000
v 783.147 28.443 -0.000
v 783.147 28.443 -0.000
v 792.388 77.732 0.000
v 792.388 77.732 0.000
v 792.388 77.732 0.000
v 792.388 77.732 0.000
v 792.388 77.732 0.000
v 792.388 77.732 0.000
v 792.388 77.732 0.000
v 792.388 77.732 0.000
v 792.388 77.732 0.000
v 792.388 77.732 0.000
v 792.388 77.732 0.000
v 792.388 77.732 0.000
v 800.388 75.588 0.000
v 799.316 75.588 4.000
v 796.388 75.588 6.928
v 792.388 75.588 8.000
v 788.388 75.588 6.928
v 785.460 75.588 4.000
v 784.388 75.588 0.000
v 785.460 75.588 -4.000
v 788.388 75.588 -6.928
v 792.388 75.588 -8.000
v 796.388 75.588 -6.928
v 799.316 75.588 -4.000
v 806.244 69.732 0.000
v 804.388 69.732 6.928
v 799.316 69.732 12.000
v 792.388 69.732 13.856
v 785.460 69.732 12.000
v 780.388 69.732 6.928
v 778.532 69.732 0.000
v 780.388 69.732 -6.928
v 785.460 69.732 -12.000
v 792.388 69.732 -13.856
v 799.316 69.732 -12.000
v 804.388 69.732 -6.928
v 808.388 61.732 0.000
v 806.244 61.732 8.000
v 800.388 61.732 13.856
v 792.388 61.732 16.000
v 784.388 61.732 13.856
v 778.532 61.732 8.000
v 776.388 61.732 0.000
v 778.532 61.732 -8.000
v 784.388 61.732 -13.856
v 792.388 61.732 -16.000
v 800.388 61.732 -13.856
v 806.244 61.732 -8.000
v 806.244 53.732 0.000
v 804.388 53.732 6.928
v 799.316 53.732 12.000
v 792.388 53.732 13.856
v 785.460 53.732 12.000
v 780.388 53.732 6.928
v 778.532 53.732 0.000
v 780.388 53.732 -6.928
v 785.460 53.732 -12.000
v 792.388 53.732 -13.856
v 799.316 53.732 -12.000
v 804.388 53.732 -6.928
v 800.388 47.875 0.000
v 799.316 47.875 4.000
v 796.388 47.875 6.928
v 792.388 47.875 8.000
v 788.388 47.875 6.928
v 785.460 47.875 4.000
v 784.388 47.875 0.000
v 785.460 47.875 -4.000
v 788.388 47.875 -6.928
v 792.388 47.875 -8.000
v 796.388 47.875 -6.928
v 799.316 47.875 -4.000
v 792.388 45.732 0.000
v 792.388 45.732 0.000
v 792.388 45.732 0.000
v 792.388 45.732 0.000
v 792.388 45.732 0.000
v 792.388 45.732 0.000
v 792.388 45.732 0.000
v 792.388 45.732 -0.000
v 792.388 45.732 -0.000
v 792.388 45.732 -0.000
v 792.388 45.732 -0.000
v 792.388 45.732 -0.000
v 798.079 96.491 0.000
v 798.079 96.491 0.000
v 798.079 96.491 0.000
v 798.079 96.491 0.000
v 798.079 96.491 0.000
v 798.079 96.491 0.000
v 798.079 96.491 0.000
v 798.079 96.491 0.000
v 798.079 96.491 0.000
v 798.079 96.491 0.000
v 798.079 96.491 0.000
v 798.079 96.491 0.000
v 806.079 94.347 0.000
v 805.007 94.347 4.000
v 802.079 94.347 6.928
v 798.079 94.347 8.000
v 794.079 94.347 6.928
v 791.150 94.347 4.000
v 790.079 94.347 0.000
v 791.150 94.347 -4.000
v 794.079 94.347 -6.928
v 798.079 94.347 -8.000
v 802.079 94.347 -6.928
v 805.007 94.347 -4.000
v 811.935 88.491 0.000
v 810.079 88.491 6.928
v 805.007 88.491 12.000
v 798.079 88.491 13.856
v 791.150 88.491 12.000
v 786.079 88.491 6.928
v 784.222 88.491 0.000
v 786.079 88.491 -6.928
v 791.150 88.491 -12.000
v 798.079 88.491 -13.856
v 805.007 88.491 -12.000
v 810.079 88.491 -6.928
v 814.079 80.491 0.000
v 811.935 80.491 8.000
v 806.079 80.491 13.856
v 798.079 80.491 16.000
v 790.079 80.491 13.856
v 784.222 80.491 8.000
v 782.079 80.491 0.000
v 784.222 80.491 -8.000
v 790.079 80.491 -13.856
v 798.079 80.491 -16.000
v 806.079 80.491 -13.856
v 811.935 80.491 -8.000
v 811.935 72.491 0.000
v 810.079 72.491 6.928
v 805.007 72.491 12.000
v 798.079 72.491 13.856
v 791.150 72.491 12.000
v 786.079 72.491 6.928
v 784.222 72.491 0.000
v 786.079 72.491 -6.928
v 791.150 72.491 -12.000
v 798.079 72.491 -13.856
v 805.007 72.491 -12.000
v 810.079 72.491 -6.928
v 806.079 66.635 0.000
v 805.007 66.635 4.000
v 802.079 66.635 6.928
v 798.079 66.635 8.000
v 794.079 66.635 6.928
v 791.150 66.635 4.000
v 790.079 66.635 0.000
v 791.150 66.635 -4.000
v 794.079 66.635 -6.928
v 798.079 66.635 -8.000
v 802.079 66.635 -6.928
v 805.007 66.635 -4.000
v 798.079 64.491 0.000
v 798.079 64.491 0.000
v 798.079 64.491 0.000
v 798.079 64.491 0.000
v 798.079 64.491 0.000
v 798.079 64.491 0.000
v 798.079 64.491 0.000
v 798.079 64.491 -0.000
v 798.079 64.491 -0.000
v 798.079 64.491 -0.000
v 798.079 64.491 -0.000
v 798.079 64.491 -0.000
v -816.000 1150.000 0.000
v -816.000 1150.000 400.000
v -814.416 1156.942 0.000
v -814.416 1156.942 400.000
v -809.976 1162.509 0.000
v -809.976 1162.509 400.000
v -803.560 1165.599 0.000
v -803.560 1165.599 400.000
v -796.440 1165.599 0.000
v -796.440 1165.599 400.000
v -790.024 1162.509 0.000
v -790.024 1162.509 400.000
v -785.584 1156.942 0.000
v -785.584 1156.942 400.000
v -784.000 1150.000 0.000
v -784.000 1150.000 400.000
v -785.584 1143.058 0.000
v -785.584 1143.058 400.000
v -790.024 1137.491 0.000
v -790.024 1137.491 400.000
v -796.440 1134.401 0.000
v -796.440 1134.401 400.000
v -803.560 1134.401 0.000
v -803.560 1134.401 400.000
v -809.976 1137.491 0.000
v -809.976 1137.491 400.000
v -814.416 1143.058 0.000
v -814.416 1143.058 400.000
v -800.000 1166.000 0.000
v -800.000 1166.000 0.000
v -800.000 1166.000 0.000
v -800.000 1166.000 0.000
v -800.000 1166.000 0.000
v -800.000 1166.000 0.000
v -800.000 1166.000 0.000
v -800.000 1166.000 0.000
v -800.000 1166.000 0.000
v -800.000 1166.000 0.000
v -800.000 1166.000 0.000
v -800.000 1166.000 0.000
v -792.000 1163.856 0.000
v -793.072 1163.856 4.000
v -796.000 1163.856 6.928
v -800.000 1163.856 8.000
v -804.000 1163.856 6.928
v -806.928 1163.856 4.000
v -808.000 1163.856 0.000
v -806.928 1163.856 -4.000
v -804.000 1163.856 -6.928
v -800.000 1163.856 -8.000
v -796.000 1163.856 -6.928
v -793.072 1163.856 -4.000
v -786.144 1158.000 0.000
v -788.000 1158.000 6.928
v -793.072 1158.000 12.000
v -800.000 1158.000 13.856
v -806.928 1158.000 12.000
v -812.000 1158.000 6.928
v -813.856 1158.000 0.000
v -812.000 1158.000 -6.928
v -806.928 1158.000 -12.000
v -800.000 1158.000 -13.856
v -793.072 1158.000 -12.000
v -788.000 1158.000 -6.928
v -784.000 1150.000 0.000
v -786.144 1150.000 8.000
v -792.000 1150.000 13.856
v -800.000 1150.000 16.000
v -808.000 1150.000 13.856
v -813.856 1150.000 8.000
v -816.000 1150.000 0.000
v -813.856 1150.000 -8.000
v -808.000 1150.000 -13.856
v -800.000 1150.000 -16.000
v -792.000 1150.000 -13.856
v -786.144 1150.000 -8.000
v -786.144 1142.000 0.000
v -788.000 1142.000 6.928
v -793.072 1142.000 12.000
v -800.000 1142.000 13.856
v -806.928 1142.000 12.000
v -812.000 1142.000 6.928
v -813.856 1142.000 0.000
v -812.000 1142.000 -6.928
v -806.928 1142.000 -12.000
v -800.000 1142.000 -13.856
v -793.072 1142.000 -12.000
v -788.000 1142.000 -6.928
v -792.000 1136.144 0.000
v -793.072 1136.144 4.000
v -796.000 1136.144 6.928
v -800.000 1136.144 8.000
v -804.000 1136.144 6.928
v -806.928 1136.144 4.000
v -808.000 1136.144 0.000
v -806.928 1136.144 -4.000
v -804.000 1136.144 -6.928
v -800.000 1136.144 -8.000
v -796.000 1136.144 -6.928
v -793.072 1136.144 -4.000
v -800.000 1134.000 0.000
v -800.000 1134.000 0.000
v -800.000 1134.000 0.000
v -800.000 1134.000 0.000
v -800.000 1134.000 0.000
v -800.000 1134.000 0.000
v -800.000 1134.000 0.000
v -800.000 1134.000 -0.000
v -800.000 1134.000 -0.000
v -800.000 1134.000 -0.000
v -800.000 1134.000 -0.000
v -800.000 1134.000 -0.000
v -800.000 1166.000 400.000
v -800.000 1166.000 400.000
v -800.000 1166.000 400.000
v -800.000 1166.000 400.000
v -800.000 1166.000 400.000
v -800.000 1166.000 400.000
v -800.000 1166.000 400.000
v -800.000 1166.000 400.000
v -800.000 1166.000 400.000
v -800.000 1166.000 400.000
v -800.000 1166.000 400.000
v -800.000 1166.000 400.000
v -792.000 1163.856 400.000
v -793.072 1163.856 404.000
v -796.000 1163.856 406.928
v -800.000 1163.856 408.000
v -804.000 1163.856 406.928
v -806.928 1163.856 404.000
v -808.000 1163.856 400.000
v -806.928 1163.856 396.000
v -804.000 1163.856 393.072
v -800.000 1163.856 392.000
v -796.000 1163.856 393.072
v -793.072 1163.856 396.000
v -786.144 1158.000 400.000
v -788.000 1158.000 406.928
v -793.072 1158.000 412.000
v -800.000 1158.000 413.856
v -806.928 1158.000 412.000
v -812.000 1158.000 406.928
v -813.856 1158.000 400.000
v -812.000 1158.000 393.072
v -806.928 1158.000 388.000
v -800.000 1158.000 386.144
v -793.072 1158.000 388.000
v -788.000 1158.000 393.072
v -784.000 1150.000 400.000
v -786.144 1150.000 408.000
v -792.000 1150.000 413.856
v -800.000 1150.000 416.000
v -808.000 1150.000 413.856
v -813.856 1150.000 408.000
v -816.000 1150.000 400.000
v -813.856 1150.000 392.000
v -808.000 1150.000 386.144
v -800.000 1150.000 384.000
v -792.000 1150.000 386.144
v -786.144 1150.000 392.000
v -786.144 1142.000 400.000
v -788.000 1142.000 406.928
v -793.072 1142.000 412.000
v -800.000 1142.000 413.856
v -806.928 1142.000 412.000
v -812.000 1142.000 406.928
v -813.856 1142.000 400.000
v -812.000 1142.000 393.072
v -806.928 1142.000 388.000
v -800.000 1142.000 386.144
v -793.072 1142.000 388.000
v -788.000 1142.000 393.072
v -792.000 1136.144 400.000
v -793.072 1136.144 404.000
v -796.000 1136.144 406.928
v -800.000 1136.144 408.000
v -804.000 1136.144 406.928
v -806.928 1136.144 404.000
v -808.000 1136.144 400.000
v -806.928 1136.144 396.000
v -804.000 1136.144 393.072
v -800.000 1136.144 392.000
v -796.000 1136.144 393.072
v -793.072 1136.144 396.000
v -800.000 1134.000 400.000
v -800.000 1134.000 400.000
v -800.000 1134.000 400.000
v -800.000 1134.000 400.000
v -800.000 1134.000 400.000
v -800.000 1134.000 400.000
v -800.000 1134.000 400.000
v -800.000 1134.000 400.000
v -800.000 1134.000 400.000
v -800.000 1134.000 400.000
v -800.000 1134.000 400.000
v -800.000 1134.000 400.000
v 784.000 1150.000 0.000
v 784.000 1150.000 400.000
v 785.584 1156.942 0.000
v 785.584 1156.942 400.000
v 790.024 1162.509 0.000
v 790.024 1162.509 400.000
v 796.440 1165.599 0.000
v 796.440 1165.599 400.000
v 803.560 1165.599 0.000
v 803.560 1165.599 400.000
v 809.976 1162.509 0.000
v 809.976 1162.509 400.000
v 814.416 1156.942 0.000
v 814.416 1156.942 400.000
v 816.000 1150.000 0.000
v 816.000 1150.000 400.000
v 814.416 1143.058 0.000
v 814.416 1143.058 400.000
v 809.976 1137.491 0.000
v 809.976 1137.491 400.000
v 803.560 1134.401 0.000
v 803.560 1134.401 400.000
v 796.440 1134.401 0.000
v 796.440 1134.401 400.000
v 790.024 1137.491 0.000
v 790.024 1137.491 400.000
v 785.584 1143.058 0.000
v 785.584 1143.058 400.000
v 800.000 1166.000 0.000
v 800.000 1166.000 0.000
v 800.000 1166.000 0.000
v 800.000 1166.000 0.000
v 800.000 1166.000 0.000
v 800.000 1166.000 0.000
v 800.000 1166.000 0.000
v 800.000 1166.000 0.000
v 800.000 1166.000 0.000
v 800.000 1166.000 0.000
v 800.000 1166.000 0.000
v 800.000 1166.000 0.000
v 808.000 1163.856 0.000
v 806.928 1163.856 4.000
v 804.000 1163.856 6.928
v 800.000 1163.856 8.000
v 796.000 1163.856 6.928
v 793.072 1163.856 4.000
v 792.000 1163.856 0.000
v 793.072 1163.856 -4.000
v 796.000 1163.856 -6.928
v 800.000 1163.856 -8.000
v 804.000 1163.856 -6.928
v 806.928 1163.856 -4.000
v 813.856 1158.000 0.000
v 812.000 1158.000 6.928
v 806.928 1158.000 12.000
v 800.000 1158.000 13.856
v 793.072 1158.000 12.000
v 788.000 1158.000 6.928
v 786.144 1158.000 0.000
v 788.000 1158.000 -6.928
v 793.072 1158.000 -12.000
v 800.000 1158.000 -13.856
v 806.928 1158.000 -12.000
v 812.000 1158.000 -6.928
v 816.000 1150.000 0.000
v 813.856 1150.000 8.000
v 808.000 1150.000 13.856
v 800.000 1150.000 16.000
v 792.000 1150.000 13.856
v 786.144 1150.000 8.000
v 784.000 1150.000 0.000
v 786.144 1150.000 -8.000
v 792.000 1150.000 -13.856
v 800.000 1150.000 -16.000
v 808.000 1150.000 -13.856
v 813.856 1150.000 -8.000
v 813.856 1142.000 0.000
v 812.000 1142.000 6.928
v 806.928 1142.000 12.000
v 800.000 1142.000 13.856
v 793.072 1142.000 12.000
v 788.000 1142.000 6.928
v 786.144 1142.000 0.000
v 788.000 1142.000 -6.928
v 793.072 1142.000 -12.000
v 800.000 1142.000 -13.856
v 806.928 1142.000 -12.000
v 812.000 1142.000 -6.928
v 808.000 1136.144 0.000
v 806.928 1136.144 4.000
v 804.000 1136.144 6.928
v 800.000 1136.144 8.000
v 796.000 1136.144 6.928
v 793.072 1136.144 4.000
v 792.000 1136.144 0.000
v 793.072 1136.144 -4.000
v 796.000 1136.144 -6.928
v 800.000 1136.144 -8.000
v 804.000 1136.144 -6.928
v 806.928 1136.144 -4.000
v 800.000 1134.000 0.000
v 800.000 1134.000 0.000
v 800.000 1134.000 0.000
v 800.000 1134.000 0.000
v 800.000 1134.000 0.000
v 800.000 1134.000 0.000
v 800.000 1134.000 0.000
v 800.000 1134.000 -0.000
v 800.000 1134.000 -0.000
v 800.000 1134.000 -0.000
v 800.000 1134.000 -0.000
v 800.000 1134.000 -0.000
v 800.000 1166.000 400.000
v 800.000 1166.000 400.000
v 800.000 1166.000 400.000
v 800.000 1166.000 400.000
v 800.000 1166.000 400.000
v 800.000 1166.000 400.000
v 800.000 1166.000 400.000
v 800.000 1166.000 400.000
v 800.000 1166.000 400.000
v 800.000 1166.000 400.000
v 800.000 1166.000 400.000
v 800.000 1166.000 400.000
v 808.000 1163.856 400.000
v 806.928 1163.856 404.000
v 804.000 1163.856 406.928
v 800.000 1163.856 408.000
v 796.000 1163.856 406.928
v 793.072 1163.856 404.000
v 792.000 1163.856 400.000
v 793.072 1163.856 396.000
v 796.000 1163.856 393.072
v 800.000 1163.856 392.000
v 804.000 1163.856 393.072
v 806.928 1163.856 396.000
v 813.856 1158.000 400.000
v 812.000 1158.000 406.928
v 806.928 1158.000 412.000
v 800.000 1158.000 413.856
v 793.072 1158.000 412.000
v 788.000 1158.000 406.928
v 786.144 1158.000 400.000
v 788.000 1158.000 393.072
v 793.072 1158.000 388.000
v 800.000 1158.000 386.144
v 806.928 1158.000 388.000
v 812.000 1158.000 393.072
v 816.000 1150.000 400.000
v 813.856 1150.000 408.000
v 808.000 1150.000 413.856
v 800.000 1150.000 416.000
v 792.000 1150.000 413.856
v 786.144 1150.000 408.000
v 784.000 1150.000 400.000
v 786.144 1150.000 392.000
v 792.000 1150.000 386.144
v 800.000 1150.000 384.000
v 808.000 1150.000 386.144
v 813.856 1150.000 392.000
v 813.856 1142.000 400.000
v 812.000 1142.000 406.928
v 806.928 1142.000 412.000
v 800.000 1142.000 413.856
v 793.072 1142.000 412.000
v 788.000 1142.000 406.928
v 786.144 1142.000 400.000
v 788.000 1142.000 393.072
v 793.072 1142.000 388.000
v 800.000 1142.000 386.144
v 806.928 1142.000 388.000
v 812.000 1142.000 393.072
v 808.000 1136.144 400.000
v 806.928 1136.144 404.000
v 804.000 1136.144 406.928
v 800.000 1136.144 408.000
v 796.000 1136.144 406.928
v 793.072 1136.144 404.000
v 792.000 1136.144 400.000
v 793.072 1136.144 396.000
v 796.000 1136.144 393.072
v 800.000 1136.144 392.000
v 804.000 1136.144 393.072
v 806.928 1136.144 396.000
v 800.000 1134.000 400.000
v 800.000 1134.000 400.000
v 800.000 1134.000 400.000
v 800.000 1134.000 400.000
v 800.000 1134.000 400.000
v 800.000 1134.000 400.000
v 800.000 1134.000 400.000
v 800.000 1134.000 400.000
v 800.000 1134.000 400.000
v 800.000 1134.000 400.000
v 800.000 1134.000 400.000
v 800.000 1134.000 400.000
v -816.000 0.000 0.000
v -816.000 0.000 650.000
v -814.416 6.942 0.000
v -814.416 6.942 650.000
v -809.976 12.509 0.000
v -809.976 12.509 650.000
v -803.560 15.599 0.000
v -803.560 15.599 650.000
v -796.440 15.599 0.000
v -796.440 15.599 650.000
v -790.024 12.509 0.000
v -790.024 12.509 650.000
v -785.584 6.942 0.000
v -785.584 6.942 650.000
v -784.000 0.000 0.000
v -784.000 0.000 650.000
v -785.584 -6.942 0.000
v -785.584 -6.942 650.000
v -790.024 -12.509 0.000
v -790.024 -12.509 650.000
v -796.440 -15.599 0.000
v -796.440 -15.599 650.000
v -803.560 -15.599 0.000
v -803.560 -15.599 650.000
v -809.976 -12.509 0.000
v -809.976 -12.509 650.000
v -814.416 -6.942 0.000
v -814.416 -6.942 650.000
v -800.000 16.000 0.000
v -800.000 16.000 0.000
v -800.000 16.000 0.000
v -800.000 16.000 0.000
v -800.000 16.000 0.000
v -800.000 16.000 0.000
v -800.000 16.000 0.000
v -800.000 16.000 0.000
v -800.000 16.000 0.000
v -800.000 16.000 0.000
v -800.000 16.000 0.000
v -800.000 16.000 0.000
v -792.000 13.856 0.000
v -793.072 13.856 4.000
v -796.000 13.856 6.928
v -800.000 13.856 8.000
v -804.000 13.856 6.928
v -806.928 13.856 4.000
v -808.000 13.856 0.000
v -806.928 13.856 -4.000
v -804.000 13.856 -6.928
v -800.000 13.856 -8.000
v -796.000 13.856 -6.928
v -793.072 13.856 -4.000
v -786.144 8.000 0.000
v -788.000 8.000 6.928
v -793.072 8.000 12.000
v -800.000 8.000 13.856
v -806.928 8.000 12.000
v -812.000 8.000 6.928
v -813.856 8.000 0.000
v -812.000 8.000 -6.928
v -806.928 8.000 -12.000
v -800.000 8.000 -13.856
v -793.072 8.000 -12.000
v -788.000 8.000 -6.928
v -784.000 0.000 0.000
v -786.144 0.000 8.000
v -792.000 0.000 13.856
v -800.000 0.000 16.000
v -808.000 0.000 13.856
v -813.856 0.000 8.000
v -816.000 0.000 0.000
v -813.856 0.000 -8.000
v -808.000 0.000 -13.856
v -800.000 0.000 -16.000
v -792.000 0.000 -13.856
v -786.144 0.000 -8.000
v -786.144 -8.000 0.000
v -788.000 -8.000 6.928
v -793.072 -8.000 12.000
v -800.000 -8.000 13.856
v -806.928 -8.000 12.000
v -812.000 -8.000 6.928
v -813.856 -8.000 0.000
v -812.000 -8.000 -6.928
v -806.928 -8.000 -12.000
v -800.000 -8.000 -13.856
v -793.072 -8.000 -12.000
v -788.000 -8.000 -6.928
v -792.000 -13.856 0.000
v -793.072 -13.856 4.000
v -796.000 -13.856 6.928
v -800.000 -13.856 8.000
v -804.000 -13.856 6.928
v -806.928 -13.856 4.000
v -808.000 -13.856 0.000
v -806.928 -13.856 -4.000
v -804.000 -13.856 -6.928
v -800.000 -13.856 -8.000
v -796.000 -13.856 -6.928
v -793.072 -13.856 -4.000
v -800.000 -16.000 0.000
v -800.000 -16.000 0.000
v -800.000 -16.000 0.000
v -800.000 -16.000 0.000
v -800.000 -16.000 0.000
v -800.000 -16.000 0.000
v -800.000 -16.000 0.000
v -800.000 -16.000 -0.000
v -800.000 -16.000 -0.000
v -800.000 -16.000 -0.000
v -800.000 -16.000 -0.000
v -800.000 -16.000 -0.000
v -800.000 16.000 650.000
v -800.000 16.000 650.000
v -800.000 16.000 650.000
v -800.000 16.000 650.000
v -800.000 16.000 650.000
v -800.000 16.000 650.000
v -800.000 16.000 650.000
v -800.000 16.000 650.000
v -800.000 16.000 650.000
v -800.000 16.000 650.000
v -800.000 16.000 650.000
v -800.000 16.000 650.000
v -792.000 13.856 650.000
v -793.072 13.856 654.000
v -796.000 13.856 656.928
v -800.000 13.856 658.000
v -804.000 13.856 656.928
v -806.928 13.856 654.000
v -808.000 13.856 650.000
v -806.928 13.856 646.000
v -804.000 13.856 643.072
v -800.000 13.856 642.000
v -796.000 13.856 643.072
v -793.072 13.856 646.000
v -786.144 8.000 650.000
v -788.000 8.000 656.928
v -793.072 8.000 662.000
v -800.000 8.000 663.856
v -806.928 8.000 662.000
v -812.000 8.000 656.928
v -813.856 8.000 650.000
v -812.000 8.000 643.072
v -806.928 8.000 638.000
v -800.000 8.000 636.144
v -793.072 8.000 638.000
v -788.000 8.000 643.072
v -784.000 0.000 650.000
v -786.144 0.000 658.000
v -792.000 0.000 663.856
v -800.000 0.000 666.000
v -808.000 0.000 663.856
v -813.856 0.000 658.000
v -816.000 0.000 650.000
v -813.856 0.000 642.000
v -808.000 0.000 636.144
v -800.000 0.000 634.000
v -792.000 0.000 636.144
v -786.144 0.000 642.000
v -786.144 -8.000 650.000
v -788.000 -8.000 656.928
v -793.072 -8.000 662.000
v -800.000 -8.000 663.856
v -806.928 -8.000 662.000
v -812.000 -8.000 656.928
v -813.856 -8.000 650.000
v -812.000 -8.000 643.072
v -806.928 -8.000 638.000
v -800.000 -8.000 636.144
v -793.072 -8.000 638.000
v -788.000 -8.000 643.072
v -792.000 -13.856 650.000
v -793.072 -13.856 654.000
v -796.000 -13.856 656.928
v -800.000 -13.856 658.000
v -804.000 -13.856 656.928
v -806.928 -13.856 654.000
v -808.000 -13.856 650.000
v -806.928 -13.856 646.000
v -804.000 -13.856 643.072
v -800.000 -13.856 642.000
v -796.000 -13.856 643.072
v -793.072 -13.856 646.000
v -800.000 -16.000 650.000
v -800.000 -16.000 650.000
v -800.000 -16.000 650.000
v -800.000 -16.000 650.000
v -800.000 -16.000 650.000
v -800.000 -16.000 650.000
v -800.000 -16.000 650.000
v -800.000 -16.000 650.000
v -800.000 -16.000 650.000
v -800.000 -16.000 650.000
v -800.000 -16.000 650.000
v -800.000 -16.000 650.000
v 784.000 0.000 0.000
v 784.000 0.000 650.000
v 785.584 6.942 0.000
v 785.584 6.942 650.000
v 790.024 12.509 0.000
v 790.024 12.509 650.000
v 796.440 15.599 0.000
v 796.440 15.599 650.000
v 803.560 15.599 0.000
v 803.560 15.599 650.000
v 809.976 12.509 0.000
v 809.976 12.509 650.000
v 814.416 6.942 0.000
v 814.416 6.942 650.000
v 816.000 0.000 0.000
v 816.000 0.000 650.000
v 814.416 -6.942 0.000
v 814.416 -6.942 650.000
v 809.976 -12.509 0.000
v 809.976 -12.509 650.000
v 803.560 -15.599 0.000
v 803.560 -15.599 650.000
v 796.440 -15.599 0.000
v 796.440 -15.599 650.000
v 790.024 -12.509 0.000
v 790.024 -12.509 650.000
v 785.584 -6.942 0.000
v 785.584 -6.942 650.000
v 800.000 16.000 0.000
v 800.000 16.000 0.000
v 800.000 16.000 0.000
v 800.000 16.000 0.000
v 800.000 16.000 0.000
v 800.000 16.000 0.000
v 800.000 16.000 0.000
v 800.000 16.000 0.000
v 800.000 16.000 0.000
v 800.000 16.000 0.000
v 800.000 16.000 0.000
v 800.000 16.000 0.000
v 808.000 13.856 0.000
v 806.928 13.856 4.000
v 804.000 13.856 6.928
v 800.000 13.856 8.000
v 796.000 13.856 6.928
v 793.072 13.856 4.000
v 792.000 13.856 0.000
v 793.072 13.856 -4.000
v 796.000 13.856 -6.928
v 800.000 13.856 -8.000
v 804.000 13.856 -6.928
v 806.928 13.856 -4.000
v 813.856 8.000 0.000
v 812.000 8.000 6.928
v 806.928 8.000 12.000
v 800.000 8.000 13.856
v 793.072 8.000 12.000
v 788.000 8.000 6.928
v 786.144 8.000 0.000
v 788.000 8.000 -6.928
v 793.072 8.000 -12.000
v 800.000 8.000 -13.856
v 806.928 8.000 -12.000
v 812.000 8.000 -6.928
v 816.000 0.000 0.000
v 813.856 0.000 8.000
v 808.000 0.000 13.856
v 800.000 0.000 16.000
v 792.000 0.000 13.856
v 786.144 0.000 8.000
v 784.000 0.000 0.000
v 786.144 0.000 -8.000
v 792.000 0.000 -13.856
v 800.000 0.000 -16.000
v 808.000 0.000 -13.856
v 813.856 0.000 -8.000
v 813.856 -8.000 0.000
v 812.000 -8.000 6.928
v 806.928 -8.000 12.000
v 800.000 -8.000 13.856
v 793.072 -8.000 12.000
v 788.000 -8.000 6.928
v 786.144 -8.000 0.000
v 788.000 -8.000 -6.928
v 793.072 -8.000 -12.000
v 800.000 -8.000 -13.856
v 806.928 -8.000 -12.000
v 812.000 -8.000 -6.928
v 808.000 -13.856 0.000
v 806.928 -13.856 4.000
v 804.000 -13.856 6.928
v 800.000 -13.856 8.000
v 796.000 -13.856 6.928
v 793.072 -13.856 4.000
v 792.000 -13.856 0.000
v 793.072 -13.856 -4.000
v 796.000 -13.856 -6.928
v 800.000 -13.856 -8.000
v 804.000 -13.856 -6.928
v 806.928 -13.856 -4.000
v 800.000 -16.000 0.000
v 800.000 -16.000 0.000
v 800.000 -16.000 0.000
v 800.000 -16.000 0.000
v 800.000 -16.000 0.000
v 800.000 -16.000 0.000
v 800.000 -16.000 0.000
v 800.000 -16.000 -0.000
v 800.000 -16.000 -0.000
v 800.000 -16.000 -0.000
v 800.000 -16.000 -0.000
v 800.000 -16.000 -0.000
v 800.000 16.000 650.000
v 800.000 16.000 650.000
v 800.000 16.000 650.000
v 800.000 16.000 650.000
v 800.000 16.000 650.000
v 800.000 16.000 650.000
v 800.000 16.000 650.000
v 800.000 16.000 650.000
v 800.000 16.000 650.000
v 800.000 16.000 650.000
v 800.000 16.000 650.000
v 800.000 16.000 650.000
v 808.000 13.856 650.000
v 806.928 13.856 654.000
v 804.000 13.856 656.928
v 800.000 13.856 658.000
v 796.000 13.856 656.928
v 793.072 13.856 654.000
v 792.000 13.856 650.000
v 793.072 13.856 646.000
v 796.000 13.856 643.072
v 800.000 13.856 642.000
v 804.000 13.856 643.072
v 806.928 13.856 646.000
v 813.856 8.000 650.000
v 812.000 8.000 656.928
v 806.928 8.000 662.000
v 800.000 8.000 663.856
v 793.072 8.000 662.000
v 788.000 8.000 656.928
v 786.144 8.000 650.000
v 788.000 8.000 643.072
v 793.072 8.000 638.000
v 800.000 8.000 636.144
v 806.928 8.000 638.000
v 812.000 8.000 643.072
v 816.000 0.000 650.000
v 813.856 0.000 658.000
v 808.000 0.000 663.856
v 800.000 0.000 666.000
v 792.000 0.000 663.856
v 786.144 0.000 658.000
v 784.000 0.000 650.000
v 786.144 0.000 642.000
v 792.000 0.000 636.144
v 800.000 0.000 634.000
v 808.000 0.000 636.144
v 813.856 0.000 642.000
v 813.856 -8.000 650.000
v 812.000 -8.000 656.928
v 806.928 -8.000 662.000
v 800.000 -8.000 663.856
v 793.072 -8.000 662.000
v 788.000 -8.000 656.928
v 786.144 -8.000 650.000
v 788.000 -8.000 643.072
v 793.072 -8.000 638.000
v 800.000 -8.000 636.144
v 806.928 -8.000 638.000
v 812.000 -8.000 643.072
v 808.000 -13.856 650.000
v 806.928 -13.856 654.000
v 804.000 -13.856 656.928
v 800.000 -13.856 658.000
v 796.000 -13.856 656.928
v 793.072 -13.856 654.000
v 792.000 -13.856 650.000
v 793.072 -13.856 646.000
v 796.000 -13.856 643.072
v 800.000 -13.856 642.000
v 804.000 -13.856 643.072
v 806.928 -13.856 646.000
v 800.000 -16.000 650.000
v 800.000 -16.000 650.000
v 800.000 -16.000 650.000
v 800.000 -16.000 650.000
v 800.000 -16.000 650.000
v 800.000 -16.000 650.000
v 800.000 -16.000 650.000
v 800.000 -16.000 650.000
v 800.000 -16.000 650.000
v 800.000 -16.000 650.000
v 800.000 -16.000 650.000
v 800.000 -16.000 650.000
v -800.000 1153.399 415.635
v -800.000 3.399 665.635
v -793.058 1153.062 414.086
v -793.058 3.062 664.086
v -787.491 1152.119 409.748
v -787.491 2.119 659.748
v -784.401 1150.756 403.479
v -784.401 0.756 653.479
v -784.401 1149.244 396.521
v -784.401 -0.756 646.521
v -787.491 1147.881 390.252
v -787.491 -2.119 640.252
v -793.058 1146.938 385.914
v -793.058 -3.062 635.914
v -800.000 1146.601 384.365
v -800.000 -3.399 634.365
v -806.942 1146.938 385.914
v -806.942 -3.062 635.914
v -812.509 1147.881 390.252
v -812.509 -2.119 640.252
v -815.599 1149.244 396.521
v -815.599 -0.756 646.521
v -815.599 1150.756 403.479
v -815.599 0.756 653.479
v -812.509 1152.119 409.748
v -812.509 2.119 659.748
v -806.942 1153.062 414.086
v -806.942 3.062 664.086
v -800.000 1166.000 400.000
v -800.000 1166.000 400.000
v -800.000 1166.000 400.000
v -800.000 1166.000 400.000
v -800.000 1166.000 400.000
v -800.000 1166.000 400.000
v -800.000 1166.000 400.000
v -800.000 1166.000 400.000
v -800.000 1166.000 400.000
v -800.000 1166.000 400.000
v -800.000 1166.000 400.000
v -800.000 1166.000 400.000
v -792.000 1163.856 400.000
v -793.072 1163.856 404.000
v -796.000 1163.856 406.928
v -800.000 1163.856 408.000
v -804.000 1163.856 406.928
v -806.928 1163.856 404.000
v -808.000 1163.856 400.000
v -806.928 1163.856 396.000
v -804.000 1163.856 393.072
v -800.000 1163.856 392.000
v -796.000 1163.856 393.072
v -793.072 1163.856 396.000
v -786.144 1158.000 400.000
v -788.000 1158.000 406.928
v -793.072 1158.000 412.000
v -800.000 1158.000 413.856
v -806.928 1158.000 412.000
v -812.000 1158.000 406.928
v -813.856 1158.000 400.000
v -812.000 1158.000 393.072
v -806.928 1158.000 388.000
v -800.000 1158.000 386.144
v -793.072 1158.000 388.000
v -788.000 1158.000 393.072
v -784.000 1150.000 400.000
v -786.144 1150.000 408.000
v -792.000 1150.000 413.856
v -800.000 1150.000 416.000
v -808.000 1150.000 413.856
v -813.856 1150.000 408.000
v -816.000 1150.000 400.000
v -813.856 1150.000 392.000
v -808.000 1150.000 386.144
v -800.000 1150.000 384.000
v -792.000 1150.000 386.144
v -786.144 1150.000 392.000
v -786.144 1142.000 400.000
v -788.000 1142.000 406.928
v -793.072 1142.000 412.000
v -800.000 1142.000 413.856
v -806.928 1142.000 412.000
v -812.000 1142.000 406.928
v -813.856 1142.000 400.000
v -812.000 1142.000 393.072
v -806.928 1142.000 388.000
v -800.000 1142.000 386.144
v -793.072 1142.000 388.000
v -788.000 1142.000 393.072
v -792.000 1136.144 400.000
v -793.072 1136.144 404.000
v -796.000 1136.144 406.928
v -800.000 1136.144 408.000
v -804.000 1136.144 406.928
v -806.928 1136.144 404.000
v -808.000 1136.144 400.000
v -806.928 1136.144 396.000
v -804.000 1136.144 393.072
v -800.000 1136.144 392.000
v -796.000 1136.144 393.072
v -793.072 1136.144 396.000
v -800.000 1134.000 400.000
v -800.000 1134.000 400.000
v -800.000 1134.000 400.000
v -800.000 1134.000 400.000
v -800.000 1134.000 400.000
v -800.000 1134.000 400.000
v -800.000 1134.000 400.000
v -800.000 1134.000 400.000
v -800.000 1134.000 400.000
v -800.000 1134.000 400.000
v -800.000 1134.000 400.000
v -800.000 1134.000 400.000
v -800.000 16.000 650.000
v -800.000 16.000 650.000
v -800.000 16.000 650.000
v -800.000 16.000 650.000
v -800.000 16.000 650.000
v -800.000 16.000 650.000
v -800.000 16.000 650.000
v -800.000 16.000 650.000
v -800.000 16.000 650.000
v -800.000 16.000 650.000
v -800.000 16.000 650.000
v -800.000 16.000 650.000
v -792.000 13.856 650.000
v -793.072 13.856 654.000
v -796.000 13.856 656.928
v -800.000 13.856 658.000
v -804.000 13.856 656.928
v -806.928 13.856 654.000
v -808.000 13.856 650.000
v -806.928 13.856 646.000
v -804.000 13.856 643.072
v -800.000 13.856 642.000
v -796.000 13.856 643.072
v -793.072 13.856 646.000
v -786.144 8.000 650.000
v -788.000 8.000 656.928
v -793.072 8.000 662.000
v -800.000 8.000 663.856
v -806.928 8.000 662.000
v -812.000 8.000 656.928
v -813.856 8.000 650.000
v -812.000 8.000 643.072
v -806.928 8.000 638.000
v -800.000 8.000 636.144
v -793.072 8.000 638.000
v -788.000 8.000 643.072
v -784.000 0.000 650.000
v -786.144 0.000 658.000
v -792.000 0.000 663.856
v -800.000 0.000 666.000
v -808.000 0.000 663.856
v -813.856 0.000 658.000
v -816.000 0.000 650.000
v -813.856 0.000 642.000
v -808.000 0.000 636.144
v -800.000 0.000 634.000
v -792.000 0.000 636.144
v -786.144 0.000 642.000
v -786.144 -8.000 650.000
v -788.000 -8.000 656.928
v -793.072 -8.000 662.000
v -800.000 -8.000 663.856
v -806.928 -8.000 662.000
v -812.000 -8.000 656.928
v -813.856 -8.000 650.000
v -812.000 -8.000 643.072
v -806.928 -8.000 638.000
v -800.000 -8.000 636.144
v -793.072 -8.000 638.000
v -788.000 -8.000 643.072
v -792.000 -13.856 650.000
v -793.072 -13.856 654.000
v -796.000 -13.856 656.928
v -800.000 -13.856 658.000
v -804.000 -13.856 656.928
v -806.928 -13.856 654.000
v -808.000 -13.856 650.000
v -806.928 -13.856 646.000
v -804.000 -13.856 643.072
v -800.000 -13.856 642.000
v -796.000 -13.856 643.072
v -793.072 -13.856 646.000
v -800.000 -16.000 650.000
v -800.000 -16.000 650.000
v -800.000 -16.000 650.000
v -800.000 -16.000 650.000
v -800.000 -16.000 650.000
v -800.000 -16.000 650.000
v -800.000 -16.000 650.000
v -800.000 -16.000 650.000
v -800.000 -16.000 650.000
v -800.000 -16.000 650.000
v -800.000 -16.000 650.000
v -800.000 -16.000 650.000
v 800.000 1153.399 415.635
v 800.000 3.399 665.635
v 806.942 1153.062 414.086
v 806.942 3.062 664.086
v 812.509 1152.119 409.748
v 812.509 2.119 659.748
v 815.599 1150.756 403.479
v 815.599 0.756 653.479
v 815.599 1149.244 396.521
v 815.599 -0.756 646.521
v 812.509 1147.881 390.252
v 812.509 -2.119 640.252
v 806.942 1146.938 385.914
v 806.942 -3.062 635.914
v 800.000 1146.601 384.365
v 800.000 -3.399 634.365
v 793.058 1146.938 385.914
v 793.058 -3.062 635.914
v 787.491 1147.881 390.252
v 787.491 -2.119 640.252
v 784.401 1149.244 396.521
v 784.401 -0.756 646.521
v 784.401 1150.756 403.479
v 784.401 0.756 653.479
v 787.491 1152.119 409.748
v 787.491 2.119 659.748
v 793.058 1153.062 414.086
v 793.058 3.062 664.086
v 800.000 1166.000 400.000
v 800.000 1166.000 400.000
v 800.000 1166.000 400.000
v 800.000 1166.000 400.000
v 800.000 1166.000 400.000
v 800.000 1166.000 400.000
v 800.000 1166.000 400.000
v 800.000 1166.000 400.000
v 800.000 1166.000 400.000
v 800.000 1166.000 400.000
v 800.000 1166.000 400.000
v 800.000 1166.000 400.000
v 808.000 1163.856 400.000
v 806.928 1163.856 404.000
v 804.000 1163.856 406.928
v 800.000 1163.856 408.000
v 796.000 1163.856 406.928
v 793.072 1163.856 404.000
v 792.000 1163.856 400.000
v 793.072 1163.856 396.000
v 796.000 1163.856 393.072
v 800.000 1163.856 392.000
v 804.000 1163.856 393.072
v 806.928 1163.856 396.000
v 813.856 1158.000 400.000
v 812.000 1158.000 406.928
v 806.928 1158.000 412.000
v 800.000 1158.000 413.856
v 793.072 1158.000 412.000
v 788.000 1158.000 406.928
v 786.144 1158.000 400.000
v 788.000 1158.000 393.072
v 793.072 1158.000 388.000
v 800.000 1158.000 386.144
v 806.928 1158.000 388.000
v 812.000 1158.000 393.072
v 816.000 1150.000 400.000
v 813.856 1150.000 408.000
v 808.000 1150.000 413.856
v 800.000 1150.000 416.000
v 792.000 1150.000 413.856
v 786.144 1150.000 408.000
v 784.000 1150.000 400.000
v 786.144 1150.000 392.000
v 792.000 1150.000 386.144
v 800.000 1150.000 384.000
v 808.000 1150.000 386.144
v 813.856 1150.000 392.000
v 813.856 1142.000 400.000
v 812.000 1142.000 406.928
v 806.928 1142.000 412.000
v 800.000 1142.000 413.856
v 793.072 1142.000 412.000
v 788.000 1142.000 406.928
v 786.144 1142.000 400.000
v 788.000 1142.000 393.072
v 793.072 1142.000 388.000
v 800.000 1142.000 386.144
v 806.928 1142.000 388.000
v 812.000 1142.000 393.072
v 808.000 1136.144 400.000
v 806.928 1136.144 404.000
v 804.000 1136.144 406.928
v 800.000 1136.144 408.000
v 796.000 1136.144 406.928
v 793.072 1136.144 404.000
v 792.000 1136.144 400.000
v 793.072 1136.144 396.000
v 796.000 1136.144 393.072
v 800.000 1136.144 392.000
v 804.000 1136.144 393.072
v 806.928 1136.144 396.000
v 800.000 1134.000 400.000
v 800.000 1134.000 400.000
v 800.000 1134.000 400.000
v 800.000 1134.000 400.000
v 800.000 1134.000 400.000
v 800.000 1134.000 400.000
v 800.000 1134.000 400.000
v 800.000 1134.000 400.000
v 800.000 1134.000 400.000
v 800.000 1134.000 400.000
v 800.000 1134.000 400.000
v 800.000 1134.000 400.000
v 800.000 16.000 650.000
v 800.000 16.000 650.000
v 800.000 16.000 650.000
v 800.000 16.000 650.000
v 800.000 16.000 650.000
v 800.000 16.000 650.000
v 800.000 16.000 650.000
v 800.000 16.000 650.000
v 800.000 16.000 650.000
v 800.000 16.000 650.000
v 800.000 16.000 650.000
v 800.000 16.000 650.000
v 808.000 13.856 650.000
v 806.928 13.856 654.000
v 804.000 13.856 656.928
v 800.000 13.856 658.000
v 796.000 13.856 656.928
v 793.072 13.856 654.000
v 792.000 13.856 650.000
v 793.072 13.856 646.000
v 796.000 13.856 643.072
v 800.000 13.856 642.000
v 804.000 13.856 643.072
v 806.928 13.856 646.000
v 813.856 8.000 650.000
v 812.000 8.000 656.928
v 806.928 8.000 662.000
v 800.000 8.000 663.856
v 793.072 8.000 662.000
v 788.000 8.000 656.928
v 786.144 8.000 650.000
v 788.000 8.000 643.072
v 793.072 8.000 638.000
v 800.000 8.000 636.144
v 806.928 8.000 638.000
v 812.000 8.000 643.072
v 816.000 0.000 650.000
v 813.856 0.000 658.000
v 808.000 0.000 663.856
v 800.000 0.000 666.000
v 792.000 0.000 663.856
v 786.144 0.000 658.000
v 784.000 0.000 650.000
v 786.144 0.000 642.000
v 792.000 0.000 636.144
v 800.000 0.000 634.000
v 808.000 0.000 636.144
v 813.856 0.000 642.000
v 813.856 -8.000 650.000
v 812.000 -8.000 656.928
v 806.928 -8.000 662.000
v 800.000 -8.000 663.856
v 793.072 -8.000 662.000
v 788.000 -8.000 656.928
v 786.144 -8.000 650.000
v 788.000 -8.000 643.072
v 793.072 -8.000 638.000
v 800.000 -8.000 636.144
v 806.928 -8.000 638.000
v 812.000 -8.000 643.072
v 808.000 -13.856 650.000
v 806.928 -13.856 654.000
v 804.000 -13.856 656.928
v 800.000 -13.856 658.000
v 796.000 -13.856 656.928
v 793.072 -13.856 654.000
v 792.000 -13.856 650.000
v 793.072 -13.856 646.000
v 796.000 -13.856 643.072
v 800.000 -13.856 642.000
v 804.000 -13.856 643.072
v 806.928 -13.856 646.000
v 800.000 -16.000 650.000
v 800.000 -16.000 650.000
v 800.000 -16.000 650.000
v 800.000 -16.000 650.000
v 800.000 -16.000 650.000
v 800.000 -16.000 650.000
v 800.000 -16.000 650.000
v 800.000 -16.000 650.000
v 800.000 -16.000 650.000
v 800.000 -16.000 650.000
v 800.000 -16.000 650.000
v 800.000 -16.000 650.000
v -800.000 1150.000 410.000
v 800.000 1150.000 410.000
v -800.000 1154.339 409.010
v 800.000 1154.339 409.010
v -800.000 1157.818 406.235
v 800.000 1157.818 406.235
v -800.000 1159.749 402.225
v 800.000 1159.749 402.225
v -800.000 1159.749 397.775
v 800.000 1159.749 397.775
v -800.000 1157.818 393.765
v 800.000 1157.818 393.765
v -800.000 1154.339 390.990
v 800.000 1154.339 390.990
v -800.000 1150.000 390.000
v 800.000 1150.000 390.000
v -800.000 1145.661 390.990
v 800.000 1145.661 390.990
v -800.000 1142.182 393.765
v 800.000 1142.182 393.765
v -800.000 1140.251 397.775
v 800.000 1140.251 397.775
v -800.000 1140.251 402.225
v 800.000 1140.251 402.225
v -800.000 1142.182 406.235
v 800.000 1142.182 406.235
v -800.000 1145.661 409.010
v 800.000 1145.661 409.010
v -800.000 1160.000 400.000
v -800.000 1160.000 400.000
v -800.000 1160.000 400.000
v -800.000 1160.000 400.000
v -800.000 1160.000 400.000
v -800.000 1160.000 400.000
v -800.000 1160.000 400.000
v -800.000 1160.000 400.000
v -800.000 1160.000 400.000
v -800.000 1160.000 400.000
v -800.000 1160.000 400.000
v -800.000 1160.000 400.000
v -795.000 1158.660 400.000
v -795.670 1158.660 402.500
v -797.500 1158.660 404.330
v -800.000 1158.660 405.000
v -802.500 1158.660 404.330
v -804.330 1158.660 402.500
v -805.000 1158.660 400.000
v -804.330 1158.660 397.500
v -802.500 1158.660 395.670
v -800.000 1158.660 395.000
v -797.500 1158.660 395.670
v -795.670 1158.660 397.500
v -791.340 1155.000 400.000
v -792.500 1155.000 404.330
v -795.670 1155.000 407.500
v -800.000 1155.000 408.660
v -804.330 1155.000 407.500
v -807.500 1155.000 404.330
v -808.660 1155.000 400.000
v -807.500 1155.000 395.670
v -804.330 1155.000 392.500
v -800.000 1155.000 391.340
v -795.670 1155.000 392.500
v -792.500 1155.000 395.670
v -790.000 1150.000 400.000
v -791.340 1150.000 405.000
v -795.000 1150.000 408.660
v -800.000 1150.000 410.000
v -805.000 1150.000 408.660
v -808.660 1150.000 405.000
v -810.000 1150.000 400.000
v -808.660 1150.000 395.000
v -805.000 1150.000 391.340
v -800.000 1150.000 390.000
v -795.000 1150.000 391.340
v -791.340 1150.000 395.000
v -791.340 1145.000 400.000
v -792.500 1145.000 404.330
v -795.670 1145.000 407.500
v -800.000 1145.000 408.660
v -804.330 1145.000 407.500
v -807.500 1145.000 404.330
v -808.660 1145.000 400.000
v -807.500 1145.000 395.670
v -804.330 1145.000 392.500
v -800.000 1145.000 391.340
v -795.670 1145.000 392.500
v -792.500 1145.000 395.670
v -795.000 1141.340 400.000
v -795.670 1141.340 402.500
v -797.500 1141.340 404.330
v -800.000 1141.340 405.000
v -802.500 1141.340 404.330
v -804.330 1141.340 402.500
v -805.000 1141.340 400.000
v -804.330 1141.340 397.500
v -802.500 1141.340 395.670
v -800.000 1141.340 395.000
v -797.500 1141.340 395.670
v -795.670 1141.340 397.500
v -800.000 1140.000 400.000
v -800.000 1140.000 400.000
v -800.000 1140.000 400.000
v -800.000 1140.000 400.000
v -800.000 1140.000 400.000
v -800.000 1140.000 400.000
v -800.000 1140.000 400.000
v -800.000 1140.000 400.000
v -800.000 1140.000 400.000
v -800.000 1140.000 400.000
v -800.000 1140.000 400.000
v -800.000 1140.000 400.000
v 800.000 1160.000 400.000
v 800.000 1160.000 400.000
v 800.000 1160.000 400.000
v 800.000 1160.000 400.000
v 800.000 1160.000 400.000
v 800.000 1160.000 400.000
v 800.000 1160.000 400.000
v 800.000 1160.000 400.000
v 800.000 1160.000 400.000
v 800.000 1160.000 400.000
v 800.000 1160.000 400.000
v 800.000 1160.000 400.000
v 805.000 1158.660 400.000
v 804.330 1158.660 402.500
v 802.500 1158.660 404.330
v 800.000 1158.660 405.000
v 797.500 1158.660 404.330
v 795.670 1158.660 402.500
v 795.000 1158.660 400.000
v 795.670 1158.660 397.500
v 797.500 1158.660 395.670
v 800.000 1158.660 395.000
v 802.500 1158.660 395.670
v 804.330 1158.660 397.500
v 808.660 1155.000 400.000
v 807.500 1155.000 404.330
v 804.330 1155.000 407.500
v 800.000 1155.000 408.660
v 795.670 1155.000 407.500
v 792.500 1155.000 404.330
v 791.340 1155.000 400.000
v 792.500 1155.000 395.670
v 795.670 1155.000 392.500
v 800.000 1155.000 391.340
v 804.330 1155.000 392.500
v 807.500 1155.000 395.670
v 810.000 1150.000 400.000
v 808.660 1150.000 405.000
v 805.000 1150.000 408.660
v 800.000 1150.000 410.000
v 795.000 1150.000 408.660
v 791.340 1150.000 405.000
v 790.000 1150.000 400.000
v 791.340 1150.000 395.000
v 795.000 1150.000 391.340
v 800.000 1150.000 390.000
v 805.000 1150.000 391.340
v 808.660 1150.000 395.000
v 808.660 1145.000 400.000
v 807.500 1145.000 404.330
v 804.330 1145.000 407.500
v 800.000 1145.000 408.660
v 795.670 1145.000 407.500
v 792.500 1145.000 404.330
v 791.340 1145.000 400.000
v 792.500 1145.000 395.670
v 795.670 1145.000 392.500
v 800.000 1145.000 391.340
v 804.330 1145.000 392.500
v 807.500 1145.000 395.670
v 805.000 1141.340 400.000
v 804.330 1141.340 402.500
v 802.500 1141.340 404.330
v 800.000 1141.340 405.000
v 797.500 1141.340 404.330
v 795.670 1141.340 402.500
v 795.000 1141.340 400.000
v 795.670 1141.340 397.500
v 797.500 1141.340 395.670
v 800.000 1141.340 395.000
v 802.500 1141.340 395.670
v 804.330 1141.340 397.500
v 800.000 1140.000 400.000
v 800.000 1140.000 400.000
v 800.000 1140.000 400.000
v 800.000 1140.000 400.000
v 800.000 1140.000 400.000
v 800.000 1140.000 400.000
v 800.000 1140.000 400.000
v 800.000 1140.000 400.000
v 800.000 1140.000 400.000
v 800.000 1140.000 400.000
v 800.000 1140.000 400.000
v 800.000 1140.000 400.000
v -800.000 0.000 660.000
v 800.000 0.000 660.000
v -800.000 4.339 659.010
v 800.000 4.339 659.010
v -800.000 7.818 656.235
v 800.000 7.818 656.235
v -800.000 9.749 652.225
v 800.000 9.749 652.225
v -800.000 9.749 647.775
v 800.000 9.749 647.775
v -800.000 7.818 643.765
v 800.000 7.818 643.765
v -800.000 4.339 640.990
v 800.000 4.339 640.990
v -800.000 0.000 640.000
v 800.000 0.000 640.000
v -800.000 -4.339 640.990
v 800.000 -4.339 640.990
v -800.000 -7.818 643.765
v 800.000 -7.818 643.765
v -800.000 -9.749 647.775
v 800.000 -9.749 647.775
v -800.000 -9.749 652.225
v 800.000 -9.749 652.225
v -800.000 -7.818 656.235
v 800.000 -7.818 656.235
v -800.000 -4.339 659.010
v 800.000 -4.339 659.010
v -800.000 10.000 650.000
v -800.000 10.000 650.000
v -800.000 10.000 650.000
v -800.000 10.000 650.000
v -800.000 10.000 650.000
v -800.000 10.000 650.000
v -800.000 10.000 650.000
v -800.000 10.000 650.000
v -800.000 10.000 650.000
v -800.000 10.000 650.000
v -800.000 10.000 650.000
v -800.000 10.000 650.000
v -795.000 8.660 650.000
v -795.670 8.660 652.500
v -797.500 8.660 654.330
v -800.000 8.660 655.000
v -802.500 8.660 654.330
v -804.330 8.660 652.500
v -805.000 8.660 650.000
v -804.330 8.660 647.500
v -802.500 8.660 645.670
v -800.000 8.660 645.000
v -797.500 8.660 645.670
v -795.670 8.660 647.500
v -791.340 5.000 650.000
v -792.500 5.000 654.330
v -795.670 5.000 657.500
v -800.000 5.000 658.660
v -804.330 5.000 657.500
v -807.500 5.000 654.330
v -808.660 5.000 650.000
v -807.500 5.000 645.670
v -804.330 5.000 642.500
v -800.000 5.000 641.340
v -795.670 5.000 642.500
v -792.500 5.000 645.670
v -790.000 0.000 650.000
v -791.340 0.000 655.000
v -795.000 0.000 658.660
v -800.000 0.000 660.000
v -805.000 0.000 658.660
v -808.660 0.000 655.000
v -810.000 0.000 650.000
v -808.660 0.000 645.000
v -805.000 0.000 641.340
v -800.000 0.000 640.000
v -795.000 0.000 641.340
v -791.340 0.000 645.000
v -791.340 -5.000 650.000
v -792.500 -5.000 654.330
v -795.670 -5.000 657.500
v -800.000 -5.000 658.660
v -804.330 -5.000 657.500
v -807.500 -5.000 654.330
v -808.660 -5.000 650.000
v -807.500 -5.000 645.670
v -804.330 -5.000 642.500
v -800.000 -5.000 641.340
v -795.670 -5.000 642.500
v -792.500 -5.000 645.670
v -795.000 -8.660 650.000
v -795.670 -8.660 652.500
v -797.500 -8.660 654.330
v -800.000 -8.660 655.000
v -802.500 -8.660 654.330
v -804.330 -8.660 652.500
v -805.000 -8.660 650.000
v -804.330 -8.660 647.500
v -802.500 -8.660 645.670
v -800.000 -8.660 645.000
v -797.500 -8.660 645.670
v -795.670 -8.660 647.500
v -800.000 -10.000 650.000
v -800.000 -10.000 650.000
v -800.000 -10.000 650.000
v -800.000 -10.000 650.000
v -800.000 -10.000 650.000
v -800.000 -10.000 650.000
v -800.000 -10.000 650.000
v -800.000 -10.000 650.000
v -800.000 -10.000 650.000
v -800.000 -10.000 650.000
v -800.000 -10.000 650.000
v -800.000 -10.000 650.000
v 800.000 10.000 650.000
v 800.000 10.000 650.000
v 800.000 10.000 650.000
v 800.000 10.000 650.000
v 800.000 10.000 650.000
v 800.000 10.000 650.000
v 800.000 10.000 650.000
v 800.000 10.000 650.000
v 800.000 10.000 650.000
v 800.000 10.000 650.000
v 800.000 10.000 650.000
v 800.000 10.000 650.000
v 805.000 8.660 650.000
v 804.330 8.660 652.500
v 802.500 8.660 654.330
v 800.000 8.660 655.000
v 797.500 8.660 654.330
v 795.670 8.660 652.500
v 795.000 8.660 650.000
v 795.670 8.660 647.500
v 797.500 8.660 645.670
v 800.000 8.660 645.000
v 802.500 8.660 645.670
v 804.330 8.660 647.500
v 808.660 5.000 650.000
v 807.500 5.000 654.330
v 804.330 5.000 657.500
v 800.000 5.000 658.660
v 795.670 5.000 657.500
v 792.500 5.000 654.330
v 791.340 5.000 650.000
v 792.500 5.000 645.670
v 795.670 5.000 642.500
v 800.000 5.000 641.340
v 804.330 5.000 642.500
v 807.500 5.000 645.670
v 810.000 0.000 650.000
v 808.660 0.000 655.000
v 805.000 0.000 658.660
v 800.000 0.000 660.000
v 795.000 0.000 658.660
v 791.340 0.000 655.000
v 790.000 0.000 650.000
v 791.340 0.000 645.000
v 795.000 0.000 641.340
v 800.000 0.000 640.000
v 805.000 0.000 641.340
v 808.660 0.000 645.000
v 808.660 -5.000 650.000
v 807.500 -5.000 654.330
v 804.330 -5.000 657.500
v 800.000 -5.000 658.660
v 795.670 -5.000 657.500
v 792.500 -5.000 654.330
v 791.340 -5.000 650.000
v 792.500 -5.000 645.670
v 795.670 -5.000 642.500
v 800.000 -5.000 641.340
v 804.330 -5.000 642.500
v 807.500 -5.000 645.670
v 805.000 -8.660 650.000
v 804.330 -8.660 652.500
v 802.500 -8.660 654.330
v 800.000 -8.660 655.000
v 797.500 -8.660 654.330
v 795.670 -8.660 652.500
v 795.000 -8.660 650.000
v 795.670 -8.660 647.500
v 797.500 -8.660 645.670
v 800.000 -8.660 645.000
v 802.500 -8.660 645.670
v 804.330 -8.660 647.500
v 800.000 -10.000 650.000
v 800.000 -10.000 650.000
v 800.000 -10.000 650.000
v 800.000 -10.000 650.000
v 800.000 -10.000 650.000
v 800.000 -10.000 650.000
v 800.000 -10.000 650.000
v 800.000 -10.000 650.000
v 800.000 -10.000 650.000
v 800.000 -10.000 650.000
v 800.000 -10.000 650.000
v 800.000 -10.000 650.000
v -800.000 1150.000 0.000
v 800.000 1150.000 0.000
v 780.000 1150.000 200.000
v -780.000 1150.000 200.000
v -800.000 1150.000 0.000
v 800.000 1150.000 0.000
v 780.000 1150.000 200.000
v -780.000 1150.000 200.000
v -780.000 1150.000 200.000
v 780.000 1150.000 200.000
v 800.000 0.000 650.000
v -800.000 0.000 650.000
v -780.000 1150.000 200.000
v 780.000 1150.000 200.000
v 800.000 0.000 650.000
v -800.000 0.000 650.000
v -800.000 0.000 0.000
v 800.000 0.000 0.000
v 800.000 0.000 650.000
v -800.000 0.000 650.000
v -800.000 0.000 0.000
v 800.000 0.000 0.000
v 800.000 0.000 650.000
v -800.000 0.000 650.000
v -800.000 1150.000 0.000
v -800.000 1150.000 400.000
v -800.000 0.000 650.000
v -800.000 0.000 0.000
v -800.000 1150.000 0.000
v -800.000 1150.000 400.000
v -800.000 0.000 650.000
v -800.000 0.000 0.000
v 800.000 1150.000 0.000
v 800.000 1150.000 400.000
v 800.000 0.000 650.000
v 800.000 0.000 0.000
v 800.000 1150.000 0.000
v 800.000 1150.000 400.000
v 800.000 0.000 650.000
v 800.000 0.000 0.000
v -880.000 -15.000 -80.000
v -720.000 -15.000 -80.000
v -720.000 0.000 -80.000
v -880.000 0.000 -80.000
v -720.000 -15.000 80.000
v -880.000 -15.000 80.000
v -880.000 0.000 80.000
v -720.000 0.000 80.000
v -880.000 -15.000 80.000
v -880.000 -15.000 -80.000
v -880.000 0.000 -80.000
v -880.000 0.000 80.000
v -720.000 -15.000 -80.000
v -720.000 -15.000 80.000
v -720.000 0.000 80.000
v -720.000 0.000 -80.000
v -880.000 0.000 -80.000
v -720.000 0.000 -80.000
v -720.000 0.000 80.000
v -880.000 0.000 80.000
v -880.000 -15.000 80.000
v -720.000 -15.000 80.000
v -720.000 -15.000 -80.000
v -880.000 -15.000 -80.000
v 720.000 -15.000 -80.000
v 880.000 -15.000 -80.000
v 880.000 0.000 -80.000
v 720.000 0.000 -80.000
v 880.000 -15.000 80.000
v 720.000 -15.000 80.000
v 720.000 0.000 80.000
v 880.000 0.000 80.000
v 720.000 -15.000 80.000
v 720.000 -15.000 -80.000
v 720.000 0.000 -80.000
v 720.000 0.000 80.000
v 880.000 -15.000 -80.000
v 880.000 -15.000 80.000
v 880.000 0.000 80.000
v 880.000 0.000 -80.000
v 720.000 0.000 -80.000
v 880.000 0.000 -80.000
v 880.000 0.000 80.000
v 720.000 0.000 80.000
v 720.000 -15.000 80.000
v 880.000 -15.000 80.000
v 880.000 -15.000 -80.000
v 720.000 -15.000 -80.000
v -880.000 -15.000 570.000
v -720.000 -15.000 570.000
v -720.000 0.000 570.000
v -880.000 0.000 570.000
v -720.000 -15.000 730.000
v -880.000 -15.000 730.000
v -880.000 0.000 730.000
v -720.000 0.000 730.000
v -880.000 -15.000 730.000
v -880.000 -15.000 570.000
v -880.000 0.000 570.000
v -880.000 0.000 730.000
v -720.000 -15.000 570.000
v -720.000 -15.000 730.000
v -720.000 0.000 730.000
v -720.000 0.000 570.000
v -880.000 0.000 570.000
v -720.000 0.000 570.000
v -720.000 0.000 730.000
v -880.000 0.000 730.000
v -880.000 -15.000 730.000
v -720.000 -15.000 730.000
v -720.000 -15.000 570.000
v -880.000 -15.000 570.000
v 720.000 -15.000 570.000
v 880.000 -15.000 570.000
v 880.000 0.000 570.000
v 720.000 0.000 570.000
v 880.000 -15.000 730.000
v 720.000 -15.000 730.000
v 720.000 0.000 730.000
v 880.000 0.000 730.000
v 720.000 -15.000 730.000
v 720.000 -15.000 570.000
v 720.000 0.000 570.000
v 720.000 0.000 730.000
v 880.000 -15.000 570.000
v 880.000 -15.000 730.000
v 880.000 0.000 730.000
v 880.000 0.000 570.000
v 720.000 0.000 570.000
v 880.000 0.000 570.000
v 880.000 0.000 730.000
v 720.000 0.000 730.000
v 720.000 -15.000 730.000
v 880.000 -15.000 730.000
v 880.000 -15.000 570.000
v 720.000 -15.000 570.000
usemtl Frame
f 1 3 4
f 1 4 2
f 3 5 6
f 3 6 4
f 5 7 8
f 5 8 6
f 7 9 10
f 7 10 8
f 9 11 12
f 9 12 10
f 11 13 14
f 11 14 12
f 13 15 16
f 13 16 14
f 15 17 18
f 15 18 16
f 17 19 20
f 17 20 18
f 19 21 22
f 19 22 20
f 21 23 24
f 21 24 22
f 23 25 26
f 23 26 24
f 25 27 28
f 25 28 26
f 27 1 2
f 27 2 28
f 29 31 32
f 29 32 30
f 31 33 34
f 31 34 32
f 33 35 36
f 33 36 34
f 35 37 38
f 35 38 36
f 37 39 40
f 37 40 38
f 39 41 42
f 39 42 40
f 41 43 44
f 41 44 42
f 43 45 46
f 43 46 44
f 45 47 48
f 45 48 46
f 47 49 50
f 47 50 48
f 49 51 52
f 49 52 50
f 51 53 54
f 51 54 52
f 53 55 56
f 53 56 54
f 55 29 30
f 55 30 56
f 57 59 60
f 57 60 58
f 59 61 62
f 59 62 60
f 61 63 64
f 61 64 62
f 63 65 66
f 63 66 64
f 65 67 68
f 65 68 66
f 67 69 70
f 67 70 68
f 69 71 72
f 69 72 70
f 71 73 74
f 71 74 72
f 73 75 76
f 73 76 74
f 75 77 78
f 75 78 76
f 77 79 80
f 77 80 78
f 79 81 82
f 79 82 80
f 81 83 84
f 81 84 82
f 83 57 58
f 83 58 84
f 85 87 88
f 85 88 86
f 87 89 90
f 87 90 88
f 89 91 92
f 89 92 90
f 91 93 94
f 91 94 92
f 93 95 96
f 93 96 94
f 95 97 98
f 95 98 96
f 97 99 100
f 97 100 98
f 99 101 102
f 99 102 100
f 101 103 104
f 101 104 102
f 103 105 106
f 103 106 104
f 105 107 108
f 105 108 106
f 107 109 110
f 107 110 108
f 109 111 112
f 109 112 110
f 111 85 86
f 111 86 112
f 113 115 116
f 113 116 114
f 115 117 118
f 115 118 116
f 117 119 120
f 117 120 118
f 119 121 122
f 119 122 120
f 121 123 124
f 121 124 122
f 123 125 126
f 123 126 124
f 125 127 128
f 125 128 126
f 127 129 130
f 127 130 128
f 129 131 132
f 129 132 130
f 131 133 134
f 131 134 132
f 133 135 136
f 133 136 134
f 135 137 138
f 135 138 136
f 137 139 140
f 137 140 138
f 139 113 114
f 139 114 140
f 141 143 144
f 141 144 142
f 143 145 146
f 143 146 144
f 145 147 148
f 145 148 146
f 147 149 150
f 147 150 148
f 149 151 152
f 149 152 150
f 151 153 154
f 151 154 152
f 153 155 156
f 153 156 154
f 155 157 158
f 155 158 156
f 157 159 160
f 157 160 158
f 159 161 162
f 159 162 160
f 161 163 164
f 161 164 162
f 163 165 166
f 163 166 164
f 165 167 168
f 165 168 166
f 167 141 142
f 167 142 168
f 169 171 172
f 169 172 170
f 171 173 174
f 171 174 172
f 173 175 176
f 173 176 174
f 175 177 178
f 175 178 176
f 177 179 180
f 177 180 178
f 179 181 182
f 179 182 180
f 181 183 184
f 181 184 182
f 183 185 186
f 183 186 184
f 185 187 188
f 185 188 186
f 187 189 190
f 187 190 188
f 189 191 192
f 189 192 190
f 191 193 194
f 191 194 192
f 193 195 196
f 193 196 194
f 195 169 170
f 195 170 196
f 197 199 200
f 197 200 198
f 199 201 202
f 199 202 200
f 201 203 204
f 201 204 202
f 203 205 206
f 203 206 204
f 205 207 208
f 205 208 206
f 207 209 210
f 207 210 208
f 209 211 212
f 209 212 210
f 211 213 214
f 211 214 212
f 213 215 216
f 213 216 214
f 215 217 218
f 215 218 216
f 217 219 220
f 217 220 218
f 219 221 222
f 219 222 220
f 221 223 224
f 221 224 222
f 223 197 198
f 223 198 224
f 225 227 228
f 225 228 226
f 227 229 230
f 227 230 228
f 229 231 232
f 229 232 230
f 231 233 234
f 231 234 232
f 233 235 236
f 233 236 234
f 235 237 238
f 235 238 236
f 237 239 240
f 237 240 238
f 239 241 242
f 239 242 240
f 241 243 244
f 241 244 242
f 243 245 246
f 243 246 244
f 245 247 248
f 245 248 246
f 247 249 250
f 247 250 248
f 249 251 252
f 249 252 250
f 251 225 226
f 251 226 252
f 253 255 256
f 253 256 254
f 255 257 258
f 255 258 256
f 257 259 260
f 257 260 258
f 259 261 262
f 259 262 260
f 261 263 264
f 261 264 262
f 263 265 266
f 263 266 264
f 265 267 268
f 265 268 266
f 267 269 270
f 267 270 268
f 269 271 272
f 269 272 270
f 271 273 274
f 271 274 272
f 273 275 276
f 273 276 274
f 275 277 278
f 275 278 276
f 277 279 280
f 277 280 278
f 279 253 254
f 279 254 280
f 281 283 284
f 281 284 282
f 283 285 286
f 283 286 284
f 285 287 288
f 285 288 286
f 287 289 290
f 287 290 288
f 289 291 292
f 289 292 290
f 291 293 294
f 291 294 292
f 293 295 296
f 293 296 294
f 295 297 298
f 295 298 296
f 297 299 300
f 297 300 298
f 299 301 302
f 299 302 300
f 301 303 304
f 301 304 302
f 303 305 306
f 303 306 304
f 305 307 308
f 305 308 306
f 307 281 282
f 307 282 308
f 309 311 312
f 309 312 310
f 311 313 314
f 311 314 312
f 313 315 316
f 313 316 314
f 315 317 318
f 315 318 316
f 317 319 320
f 317 320 318
f 319 321 322
f 319 322 320
f 321 323 324
f 321 324 322
f 323 325 326
f 323 326 324
f 325 327 328
f 325 328 326
f 327 329 330
f 327 330 328
f 329 331 332
f 329 332 330
f 331 333 334
f 331 334 332
f 333 335 336
f 333 336 334
f 335 309 310
f 335 310 336
f 337 339 340
f 337 340 338
f 339 341 342
f 339 342 340
f 341 343 344
f 341 344 342
f 343 345 346
f 343 346 344
f 345 347 348
f 345 348 346
f 347 349 350
f 347 350 348
f 349 351 352
f 349 352 350
f 351 353 354
f 351 354 352
f 353 355 356
f 353 356 354
f 355 357 358
f 355 358 356
f 357 359 360
f 357 360 358
f 359 361 362
f 359 362 360
f 361 363 364
f 361 364 362
f 363 337 338
f 363 338 364
f 365 367 368
f 365 368 366
f 367 369 370
f 367 370 368
f 369 371 372
f 369 372 370
f 371 373 374
f 371 374 372
f 373 375 376
f 373 376 374
f 375 377 378
f 375 378 376
f 377 379 380
f 377 380 378
f 379 381 382
f 379 382 380
f 381 383 384
f 381 384 382
f 383 385 386
f 383 386 384
f 385 387 388
f 385 388 386
f 387 389 390
f 387 390 388
f 389 391 392
f 389 392 390
f 391 365 366
f 391 366 392
f 393 395 396
f 393 396 394
f 395 397 398
f 395 398 396
f 397 399 400
f 397 400 398
f 399 401 402
f 399 402 400
f 401 403 404
f 401 404 402
f 403 405 406
f 403 406 404
f 405 407 408
f 405 408 406
f 407 409 410
f 407 410 408
f 409 411 412
f 409 412 410
f 411 413 414
f 411 414 412
f 413 415 416
f 413 416 414
f 415 417 418
f 415 418 416
f 417 419 420
f 417 420 418
f 419 393 394
f 419 394 420
f 421 423 424
f 421 424 422
f 423 425 426
f 423 426 424
f 425 427 428
f 425 428 426
f 427 429 430
f 427 430 428
f 429 431 432
f 429 432 430
f 431 433 434
f 431 434 432
f 433 435 436
f 433 436 434
f 435 437 438
f 435 438 436
f 437 439 440
f 437 440 438
f 439 441 442
f 439 442 440
f 441 443 444
f 441 444 442
f 443 445 446
f 443 446 444
f 445 447 448
f 445 448 446
f 447 421 422
f 447 422 448
f 449 451 452
f 449 452 450
f 451 453 454
f 451 454 452
f 453 455 456
f 453 456 454
f 455 457 458
f 455 458 456
f 457 459 460
f 457 460 458
f 459 461 462
f 459 462 460
f 461 463 464
f 461 464 462
f 463 465 466
f 463 466 464
f 465 467 468
f 465 468 466
f 467 469 470
f 467 470 468
f 469 471 472
f 469 472 470
f 471 473 474
f 471 474 472
f 473 475 476
f 473 476 474
f 475 449 450
f 475 450 476
f 477 479 480
f 477 480 478
f 479 481 482
f 479 482 480
f 481 483 484
f 481 484 482
f 483 485 486
f 483 486 484
f 485 487 488
f 485 488 486
f 487 489 490
f 487 490 488
f 489 491 492
f 489 492 490
f 491 493 494
f 491 494 492
f 493 495 496
f 493 496 494
f 495 497 498
f 495 498 496
f 497 499 500
f 497 500 498
f 499 501 502
f 499 502 500
f 501 503 504
f 501 504 502
f 503 477 478
f 503 478 504
f 505 507 508
f 505 508 506
f 507 509 510
f 507 510 508
f 509 511 512
f 509 512 510
f 511 513 514
f 511 514 512
f 513 515 516
f 513 516 514
f 515 517 518
f 515 518 516
f 517 519 520
f 517 520 518
f 519 521 522
f 519 522 520
f 521 523 524
f 521 524 522
f 523 525 526
f 523 526 524
f 525 527 528
f 525 528 526
f 527 529 530
f 527 530 528
f 529 531 532
f 529 532 530
f 531 505 506
f 531 506 532
f 533 535 536
f 533 536 534
f 535 537 538
f 535 538 536
f 537 539 540
f 537 540 538
f 539 541 542
f 539 542 540
f 541 543 544
f 541 544 542
f 543 545 546
f 543 546 544
f 545 547 548
f 545 548 546
f 547 549 550
f 547 550 548
f 549 551 552
f 549 552 550
f 551 553 554
f 551 554 552
f 553 555 556
f 553 556 554
f 555 557 558
f 555 558 556
f 557 559 560
f 557 560 558
f 559 533 534
f 559 534 560
f 561 563 564
f 561 564 562
f 563 565 566
f 563 566 564
f 565 567 568
f 565 568 566
f 567 569 570
f 567 570 568
f 569 571 572
f 569 572 570
f 571 573 574
f 571 574 572
f 573 575 576
f 573 576 574
f 575 577 578
f 575 578 576
f 577 579 580
f 577 580 578
f 579 581 582
f 579 582 580
f 581 583 584
f 581 584 582
f 583 585 586
f 583 586 584
f 585 587 588
f 585 588 586
f 587 561 562
f 587 562 588
f 589 591 592
f 589 592 590
f 591 593 594
f 591 594 592
f 593 595 596
f 593 596 594
f 595 597 598
f 595 598 596
f 597 599 600
f 597 600 598
f 599 601 602
f 599 602 600
f 601 603 604
f 601 604 602
f 603 605 606
f 603 606 604
f 605 607 608
f 605 608 606
f 607 609 610
f 607 610 608
f 609 611 612
f 609 612 610
f 611 613 614
f 611 614 612
f 613 615 616
f 613 616 614
f 615 589 590
f 615 590 616
f 617 619 620
f 617 620 618
f 619 621 622
f 619 622 620
f 621 623 624
f 621 624 622
f 623 625 626
f 623 626 624
f 625 627 628
f 625 628 626
f 627 629 630
f 627 630 628
f 629 631 632
f 629 632 630
f 631 633 634
f 631 634 632
f 633 635 636
f 633 636 634
f 635 637 638
f 635 638 636
f 637 639 640
f 637 640 638
f 639 641 642
f 639 642 640
f 641 643 644
f 641 644 642
f 643 617 618
f 643 618 644
f 645 647 648
f 645 648 646
f 647 649 650
f 647 650 648
f 649 651 652
f 649 652 650
f 651 653 654
f 651 654 652
f 653 655 656
f 653 656 654
f 655 657 658
f 655 658 656
f 657 659 660
f 657 660 658
f 659 661 662
f 659 662 660
f 661 663 664
f 661 664 662
f 663 665 666
f 663 666 664
f 665 667 668
f 665 668 666
f 667 669 670
f 667 670 668
f 669 671 672
f 669 672 670
f 671 645 646
f 671 646 672
f 673 675 676
f 673 676 674
f 675 677 678
f 675 678 676
f 677 679 680
f 677 680 678
f 679 681 682
f 679 682 680
f 681 683 684
f 681 684 682
f 683 685 686
f 683 686 684
f 685 687 688
f 685 688 686
f 687 689 690
f 687 690 688
f 689 691 692
f 689 692 690
f 691 693 694
f 691 694 692
f 693 695 696
f 693 696 694
f 695 697 698
f 695 698 696
f 697 699 700
f 697 700 698
f 699 673 674
f 699 674 700
f 701 703 704
f 701 704 702
f 703 705 706
f 703 706 704
f 705 707 708
f 705 708 706
f 707 709 710
f 707 710 708
f 709 711 712
f 709 712 710
f 711 713 714
f 711 714 712
f 713 715 716
f 713 716 714
f 715 717 718
f 715 718 716
f 717 719 720
f 717 720 718
f 719 721 722
f 719 722 720
f 721 723 724
f 721 724 722
f 723 725 726
f 723 726 724
f 725 727 728
f 725 728 726
f 727 701 702
f 727 702 728
f 729 731 732
f 729 732 730
f 731 733 734
f 731 734 732
f 733 735 736
f 733 736 734
f 735 737 738
f 735 738 736
f 737 739 740
f 737 740 738
f 739 741 742
f 739 742 740
f 741 743 744
f 741 744 742
f 743 745 746
f 743 746 744
f 745 747 748
f 745 748 746
f 747 749 750
f 747 750 748
f 749 751 752
f 749 752 750
f 751 753 754
f 751 754 752
f 753 755 756
f 753 756 754
f 755 729 730
f 755 730 756
f 757 759 760
f 757 760 758
f 759 761 762
f 759 762 760
f 761 763 764
f 761 764 762
f 763 765 766
f 763 766 764
f 765 767 768
f 765 768 766
f 767 769 770
f 767 770 768
f 769 771 772
f 769 772 770
f 771 773 774
f 771 774 772
f 773 775 776
f 773 776 774
f 775 777 778
f 775 778 776
f 777 779 780
f 777 780 778
f 779 781 782
f 779 782 780
f 781 783 784
f 781 784 782
f 783 757 758
f 783 758 784
f 785 787 788
f 785 788 786
f 787 789 790
f 787 790 788
f 789 791 792
f 789 792 790
f 791 793 794
f 791 794 792
f 793 795 796
f 793 796 794
f 795 797 798
f 795 798 796
f 797 799 800
f 797 800 798
f 799 801 802
f 799 802 800
f 801 803 804
f 801 804 802
f 803 805 806
f 803 806 804
f 805 807 808
f 805 808 806
f 807 809 810
f 807 810 808
f 809 811 812
f 809 812 810
f 811 785 786
f 811 786 812
f 813 815 816
f 813 816 814
f 815 817 818
f 815 818 816
f 817 819 820
f 817 820 818
f 819 821 822
f 819 822 820
f 821 823 824
f 821 824 822
f 823 825 826
f 823 826 824
f 825 827 828
f 825 828 826
f 827 829 830
f 827 830 828
f 829 831 832
f 829 832 830
f 831 833 834
f 831 834 832
f 833 835 836
f 833 836 834
f 835 837 838
f 835 838 836
f 837 839 840
f 837 840 838
f 839 813 814
f 839 814 840
f 841 843 844
f 841 844 842
f 843 845 846
f 843 846 844
f 845 847 848
f 845 848 846
f 847 849 850
f 847 850 848
f 849 851 852
f 849 852 850
f 851 853 854
f 851 854 852
f 853 855 856
f 853 856 854
f 855 857 858
f 855 858 856
f 857 859 860
f 857 860 858
f 859 861 862
f 859 862 860
f 861 863 864
f 861 864 862
f 863 865 866
f 863 866 864
f 865 867 868
f 865 868 866
f 867 841 842
f 867 842 868
f 869 871 872
f 869 872 870
f 871 873 874
f 871 874 872
f 873 875 876
f 873 876 874
f 875 877 878
f 875 878 876
f 877 879 880
f 877 880 878
f 879 881 882
f 879 882 880
f 881 883 884
f 881 884 882
f 883 885 886
f 883 886 884
f 885 887 888
f 885 888 886
f 887 889 890
f 887 890 888
f 889 891 892
f 889 892 890
f 891 893 894
f 891 894 892
f 893 895 896
f 893 896 894
f 895 869 870
f 895 870 896
f 897 899 900
f 897 900 898
f 899 901 902
f 899 902 900
f 901 903 904
f 901 904 902
f 903 905 906
f 903 906 904
f 905 907 908
f 905 908 906
f 907 909 910
f 907 910 908
f 909 911 912
f 909 912 910
f 911 913 914
f 911 914 912
f 913 915 916
f 913 916 914
f 915 917 918
f 915 918 916
f 917 919 920
f 917 920 918
f 919 921 922
f 919 922 920
f 921 923 924
f 921 924 922
f 923 897 898
f 923 898 924
f 925 926 938
f 925 938 937
f 926 927 939
f 926 939 938
f 927 928 940
f 927 940 939
f 928 929 941
f 928 941 940
f 929 930 942
f 929 942 941
f 930 931 943
f 930 943 942
f 931 932 944
f 931 944 943
f 932 933 945
f 932 945 944
f 933 934 946
f 933 946 945
f 934 935 947
f 934 947 946
f 935 936 948
f 935 948 947
f 936 925 937
f 936 937 948
f 937 938 950
f 937 950 949
f 938 939 951
f 938 951 950
f 939 940 952
f 939 952 951
f 940 941 953
f 940 953 952
f 941 942 954
f 941 954 953
f 942 943 955
f 942 955 954
f 943 944 956
f 943 956 955
f 944 945 957
f 944 957 956
f 945 946 958
f 945 958 957
f 946 947 959
f 946 959 958
f 947 948 960
f 947 960 959
f 948 937 949
f 948 949 960
f 949 950 962
f 949 962 961
f 950 951 963
f 950 963 962
f 951 952 964
f 951 964 963
f 952 953 965
f 952 965 964
f 953 954 966
f 953 966 965
f 954 955 967
f 954 967 966
f 955 956 968
f 955 968 967
f 956 957 969
f 956 969 968
f 957 958 970
f 957 970 969
f 958 959 971
f 958 971 970
f 959 960 972
f 959 972 971
f 960 949 961
f 960 961 972
f 961 962 974
f 961 974 973
f 962 963 975
f 962 975 974
f 963 964 976
f 963 976 975
f 964 965 977
f 964 977 976
f 965 966 978
f 965 978 977
f 966 967 979
f 966 979 978
f 967 968 980
f 967 980 979
f 968 969 981
f 968 981 980
f 969 970 982
f 969 982 981
f 970 971 983
f 970 983 982
f 971 972 984
f 971 984 983
f 972 961 973
f 972 973 984
f 973 974 986
f 973 986 985
f 974 975 987
f 974 987 986
f 975 976 988
f 975 988 987
f 976 977 989
f 976 989 988
f 977 978 990
f 977 990 989
f 978 979 991
f 978 991 990
f 979 980 992
f 979 992 991
f 980 981 993
f 980 993 992
f 981 982 994
f 981 994 993
f 982 983 995
f 982 995 994
f 983 984 996
f 983 996 995
f 984 973 985
f 984 985 996
f 985 986 998
f 985 998 997
f 986 987 999
f 986 999 998
f 987 988 1000
f 987 1000 999
f 988 989 1001
f 988 1001 1000
f 989 990 1002
f 989 1002 1001
f 990 991 1003
f 990 1003 1002
f 991 992 1004
f 991 1004 1003
f 992 993 1005
f 992 1005 1004
f 993 994 1006
f 993 1006 1005
f 994 995 1007
f 994 1007 1006
f 995 996 1008
f 995 1008 1007
f 996 985 997
f 996 997 1008
f 1009 1010 1022
f 1009 1022 1021
f 1010 1011 1023
f 1010 1023 1022
f 1011 1012 1024
f 1011 1024 1023
f 1012 1013 1025
f 1012 1025 1024
f 1013 1014 1026
f 1013 1026 1025
f 1014 1015 1027
f 1014 1027 1026
f 1015 1016 1028
f 1015 1028 1027
f 1016 1017 1029
f 1016 1029 1028
f 1017 1018 1030
f 1017 1030 1029
f 1018 1019 1031
f 1018 1031 1030
f 1019 1020 1032
f 1019 1032 1031
f 1020 1009 1021
f 1020 1021 1032
f 1021 1022 1034
f 1021 1034 1033
f 1022 1023 1035
f 1022 1035 1034
f 1023 1024 1036
f 1023 1036 1035
f 1024 1025 1037
f 1024 1037 1036
f 1025 1026 1038
f 1025 1038 1037
f 1026 1027 1039
f 1026 1039 1038
f 1027 1028 1040
f 1027 1040 1039
f 1028 1029 1041
f 1028 1041 1040
f 1029 1030 1042
f 1029 1042 1041
f 1030 1031 1043
f 1030 1043 1042
f 1031 1032 1044
f 1031 1044 1043
f 1032 1021 1033
f 1032 1033 1044
f 1033 1034 1046
f 1033 1046 1045
f 1034 1035 1047
f 1034 1047 1046
f 1035 1036 1048
f 1035 1048 1047
f 1036 1037 1049
f 1036 1049 1048
f 1037 1038 1050
f 1037 1050 1049
f 1038 1039 1051
f 1038 1051 1050
f 1039 1040 1052
f 1039 1052 1051
f 1040 1041 1053
f 1040 1053 1052
f 1041 1042 1054
f 1041 1054 1053
f 1042 1043 1055
f 1042 1055 1054
f 1043 1044 1056
f 1043 1056 1055
f 1044 1033 1045
f 1044 1045 1056
f 1045 1046 1058
f 1045 1058 1057
f 1046 1047 1059
f 1046 1059 1058
f 1047 1048 1060
f 1047 1060 1059
f 1048 1049 1061
f 1048 1061 1060
f 1049 1050 1062
f 1049 1062 1061
f 1050 1051 1063
f 1050 1063 1062
f 1051 1052 1064
f 1051 1064 1063
f 1052 1053 1065
f 1052 1065 1064
f 1053 1054 1066
f 1053 1066 1065
f 1054 1055 1067
f 1054 1067 1066
f 1055 1056 1068
f 1055 1068 1067
f 1056 1045 1057
f 1056 1057 1068
f 1057 1058 1070
f 1057 1070 1069
f 1058 1059 1071
f 1058 1071 1070
f 1059 1060 1072
f 1059 1072 1071
f 1060 1061 1073
f 1060 1073 1072
f 1061 1062 1074
f 1061 1074 1073
f 1062 1063 1075
f 1062 1075 1074
f 1063 1064 1076
f 1063 1076 1075
f 1064 1065 1077
f 1064 1077 1076
f 1065 1066 1078
f 1065 1078 1077
f 1066 1067 1079
f 1066 1079 1078
f 1067 1068 1080
f 1067 1080 1079
f 1068 1057 1069
f 1068 1069 1080
f 1069 1070 1082
f 1069 1082 1081
f 1070 1071 1083
f 1070 1083 1082
f 1071 1072 1084
f 1071 1084 1083
f 1072 1073 1085
f 1072 1085 1084
f 1073 1074 1086
f 1073 1086 1085
f 1074 1075 1087
f 1074 1087 1086
f 1075 1076 1088
f 1075 1088 1087
f 1076 1077 1089
f 1076 1089 1088
f 1077 1078 1090
f 1077 1090 1089
f 1078 1079 1091
f 1078 1091 1090
f 1079 1080 1092
f 1079 1092 1091
f 1080 1069 1081
f 1080 1081 1092
f 1093 1094 1106
f 1093 1106 1105
f 1094 1095 1107
f 1094 1107 1106
f 1095 1096 1108
f 1095 1108 1107
f 1096 1097 1109
f 1096 1109 1108
f 1097 1098 1110
f 1097 1110 1109
f 1098 1099 1111
f 1098 1111 1110
f 1099 1100 1112
f 1099 1112 1111
f 1100 1101 1113
f 1100 1113 1112
f 1101 1102 1114
f 1101 1114 1113
f 1102 1103 1115
f 1102 1115 1114
f 1103 1104 1116
f 1103 1116 1115
f 1104 1093 1105
f 1104 1105 1116
f 1105 1106 1118
f 1105 1118 1117
f 1106 1107 1119
f 1106 1119 1118
f 1107 1108 1120
f 1107 1120 1119
f 1108 1109 1121
f 1108 1121 1120
f 1109 1110 1122
f 1109 1122 1121
f 1110 1111 1123
f 1110 1123 1122
f 1111 1112 1124
f 1111 1124 1123
f 1112 1113 1125
f 1112 1125 1124
f 1113 1114 1126
f 1113 1126 1125
f 1114 1115 1127
f 1114 1127 1126
f 1115 1116 1128
f 1115 1128 1127
f 1116 1105 1117
f 1116 1117 1128
f 1117 1118 1130
f 1117 1130 1129
f 1118 1119 1131
f 1118 1131 1130
f 1119 1120 1132
f 1119 1132 1131
f 1120 1121 1133
f 1120 1133 1132
f 1121 1122 1134
f 1121 1134 1133
f 1122 1123 1135
f 1122 1135 1134
f 1123 1124 1136
f 1123 1136 1135
f 1124 1125 1137
f 1124 1137 1136
f 1125 1126 1138
f 1125 1138 1137
f 1126 1127 1139
f 1126 1139 1138
f 1127 1128 1140
f 1127 1140 1139
f 1128 1117 1129
f 1128 1129 1140
f 1129 1130 1142
f 1129 1142 1141
f 1130 1131 1143
f 1130 1143 1142
f 1131 1132 1144
f 1131 1144 1143
f 1132 1133 1145
f 1132 1145 1144
f 1133 1134 1146
f 1133 1146 1145
f 1134 1135 1147
f 1134 1147 1146
f 1135 1136 1148
f 1135 1148 1147
f 1136 1137 1149
f 1136 1149 1148
f 1137 1138 1150
f 1137 1150 1149
f 1138 1139 1151
f 1138 1151 1150
f 1139 1140 1152
f 1139 1152 1151
f 1140 1129 1141
f 1140 1141 1152
f 1141 1142 1154
f 1141 1154 1153
f 1142 1143 1155
f 1142 1155 1154
f 1143 1144 1156
f 1143 1156 1155
f 1144 1145 1157
f 1144 1157 1156
f 1145 1146 1158
f 1145 1158 1157
f 1146 1147 1159
f 1146 1159 1158
f 1147 1148 1160
f 1147 1160 1159
f 1148 1149 1161
f 1148 1161 1160
f 1149 1150 1162
f 1149 1162 1161
f 1150 1151 1163
f 1150 1163 1162
f 1151 1152 1164
f 1151 1164 1163
f 1152 1141 1153
f 1152 1153 1164
f 1153 1154 1166
f 1153 1166 1165
f 1154 1155 1167
f 1154 1167 1166
f 1155 1156 1168
f 1155 1168 1167
f 1156 1157 1169
f 1156 1169 1168
f 1157 1158 1170
f 1157 1170 1169
f 1158 1159 1171
f 1158 1171 1170
f 1159 1160 1172
f 1159 1172 1171
f 1160 1161 1173
f 1160 1173 1172
f 1161 1162 1174
f 1161 1174 1173
f 1162 1163 1175
f 1162 1175 1174
f 1163 1164 1176
f 1163 1176 1175
f 1164 1153 1165
f 1164 1165 1176
f 1177 1178 1190
f 1177 1190 1189
f 1178 1179 1191
f 1178 1191 1190
f 1179 1180 1192
f 1179 1192 1191
f 1180 1181 1193
f 1180 1193 1192
f 1181 1182 1194
f 1181 1194 1193
f 1182 1183 1195
f 1182 1195 1194
f 1183 1184 1196
f 1183 1196 1195
f 1184 1185 1197
f 1184 1197 1196
f 1185 1186 1198
f 1185 1198 1197
f 1186 1187 1199
f 1186 1199 1198
f 1187 1188 1200
f 1187 1200 1199
f 1188 1177 1189
f 1188 1189 1200
f 1189 1190 1202
f 1189 1202 1201
f 1190 1191 1203
f 1190 1203 1202
f 1191 1192 1204
f 1191 1204 1203
f 1192 1193 1205
f 1192 1205 1204
f 1193 1194 1206
f 1193 1206 1205
f 1194 1195 1207
f 1194 1207 1206
f 1195 1196 1208
f 1195 1208 1207
f 1196 1197 1209
f 1196 1209 1208
f 1197 1198 1210
f 1197 1210 1209
f 1198 1199 1211
f 1198 1211 1210
f 1199 1200 1212
f 1199 1212 1211
f 1200 1189 1201
f 1200 1201 1212
f 1201 1202 1214
f 1201 1214 1213
f 1202 1203 1215
f 1202 1215 1214
f 1203 1204 1216
f 1203 1216 1215
f 1204 1205 1217
f 1204 1217 1216
f 1205 1206 1218
f 1205 1218 1217
f 1206 1207 1219
f 1206 1219 1218
f 1207 1208 1220
f 1207 1220 1219
f 1208 1209 1221
f 1208 1221 1220
f 1209 1210 1222
f 1209 1222 1221
f 1210 1211 1223
f 1210 1223 1222
f 1211 1212 1224
f 1211 1224 1223
f 1212 1201 1213
f 1212 1213 1224
f 1213 1214 1226
f 1213 1226 1225
f 1214 1215 1227
f 1214 1227 1226
f 1215 1216 1228
f 1215 1228 1227
f 1216 1217 1229
f 1216 1229 1228
f 1217 1218 1230
f 1217 1230 1229
f 1218 1219 1231
f 1218 1231 1230
f 1219 1220 1232
f 1219 1232 1231
f 1220 1221 1233
f 1220 1233 1232
f 1221 1222 1234
f 1221 1234 1233
f 1222 1223 1235
f 1222 1235 1234
f 1223 1224 1236
f 1223 1236 1235
f 1224 1213 1225
f 1224 1225 1236
f 1225 1226 1238
f 1225 1238 1237
f 1226 1227 1239
f 1226 1239 1238
f 1227 1228 1240
f 1227 1240 1239
f 1228 1229 1241
f 1228 1241 1240
f 1229 1230 1242
f 1229 1242 1241
f 1230 1231 1243
f 1230 1243 1242
f 1231 1232 1244
f 1231 1244 1243
f 1232 1233 1245
f 1232 1245 1244
f 1233 1234 1246
f 1233 1246 1245
f 1234 1235 1247
f 1234 1247 1246
f 1235 1236 1248
f 1235 1248 1247
f 1236 1225 1237
f 1236 1237 1248
f 1237 1238 1250
f 1237 1250 1249
f 1238 1239 1251
f 1238 1251 1250
f 1239 1240 1252
f 1239 1252 1251
f 1240 1241 1253
f 1240 1253 1252
f 1241 1242 1254
f 1241 1254 1253
f 1242 1243 1255
f 1242 1255 1254
f 1243 1244 1256
f 1243 1256 1255
f 1244 1245 1257
f 1244 1257 1256
f 1245 1246 1258
f 1245 1258 1257
f 1246 1247 1259
f 1246 1259 1258
f 1247 1248 1260
f 1247 1260 1259
f 1248 1237 1249
f 1248 1249 1260
f 1261 1262 1274
f 1261 1274 1273
f 1262 1263 1275
f 1262 1275 1274
f 1263 1264 1276
f 1263 1276 1275
f 1264 1265 1277
f 1264 1277 1276
f 1265 1266 1278
f 1265 1278 1277
f 1266 1267 1279
f 1266 1279 1278
f 1267 1268 1280
f 1267 1280 1279
f 1268 1269 1281
f 1268 1281 1280
f 1269 1270 1282
f 1269 1282 1281
f 1270 1271 1283
f 1270 1283 1282
f 1271 1272 1284
f 1271 1284 1283
f 1272 1261 1273
f 1272 1273 1284
f 1273 1274 1286
f 1273 1286 1285
f 1274 1275 1287
f 1274 1287 1286
f 1275 1276 1288
f 1275 1288 1287
f 1276 1277 1289
f 1276 1289 1288
f 1277 1278 1290
f 1277 1290 1289
f 1278 1279 1291
f 1278 1291 1290
f 1279 1280 1292
f 1279 1292 1291
f 1280 1281 1293
f 1280 1293 1292
f 1281 1282 1294
f 1281 1294 1293
f 1282 1283 1295
f 1282 1295 1294
f 1283 1284 1296
f 1283 1296 1295
f 1284 1273 1285
f 1284 1285 1296
f 1285 1286 1298
f 1285 1298 1297
f 1286 1287 1299
f 1286 1299 1298
f 1287 1288 1300
f 1287 1300 1299
f 1288 1289 1301
f 1288 1301 1300
f 1289 1290 1302
f 1289 1302 1301
f 1290 1291 1303
f 1290 1303 1302
f 1291 1292 1304
f 1291 1304 1303
f 1292 1293 1305
f 1292 1305 1304
f 1293 1294 1306
f 1293 1306 1305
f 1294 1295 1307
f 1294 1307 1306
f 1295 1296 1308
f 1295 1308 1307
f 1296 1285 1297
f 1296 1297 1308
f 1297 1298 1310
f 1297 1310 1309
f 1298 1299 1311
f 1298 1311 1310
f 1299 1300 1312
f 1299 1312 1311
f 1300 1301 1313
f 1300 1313 1312
f 1301 1302 1314
f 1301 1314 1313
f 1302 1303 1315
f 1302 1315 1314
f 1303 1304 1316
f 1303 1316 1315
f 1304 1305 1317
f 1304 1317 1316
f 1305 1306 1318
f 1305 1318 1317
f 1306 1307 1319
f 1306 1319 1318
f 1307 1308 1320
f 1307 1320 1319
f 1308 1297 1309
f 1308 1309 1320
f 1309 1310 1322
f 1309 1322 1321
f 1310 1311 1323
f 1310 1323 1322
f 1311 1312 1324
f 1311 1324 1323
f 1312 1313 1325
f 1312 1325 1324
f 1313 1314 1326
f 1313 1326 1325
f 1314 1315 1327
f 1314 1327 1326
f 1315 1316 1328
f 1315 1328 1327
f 1316 1317 1329
f 1316 1329 1328
f 1317 1318 1330
f 1317 1330 1329
f 1318 1319 1331
f 1318 1331 1330
f 1319 1320 1332
f 1319 1332 1331
f 1320 1309 1321
f 1320 1321 1332
f 1321 1322 1334
f 1321 1334 1333
f 1322 1323 1335
f 1322 1335 1334
f 1323 1324 1336
f 1323 1336 1335
f 1324 1325 1337
f 1324 1337 1336
f 1325 1326 1338
f 1325 1338 1337
f 1326 1327 1339
f 1326 1339 1338
f 1327 1328 1340
f 1327 1340 1339
f 1328 1329 1341
f 1328 1341 1340
f 1329 1330 1342
f 1329 1342 1341
f 1330 1331 1343
f 1330 1343 1342
f 1331 1332 1344
f 1331 1344 1343
f 1332 1321 1333
f 1332 1333 1344
f 1345 1346 1358
f 1345 1358 1357
f 1346 1347 1359
f 1346 1359 1358
f 1347 1348 1360
f 1347 1360 1359
f 1348 1349 1361
f 1348 1361 1360
f 1349 1350 1362
f 1349 1362 1361
f 1350 1351 1363
f 1350 1363 1362
f 1351 1352 1364
f 1351 1364 1363
f 1352 1353 1365
f 1352 1365 1364
f 1353 1354 1366
f 1353 1366 1365
f 1354 1355 1367
f 1354 1367 1366
f 1355 1356 1368
f 1355 1368 1367
f 1356 1345 1357
f 1356 1357 1368
f 1357 1358 1370
f 1357 1370 1369
f 1358 1359 1371
f 1358 1371 1370
f 1359 1360 1372
f 1359 1372 1371
f 1360 1361 1373
f 1360 1373 1372
f 1361 1362 1374
f 1361 1374 1373
f 1362 1363 1375
f 1362 1375 1374
f 1363 1364 1376
f 1363 1376 1375
f 1364 1365 1377
f 1364 1377 1376
f 1365 1366 1378
f 1365 1378 1377
f 1366 1367 1379
f 1366 1379 1378
f 1367 1368 1380
f 1367 1380 1379
f 1368 1357 1369
f 1368 1369 1380
f 1369 1370 1382
f 1369 1382 1381
f 1370 1371 1383
f 1370 1383 1382
f 1371 1372 1384
f 1371 1384 1383
f 1372 1373 1385
f 1372 1385 1384
f 1373 1374 1386
f 1373 1386 1385
f 1374 1375 1387
f 1374 1387 1386
f 1375 1376 1388
f 1375 1388 1387
f 1376 1377 1389
f 1376 1389 1388
f 1377 1378 1390
f 1377 1390 1389
f 1378 1379 1391
f 1378 1391 1390
f 1379 1380 1392
f 1379 1392 1391
f 1380 1369 1381
f 1380 1381 1392
f 1381 1382 1394
f 1381 1394 1393
f 1382 1383 1395
f 1382 1395 1394
f 1383 1384 1396
f 1383 1396 1395
f 1384 1385 1397
f 1384 1397 1396
f 1385 1386 1398
f 1385 1398 1397
f 1386 1387 1399
f 1386 1399 1398
f 1387 1388 1400
f 1387 1400 1399
f 1388 1389 1401
f 1388 1401 1400
f 1389 1390 1402
f 1389 1402 1401
f 1390 1391 1403
f 1390 1403 1402
f 1391 1392 1404
f 1391 1404 1403
f 1392 1381 1393
f 1392 1393 1404
f 1393 1394 1406
f 1393 1406 1405
f 1394 1395 1407
f 1394 1407 1406
f 1395 1396 1408
f 1395 1408 1407
f 1396 1397 1409
f 1396 1409 1408
f 1397 1398 1410
f 1397 1410 1409
f 1398 1399 1411
f 1398 1411 1410
f 1399 1400 1412
f 1399 1412 1411
f 1400 1401 1413
f 1400 1413 1412
f 1401 1402 1414
f 1401 1414 1413
f 1402 1403 1415
f 1402 1415 1414
f 1403 1404 1416
f 1403 1416 1415
f 1404 1393 1405
f 1404 1405 1416
f 1405 1406 1418
f 1405 1418 1417
f 1406 1407 1419
f 1406 1419 1418
f 1407 1408 1420
f 1407 1420 1419
f 1408 1409 1421
f 1408 1421 1420
f 1409 1410 1422
f 1409 1422 1421
f 1410 1411 1423
f 1410 1423 1422
f 1411 1412 1424
f 1411 1424 1423
f 1412 1413 1425
f 1412 1425 1424
f 1413 1414 1426
f 1413 1426 1425
f 1414 1415 1427
f 1414 1427 1426
f 1415 1416 1428
f 1415 1428 1427
f 1416 1405 1417
f 1416 1417 1428
f 1429 1430 1442
f 1429 1442 1441
f 1430 1431 1443
f 1430 1443 1442
f 1431 1432 1444
f 1431 1444 1443
f 1432 1433 1445
f 1432 1445 1444
f 1433 1434 1446
f 1433 1446 1445
f 1434 1435 1447
f 1434 1447 1446
f 1435 1436 1448
f 1435 1448 1447
f 1436 1437 1449
f 1436 1449 1448
f 1437 1438 1450
f 1437 1450 1449
f 1438 1439 1451
f 1438 1451 1450
f 1439 1440 1452
f 1439 1452 1451
f 1440 1429 1441
f 1440 1441 1452
f 1441 1442 1454
f 1441 1454 1453
f 1442 1443 1455
f 1442 1455 1454
f 1443 1444 1456
f 1443 1456 1455
f 1444 1445 1457
f 1444 1457 1456
f 1445 1446 1458
f 1445 1458 1457
f 1446 1447 1459
f 1446 1459 1458
f 1447 1448 1460
f 1447 1460 1459
f 1448 1449 1461
f 1448 1461 1460
f 1449 1450 1462
f 1449 1462 1461
f 1450 1451 1463
f 1450 1463 1462
f 1451 1452 1464
f 1451 1464 1463
f 1452 1441 1453
f 1452 1453 1464
f 1453 1454 1466
f 1453 1466 1465
f 1454 1455 1467
f 1454 1467 1466
f 1455 1456 1468
f 1455 1468 1467
f 1456 1457 1469
f 1456 1469 1468
f 1457 1458 1470
f 1457 1470 1469
f 1458 1459 1471
f 1458 1471 1470
f 1459 1460 1472
f 1459 1472 1471
f 1460 1461 1473
f 1460 1473 1472
f 1461 1462 1474
f 1461 1474 1473
f 1462 1463 1475
f 1462 1475 1474
f 1463 1464 1476
f 1463 1476 1475
f 1464 1453 1465
f 1464 1465 1476
f 1465 1466 1478
f 1465 1478 1477
f 1466 1467 1479
f 1466 1479 1478
f 1467 1468 1480
f 1467 1480 1479
f 1468 1469 1481
f 1468 1481 1480
f 1469 1470 1482
f 1469 1482 1481
f 1470 1471 1483
f 1470 1483 1482
f 1471 1472 1484
f 1471 1484 1483
f 1472 1473 1485
f 1472 1485 1484
f 1473 1474 1486
f 1473 1486 1485
f 1474 1475 1487
f 1474 1487 1486
f 1475 1476 1488
f 1475 1488 1487
f 1476 1465 1477
f 1476 1477 1488
f 1477 1478 1490
f 1477 1490 1489
f 1478 1479 1491
f 1478 1491 1490
f 1479 1480 1492
f 1479 1492 1491
f 1480 1481 1493
f 1480 1493 1492
f 1481 1482 1494
f 1481 1494 1493
f 1482 1483 1495
f 1482 1495 1494
f 1483 1484 1496
f 1483 1496 1495
f 1484 1485 1497
f 1484 1497 1496
f 1485 1486 1498
f 1485 1498 1497
f 1486 1487 1499
f 1486 1499 1498
f 1487 1488 1500
f 1487 1500 1499
f 1488 1477 1489
f 1488 1489 1500
f 1489 1490 1502
f 1489 1502 1501
f 1490 1491 1503
f 1490 1503 1502
f 1491 1492 1504
f 1491 1504 1503
f 1492 1493 1505
f 1492 1505 1504
f 1493 1494 1506
f 1493 1506 1505
f 1494 1495 1507
f 1494 1507 1506
f 1495 1496 1508
f 1495 1508 1507
f 1496 1497 1509
f 1496 1509 1508
f 1497 1498 1510
f 1497 1510 1509
f 1498 1499 1511
f 1498 1511 1510
f 1499 1500 1512
f 1499 1512 1511
f 1500 1489 1501
f 1500 1501 1512
f 1513 1514 1526
f 1513 1526 1525
f 1514 1515 1527
f 1514 1527 1526
f 1515 1516 1528
f 1515 1528 1527
f 1516 1517 1529
f 1516 1529 1528
f 1517 1518 1530
f 1517 1530 1529
f 1518 1519 1531
f 1518 1531 1530
f 1519 1520 1532
f 1519 1532 1531
f 1520 1521 1533
f 1520 1533 1532
f 1521 1522 1534
f 1521 1534 1533
f 1522 1523 1535
f 1522 1535 1534
f 1523 1524 1536
f 1523 1536 1535
f 1524 1513 1525
f 1524 1525 1536
f 1525 1526 1538
f 1525 1538 1537
f 1526 1527 1539
f 1526 1539 1538
f 1527 1528 1540
f 1527 1540 1539
f 1528 1529 1541
f 1528 1541 1540
f 1529 1530 1542
f 1529 1542 1541
f 1530 1531 1543
f 1530 1543 1542
f 1531 1532 1544
f 1531 1544 1543
f 1532 1533 1545
f 1532 1545 1544
f 1533 1534 1546
f 1533 1546 1545
f 1534 1535 1547
f 1534 1547 1546
f 1535 1536 1548
f 1535 1548 1547
f 1536 1525 1537
f 1536 1537 1548
f 1537 1538 1550
f 1537 1550 1549
f 1538 1539 1551
f 1538 1551 1550
f 1539 1540 1552
f 1539 1552 1551
f 1540 1541 1553
f 1540 1553 1552
f 1541 1542 1554
f 1541 1554 1553
f 1542 1543 1555
f 1542 1555 1554
f 1543 1544 1556
f 1543 1556 1555
f 1544 1545 1557
f 1544 1557 1556
f 1545 1546 1558
f 1545 1558 1557
f 1546 1547 1559
f 1546 1559 1558
f 1547 1548 1560
f 1547 1560 1559
f 1548 1537 1549
f 1548 1549 1560
f 1549 1550 1562
f 1549 1562 1561
f 1550 1551 1563
f 1550 1563 1562
f 1551 1552 1564
f 1551 1564 1563
f 1552 1553 1565
f 1552 1565 1564
f 1553 1554 1566
f 1553 1566 1565
f 1554 1555 1567
f 1554 1567 1566
f 1555 1556 1568
f 1555 1568 1567
f 1556 1557 1569
f 1556 1569 1568
f 1557 1558 1570
f 1557 1570 1569
f 1558 1559 1571
f 1558 1571 1570
f 1559 1560 1572
f 1559 1572 1571
f 1560 1549 1561
f 1560 1561 1572
f 1561 1562 1574
f 1561 1574 1573
f 1562 1563 1575
f 1562 1575 1574
f 1563 1564 1576
f 1563 1576 1575
f 1564 1565 1577
f 1564 1577 1576
f 1565 1566 1578
f 1565 1578 1577
f 1566 1567 1579
f 1566 1579 1578
f 1567 1568 1580
f 1567 1580 1579
f 1568 1569 1581
f 1568 1581 1580
f 1569 1570 1582
f 1569 1582 1581
f 1570 1571 1583
f 1570 1583 1582
f 1571 1572 1584
f 1571 1584 1583
f 1572 1561 1573
f 1572 1573 1584
f 1573 1574 1586
f 1573 1586 1585
f 1574 1575 1587
f 1574 1587 1586
f 1575 1576 1588
f 1575 1588 1587
f 1576 1577 1589
f 1576 1589 1588
f 1577 1578 1590
f 1577 1590 1589
f 1578 1579 1591
f 1578 1591 1590
f 1579 1580 1592
f 1579 1592 1591
f 1580 1581 1593
f 1580 1593 1592
f 1581 1582 1594
f 1581 1594 1593
f 1582 1583 1595
f 1582 1595 1594
f 1583 1584 1596
f 1583 1596 1595
f 1584 1573 1585
f 1584 1585 1596
f 1597 1598 1610
f 1597 1610 1609
f 1598 1599 1611
f 1598 1611 1610
f 1599 1600 1612
f 1599 1612 1611
f 1600 1601 1613
f 1600 1613 1612
f 1601 1602 1614
f 1601 1614 1613
f 1602 1603 1615
f 1602 1615 1614
f 1603 1604 1616
f 1603 1616 1615
f 1604 1605 1617
f 1604 1617 1616
f 1605 1606 1618
f 1605 1618 1617
f 1606 1607 1619
f 1606 1619 1618
f 1607 1608 1620
f 1607 1620 1619
f 1608 1597 1609
f 1608 1609 1620
f 1609 1610 1622
f 1609 1622 1621
f 1610 1611 1623
f 1610 1623 1622
f 1611 1612 1624
f 1611 1624 1623
f 1612 1613 1625
f 1612 1625 1624
f 1613 1614 1626
f 1613 1626 1625
f 1614 1615 1627
f 1614 1627 1626
f 1615 1616 1628
f 1615 1628 1627
f 1616 1617 1629
f 1616 1629 1628
f 1617 1618 1630
f 1617 1630 1629
f 1618 1619 1631
f 1618 1631 1630
f 1619 1620 1632
f 1619 1632 1631
f 1620 1609 1621
f 1620 1621 1632
f 1621 1622 1634
f 1621 1634 1633
f 1622 1623 1635
f 1622 1635 1634
f 1623 1624 1636
f 1623 1636 1635
f 1624 1625 1637
f 1624 1637 1636
f 1625 1626 1638
f 1625 1638 1637
f 1626 1627 1639
f 1626 1639 1638
f 1627 1628 1640
f 1627 1640 1639
f 1628 1629 1641
f 1628 1641 1640
f 1629 1630 1642
f 1629 1642 1641
f 1630 1631 1643
f 1630 1643 1642
f 1631 1632 1644
f 1631 1644 1643
f 1632 1621 1633
f 1632 1633 1644
f 1633 1634 1646
f 1633 1646 1645
f 1634 1635 1647
f 1634 1647 1646
f 1635 1636 1648
f 1635 1648 1647
f 1636 1637 1649
f 1636 1649 1648
f 1637 1638 1650
f 1637 1650 1649
f 1638 1639 1651
f 1638 1651 1650
f 1639 1640 1652
f 1639 1652 1651
f 1640 1641 1653
f 1640 1653 1652
f 1641 1642 1654
f 1641 1654 1653
f 1642 1643 1655
f 1642 1655 1654
f 1643 1644 1656
f 1643 1656 1655
f 1644 1633 1645
f 1644 1645 1656
f 1645 1646 1658
f 1645 1658 1657
f 1646 1647 1659
f 1646 1659 1658
f 1647 1648 1660
f 1647 1660 1659
f 1648 1649 1661
f 1648 1661 1660
f 1649 1650 1662
f 1649 1662 1661
f 1650 1651 1663
f 1650 1663 1662
f 1651 1652 1664
f 1651 1664 1663
f 1652 1653 1665
f 1652 1665 1664
f 1653 1654 1666
f 1653 1666 1665
f 1654 1655 1667
f 1654 1667 1666
f 1655 1656 1668
f 1655 1668 1667
f 1656 1645 1657
f 1656 1657 1668
f 1657 1658 1670
f 1657 1670 1669
f 1658 1659 1671
f 1658 1671 1670
f 1659 1660 1672
f 1659 1672 1671
f 1660 1661 1673
f 1660 1673 1672
f 1661 1662 1674
f 1661 1674 1673
f 1662 1663 1675
f 1662 1675 1674
f 1663 1664 1676
f 1663 1676 1675
f 1664 1665 1677
f 1664 1677 1676
f 1665 1666 1678
f 1665 1678 1677
f 1666 1667 1679
f 1666 1679 1678
f 1667 1668 1680
f 1667 1680 1679
f 1668 1657 1669
f 1668 1669 1680
f 1681 1682 1694
f 1681 1694 1693
f 1682 1683 1695
f 1682 1695 1694
f 1683 1684 1696
f 1683 1696 1695
f 1684 1685 1697
f 1684 1697 1696
f 1685 1686 1698
f 1685 1698 1697
f 1686 1687 1699
f 1686 1699 1698
f 1687 1688 1700
f 1687 1700 1699
f 1688 1689 1701
f 1688 1701 1700
f 1689 1690 1702
f 1689 1702 1701
f 1690 1691 1703
f 1690 1703 1702
f 1691 1692 1704
f 1691 1704 1703
f 1692 1681 1693
f 1692 1693 1704
f 1693 1694 1706
f 1693 1706 1705
f 1694 1695 1707
f 1694 1707 1706
f 1695 1696 1708
f 1695 1708 1707
f 1696 1697 1709
f 1696 1709 1708
f 1697 1698 1710
f 1697 1710 1709
f 1698 1699 1711
f 1698 1711 1710
f 1699 1700 1712
f 1699 1712 1711
f 1700 1701 1713
f 1700 1713 1712
f 1701 1702 1714
f 1701 1714 1713
f 1702 1703 1715
f 1702 1715 1714
f 1703 1704 1716
f 1703 1716 1715
f 1704 1693 1705
f 1704 1705 1716
f 1705 1706 1718
f 1705 1718 1717
f 1706 1707 1719
f 1706 1719 1718
f 1707 1708 1720
f 1707 1720 1719
f 1708 1709 1721
f 1708 1721 1720
f 1709 1710 1722
f 1709 1722 1721
f 1710 1711 1723
f 1710 1723 1722
f 1711 1712 1724
f 1711 1724 1723
f 1712 1713 1725
f 1712 1725 1724
f 1713 1714 1726
f 1713 1726 1725
f 1714 1715 1727
f 1714 1727 1726
f 1715 1716 1728
f 1715 1728 1727
f 1716 1705 1717
f 1716 1717 1728
f 1717 1718 1730
f 1717 1730 1729
f 1718 1719 1731
f 1718 1731 1730
f 1719 1720 1732
f 1719 1732 1731
f 1720 1721 1733
f 1720 1733 1732
f 1721 1722 1734
f 1721 1734 1733
f 1722 1723 1735
f 1722 1735 1734
f 1723 1724 1736
f 1723 1736 1735
f 1724 1725 1737
f 1724 1737 1736
f 1725 1726 1738
f 1725 1738 1737
f 1726 1727 1739
f 1726 1739 1738
f 1727 1728 1740
f 1727 1740 1739
f 1728 1717 1729
f 1728 1729 1740
f 1729 1730 1742
f 1729 1742 1741
f 1730 1731 1743
f 1730 1743 1742
f 1731 1732 1744
f 1731 1744 1743
f 1732 1733 1745
f 1732 1745 1744
f 1733 1734 1746
f 1733 1746 1745
f 1734 1735 1747
f 1734 1747 1746
f 1735 1736 1748
f 1735 1748 1747
f 1736 1737 1749
f 1736 1749 1748
f 1737 1738 1750
f 1737 1750 1749
f 1738 1739 1751
f 1738 1751 1750
f 1739 1740 1752
f 1739 1752 1751
f 1740 1729 1741
f 1740 1741 1752
f 1741 1742 1754
f 1741 1754 1753
f 1742 1743 1755
f 1742 1755 1754
f 1743 1744 1756
f 1743 1756 1755
f 1744 1745 1757
f 1744 1757 1756
f 1745 1746 1758
f 1745 1758 1757
f 1746 1747 1759
f 1746 1759 1758
f 1747 1748 1760
f 1747 1760 1759
f 1748 1749 1761
f 1748 1761 1760
f 1749 1750 1762
f 1749 1762 1761
f 1750 1751 1763
f 1750 1763 1762
f 1751 1752 1764
f 1751 1764 1763
f 1752 1741 1753
f 1752 1753 1764
f 1765 1766 1778
f 1765 1778 1777
f 1766 1767 1779
f 1766 1779 1778
f 1767 1768 1780
f 1767 1780 1779
f 1768 1769 1781
f 1768 1781 1780
f 1769 1770 1782
f 1769 1782 1781
f 1770 1771 1783
f 1770 1783 1782
f 1771 1772 1784
f 1771 1784 1783
f 1772 1773 1785
f 1772 1785 1784
f 1773 1774 1786
f 1773 1786 1785
f 1774 1775 1787
f 1774 1787 1786
f 1775 1776 1788
f 1775 1788 1787
f 1776 1765 1777
f 1776 1777 1788
f 1777 1778 1790
f 1777 1790 1789
f 1778 1779 1791
f 1778 1791 1790
f 1779 1780 1792
f 1779 1792 1791
f 1780 1781 1793
f 1780 1793 1792
f 1781 1782 1794
f 1781 1794 1793
f 1782 1783 1795
f 1782 1795 1794
f 1783 1784 1796
f 1783 1796 1795
f 1784 1785 1797
f 1784 1797 1796
f 1785 1786 1798
f 1785 1798 1797
f 1786 1787 1799
f 1786 1799 1798
f 1787 1788 1800
f 1787 1800 1799
f 1788 1777 1789
f 1788 1789 1800
f 1789 1790 1802
f 1789 1802 1801
f 1790 1791 1803
f 1790 1803 1802
f 1791 1792 1804
f 1791 1804 1803
f 1792 1793 1805
f 1792 1805 1804
f 1793 1794 1806
f 1793 1806 1805
f 1794 1795 1807
f 1794 1807 1806
f 1795 1796 1808
f 1795 1808 1807
f 1796 1797 1809
f 1796 1809 1808
f 1797 1798 1810
f 1797 1810 1809
f 1798 1799 1811
f 1798 1811 1810
f 1799 1800 1812
f 1799 1812 1811
f 1800 1789 1801
f 1800 1801 1812
f 1801 1802 1814
f 1801 1814 1813
f 1802 1803 1815
f 1802 1815 1814
f 1803 1804 1816
f 1803 1816 1815
f 1804 1805 1817
f 1804 1817 1816
f 1805 1806 1818
f 1805 1818 1817
f 1806 1807 1819
f 1806 1819 1818
f 1807 1808 1820
f 1807 1820 1819
f 1808 1809 1821
f 1808 1821 1820
f 1809 1810 1822
f 1809 1822 1821
f 1810 1811 1823
f 1810 1823 1822
f 1811 1812 1824
f 1811 1824 1823
f 1812 1801 1813
f 1812 1813 1824
f 1813 1814 1826
f 1813 1826 1825
f 1814 1815 1827
f 1814 1827 1826
f 1815 1816 1828
f 1815 1828 1827
f 1816 1817 1829
f 1816 1829 1828
f 1817 1818 1830
f 1817 1830 1829
f 1818 1819 1831
f 1818 1831 1830
f 1819 1820 1832
f 1819 1832 1831
f 1820 1821 1833
f 1820 1833 1832
f 1821 1822 1834
f 1821 1834 1833
f 1822 1823 1835
f 1822 1835 1834
f 1823 1824 1836
f 1823 1836 1835
f 1824 1813 1825
f 1824 1825 1836
f 1825 1826 1838
f 1825 1838 1837
f 1826 1827 1839
f 1826 1839 1838
f 1827 1828 1840
f 1827 1840 1839
f 1828 1829 1841
f 1828 1841 1840
f 1829 1830 1842
f 1829 1842 1841
f 1830 1831 1843
f 1830 1843 1842
f 1831 1832 1844
f 1831 1844 1843
f 1832 1833 1845
f 1832 1845 1844
f 1833 1834 1846
f 1833 1846 1845
f 1834 1835 1847
f 1834 1847 1846
f 1835 1836 1848
f 1835 1848 1847
f 1836 1825 1837
f 1836 1837 1848
f 1849 1850 1862
f 1849 1862 1861
f 1850 1851 1863
f 1850 1863 1862
f 1851 1852 1864
f 1851 1864 1863
f 1852 1853 1865
f 1852 1865 1864
f 1853 1854 1866
f 1853 1866 1865
f 1854 1855 1867
f 1854 1867 1866
f 1855 1856 1868
f 1855 1868 1867
f 1856 1857 1869
f 1856 1869 1868
f 1857 1858 1870
f 1857 1870 1869
f 1858 1859 1871
f 1858 1871 1870
f 1859 1860 1872
f 1859 1872 1871
f 1860 1849 1861
f 1860 1861 1872
f 1861 1862 1874
f 1861 1874 1873
f 1862 1863 1875
f 1862 1875 1874
f 1863 1864 1876
f 1863 1876 1875
f 1864 1865 1877
f 1864 1877 1876
f 1865 1866 1878
f 1865 1878 1877
f 1866 1867 1879
f 1866 1879 1878
f 1867 1868 1880
f 1867 1880 1879
f 1868 1869 1881
f 1868 1881 1880
f 1869 1870 1882
f 1869 1882 1881
f 1870 1871 1883
f 1870 1883 1882
f 1871 1872 1884
f 1871 1884 1883
f 1872 1861 1873
f 1872 1873 1884
f 1873 1874 1886
f 1873 1886 1885
f 1874 1875 1887
f 1874 1887 1886
f 1875 1876 1888
f 1875 1888 1887
f 1876 1877 1889
f 1876 1889 1888
f 1877 1878 1890
f 1877 1890 1889
f 1878 1879 1891
f 1878 1891 1890
f 1879 1880 1892
f 1879 1892 1891
f 1880 1881 1893
f 1880 1893 1892
f 1881 1882 1894
f 1881 1894 1893
f 1882 1883 1895
f 1882 1895 1894
f 1883 1884 1896
f 1883 1896 1895
f 1884 1873 1885
f 1884 1885 1896
f 1885 1886 1898
f 1885 1898 1897
f 1886 1887 1899
f 1886 1899 1898
f 1887 1888 1900
f 1887 1900 1899
f 1888 1889 1901
f 1888 1901 1900
f 1889 1890 1902
f 1889 1902 1901
f 1890 1891 1903
f 1890 1903 1902
f 1891 1892 1904
f 1891 1904 1903
f 1892 1893 1905
f 1892 1905 1904
f 1893 1894 1906
f 1893 1906 1905
f 1894 1895 1907
f 1894 1907 1906
f 1895 1896 1908
f 1895 1908 1907
f 1896 1885 1897
f 1896 1897 1908
f 1897 1898 1910
f 1897 1910 1909
f 1898 1899 1911
f 1898 1911 1910
f 1899 1900 1912
f 1899 1912 1911
f 1900 1901 1913
f 1900 1913 1912
f 1901 1902 1914
f 1901 1914 1913
f 1902 1903 1915
f 1902 1915 1914
f 1903 1904 1916
f 1903 1916 1915
f 1904 1905 1917
f 1904 1917 1916
f 1905 1906 1918
f 1905 1918 1917
f 1906 1907 1919
f 1906 1919 1918
f 1907 1908 1920
f 1907 1920 1919
f 1908 1897 1909
f 1908 1909 1920
f 1909 1910 1922
f 1909 1922 1921
f 1910 1911 1923
f 1910 1923 1922
f 1911 1912 1924
f 1911 1924 1923
f 1912 1913 1925
f 1912 1925 1924
f 1913 1914 1926
f 1913 1926 1925
f 1914 1915 1927
f 1914 1927 1926
f 1915 1916 1928
f 1915 1928 1927
f 1916 1917 1929
f 1916 1929 1928
f 1917 1918 1930
f 1917 1930 1929
f 1918 1919 1931
f 1918 1931 1930
f 1919 1920 1932
f 1919 1932 1931
f 1920 1909 1921
f 1920 1921 1932
f 1933 1934 1946
f 1933 1946 1945
f 1934 1935 1947
f 1934 1947 1946
f 1935 1936 1948
f 1935 1948 1947
f 1936 1937 1949
f 1936 1949 1948
f 1937 1938 1950
f 1937 1950 1949
f 1938 1939 1951
f 1938 1951 1950
f 1939 1940 1952
f 1939 1952 1951
f 1940 1941 1953
f 1940 1953 1952
f 1941 1942 1954
f 1941 1954 1953
f 1942 1943 1955
f 1942 1955 1954
f 1943 1944 1956
f 1943 1956 1955
f 1944 1933 1945
f 1944 1945 1956
f 1945 1946 1958
f 1945 1958 1957
f 1946 1947 1959
f 1946 1959 1958
f 1947 1948 1960
f 1947 1960 1959
f 1948 1949 1961
f 1948 1961 1960
f 1949 1950 1962
f 1949 1962 1961
f 1950 1951 1963
f 1950 1963 1962
f 1951 1952 1964
f 1951 1964 1963
f 1952 1953 1965
f 1952 1965 1964
f 1953 1954 1966
f 1953 1966 1965
f 1954 1955 1967
f 1954 1967 1966
f 1955 1956 1968
f 1955 1968 1967
f 1956 1945 1957
f 1956 1957 1968
f 1957 1958 1970
f 1957 1970 1969
f 1958 1959 1971
f 1958 1971 1970
f 1959 1960 1972
f 1959 1972 1971
f 1960 1961 1973
f 1960 1973 1972
f 1961 1962 1974
f 1961 1974 1973
f 1962 1963 1975
f 1962 1975 1974
f 1963 1964 1976
f 1963 1976 1975
f 1964 1965 1977
f 1964 1977 1976
f 1965 1966 1978
f 1965 1978 1977
f 1966 1967 1979
f 1966 1979 1978
f 1967 1968 1980
f 1967 1980 1979
f 1968 1957 1969
f 1968 1969 1980
f 1969 1970 1982
f 1969 1982 1981
f 1970 1971 1983
f 1970 1983 1982
f 1971 1972 1984
f 1971 1984 1983
f 1972 1973 1985
f 1972 1985 1984
f 1973 1974 1986
f 1973 1986 1985
f 1974 1975 1987
f 1974 1987 1986
f 1975 1976 1988
f 1975 1988 1987
f 1976 1977 1989
f 1976 1989 1988
f 1977 1978 1990
f 1977 1990 1989
f 1978 1979 1991
f 1978 1991 1990
f 1979 1980 1992
f 1979 1992 1991
f 1980 1969 1981
f 1980 1981 1992
f 1981 1982 1994
f 1981 1994 1993
f 1982 1983 1995
f 1982 1995 1994
f 1983 1984 1996
f 1983 1996 1995
f 1984 1985 1997
f 1984 1997 1996
f 1985 1986 1998
f 1985 1998 1997
f 1986 1987 1999
f 1986 1999 1998
f 1987 1988 2000
f 1987 2000 1999
f 1988 1989 2001
f 1988 2001 2000
f 1989 1990 2002
f 1989 2002 2001
f 1990 1991 2003
f 1990 2003 2002
f 1991 1992 2004
f 1991 2004 2003
f 1992 1981 1993
f 1992 1993 2004
f 1993 1994 2006
f 1993 2006 2005
f 1994 1995 2007
f 1994 2007 2006
f 1995 1996 2008
f 1995 2008 2007
f 1996 1997 2009
f 1996 2009 2008
f 1997 1998 2010
f 1997 2010 2009
f 1998 1999 2011
f 1998 2011 2010
f 1999 2000 2012
f 1999 2012 2011
f 2000 2001 2013
f 2000 2013 2012
f 2001 2002 2014
f 2001 2014 2013
f 2002 2003 2015
f 2002 2015 2014
f 2003 2004 2016
f 2003 2016 2015
f 2004 1993 2005
f 2004 2005 2016
f 2017 2018 2030
f 2017 2030 2029
f 2018 2019 2031
f 2018 2031 2030
f 2019 2020 2032
f 2019 2032 2031
f 2020 2021 2033
f 2020 2033 2032
f 2021 2022 2034
f 2021 2034 2033
f 2022 2023 2035
f 2022 2035 2034
f 2023 2024 2036
f 2023 2036 2035
f 2024 2025 2037
f 2024 2037 2036
f 2025 2026 2038
f 2025 2038 2037
f 2026 2027 2039
f 2026 2039 2038
f 2027 2028 2040
f 2027 2040 2039
f 2028 2017 2029
f 2028 2029 2040
f 2029 2030 2042
f 2029 2042 2041
f 2030 2031 2043
f 2030 2043 2042
f 2031 2032 2044
f 2031 2044 2043
f 2032 2033 2045
f 2032 2045 2044
f 2033 2034 2046
f 2033 2046 2045
f 2034 2035 2047
f 2034 2047 2046
f 2035 2036 2048
f 2035 2048 2047
f 2036 2037 2049
f 2036 2049 2048
f 2037 2038 2050
f 2037 2050 2049
f 2038 2039 2051
f 2038 2051 2050
f 2039 2040 2052
f 2039 2052 2051
f 2040 2029 2041
f 2040 2041 2052
f 2041 2042 2054
f 2041 2054 2053
f 2042 2043 2055
f 2042 2055 2054
f 2043 2044 2056
f 2043 2056 2055
f 2044 2045 2057
f 2044 2057 2056
f 2045 2046 2058
f 2045 2058 2057
f 2046 2047 2059
f 2046 2059 2058
f 2047 2048 2060
f 2047 2060 2059
f 2048 2049 2061
f 2048 2061 2060
f 2049 2050 2062
f 2049 2062 2061
f 2050 2051 2063
f 2050 2063 2062
f 2051 2052 2064
f 2051 2064 2063
f 2052 2041 2053
f 2052 2053 2064
f 2053 2054 2066
f 2053 2066 2065
f 2054 2055 2067
f 2054 2067 2066
f 2055 2056 2068
f 2055 2068 2067
f 2056 2057 2069
f 2056 2069 2068
f 2057 2058 2070
f 2057 2070 2069
f 2058 2059 2071
f 2058 2071 2070
f 2059 2060 2072
f 2059 2072 2071
f 2060 2061 2073
f 2060 2073 2072
f 2061 2062 2074
f 2061 2074 2073
f 2062 2063 2075
f 2062 2075 2074
f 2063 2064 2076
f 2063 2076 2075
f 2064 2053 2065
f 2064 2065 2076
f 2065 2066 2078
f 2065 2078 2077
f 2066 2067 2079
f 2066 2079 2078
f 2067 2068 2080
f 2067 2080 2079
f 2068 2069 2081
f 2068 2081 2080
f 2069 2070 2082
f 2069 2082 2081
f 2070 2071 2083
f 2070 2083 2082
f 2071 2072 2084
f 2071 2084 2083
f 2072 2073 2085
f 2072 2085 2084
f 2073 2074 2086
f 2073 2086 2085
f 2074 2075 2087
f 2074 2087 2086
f 2075 2076 2088
f 2075 2088 2087
f 2076 2065 2077
f 2076 2077 2088
f 2077 2078 2090
f 2077 2090 2089
f 2078 2079 2091
f 2078 2091 2090
f 2079 2080 2092
f 2079 2092 2091
f 2080 2081 2093
f 2080 2093 2092
f 2081 2082 2094
f 2081 2094 2093
f 2082 2083 2095
f 2082 2095 2094
f 2083 2084 2096
f 2083 2096 2095
f 2084 2085 2097
f 2084 2097 2096
f 2085 2086 2098
f 2085 2098 2097
f 2086 2087 2099
f 2086 2099 2098
f 2087 2088 2100
f 2087 2100 2099
f 2088 2077 2089
f 2088 2089 2100
f 2101 2102 2114
f 2101 2114 2113
f 2102 2103 2115
f 2102 2115 2114
f 2103 2104 2116
f 2103 2116 2115
f 2104 2105 2117
f 2104 2117 2116
f 2105 2106 2118
f 2105 2118 2117
f 2106 2107 2119
f 2106 2119 2118
f 2107 2108 2120
f 2107 2120 2119
f 2108 2109 2121
f 2108 2121 2120
f 2109 2110 2122
f 2109 2122 2121
f 2110 2111 2123
f 2110 2123 2122
f 2111 2112 2124
f 2111 2124 2123
f 2112 2101 2113
f 2112 2113 2124
f 2113 2114 2126
f 2113 2126 2125
f 2114 2115 2127
f 2114 2127 2126
f 2115 2116 2128
f 2115 2128 2127
f 2116 2117 2129
f 2116 2129 2128
f 2117 2118 2130
f 2117 2130 2129
f 2118 2119 2131
f 2118 2131 2130
f 2119 2120 2132
f 2119 2132 2131
f 2120 2121 2133
f 2120 2133 2132
f 2121 2122 2134
f 2121 2134 2133
f 2122 2123 2135
f 2122 2135 2134
f 2123 2124 2136
f 2123 2136 2135
f 2124 2113 2125
f 2124 2125 2136
f 2125 2126 2138
f 2125 2138 2137
f 2126 2127 2139
f 2126 2139 2138
f 2127 2128 2140
f 2127 2140 2139
f 2128 2129 2141
f 2128 2141 2140
f 2129 2130 2142
f 2129 2142 2141
f 2130 2131 2143
f 2130 2143 2142
f 2131 2132 2144
f 2131 2144 2143
f 2132 2133 2145
f 2132 2145 2144
f 2133 2134 2146
f 2133 2146 2145
f 2134 2135 2147
f 2134 2147 2146
f 2135 2136 2148
f 2135 2148 2147
f 2136 2125 2137
f 2136 2137 2148
f 2137 2138 2150
f 2137 2150 2149
f 2138 2139 2151
f 2138 2151 2150
f 2139 2140 2152
f 2139 2152 2151
f 2140 2141 2153
f 2140 2153 2152
f 2141 2142 2154
f 2141 2154 2153
f 2142 2143 2155
f 2142 2155 2154
f 2143 2144 2156
f 2143 2156 2155
f 2144 2145 2157
f 2144 2157 2156
f 2145 2146 2158
f 2145 2158 2157
f 2146 2147 2159
f 2146 2159 2158
f 2147 2148 2160
f 2147 2160 2159
f 2148 2137 2149
f 2148 2149 2160
f 2149 2150 2162
f 2149 2162 2161
f 2150 2151 2163
f 2150 2163 2162
f 2151 2152 2164
f 2151 2164 2163
f 2152 2153 2165
f 2152 2165 2164
f 2153 2154 2166
f 2153 2166 2165
f 2154 2155 2167
f 2154 2167 2166
f 2155 2156 2168
f 2155 2168 2167
f 2156 2157 2169
f 2156 2169 2168
f 2157 2158 2170
f 2157 2170 2169
f 2158 2159 2171
f 2158 2171 2170
f 2159 2160 2172
f 2159 2172 2171
f 2160 2149 2161
f 2160 2161 2172
f 2161 2162 2174
f 2161 2174 2173
f 2162 2163 2175
f 2162 2175 2174
f 2163 2164 2176
f 2163 2176 2175
f 2164 2165 2177
f 2164 2177 2176
f 2165 2166 2178
f 2165 2178 2177
f 2166 2167 2179
f 2166 2179 2178
f 2167 2168 2180
f 2167 2180 2179
f 2168 2169 2181
f 2168 2181 2180
f 2169 2170 2182
f 2169 2182 2181
f 2170 2171 2183
f 2170 2183 2182
f 2171 2172 2184
f 2171 2184 2183
f 2172 2161 2173
f 2172 2173 2184
f 2185 2186 2198
f 2185 2198 2197
f 2186 2187 2199
f 2186 2199 2198
f 2187 2188 2200
f 2187 2200 2199
f 2188 2189 2201
f 2188 2201 2200
f 2189 2190 2202
f 2189 2202 2201
f 2190 2191 2203
f 2190 2203 2202
f 2191 2192 2204
f 2191 2204 2203
f 2192 2193 2205
f 2192 2205 2204
f 2193 2194 2206
f 2193 2206 2205
f 2194 2195 2207
f 2194 2207 2206
f 2195 2196 2208
f 2195 2208 2207
f 2196 2185 2197
f 2196 2197 2208
f 2197 2198 2210
f 2197 2210 2209
f 2198 2199 2211
f 2198 2211 2210
f 2199 2200 2212
f 2199 2212 2211
f 2200 2201 2213
f 2200 2213 2212
f 2201 2202 2214
f 2201 2214 2213
f 2202 2203 2215
f 2202 2215 2214
f 2203 2204 2216
f 2203 2216 2215
f 2204 2205 2217
f 2204 2217 2216
f 2205 2206 2218
f 2205 2218 2217
f 2206 2207 2219
f 2206 2219 2218
f 2207 2208 2220
f 2207 2220 2219
f 2208 2197 2209
f 2208 2209 2220
f 2209 2210 2222
f 2209 2222 2221
f 2210 2211 2223
f 2210 2223 2222
f 2211 2212 2224
f 2211 2224 2223
f 2212 2213 2225
f 2212 2225 2224
f 2213 2214 2226
f 2213 2226 2225
f 2214 2215 2227
f 2214 2227 2226
f 2215 2216 2228
f 2215 2228 2227
f 2216 2217 2229
f 2216 2229 2228
f 2217 2218 2230
f 2217 2230 2229
f 2218 2219 2231
f 2218 2231 2230
f 2219 2220 2232
f 2219 2232 2231
f 2220 2209 2221
f 2220 2221 2232
f 2221 2222 2234
f 2221 2234 2233
f 2222 2223 2235
f 2222 2235 2234
f 2223 2224 2236
f 2223 2236 2235
f 2224 2225 2237
f 2224 2237 2236
f 2225 2226 2238
f 2225 2238 2237
f 2226 2227 2239
f 2226 2239 2238
f 2227 2228 2240
f 2227 2240 2239
f 2228 2229 2241
f 2228 2241 2240
f 2229 2230 2242
f 2229 2242 2241
f 2230 2231 2243
f 2230 2243 2242
f 2231 2232 2244
f 2231 2244 2243
f 2232 2221 2233
f 2232 2233 2244
f 2233 2234 2246
f 2233 2246 2245
f 2234 2235 2247
f 2234 2247 2246
f 2235 2236 2248
f 2235 2248 2247
f 2236 2237 2249
f 2236 2249 2248
f 2237 2238 2250
f 2237 2250 2249
f 2238 2239 2251
f 2238 2251 2250
f 2239 2240 2252
f 2239 2252 2251
f 2240 2241 2253
f 2240 2253 2252
f 2241 2242 2254
f 2241 2254 2253
f 2242 2243 2255
f 2242 2255 2254
f 2243 2244 2256
f 2243 2256 2255
f 2244 2233 2245
f 2244 2245 2256
f 2245 2246 2258
f 2245 2258 2257
f 2246 2247 2259
f 2246 2259 2258
f 2247 2248 2260
f 2247 2260 2259
f 2248 2249 2261
f 2248 2261 2260
f 2249 2250 2262
f 2249 2262 2261
f 2250 2251 2263
f 2250 2263 2262
f 2251 2252 2264
f 2251 2264 2263
f 2252 2253 2265
f 2252 2265 2264
f 2253 2254 2266
f 2253 2266 2265
f 2254 2255 2267
f 2254 2267 2266
f 2255 2256 2268
f 2255 2268 2267
f 2256 2245 2257
f 2256 2257 2268
f 2269 2270 2282
f 2269 2282 2281
f 2270 2271 2283
f 2270 2283 2282
f 2271 2272 2284
f 2271 2284 2283
f 2272 2273 2285
f 2272 2285 2284
f 2273 2274 2286
f 2273 2286 2285
f 2274 2275 2287
f 2274 2287 2286
f 2275 2276 2288
f 2275 2288 2287
f 2276 2277 2289
f 2276 2289 2288
f 2277 2278 2290
f 2277 2290 2289
f 2278 2279 2291
f 2278 2291 2290
f 2279 2280 2292
f 2279 2292 2291
f 2280 2269 2281
f 2280 2281 2292
f 2281 2282 2294
f 2281 2294 2293
f 2282 2283 2295
f 2282 2295 2294
f 2283 2284 2296
f 2283 2296 2295
f 2284 2285 2297
f 2284 2297 2296
f 2285 2286 2298
f 2285 2298 2297
f 2286 2287 2299
f 2286 2299 2298
f 2287 2288 2300
f 2287 2300 2299
f 2288 2289 2301
f 2288 2301 2300
f 2289 2290 2302
f 2289 2302 2301
f 2290 2291 2303
f 2290 2303 2302
f 2291 2292 2304
f 2291 2304 2303
f 2292 2281 2293
f 2292 2293 2304
f 2293 2294 2306
f 2293 2306 2305
f 2294 2295 2307
f 2294 2307 2306
f 2295 2296 2308
f 2295 2308 2307
f 2296 2297 2309
f 2296 2309 2308
f 2297 2298 2310
f 2297 2310 2309
f 2298 2299 2311
f 2298 2311 2310
f 2299 2300 2312
f 2299 2312 2311
f 2300 2301 2313
f 2300 2313 2312
f 2301 2302 2314
f 2301 2314 2313
f 2302 2303 2315
f 2302 2315 2314
f 2303 2304 2316
f 2303 2316 2315
f 2304 2293 2305
f 2304 2305 2316
f 2305 2306 2318
f 2305 2318 2317
f 2306 2307 2319
f 2306 2319 2318
f 2307 2308 2320
f 2307 2320 2319
f 2308 2309 2321
f 2308 2321 2320
f 2309 2310 2322
f 2309 2322 2321
f 2310 2311 2323
f 2310 2323 2322
f 2311 2312 2324
f 2311 2324 2323
f 2312 2313 2325
f 2312 2325 2324
f 2313 2314 2326
f 2313 2326 2325
f 2314 2315 2327
f 2314 2327 2326
f 2315 2316 2328
f 2315 2328 2327
f 2316 2305 2317
f 2316 2317 2328
f 2317 2318 2330
f 2317 2330 2329
f 2318 2319 2331
f 2318 2331 2330
f 2319 2320 2332
f 2319 2332 2331
f 2320 2321 2333
f 2320 2333 2332
f 2321 2322 2334
f 2321 2334 2333
f 2322 2323 2335
f 2322 2335 2334
f 2323 2324 2336
f 2323 2336 2335
f 2324 2325 2337
f 2324 2337 2336
f 2325 2326 2338
f 2325 2338 2337
f 2326 2327 2339
f 2326 2339 2338
f 2327 2328 2340
f 2327 2340 2339
f 2328 2317 2329
f 2328 2329 2340
f 2329 2330 2342
f 2329 2342 2341
f 2330 2331 2343
f 2330 2343 2342
f 2331 2332 2344
f 2331 2344 2343
f 2332 2333 2345
f 2332 2345 2344
f 2333 2334 2346
f 2333 2346 2345
f 2334 2335 2347
f 2334 2347 2346
f 2335 2336 2348
f 2335 2348 2347
f 2336 2337 2349
f 2336 2349 2348
f 2337 2338 2350
f 2337 2350 2349
f 2338 2339 2351
f 2338 2351 2350
f 2339 2340 2352
f 2339 2352 2351
f 2340 2329 2341
f 2340 2341 2352
f 2353 2354 2366
f 2353 2366 2365
f 2354 2355 2367
f 2354 2367 2366
f 2355 2356 2368
f 2355 2368 2367
f 2356 2357 2369
f 2356 2369 2368
f 2357 2358 2370
f 2357 2370 2369
f 2358 2359 2371
f 2358 2371 2370
f 2359 2360 2372
f 2359 2372 2371
f 2360 2361 2373
f 2360 2373 2372
f 2361 2362 2374
f 2361 2374 2373
f 2362 2363 2375
f 2362 2375 2374
f 2363 2364 2376
f 2363 2376 2375
f 2364 2353 2365
f 2364 2365 2376
f 2365 2366 2378
f 2365 2378 2377
f 2366 2367 2379
f 2366 2379 2378
f 2367 2368 2380
f 2367 2380 2379
f 2368 2369 2381
f 2368 2381 2380
f 2369 2370 2382
f 2369 2382 2381
f 2370 2371 2383
f 2370 2383 2382
f 2371 2372 2384
f 2371 2384 2383
f 2372 2373 2385
f 2372 2385 2384
f 2373 2374 2386
f 2373 2386 2385
f 2374 2375 2387
f 2374 2387 2386
f 2375 2376 2388
f 2375 2388 2387
f 2376 2365 2377
f 2376 2377 2388
f 2377 2378 2390
f 2377 2390 2389
f 2378 2379 2391
f 2378 2391 2390
f 2379 2380 2392
f 2379 2392 2391
f 2380 2381 2393
f 2380 2393 2392
f 2381 2382 2394
f 2381 2394 2393
f 2382 2383 2395
f 2382 2395 2394
f 2383 2384 2396
f 2383 2396 2395
f 2384 2385 2397
f 2384 2397 2396
f 2385 2386 2398
f 2385 2398 2397
f 2386 2387 2399
f 2386 2399 2398
f 2387 2388 2400
f 2387 2400 2399
f 2388 2377 2389
f 2388 2389 2400
f 2389 2390 2402
f 2389 2402 2401
f 2390 2391 2403
f 2390 2403 2402
f 2391 2392 2404
f 2391 2404 2403
f 2392 2393 2405
f 2392 2405 2404
f 2393 2394 2406
f 2393 2406 2405
f 2394 2395 2407
f 2394 2407 2406
f 2395 2396 2408
f 2395 2408 2407
f 2396 2397 2409
f 2396 2409 2408
f 2397 2398 2410
f 2397 2410 2409
f 2398 2399 2411
f 2398 2411 2410
f 2399 2400 2412
f 2399 2412 2411
f 2400 2389 2401
f 2400 2401 2412
f 2401 2402 2414
f 2401 2414 2413
f 2402 2403 2415
f 2402 2415 2414
f 2403 2404 2416
f 2403 2416 2415
f 2404 2405 2417
f 2404 2417 2416
f 2405 2406 2418
f 2405 2418 2417
f 2406 2407 2419
f 2406 2419 2418
f 2407 2408 2420
f 2407 2420 2419
f 2408 2409 2421
f 2408 2421 2420
f 2409 2410 2422
f 2409 2422 2421
f 2410 2411 2423
f 2410 2423 2422
f 2411 2412 2424
f 2411 2424 2423
f 2412 2401 2413
f 2412 2413 2424
f 2413 2414 2426
f 2413 2426 2425
f 2414 2415 2427
f 2414 2427 2426
f 2415 2416 2428
f 2415 2428 2427
f 2416 2417 2429
f 2416 2429 2428
f 2417 2418 2430
f 2417 2430 2429
f 2418 2419 2431
f 2418 2431 2430
f 2419 2420 2432
f 2419 2432 2431
f 2420 2421 2433
f 2420 2433 2432
f 2421 2422 2434
f 2421 2434 2433
f 2422 2423 2435
f 2422 2435 2434
f 2423 2424 2436
f 2423 2436 2435
f 2424 2413 2425
f 2424 2425 2436
f 2437 2438 2450
f 2437 2450 2449
f 2438 2439 2451
f 2438 2451 2450
f 2439 2440 2452
f 2439 2452 2451
f 2440 2441 2453
f 2440 2453 2452
f 2441 2442 2454
f 2441 2454 2453
f 2442 2443 2455
f 2442 2455 2454
f 2443 2444 2456
f 2443 2456 2455
f 2444 2445 2457
f 2444 2457 2456
f 2445 2446 2458
f 2445 2458 2457
f 2446 2447 2459
f 2446 2459 2458
f 2447 2448 2460
f 2447 2460 2459
f 2448 2437 2449
f 2448 2449 2460
f 2449 2450 2462
f 2449 2462 2461
f 2450 2451 2463
f 2450 2463 2462
f 2451 2452 2464
f 2451 2464 2463
f 2452 2453 2465
f 2452 2465 2464
f 2453 2454 2466
f 2453 2466 2465
f 2454 2455 2467
f 2454 2467 2466
f 2455 2456 2468
f 2455 2468 2467
f 2456 2457 2469
f 2456 2469 2468
f 2457 2458 2470
f 2457 2470 2469
f 2458 2459 2471
f 2458 2471 2470
f 2459 2460 2472
f 2459 2472 2471
f 2460 2449 2461
f 2460 2461 2472
f 2461 2462 2474
f 2461 2474 2473
f 2462 2463 2475
f 2462 2475 2474
f 2463 2464 2476
f 2463 2476 2475
f 2464 2465 2477
f 2464 2477 2476
f 2465 2466 2478
f 2465 2478 2477
f 2466 2467 2479
f 2466 2479 2478
f 2467 2468 2480
f 2467 2480 2479
f 2468 2469 2481
f 2468 2481 2480
f 2469 2470 2482
f 2469 2482 2481
f 2470 2471 2483
f 2470 2483 2482
f 2471 2472 2484
f 2471 2484 2483
f 2472 2461 2473
f 2472 2473 2484
f 2473 2474 2486
f 2473 2486 2485
f 2474 2475 2487
f 2474 2487 2486
f 2475 2476 2488
f 2475 2488 2487
f 2476 2477 2489
f 2476 2489 2488
f 2477 2478 2490
f 2477 2490 2489
f 2478 2479 2491
f 2478 2491 2490
f 2479 2480 2492
f 2479 2492 2491
f 2480 2481 2493
f 2480 2493 2492
f 2481 2482 2494
f 2481 2494 2493
f 2482 2483 2495
f 2482 2495 2494
f 2483 2484 2496
f 2483 2496 2495
f 2484 2473 2485
f 2484 2485 2496
f 2485 2486 2498
f 2485 2498 2497
f 2486 2487 2499
f 2486 2499 2498
f 2487 2488 2500
f 2487 2500 2499
f 2488 2489 2501
f 2488 2501 2500
f 2489 2490 2502
f 2489 2502 2501
f 2490 2491 2503
f 2490 2503 2502
f 2491 2492 2504
f 2491 2504 2503
f 2492 2493 2505
f 2492 2505 2504
f 2493 2494 2506
f 2493 2506 2505
f 2494 2495 2507
f 2494 2507 2506
f 2495 2496 2508
f 2495 2508 2507
f 2496 2485 2497
f 2496 2497 2508
f 2497 2498 2510
f 2497 2510 2509
f 2498 2499 2511
f 2498 2511 2510
f 2499 2500 2512
f 2499 2512 2511
f 2500 2501 2513
f 2500 2513 2512
f 2501 2502 2514
f 2501 2514 2513
f 2502 2503 2515
f 2502 2515 2514
f 2503 2504 2516
f 2503 2516 2515
f 2504 2505 2517
f 2504 2517 2516
f 2505 2506 2518
f 2505 2518 2517
f 2506 2507 2519
f 2506 2519 2518
f 2507 2508 2520
f 2507 2520 2519
f 2508 2497 2509
f 2508 2509 2520
f 2521 2522 2534
f 2521 2534 2533
f 2522 2523 2535
f 2522 2535 2534
f 2523 2524 2536
f 2523 2536 2535
f 2524 2525 2537
f 2524 2537 2536
f 2525 2526 2538
f 2525 2538 2537
f 2526 2527 2539
f 2526 2539 2538
f 2527 2528 2540
f 2527 2540 2539
f 2528 2529 2541
f 2528 2541 2540
f 2529 2530 2542
f 2529 2542 2541
f 2530 2531 2543
f 2530 2543 2542
f 2531 2532 2544
f 2531 2544 2543
f 2532 2521 2533
f 2532 2533 2544
f 2533 2534 2546
f 2533 2546 2545
f 2534 2535 2547
f 2534 2547 2546
f 2535 2536 2548
f 2535 2548 2547
f 2536 2537 2549
f 2536 2549 2548
f 2537 2538 2550
f 2537 2550 2549
f 2538 2539 2551
f 2538 2551 2550
f 2539 2540 2552
f 2539 2552 2551
f 2540 2541 2553
f 2540 2553 2552
f 2541 2542 2554
f 2541 2554 2553
f 2542 2543 2555
f 2542 2555 2554
f 2543 2544 2556
f 2543 2556 2555
f 2544 2533 2545
f 2544 2545 2556
f 2545 2546 2558
f 2545 2558 2557
f 2546 2547 2559
f 2546 2559 2558
f 2547 2548 2560
f 2547 2560 2559
f 2548 2549 2561
f 2548 2561 2560
f 2549 2550 2562
f 2549 2562 2561
f 2550 2551 2563
f 2550 2563 2562
f 2551 2552 2564
f 2551 2564 2563
f 2552 2553 2565
f 2552 2565 2564
f 2553 2554 2566
f 2553 2566 2565
f 2554 2555 2567
f 2554 2567 2566
f 2555 2556 2568
f 2555 2568 2567
f 2556 2545 2557
f 2556 2557 2568
f 2557 2558 2570
f 2557 2570 2569
f 2558 2559 2571
f 2558 2571 2570
f 2559 2560 2572
f 2559 2572 2571
f 2560 2561 2573
f 2560 2573 2572
f 2561 2562 2574
f 2561 2574 2573
f 2562 2563 2575
f 2562 2575 2574
f 2563 2564 2576
f 2563 2576 2575
f 2564 2565 2577
f 2564 2577 2576
f 2565 2566 2578
f 2565 2578 2577
f 2566 2567 2579
f 2566 2579 2578
f 2567 2568 2580
f 2567 2580 2579
f 2568 2557 2569
f 2568 2569 2580
f 2569 2570 2582
f 2569 2582 2581
f 2570 2571 2583
f 2570 2583 2582
f 2571 2572 2584
f 2571 2584 2583
f 2572 2573 2585
f 2572 2585 2584
f 2573 2574 2586
f 2573 2586 2585
f 2574 2575 2587
f 2574 2587 2586
f 2575 2576 2588
f 2575 2588 2587
f 2576 2577 2589
f 2576 2589 2588
f 2577 2578 2590
f 2577 2590 2589
f 2578 2579 2591
f 2578 2591 2590
f 2579 2580 2592
f 2579 2592 2591
f 2580 2569 2581
f 2580 2581 2592
f 2581 2582 2594
f 2581 2594 2593
f 2582 2583 2595
f 2582 2595 2594
f 2583 2584 2596
f 2583 2596 2595
f 2584 2585 2597
f 2584 2597 2596
f 2585 2586 2598
f 2585 2598 2597
f 2586 2587 2599
f 2586 2599 2598
f 2587 2588 2600
f 2587 2600 2599
f 2588 2589 2601
f 2588 2601 2600
f 2589 2590 2602
f 2589 2602 2601
f 2590 2591 2603
f 2590 2603 2602
f 2591 2592 2604
f 2591 2604 2603
f 2592 2581 2593
f 2592 2593 2604
f 2605 2606 2618
f 2605 2618 2617
f 2606 2607 2619
f 2606 2619 2618
f 2607 2608 2620
f 2607 2620 2619
f 2608 2609 2621
f 2608 2621 2620
f 2609 2610 2622
f 2609 2622 2621
f 2610 2611 2623
f 2610 2623 2622
f 2611 2612 2624
f 2611 2624 2623
f 2612 2613 2625
f 2612 2625 2624
f 2613 2614 2626
f 2613 2626 2625
f 2614 2615 2627
f 2614 2627 2626
f 2615 2616 2628
f 2615 2628 2627
f 2616 2605 2617
f 2616 2617 2628
f 2617 2618 2630
f 2617 2630 2629
f 2618 2619 2631
f 2618 2631 2630
f 2619 2620 2632
f 2619 2632 2631
f 2620 2621 2633
f 2620 2633 2632
f 2621 2622 2634
f 2621 2634 2633
f 2622 2623 2635
f 2622 2635 2634
f 2623 2624 2636
f 2623 2636 2635
f 2624 2625 2637
f 2624 2637 2636
f 2625 2626 2638
f 2625 2638 2637
f 2626 2627 2639
f 2626 2639 2638
f 2627 2628 2640
f 2627 2640 2639
f 2628 2617 2629
f 2628 2629 2640
f 2629 2630 2642
f 2629 2642 2641
f 2630 2631 2643
f 2630 2643 2642
f 2631 2632 2644
f 2631 2644 2643
f 2632 2633 2645
f 2632 2645 2644
f 2633 2634 2646
f 2633 2646 2645
f 2634 2635 2647
f 2634 2647 2646
f 2635 2636 2648
f 2635 2648 2647
f 2636 2637 2649
f 2636 2649 2648
f 2637 2638 2650
f 2637 2650 2649
f 2638 2639 2651
f 2638 2651 2650
f 2639 2640 2652
f 2639 2652 2651
f 2640 2629 2641
f 2640 2641 2652
f 2641 2642 2654
f 2641 2654 2653
f 2642 2643 2655
f 2642 2655 2654
f 2643 2644 2656
f 2643 2656 2655
f 2644 2645 2657
f 2644 2657 2656
f 2645 2646 2658
f 2645 2658 2657
f 2646 2647 2659
f 2646 2659 2658
f 2647 2648 2660
f 2647 2660 2659
f 2648 2649 2661
f 2648 2661 2660
f 2649 2650 2662
f 2649 2662 2661
f 2650 2651 2663
f 2650 2663 2662
f 2651 2652 2664
f 2651 2664 2663
f 2652 2641 2653
f 2652 2653 2664
f 2653 2654 2666
f 2653 2666 2665
f 2654 2655 2667
f 2654 2667 2666
f 2655 2656 2668
f 2655 2668 2667
f 2656 2657 2669
f 2656 2669 2668
f 2657 2658 2670
f 2657 2670 2669
f 2658 2659 2671
f 2658 2671 2670
f 2659 2660 2672
f 2659 2672 2671
f 2660 2661 2673
f 2660 2673 2672
f 2661 2662 2674
f 2661 2674 2673
f 2662 2663 2675
f 2662 2675 2674
f 2663 2664 2676
f 2663 2676 2675
f 2664 2653 2665
f 2664 2665 2676
f 2665 2666 2678
f 2665 2678 2677
f 2666 2667 2679
f 2666 2679 2678
f 2667 2668 2680
f 2667 2680 2679
f 2668 2669 2681
f 2668 2681 2680
f 2669 2670 2682
f 2669 2682 2681
f 2670 2671 2683
f 2670 2683 2682
f 2671 2672 2684
f 2671 2684 2683
f 2672 2673 2685
f 2672 2685 2684
f 2673 2674 2686
f 2673 2686 2685
f 2674 2675 2687
f 2674 2687 2686
f 2675 2676 2688
f 2675 2688 2687
f 2676 2665 2677
f 2676 2677 2688
f 2689 2690 2702
f 2689 2702 2701
f 2690 2691 2703
f 2690 2703 2702
f 2691 2692 2704
f 2691 2704 2703
f 2692 2693 2705
f 2692 2705 2704
f 2693 2694 2706
f 2693 2706 2705
f 2694 2695 2707
f 2694 2707 2706
f 2695 2696 2708
f 2695 2708 2707
f 2696 2697 2709
f 2696 2709 2708
f 2697 2698 2710
f 2697 2710 2709
f 2698 2699 2711
f 2698 2711 2710
f 2699 2700 2712
f 2699 2712 2711
f 2700 2689 2701
f 2700 2701 2712
f 2701 2702 2714
f 2701 2714 2713
f 2702 2703 2715
f 2702 2715 2714
f 2703 2704 2716
f 2703 2716 2715
f 2704 2705 2717
f 2704 2717 2716
f 2705 2706 2718
f 2705 2718 2717
f 2706 2707 2719
f 2706 2719 2718
f 2707 2708 2720
f 2707 2720 2719
f 2708 2709 2721
f 2708 2721 2720
f 2709 2710 2722
f 2709 2722 2721
f 2710 2711 2723
f 2710 2723 2722
f 2711 2712 2724
f 2711 2724 2723
f 2712 2701 2713
f 2712 2713 2724
f 2713 2714 2726
f 2713 2726 2725
f 2714 2715 2727
f 2714 2727 2726
f 2715 2716 2728
f 2715 2728 2727
f 2716 2717 2729
f 2716 2729 2728
f 2717 2718 2730
f 2717 2730 2729
f 2718 2719 2731
f 2718 2731 2730
f 2719 2720 2732
f 2719 2732 2731
f 2720 2721 2733
f 2720 2733 2732
f 2721 2722 2734
f 2721 2734 2733
f 2722 2723 2735
f 2722 2735 2734
f 2723 2724 2736
f 2723 2736 2735
f 2724 2713 2725
f 2724 2725 2736
f 2725 2726 2738
f 2725 2738 2737
f 2726 2727 2739
f 2726 2739 2738
f 2727 2728 2740
f 2727 2740 2739
f 2728 2729 2741
f 2728 2741 2740
f 2729 2730 2742
f 2729 2742 2741
f 2730 2731 2743
f 2730 2743 2742
f 2731 2732 2744
f 2731 2744 2743
f 2732 2733 2745
f 2732 2745 2744
f 2733 2734 2746
f 2733 2746 2745
f 2734 2735 2747
f 2734 2747 2746
f 2735 2736 2748
f 2735 2748 2747
f 2736 2725 2737
f 2736 2737 2748
f 2737 2738 2750
f 2737 2750 2749
f 2738 2739 2751
f 2738 2751 2750
f 2739 2740 2752
f 2739 2752 2751
f 2740 2741 2753
f 2740 2753 2752
f 2741 2742 2754
f 2741 2754 2753
f 2742 2743 2755
f 2742 2755 2754
f 2743 2744 2756
f 2743 2756 2755
f 2744 2745 2757
f 2744 2757 2756
f 2745 2746 2758
f 2745 2758 2757
f 2746 2747 2759
f 2746 2759 2758
f 2747 2748 2760
f 2747 2760 2759
f 2748 2737 2749
f 2748 2749 2760
f 2749 2750 2762
f 2749 2762 2761
f 2750 2751 2763
f 2750 2763 2762
f 2751 2752 2764
f 2751 2764 2763
f 2752 2753 2765
f 2752 2765 2764
f 2753 2754 2766
f 2753 2766 2765
f 2754 2755 2767
f 2754 2767 2766
f 2755 2756 2768
f 2755 2768 2767
f 2756 2757 2769
f 2756 2769 2768
f 2757 2758 2770
f 2757 2770 2769
f 2758 2759 2771
f 2758 2771 2770
f 2759 2760 2772
f 2759 2772 2771
f 2760 2749 2761
f 2760 2761 2772
f 2773 2774 2786
f 2773 2786 2785
f 2774 2775 2787
f 2774 2787 2786
f 2775 2776 2788
f 2775 2788 2787
f 2776 2777 2789
f 2776 2789 2788
f 2777 2778 2790
f 2777 2790 2789
f 2778 2779 2791
f 2778 2791 2790
f 2779 2780 2792
f 2779 2792 2791
f 2780 2781 2793
f 2780 2793 2792
f 2781 2782 2794
f 2781 2794 2793
f 2782 2783 2795
f 2782 2795 2794
f 2783 2784 2796
f 2783 2796 2795
f 2784 2773 2785
f 2784 2785 2796
f 2785 2786 2798
f 2785 2798 2797
f 2786 2787 2799
f 2786 2799 2798
f 2787 2788 2800
f 2787 2800 2799
f 2788 2789 2801
f 2788 2801 2800
f 2789 2790 2802
f 2789 2802 2801
f 2790 2791 2803
f 2790 2803 2802
f 2791 2792 2804
f 2791 2804 2803
f 2792 2793 2805
f 2792 2805 2804
f 2793 2794 2806
f 2793 2806 2805
f 2794 2795 2807
f 2794 2807 2806
f 2795 2796 2808
f 2795 2808 2807
f 2796 2785 2797
f 2796 2797 2808
f 2797 2798 2810
f 2797 2810 2809
f 2798 2799 2811
f 2798 2811 2810
f 2799 2800 2812
f 2799 2812 2811
f 2800 2801 2813
f 2800 2813 2812
f 2801 2802 2814
f 2801 2814 2813
f 2802 2803 2815
f 2802 2815 2814
f 2803 2804 2816
f 2803 2816 2815
f 2804 2805 2817
f 2804 2817 2816
f 2805 2806 2818
f 2805 2818 2817
f 2806 2807 2819
f 2806 2819 2818
f 2807 2808 2820
f 2807 2820 2819
f 2808 2797 2809
f 2808 2809 2820
f 2809 2810 2822
f 2809 2822 2821
f 2810 2811 2823
f 2810 2823 2822
f 2811 2812 2824
f 2811 2824 2823
f 2812 2813 2825
f 2812 2825 2824
f 2813 2814 2826
f 2813 2826 2825
f 2814 2815 2827
f 2814 2827 2826
f 2815 2816 2828
f 2815 2828 2827
f 2816 2817 2829
f 2816 2829 2828
f 2817 2818 2830
f 2817 2830 2829
f 2818 2819 2831
f 2818 2831 2830
f 2819 2820 2832
f 2819 2832 2831
f 2820 2809 2821
f 2820 2821 2832
f 2821 2822 2834
f 2821 2834 2833
f 2822 2823 2835
f 2822 2835 2834
f 2823 2824 2836
f 2823 2836 2835
f 2824 2825 2837
f 2824 2837 2836
f 2825 2826 2838
f 2825 2838 2837
f 2826 2827 2839
f 2826 2839 2838
f 2827 2828 2840
f 2827 2840 2839
f 2828 2829 2841
f 2828 2841 2840
f 2829 2830 2842
f 2829 2842 2841
f 2830 2831 2843
f 2830 2843 2842
f 2831 2832 2844
f 2831 2844 2843
f 2832 2821 2833
f 2832 2833 2844
f 2833 2834 2846
f 2833 2846 2845
f 2834 2835 2847
f 2834 2847 2846
f 2835 2836 2848
f 2835 2848 2847
f 2836 2837 2849
f 2836 2849 2848
f 2837 2838 2850
f 2837 2850 2849
f 2838 2839 2851
f 2838 2851 2850
f 2839 2840 2852
f 2839 2852 2851
f 2840 2841 2853
f 2840 2853 2852
f 2841 2842 2854
f 2841 2854 2853
f 2842 2843 2855
f 2842 2855 2854
f 2843 2844 2856
f 2843 2856 2855
f 2844 2833 2845
f 2844 2845 2856
f 2857 2858 2870
f 2857 2870 2869
f 2858 2859 2871
f 2858 2871 2870
f 2859 2860 2872
f 2859 2872 2871
f 2860 2861 2873
f 2860 2873 2872
f 2861 2862 2874
f 2861 2874 2873
f 2862 2863 2875
f 2862 2875 2874
f 2863 2864 2876
f 2863 2876 2875
f 2864 2865 2877
f 2864 2877 2876
f 2865 2866 2878
f 2865 2878 2877
f 2866 2867 2879
f 2866 2879 2878
f 2867 2868 2880
f 2867 2880 2879
f 2868 2857 2869
f 2868 2869 2880
f 2869 2870 2882
f 2869 2882 2881
f 2870 2871 2883
f 2870 2883 2882
f 2871 2872 2884
f 2871 2884 2883
f 2872 2873 2885
f 2872 2885 2884
f 2873 2874 2886
f 2873 2886 2885
f 2874 2875 2887
f 2874 2887 2886
f 2875 2876 2888
f 2875 2888 2887
f 2876 2877 2889
f 2876 2889 2888
f 2877 2878 2890
f 2877 2890 2889
f 2878 2879 2891
f 2878 2891 2890
f 2879 2880 2892
f 2879 2892 2891
f 2880 2869 2881
f 2880 2881 2892
f 2881 2882 2894
f 2881 2894 2893
f 2882 2883 2895
f 2882 2895 2894
f 2883 2884 2896
f 2883 2896 2895
f 2884 2885 2897
f 2884 2897 2896
f 2885 2886 2898
f 2885 2898 2897
f 2886 2887 2899
f 2886 2899 2898
f 2887 2888 2900
f 2887 2900 2899
f 2888 2889 2901
f 2888 2901 2900
f 2889 2890 2902
f 2889 2902 2901
f 2890 2891 2903
f 2890 2903 2902
f 2891 2892 2904
f 2891 2904 2903
f 2892 2881 2893
f 2892 2893 2904
f 2893 2894 2906
f 2893 2906 2905
f 2894 2895 2907
f 2894 2907 2906
f 2895 2896 2908
f 2895 2908 2907
f 2896 2897 2909
f 2896 2909 2908
f 2897 2898 2910
f 2897 2910 2909
f 2898 2899 2911
f 2898 2911 2910
f 2899 2900 2912
f 2899 2912 2911
f 2900 2901 2913
f 2900 2913 2912
f 2901 2902 2914
f 2901 2914 2913
f 2902 2903 2915
f 2902 2915 2914
f 2903 2904 2916
f 2903 2916 2915
f 2904 2893 2905
f 2904 2905 2916
f 2905 2906 2918
f 2905 2918 2917
f 2906 2907 2919
f 2906 2919 2918
f 2907 2908 2920
f 2907 2920 2919
f 2908 2909 2921
f 2908 2921 2920
f 2909 2910 2922
f 2909 2922 2921
f 2910 2911 2923
f 2910 2923 2922
f 2911 2912 2924
f 2911 2924 2923
f 2912 2913 2925
f 2912 2925 2924
f 2913 2914 2926
f 2913 2926 2925
f 2914 2915 2927
f 2914 2927 2926
f 2915 2916 2928
f 2915 2928 2927
f 2916 2905 2917
f 2916 2917 2928
f 2917 2918 2930
f 2917 2930 2929
f 2918 2919 2931
f 2918 2931 2930
f 2919 2920 2932
f 2919 2932 2931
f 2920 2921 2933
f 2920 2933 2932
f 2921 2922 2934
f 2921 2934 2933
f 2922 2923 2935
f 2922 2935 2934
f 2923 2924 2936
f 2923 2936 2935
f 2924 2925 2937
f 2924 2937 2936
f 2925 2926 2938
f 2925 2938 2937
f 2926 2927 2939
f 2926 2939 2938
f 2927 2928 2940
f 2927 2940 2939
f 2928 2917 2929
f 2928 2929 2940
f 2941 2942 2954
f 2941 2954 2953
f 2942 2943 2955
f 2942 2955 2954
f 2943 2944 2956
f 2943 2956 2955
f 2944 2945 2957
f 2944 2957 2956
f 2945 2946 2958
f 2945 2958 2957
f 2946 2947 2959
f 2946 2959 2958
f 2947 2948 2960
f 2947 2960 2959
f 2948 2949 2961
f 2948 2961 2960
f 2949 2950 2962
f 2949 2962 2961
f 2950 2951 2963
f 2950 2963 2962
f 2951 2952 2964
f 2951 2964 2963
f 2952 2941 2953
f 2952 2953 2964
f 2953 2954 2966
f 2953 2966 2965
f 2954 2955 2967
f 2954 2967 2966
f 2955 2956 2968
f 2955 2968 2967
f 2956 2957 2969
f 2956 2969 2968
f 2957 2958 2970
f 2957 2970 2969
f 2958 2959 2971
f 2958 2971 2970
f 2959 2960 2972
f 2959 2972 2971
f 2960 2961 2973
f 2960 2973 2972
f 2961 2962 2974
f 2961 2974 2973
f 2962 2963 2975
f 2962 2975 2974
f 2963 2964 2976
f 2963 2976 2975
f 2964 2953 2965
f 2964 2965 2976
f 2965 2966 2978
f 2965 2978 2977
f 2966 2967 2979
f 2966 2979 2978
f 2967 2968 2980
f 2967 2980 2979
f 2968 2969 2981
f 2968 2981 2980
f 2969 2970 2982
f 2969 2982 2981
f 2970 2971 2983
f 2970 2983 2982
f 2971 2972 2984
f 2971 2984 2983
f 2972 2973 2985
f 2972 2985 2984
f 2973 2974 2986
f 2973 2986 2985
f 2974 2975 2987
f 2974 2987 2986
f 2975 2976 2988
f 2975 2988 2987
f 2976 2965 2977
f 2976 2977 2988
f 2977 2978 2990
f 2977 2990 2989
f 2978 2979 2991
f 2978 2991 2990
f 2979 2980 2992
f 2979 2992 2991
f 2980 2981 2993
f 2980 2993 2992
f 2981 2982 2994
f 2981 2994 2993
f 2982 2983 2995
f 2982 2995 2994
f 2983 2984 2996
f 2983 2996 2995
f 2984 2985 2997
f 2984 2997 2996
f 2985 2986 2998
f 2985 2998 2997
f 2986 2987 2999
f 2986 2999 2998
f 2987 2988 3000
f 2987 3000 2999
f 2988 2977 2989
f 2988 2989 3000
f 2989 2990 3002
f 2989 3002 3001
f 2990 2991 3003
f 2990 3003 3002
f 2991 2992 3004
f 2991 3004 3003
f 2992 2993 3005
f 2992 3005 3004
f 2993 2994 3006
f 2993 3006 3005
f 2994 2995 3007
f 2994 3007 3006
f 2995 2996 3008
f 2995 3008 3007
f 2996 2997 3009
f 2996 3009 3008
f 2997 2998 3010
f 2997 3010 3009
f 2998 2999 3011
f 2998 3011 3010
f 2999 3000 3012
f 2999 3012 3011
f 3000 2989 3001
f 3000 3001 3012
f 3001 3002 3014
f 3001 3014 3013
f 3002 3003 3015
f 3002 3015 3014
f 3003 3004 3016
f 3003 3016 3015
f 3004 3005 3017
f 3004 3017 3016
f 3005 3006 3018
f 3005 3018 3017
f 3006 3007 3019
f 3006 3019 3018
f 3007 3008 3020
f 3007 3020 3019
f 3008 3009 3021
f 3008 3021 3020
f 3009 3010 3022
f 3009 3022 3021
f 3010 3011 3023
f 3010 3023 3022
f 3011 3012 3024
f 3011 3024 3023
f 3012 3001 3013
f 3012 3013 3024
f 3025 3026 3038
f 3025 3038 3037
f 3026 3027 3039
f 3026 3039 3038
f 3027 3028 3040
f 3027 3040 3039
f 3028 3029 3041
f 3028 3041 3040
f 3029 3030 3042
f 3029 3042 3041
f 3030 3031 3043
f 3030 3043 3042
f 3031 3032 3044
f 3031 3044 3043
f 3032 3033 3045
f 3032 3045 3044
f 3033 3034 3046
f 3033 3046 3045
f 3034 3035 3047
f 3034 3047 3046
f 3035 3036 3048
f 3035 3048 3047
f 3036 3025 3037
f 3036 3037 3048
f 3037 3038 3050
f 3037 3050 3049
f 3038 3039 3051
f 3038 3051 3050
f 3039 3040 3052
f 3039 3052 3051
f 3040 3041 3053
f 3040 3053 3052
f 3041 3042 3054
f 3041 3054 3053
f 3042 3043 3055
f 3042 3055 3054
f 3043 3044 3056
f 3043 3056 3055
f 3044 3045 3057
f 3044 3057 3056
f 3045 3046 3058
f 3045 3058 3057
f 3046 3047 3059
f 3046 3059 3058
f 3047 3048 3060
f 3047 3060 3059
f 3048 3037 3049
f 3048 3049 3060
f 3049 3050 3062
f 3049 3062 3061
f 3050 3051 3063
f 3050 3063 3062
f 3051 3052 3064
f 3051 3064 3063
f 3052 3053 3065
f 3052 3065 3064
f 3053 3054 3066
f 3053 3066 3065
f 3054 3055 3067
f 3054 3067 3066
f 3055 3056 3068
f 3055 3068 3067
f 3056 3057 3069
f 3056 3069 3068
f 3057 3058 3070
f 3057 3070 3069
f 3058 3059 3071
f 3058 3071 3070
f 3059 3060 3072
f 3059 3072 3071
f 3060 3049 3061
f 3060 3061 3072
f 3061 3062 3074
f 3061 3074 3073
f 3062 3063 3075
f 3062 3075 3074
f 3063 3064 3076
f 3063 3076 3075
f 3064 3065 3077
f 3064 3077 3076
f 3065 3066 3078
f 3065 3078 3077
f 3066 3067 3079
f 3066 3079 3078
f 3067 3068 3080
f 3067 3080 3079
f 3068 3069 3081
f 3068 3081 3080
f 3069 3070 3082
f 3069 3082 3081
f 3070 3071 3083
f 3070 3083 3082
f 3071 3072 3084
f 3071 3084 3083
f 3072 3061 3073
f 3072 3073 3084
f 3073 3074 3086
f 3073 3086 3085
f 3074 3075 3087
f 3074 3087 3086
f 3075 3076 3088
f 3075 3088 3087
f 3076 3077 3089
f 3076 3089 3088
f 3077 3078 3090
f 3077 3090 3089
f 3078 3079 3091
f 3078 3091 3090
f 3079 3080 3092
f 3079 3092 3091
f 3080 3081 3093
f 3080 3093 3092
f 3081 3082 3094
f 3081 3094 3093
f 3082 3083 3095
f 3082 3095 3094
f 3083 3084 3096
f 3083 3096 3095
f 3084 3073 3085
f 3084 3085 3096
f 3085 3086 3098
f 3085 3098 3097
f 3086 3087 3099
f 3086 3099 3098
f 3087 3088 3100
f 3087 3100 3099
f 3088 3089 3101
f 3088 3101 3100
f 3089 3090 3102
f 3089 3102 3101
f 3090 3091 3103
f 3090 3103 3102
f 3091 3092 3104
f 3091 3104 3103
f 3092 3093 3105
f 3092 3105 3104
f 3093 3094 3106
f 3093 3106 3105
f 3094 3095 3107
f 3094 3107 3106
f 3095 3096 3108
f 3095 3108 3107
f 3096 3085 3097
f 3096 3097 3108
f 3109 3110 3122
f 3109 3122 3121
f 3110 3111 3123
f 3110 3123 3122
f 3111 3112 3124
f 3111 3124 3123
f 3112 3113 3125
f 3112 3125 3124
f 3113 3114 3126
f 3113 3126 3125
f 3114 3115 3127
f 3114 3127 3126
f 3115 3116 3128
f 3115 3128 3127
f 3116 3117 3129
f 3116 3129 3128
f 3117 3118 3130
f 3117 3130 3129
f 3118 3119 3131
f 3118 3131 3130
f 3119 3120 3132
f 3119 3132 3131
f 3120 3109 3121
f 3120 3121 3132
f 3121 3122 3134
f 3121 3134 3133
f 3122 3123 3135
f 3122 3135 3134
f 3123 3124 3136
f 3123 3136 3135
f 3124 3125 3137
f 3124 3137 3136
f 3125 3126 3138
f 3125 3138 3137
f 3126 3127 3139
f 3126 3139 3138
f 3127 3128 3140
f 3127 3140 3139
f 3128 3129 3141
f 3128 3141 3140
f 3129 3130 3142
f 3129 3142 3141
f 3130 3131 3143
f 3130 3143 3142
f 3131 3132 3144
f 3131 3144 3143
f 3132 3121 3133
f 3132 3133 3144
f 3133 3134 3146
f 3133 3146 3145
f 3134 3135 3147
f 3134 3147 3146
f 3135 3136 3148
f 3135 3148 3147
f 3136 3137 3149
f 3136 3149 3148
f 3137 3138 3150
f 3137 3150 3149
f 3138 3139 3151
f 3138 3151 3150
f 3139 3140 3152
f 3139 3152 3151
f 3140 3141 3153
f 3140 3153 3152
f 3141 3142 3154
f 3141 3154 3153
f 3142 3143 3155
f 3142 3155 3154
f 3143 3144 3156
f 3143 3156 3155
f 3144 3133 3145
f 3144 3145 3156
f 3145 3146 3158
f 3145 3158 3157
f 3146 3147 3159
f 3146 3159 3158
f 3147 3148 3160
f 3147 3160 3159
f 3148 3149 3161
f 3148 3161 3160
f 3149 3150 3162
f 3149 3162 3161
f 3150 3151 3163
f 3150 3163 3162
f 3151 3152 3164
f 3151 3164 3163
f 3152 3153 3165
f 3152 3165 3164
f 3153 3154 3166
f 3153 3166 3165
f 3154 3155 3167
f 3154 3167 3166
f 3155 3156 3168
f 3155 3168 3167
f 3156 3145 3157
f 3156 3157 3168
f 3157 3158 3170
f 3157 3170 3169
f 3158 3159 3171
f 3158 3171 3170
f 3159 3160 3172
f 3159 3172 3171
f 3160 3161 3173
f 3160 3173 3172
f 3161 3162 3174
f 3161 3174 3173
f 3162 3163 3175
f 3162 3175 3174
f 3163 3164 3176
f 3163 3176 3175
f 3164 3165 3177
f 3164 3177 3176
f 3165 3166 3178
f 3165 3178 3177
f 3166 3167 3179
f 3166 3179 3178
f 3167 3168 3180
f 3167 3180 3179
f 3168 3157 3169
f 3168 3169 3180
f 3169 3170 3182
f 3169 3182 3181
f 3170 3171 3183
f 3170 3183 3182
f 3171 3172 3184
f 3171 3184 3183
f 3172 3173 3185
f 3172 3185 3184
f 3173 3174 3186
f 3173 3186 3185
f 3174 3175 3187
f 3174 3187 3186
f 3175 3176 3188
f 3175 3188 3187
f 3176 3177 3189
f 3176 3189 3188
f 3177 3178 3190
f 3177 3190 3189
f 3178 3179 3191
f 3178 3191 3190
f 3179 3180 3192
f 3179 3192 3191
f 3180 3169 3181
f 3180 3181 3192
f 3193 3194 3206
f 3193 3206 3205
f 3194 3195 3207
f 3194 3207 3206
f 3195 3196 3208
f 3195 3208 3207
f 3196 3197 3209
f 3196 3209 3208
f 3197 3198 3210
f 3197 3210 3209
f 3198 3199 3211
f 3198 3211 3210
f 3199 3200 3212
f 3199 3212 3211
f 3200 3201 3213
f 3200 3213 3212
f 3201 3202 3214
f 3201 3214 3213
f 3202 3203 3215
f 3202 3215 3214
f 3203 3204 3216
f 3203 3216 3215
f 3204 3193 3205
f 3204 3205 3216
f 3205 3206 3218
f 3205 3218 3217
f 3206 3207 3219
f 3206 3219 3218
f 3207 3208 3220
f 3207 3220 3219
f 3208 3209 3221
f 3208 3221 3220
f 3209 3210 3222
f 3209 3222 3221
f 3210 3211 3223
f 3210 3223 3222
f 3211 3212 3224
f 3211 3224 3223
f 3212 3213 3225
f 3212 3225 3224
f 3213 3214 3226
f 3213 3226 3225
f 3214 3215 3227
f 3214 3227 3226
f 3215 3216 3228
f 3215 3228 3227
f 3216 3205 3217
f 3216 3217 3228
f 3217 3218 3230
f 3217 3230 3229
f 3218 3219 3231
f 3218 3231 3230
f 3219 3220 3232
f 3219 3232 3231
f 3220 3221 3233
f 3220 3233 3232
f 3221 3222 3234
f 3221 3234 3233
f 3222 3223 3235
f 3222 3235 3234
f 3223 3224 3236
f 3223 3236 3235
f 3224 3225 3237
f 3224 3237 3236
f 3225 3226 3238
f 3225 3238 3237
f 3226 3227 3239
f 3226 3239 3238
f 3227 3228 3240
f 3227 3240 3239
f 3228 3217 3229
f 3228 3229 3240
f 3229 3230 3242
f 3229 3242 3241
f 3230 3231 3243
f 3230 3243 3242
f 3231 3232 3244
f 3231 3244 3243
f 3232 3233 3245
f 3232 3245 3244
f 3233 3234 3246
f 3233 3246 3245
f 3234 3235 3247
f 3234 3247 3246
f 3235 3236 3248
f 3235 3248 3247
f 3236 3237 3249
f 3236 3249 3248
f 3237 3238 3250
f 3237 3250 3249
f 3238 3239 3251
f 3238 3251 3250
f 3239 3240 3252
f 3239 3252 3251
f 3240 3229 3241
f 3240 3241 3252
f 3241 3242 3254
f 3241 3254 3253
f 3242 3243 3255
f 3242 3255 3254
f 3243 3244 3256
f 3243 3256 3255
f 3244 3245 3257
f 3244 3257 3256
f 3245 3246 3258
f 3245 3258 3257
f 3246 3247 3259
f 3246 3259 3258
f 3247 3248 3260
f 3247 3260 3259
f 3248 3249 3261
f 3248 3261 3260
f 3249 3250 3262
f 3249 3262 3261
f 3250 3251 3263
f 3250 3263 3262
f 3251 3252 3264
f 3251 3264 3263
f 3252 3241 3253
f 3252 3253 3264
f 3253 3254 3266
f 3253 3266 3265
f 3254 3255 3267
f 3254 3267 3266
f 3255 3256 3268
f 3255 3268 3267
f 3256 3257 3269
f 3256 3269 3268
f 3257 3258 3270
f 3257 3270 3269
f 3258 3259 3271
f 3258 3271 3270
f 3259 3260 3272
f 3259 3272 3271
f 3260 3261 3273
f 3260 3273 3272
f 3261 3262 3274
f 3261 3274 3273
f 3262 3263 3275
f 3262 3275 3274
f 3263 3264 3276
f 3263 3276 3275
f 3264 3253 3265
f 3264 3265 3276
f 3277 3278 3290
f 3277 3290 3289
f 3278 3279 3291
f 3278 3291 3290
f 3279 3280 3292
f 3279 3292 3291
f 3280 3281 3293
f 3280 3293 3292
f 3281 3282 3294
f 3281 3294 3293
f 3282 3283 3295
f 3282 3295 3294
f 3283 3284 3296
f 3283 3296 3295
f 3284 3285 3297
f 3284 3297 3296
f 3285 3286 3298
f 3285 3298 3297
f 3286 3287 3299
f 3286 3299 3298
f 3287 3288 3300
f 3287 3300 3299
f 3288 3277 3289
f 3288 3289 3300
f 3289 3290 3302
f 3289 3302 3301
f 3290 3291 3303
f 3290 3303 3302
f 3291 3292 3304
f 3291 3304 3303
f 3292 3293 3305
f 3292 3305 3304
f 3293 3294 3306
f 3293 3306 3305
f 3294 3295 3307
f 3294 3307 3306
f 3295 3296 3308
f 3295 3308 3307
f 3296 3297 3309
f 3296 3309 3308
f 3297 3298 3310
f 3297 3310 3309
f 3298 3299 3311
f 3298 3311 3310
f 3299 3300 3312
f 3299 3312 3311
f 3300 3289 3301
f 3300 3301 3312
f 3301 3302 3314
f 3301 3314 3313
f 3302 3303 3315
f 3302 3315 3314
f 3303 3304 3316
f 3303 3316 3315
f 3304 3305 3317
f 3304 3317 3316
f 3305 3306 3318
f 3305 3318 3317
f 3306 3307 3319
f 3306 3319 3318
f 3307 3308 3320
f 3307 3320 3319
f 3308 3309 3321
f 3308 3321 3320
f 3309 3310 3322
f 3309 3322 3321
f 3310 3311 3323
f 3310 3323 3322
f 3311 3312 3324
f 3311 3324 3323
f 3312 3301 3313
f 3312 3313 3324
f 3313 3314 3326
f 3313 3326 3325
f 3314 3315 3327
f 3314 3327 3326
f 3315 3316 3328
f 3315 3328 3327
f 3316 3317 3329
f 3316 3329 3328
f 3317 3318 3330
f 3317 3330 3329
f 3318 3319 3331
f 3318 3331 3330
f 3319 3320 3332
f 3319 3332 3331
f 3320 3321 3333
f 3320 3333 3332
f 3321 3322 3334
f 3321 3334 3333
f 3322 3323 3335
f 3322 3335 3334
f 3323 3324 3336
f 3323 3336 3335
f 3324 3313 3325
f 3324 3325 3336
f 3325 3326 3338
f 3325 3338 3337
f 3326 3327 3339
f 3326 3339 3338
f 3327 3328 3340
f 3327 3340 3339
f 3328 3329 3341
f 3328 3341 3340
f 3329 3330 3342
f 3329 3342 3341
f 3330 3331 3343
f 3330 3343 3342
f 3331 3332 3344
f 3331 3344 3343
f 3332 3333 3345
f 3332 3345 3344
f 3333 3334 3346
f 3333 3346 3345
f 3334 3335 3347
f 3334 3347 3346
f 3335 3336 3348
f 3335 3348 3347
f 3336 3325 3337
f 3336 3337 3348
f 3337 3338 3350
f 3337 3350 3349
f 3338 3339 3351
f 3338 3351 3350
f 3339 3340 3352
f 3339 3352 3351
f 3340 3341 3353
f 3340 3353 3352
f 3341 3342 3354
f 3341 3354 3353
f 3342 3343 3355
f 3342 3355 3354
f 3343 3344 3356
f 3343 3356 3355
f 3344 3345 3357
f 3344 3357 3356
f 3345 3346 3358
f 3345 3358 3357
f 3346 3347 3359
f 3346 3359 3358
f 3347 3348 3360
f 3347 3360 3359
f 3348 3337 3349
f 3348 3349 3360
f 3361 3362 3374
f 3361 3374 3373
f 3362 3363 3375
f 3362 3375 3374
f 3363 3364 3376
f 3363 3376 3375
f 3364 3365 3377
f 3364 3377 3376
f 3365 3366 3378
f 3365 3378 3377
f 3366 3367 3379
f 3366 3379 3378
f 3367 3368 3380
f 3367 3380 3379
f 3368 3369 3381
f 3368 3381 3380
f 3369 3370 3382
f 3369 3382 3381
f 3370 3371 3383
f 3370 3383 3382
f 3371 3372 3384
f 3371 3384 3383
f 3372 3361 3373
f 3372 3373 3384
f 3373 3374 3386
f 3373 3386 3385
f 3374 3375 3387
f 3374 3387 3386
f 3375 3376 3388
f 3375 3388 3387
f 3376 3377 3389
f 3376 3389 3388
f 3377 3378 3390
f 3377 3390 3389
f 3378 3379 3391
f 3378 3391 3390
f 3379 3380 3392
f 3379 3392 3391
f 3380 3381 3393
f 3380 3393 3392
f 3381 3382 3394
f 3381 3394 3393
f 3382 3383 3395
f 3382 3395 3394
f 3383 3384 3396
f 3383 3396 3395
f 3384 3373 3385
f 3384 3385 3396
f 3385 3386 3398
f 3385 3398 3397
f 3386 3387 3399
f 3386 3399 3398
f 3387 3388 3400
f 3387 3400 3399
f 3388 3389 3401
f 3388 3401 3400
f 3389 3390 3402
f 3389 3402 3401
f 3390 3391 3403
f 3390 3403 3402
f 3391 3392 3404
f 3391 3404 3403
f 3392 3393 3405
f 3392 3405 3404
f 3393 3394 3406
f 3393 3406 3405
f 3394 3395 3407
f 3394 3407 3406
f 3395 3396 3408
f 3395 3408 3407
f 3396 3385 3397
f 3396 3397 3408
f 3397 3398 3410
f 3397 3410 3409
f 3398 3399 3411
f 3398 3411 3410
f 3399 3400 3412
f 3399 3412 3411
f 3400 3401 3413
f 3400 3413 3412
f 3401 3402 3414
f 3401 3414 3413
f 3402 3403 3415
f 3402 3415 3414
f 3403 3404 3416
f 3403 3416 3415
f 3404 3405 3417
f 3404 3417 3416
f 3405 3406 3418
f 3405 3418 3417
f 3406 3407 3419
f 3406 3419 3418
f 3407 3408 3420
f 3407 3420 3419
f 3408 3397 3409
f 3408 3409 3420
f 3409 3410 3422
f 3409 3422 3421
f 3410 3411 3423
f 3410 3423 3422
f 3411 3412 3424
f 3411 3424 3423
f 3412 3413 3425
f 3412 3425 3424
f 3413 3414 3426
f 3413 3426 3425
f 3414 3415 3427
f 3414 3427 3426
f 3415 3416 3428
f 3415 3428 3427
f 3416 3417 3429
f 3416 3429 3428
f 3417 3418 3430
f 3417 3430 3429
f 3418 3419 3431
f 3418 3431 3430
f 3419 3420 3432
f 3419 3432 3431
f 3420 3409 3421
f 3420 3421 3432
f 3421 3422 3434
f 3421 3434 3433
f 3422 3423 3435
f 3422 3435 3434
f 3423 3424 3436
f 3423 3436 3435
f 3424 3425 3437
f 3424 3437 3436
f 3425 3426 3438
f 3425 3438 3437
f 3426 3427 3439
f 3426 3439 3438
f 3427 3428 3440
f 3427 3440 3439
f 3428 3429 3441
f 3428 3441 3440
f 3429 3430 3442
f 3429 3442 3441
f 3430 3431 3443
f 3430 3443 3442
f 3431 3432 3444
f 3431 3444 3443
f 3432 3421 3433
f 3432 3433 3444
f 3445 3446 3458
f 3445 3458 3457
f 3446 3447 3459
f 3446 3459 3458
f 3447 3448 3460
f 3447 3460 3459
f 3448 3449 3461
f 3448 3461 3460
f 3449 3450 3462
f 3449 3462 3461
f 3450 3451 3463
f 3450 3463 3462
f 3451 3452 3464
f 3451 3464 3463
f 3452 3453 3465
f 3452 3465 3464
f 3453 3454 3466
f 3453 3466 3465
f 3454 3455 3467
f 3454 3467 3466
f 3455 3456 3468
f 3455 3468 3467
f 3456 3445 3457
f 3456 3457 3468
f 3457 3458 3470
f 3457 3470 3469
f 3458 3459 3471
f 3458 3471 3470
f 3459 3460 3472
f 3459 3472 3471
f 3460 3461 3473
f 3460 3473 3472
f 3461 3462 3474
f 3461 3474 3473
f 3462 3463 3475
f 3462 3475 3474
f 3463 3464 3476
f 3463 3476 3475
f 3464 3465 3477
f 3464 3477 3476
f 3465 3466 3478
f 3465 3478 3477
f 3466 3467 3479
f 3466 3479 3478
f 3467 3468 3480
f 3467 3480 3479
f 3468 3457 3469
f 3468 3469 3480
f 3469 3470 3482
f 3469 3482 3481
f 3470 3471 3483
f 3470 3483 3482
f 3471 3472 3484
f 3471 3484 3483
f 3472 3473 3485
f 3472 3485 3484
f 3473 3474 3486
f 3473 3486 3485
f 3474 3475 3487
f 3474 3487 3486
f 3475 3476 3488
f 3475 3488 3487
f 3476 3477 3489
f 3476 3489 3488
f 3477 3478 3490
f 3477 3490 3489
f 3478 3479 3491
f 3478 3491 3490
f 3479 3480 3492
f 3479 3492 3491
f 3480 3469 3481
f 3480 3481 3492
f 3481 3482 3494
f 3481 3494 3493
f 3482 3483 3495
f 3482 3495 3494
f 3483 3484 3496
f 3483 3496 3495
f 3484 3485 3497
f 3484 3497 3496
f 3485 3486 3498
f 3485 3498 3497
f 3486 3487 3499
f 3486 3499 3498
f 3487 3488 3500
f 3487 3500 3499
f 3488 3489 3501
f 3488 3501 3500
f 3489 3490 3502
f 3489 3502 3501
f 3490 3491 3503
f 3490 3503 3502
f 3491 3492 3504
f 3491 3504 3503
f 3492 3481 3493
f 3492 3493 3504
f 3493 3494 3506
f 3493 3506 3505
f 3494 3495 3507
f 3494 3507 3506
f 3495 3496 3508
f 3495 3508 3507
f 3496 3497 3509
f 3496 3509 3508
f 3497 3498 3510
f 3497 3510 3509
f 3498 3499 3511
f 3498 3511 3510
f 3499 3500 3512
f 3499 3512 3511
f 3500 3501 3513
f 3500 3513 3512
f 3501 3502 3514
f 3501 3514 3513
f 3502 3503 3515
f 3502 3515 3514
f 3503 3504 3516
f 3503 3516 3515
f 3504 3493 3505
f 3504 3505 3516
f 3505 3506 3518
f 3505 3518 3517
f 3506 3507 3519
f 3506 3519 3518
f 3507 3508 3520
f 3507 3520 3519
f 3508 3509 3521
f 3508 3521 3520
f 3509 3510 3522
f 3509 3522 3521
f 3510 3511 3523
f 3510 3523 3522
f 3511 3512 3524
f 3511 3524 3523
f 3512 3513 3525
f 3512 3525 3524
f 3513 3514 3526
f 3513 3526 3525
f 3514 3515 3527
f 3514 3527 3526
f 3515 3516 3528
f 3515 3528 3527
f 3516 3505 3517
f 3516 3517 3528
f 3529 3530 3542
f 3529 3542 3541
f 3530 3531 3543
f 3530 3543 3542
f 3531 3532 3544
f 3531 3544 3543
f 3532 3533 3545
f 3532 3545 3544
f 3533 3534 3546
f 3533 3546 3545
f 3534 3535 3547
f 3534 3547 3546
f 3535 3536 3548
f 3535 3548 3547
f 3536 3537 3549
f 3536 3549 3548
f 3537 3538 3550
f 3537 3550 3549
f 3538 3539 3551
f 3538 3551 3550
f 3539 3540 3552
f 3539 3552 3551
f 3540 3529 3541
f 3540 3541 3552
f 3541 3542 3554
f 3541 3554 3553
f 3542 3543 3555
f 3542 3555 3554
f 3543 3544 3556
f 3543 3556 3555
f 3544 3545 3557
f 3544 3557 3556
f 3545 3546 3558
f 3545 3558 3557
f 3546 3547 3559
f 3546 3559 3558
f 3547 3548 3560
f 3547 3560 3559
f 3548 3549 3561
f 3548 3561 3560
f 3549 3550 3562
f 3549 3562 3561
f 3550 3551 3563
f 3550 3563 3562
f 3551 3552 3564
f 3551 3564 3563
f 3552 3541 3553
f 3552 3553 3564
f 3553 3554 3566
f 3553 3566 3565
f 3554 3555 3567
f 3554 3567 3566
f 3555 3556 3568
f 3555 3568 3567
f 3556 3557 3569
f 3556 3569 3568
f 3557 3558 3570
f 3557 3570 3569
f 3558 3559 3571
f 3558 3571 3570
f 3559 3560 3572
f 3559 3572 3571
f 3560 3561 3573
f 3560 3573 3572
f 3561 3562 3574
f 3561 3574 3573
f 3562 3563 3575
f 3562 3575 3574
f 3563 3564 3576
f 3563 3576 3575
f 3564 3553 3565
f 3564 3565 3576
f 3565 3566 3578
f 3565 3578 3577
f 3566 3567 3579
f 3566 3579 3578
f 3567 3568 3580
f 3567 3580 3579
f 3568 3569 3581
f 3568 3581 3580
f 3569 3570 3582
f 3569 3582 3581
f 3570 3571 3583
f 3570 3583 3582
f 3571 3572 3584
f 3571 3584 3583
f 3572 3573 3585
f 3572 3585 3584
f 3573 3574 3586
f 3573 3586 3585
f 3574 3575 3587
f 3574 3587 3586
f 3575 3576 3588
f 3575 3588 3587
f 3576 3565 3577
f 3576 3577 3588
f 3577 3578 3590
f 3577 3590 3589
f 3578 3579 3591
f 3578 3591 3590
f 3579 3580 3592
f 3579 3592 3591
f 3580 3581 3593
f 3580 3593 3592
f 3581 3582 3594
f 3581 3594 3593
f 3582 3583 3595
f 3582 3595 3594
f 3583 3584 3596
f 3583 3596 3595
f 3584 3585 3597
f 3584 3597 3596
f 3585 3586 3598
f 3585 3598 3597
f 3586 3587 3599
f 3586 3599 3598
f 3587 3588 3600
f 3587 3600 3599
f 3588 3577 3589
f 3588 3589 3600
f 3589 3590 3602
f 3589 3602 3601
f 3590 3591 3603
f 3590 3603 3602
f 3591 3592 3604
f 3591 3604 3603
f 3592 3593 3605
f 3592 3605 3604
f 3593 3594 3606
f 3593 3606 3605
f 3594 3595 3607
f 3594 3607 3606
f 3595 3596 3608
f 3595 3608 3607
f 3596 3597 3609
f 3596 3609 3608
f 3597 3598 3610
f 3597 3610 3609
f 3598 3599 3611
f 3598 3611 3610
f 3599 3600 3612
f 3599 3612 3611
f 3600 3589 3601
f 3600 3601 3612
f 3613 3614 3626
f 3613 3626 3625
f 3614 3615 3627
f 3614 3627 3626
f 3615 3616 3628
f 3615 3628 3627
f 3616 3617 3629
f 3616 3629 3628
f 3617 3618 3630
f 3617 3630 3629
f 3618 3619 3631
f 3618 3631 3630
f 3619 3620 3632
f 3619 3632 3631
f 3620 3621 3633
f 3620 3633 3632
f 3621 3622 3634
f 3621 3634 3633
f 3622 3623 3635
f 3622 3635 3634
f 3623 3624 3636
f 3623 3636 3635
f 3624 3613 3625
f 3624 3625 3636
f 3625 3626 3638
f 3625 3638 3637
f 3626 3627 3639
f 3626 3639 3638
f 3627 3628 3640
f 3627 3640 3639
f 3628 3629 3641
f 3628 3641 3640
f 3629 3630 3642
f 3629 3642 3641
f 3630 3631 3643
f 3630 3643 3642
f 3631 3632 3644
f 3631 3644 3643
f 3632 3633 3645
f 3632 3645 3644
f 3633 3634 3646
f 3633 3646 3645
f 3634 3635 3647
f 3634 3647 3646
f 3635 3636 3648
f 3635 3648 3647
f 3636 3625 3637
f 3636 3637 3648
f 3637 3638 3650
f 3637 3650 3649
f 3638 3639 3651
f 3638 3651 3650
f 3639 3640 3652
f 3639 3652 3651
f 3640 3641 3653
f 3640 3653 3652
f 3641 3642 3654
f 3641 3654 3653
f 3642 3643 3655
f 3642 3655 3654
f 3643 3644 3656
f 3643 3656 3655
f 3644 3645 3657
f 3644 3657 3656
f 3645 3646 3658
f 3645 3658 3657
f 3646 3647 3659
f 3646 3659 3658
f 3647 3648 3660
f 3647 3660 3659
f 3648 3637 3649
f 3648 3649 3660
f 3649 3650 3662
f 3649 3662 3661
f 3650 3651 3663
f 3650 3663 3662
f 3651 3652 3664
f 3651 3664 3663
f 3652 3653 3665
f 3652 3665 3664
f 3653 3654 3666
f 3653 3666 3665
f 3654 3655 3667
f 3654 3667 3666
f 3655 3656 3668
f 3655 3668 3667
f 3656 3657 3669
f 3656 3669 3668
f 3657 3658 3670
f 3657 3670 3669
f 3658 3659 3671
f 3658 3671 3670
f 3659 3660 3672
f 3659 3672 3671
f 3660 3649 3661
f 3660 3661 3672
f 3661 3662 3674
f 3661 3674 3673
f 3662 3663 3675
f 3662 3675 3674
f 3663 3664 3676
f 3663 3676 3675
f 3664 3665 3677
f 3664 3677 3676
f 3665 3666 3678
f 3665 3678 3677
f 3666 3667 3679
f 3666 3679 3678
f 3667 3668 3680
f 3667 3680 3679
f 3668 3669 3681
f 3668 3681 3680
f 3669 3670 3682
f 3669 3682 3681
f 3670 3671 3683
f 3670 3683 3682
f 3671 3672 3684
f 3671 3684 3683
f 3672 3661 3673
f 3672 3673 3684
f 3673 3674 3686
f 3673 3686 3685
f 3674 3675 3687
f 3674 3687 3686
f 3675 3676 3688
f 3675 3688 3687
f 3676 3677 3689
f 3676 3689 3688
f 3677 3678 3690
f 3677 3690 3689
f 3678 3679 3691
f 3678 3691 3690
f 3679 3680 3692
f 3679 3692 3691
f 3680 3681 3693
f 3680 3693 3692
f 3681 3682 3694
f 3681 3694 3693
f 3682 3683 3695
f 3682 3695 3694
f 3683 3684 3696
f 3683 3696 3695
f 3684 3673 3685
f 3684 3685 3696
f 3697 3699 3700
f 3697 3700 3698
f 3699 3701 3702
f 3699 3702 3700
f 3701 3703 3704
f 3701 3704 3702
f 3703 3705 3706
f 3703 3706 3704
f 3705 3707 3708
f 3705 3708 3706
f 3707 3709 3710
f 3707 3710 3708
f 3709 3711 3712
f 3709 3712 3710
f 3711 3713 3714
f 3711 3714 3712
f 3713 3715 3716
f 3713 3716 3714
f 3715 3717 3718
f 3715 3718 3716
f 3717 3719 3720
f 3717 3720 3718
f 3719 3721 3722
f 3719 3722 3720
f 3721 3723 3724
f 3721 3724 3722
f 3723 3697 3698
f 3723 3698 3724
f 3725 3726 3738
f 3725 3738 3737
f 3726 3727 3739
f 3726 3739 3738
f 3727 3728 3740
f 3727 3740 3739
f 3728 3729 3741
f 3728 3741 3740
f 3729 3730 3742
f 3729 3742 3741
f 3730 3731 3743
f 3730 3743 3742
f 3731 3732 3744
f 3731 3744 3743
f 3732 3733 3745
f 3732 3745 3744
f 3733 3734 3746
f 3733 3746 3745
f 3734 3735 3747
f 3734 3747 3746
f 3735 3736 3748
f 3735 3748 3747
f 3736 3725 3737
f 3736 3737 3748
f 3737 3738 3750
f 3737 3750 3749
f 3738 3739 3751
f 3738 3751 3750
f 3739 3740 3752
f 3739 3752 3751
f 3740 3741 3753
f 3740 3753 3752
f 3741 3742 3754
f 3741 3754 3753
f 3742 3743 3755
f 3742 3755 3754
f 3743 3744 3756
f 3743 3756 3755
f 3744 3745 3757
f 3744 3757 3756
f 3745 3746 3758
f 3745 3758 3757
f 3746 3747 3759
f 3746 3759 3758
f 3747 3748 3760
f 3747 3760 3759
f 3748 3737 3749
f 3748 3749 3760
f 3749 3750 3762
f 3749 3762 3761
f 3750 3751 3763
f 3750 3763 3762
f 3751 3752 3764
f 3751 3764 3763
f 3752 3753 3765
f 3752 3765 3764
f 3753 3754 3766
f 3753 3766 3765
f 3754 3755 3767
f 3754 3767 3766
f 3755 3756 3768
f 3755 3768 3767
f 3756 3757 3769
f 3756 3769 3768
f 3757 3758 3770
f 3757 3770 3769
f 3758 3759 3771
f 3758 3771 3770
f 3759 3760 3772
f 3759 3772 3771
f 3760 3749 3761
f 3760 3761 3772
f 3761 3762 3774
f 3761 3774 3773
f 3762 3763 3775
f 3762 3775 3774
f 3763 3764 3776
f 3763 3776 3775
f 3764 3765 3777
f 3764 3777 3776
f 3765 3766 3778
f 3765 3778 3777
f 3766 3767 3779
f 3766 3779 3778
f 3767 3768 3780
f 3767 3780 3779
f 3768 3769 3781
f 3768 3781 3780
f 3769 3770 3782
f 3769 3782 3781
f 3770 3771 3783
f 3770 3783 3782
f 3771 3772 3784
f 3771 3784 3783
f 3772 3761 3773
f 3772 3773 3784
f 3773 3774 3786
f 3773 3786 3785
f 3774 3775 3787
f 3774 3787 3786
f 3775 3776 3788
f 3775 3788 3787
f 3776 3777 3789
f 3776 3789 3788
f 3777 3778 3790
f 3777 3790 3789
f 3778 3779 3791
f 3778 3791 3790
f 3779 3780 3792
f 3779 3792 3791
f 3780 3781 3793
f 3780 3793 3792
f 3781 3782 3794
f 3781 3794 3793
f 3782 3783 3795
f 3782 3795 3794
f 3783 3784 3796
f 3783 3796 3795
f 3784 3773 3785
f 3784 3785 3796
f 3785 3786 3798
f 3785 3798 3797
f 3786 3787 3799
f 3786 3799 3798
f 3787 3788 3800
f 3787 3800 3799
f 3788 3789 3801
f 3788 3801 3800
f 3789 3790 3802
f 3789 3802 3801
f 3790 3791 3803
f 3790 3803 3802
f 3791 3792 3804
f 3791 3804 3803
f 3792 3793 3805
f 3792 3805 3804
f 3793 3794 3806
f 3793 3806 3805
f 3794 3795 3807
f 3794 3807 3806
f 3795 3796 3808
f 3795 3808 3807
f 3796 3785 3797
f 3796 3797 3808
f 3809 3810 3822
f 3809 3822 3821
f 3810 3811 3823
f 3810 3823 3822
f 3811 3812 3824
f 3811 3824 3823
f 3812 3813 3825
f 3812 3825 3824
f 3813 3814 3826
f 3813 3826 3825
f 3814 3815 3827
f 3814 3827 3826
f 3815 3816 3828
f 3815 3828 3827
f 3816 3817 3829
f 3816 3829 3828
f 3817 3818 3830
f 3817 3830 3829
f 3818 3819 3831
f 3818 3831 3830
f 3819 3820 3832
f 3819 3832 3831
f 3820 3809 3821
f 3820 3821 3832
f 3821 3822 3834
f 3821 3834 3833
f 3822 3823 3835
f 3822 3835 3834
f 3823 3824 3836
f 3823 3836 3835
f 3824 3825 3837
f 3824 3837 3836
f 3825 3826 3838
f 3825 3838 3837
f 3826 3827 3839
f 3826 3839 3838
f 3827 3828 3840
f 3827 3840 3839
f 3828 3829 3841
f 3828 3841 3840
f 3829 3830 3842
f 3829 3842 3841
f 3830 3831 3843
f 3830 3843 3842
f 3831 3832 3844
f 3831 3844 3843
f 3832 3821 3833
f 3832 3833 3844
f 3833 3834 3846
f 3833 3846 3845
f 3834 3835 3847
f 3834 3847 3846
f 3835 3836 3848
f 3835 3848 3847
f 3836 3837 3849
f 3836 3849 3848
f 3837 3838 3850
f 3837 3850 3849
f 3838 3839 3851
f 3838 3851 3850
f 3839 3840 3852
f 3839 3852 3851
f 3840 3841 3853
f 3840 3853 3852
f 3841 3842 3854
f 3841 3854 3853
f 3842 3843 3855
f 3842 3855 3854
f 3843 3844 3856
f 3843 3856 3855
f 3844 3833 3845
f 3844 3845 3856
f 3845 3846 3858
f 3845 3858 3857
f 3846 3847 3859
f 3846 3859 3858
f 3847 3848 3860
f 3847 3860 3859
f 3848 3849 3861
f 3848 3861 3860
f 3849 3850 3862
f 3849 3862 3861
f 3850 3851 3863
f 3850 3863 3862
f 3851 3852 3864
f 3851 3864 3863
f 3852 3853 3865
f 3852 3865 3864
f 3853 3854 3866
f 3853 3866 3865
f 3854 3855 3867
f 3854 3867 3866
f 3855 3856 3868
f 3855 3868 3867
f 3856 3845 3857
f 3856 3857 3868
f 3857 3858 3870
f 3857 3870 3869
f 3858 3859 3871
f 3858 3871 3870
f 3859 3860 3872
f 3859 3872 3871
f 3860 3861 3873
f 3860 3873 3872
f 3861 3862 3874
f 3861 3874 3873
f 3862 3863 3875
f 3862 3875 3874
f 3863 3864 3876
f 3863 3876 3875
f 3864 3865 3877
f 3864 3877 3876
f 3865 3866 3878
f 3865 3878 3877
f 3866 3867 3879
f 3866 3879 3878
f 3867 3868 3880
f 3867 3880 3879
f 3868 3857 3869
f 3868 3869 3880
f 3869 3870 3882
f 3869 3882 3881
f 3870 3871 3883
f 3870 3883 3882
f 3871 3872 3884
f 3871 3884 3883
f 3872 3873 3885
f 3872 3885 3884
f 3873 3874 3886
f 3873 3886 3885
f 3874 3875 3887
f 3874 3887 3886
f 3875 3876 3888
f 3875 3888 3887
f 3876 3877 3889
f 3876 3889 3888
f 3877 3878 3890
f 3877 3890 3889
f 3878 3879 3891
f 3878 3891 3890
f 3879 3880 3892
f 3879 3892 3891
f 3880 3869 3881
f 3880 3881 3892
f 3893 3895 3896
f 3893 3896 3894
f 3895 3897 3898
f 3895 3898 3896
f 3897 3899 3900
f 3897 3900 3898
f 3899 3901 3902
f 3899 3902 3900
f 3901 3903 3904
f 3901 3904 3902
f 3903 3905 3906
f 3903 3906 3904
f 3905 3907 3908
f 3905 3908 3906
f 3907 3909 3910
f 3907 3910 3908
f 3909 3911 3912
f 3909 3912 3910
f 3911 3913 3914
f 3911 3914 3912
f 3913 3915 3916
f 3913 3916 3914
f 3915 3917 3918
f 3915 3918 3916
f 3917 3919 3920
f 3917 3920 3918
f 3919 3893 3894
f 3919 3894 3920
f 3921 3922 3934
f 3921 3934 3933
f 3922 3923 3935
f 3922 3935 3934
f 3923 3924 3936
f 3923 3936 3935
f 3924 3925 3937
f 3924 3937 3936
f 3925 3926 3938
f 3925 3938 3937
f 3926 3927 3939
f 3926 3939 3938
f 3927 3928 3940
f 3927 3940 3939
f 3928 3929 3941
f 3928 3941 3940
f 3929 3930 3942
f 3929 3942 3941
f 3930 3931 3943
f 3930 3943 3942
f 3931 3932 3944
f 3931 3944 3943
f 3932 3921 3933
f 3932 3933 3944
f 3933 3934 3946
f 3933 3946 3945
f 3934 3935 3947
f 3934 3947 3946
f 3935 3936 3948
f 3935 3948 3947
f 3936 3937 3949
f 3936 3949 3948
f 3937 3938 3950
f 3937 3950 3949
f 3938 3939 3951
f 3938 3951 3950
f 3939 3940 3952
f 3939 3952 3951
f 3940 3941 3953
f 3940 3953 3952
f 3941 3942 3954
f 3941 3954 3953
f 3942 3943 3955
f 3942 3955 3954
f 3943 3944 3956
f 3943 3956 3955
f 3944 3933 3945
f 3944 3945 3956
f 3945 3946 3958
f 3945 3958 3957
f 3946 3947 3959
f 3946 3959 3958
f 3947 3948 3960
f 3947 3960 3959
f 3948 3949 3961
f 3948 3961 3960
f 3949 3950 3962
f 3949 3962 3961
f 3950 3951 3963
f 3950 3963 3962
f 3951 3952 3964
f 3951 3964 3963
f 3952 3953 3965
f 3952 3965 3964
f 3953 3954 3966
f 3953 3966 3965
f 3954 3955 3967
f 3954 3967 3966
f 3955 3956 3968
f 3955 3968 3967
f 3956 3945 3957
f 3956 3957 3968
f 3957 3958 3970
f 3957 3970 3969
f 3958 3959 3971
f 3958 3971 3970
f 3959 3960 3972
f 3959 3972 3971
f 3960 3961 3973
f 3960 3973 3972
f 3961 3962 3974
f 3961 3974 3973
f 3962 3963 3975
f 3962 3975 3974
f 3963 3964 3976
f 3963 3976 3975
f 3964 3965 3977
f 3964 3977 3976
f 3965 3966 3978
f 3965 3978 3977
f 3966 3967 3979
f 3966 3979 3978
f 3967 3968 3980
f 3967 3980 3979
f 3968 3957 3969
f 3968 3969 3980
f 3969 3970 3982
f 3969 3982 3981
f 3970 3971 3983
f 3970 3983 3982
f 3971 3972 3984
f 3971 3984 3983
f 3972 3973 3985
f 3972 3985 3984
f 3973 3974 3986
f 3973 3986 3985
f 3974 3975 3987
f 3974 3987 3986
f 3975 3976 3988
f 3975 3988 3987
f 3976 3977 3989
f 3976 3989 3988
f 3977 3978 3990
f 3977 3990 3989
f 3978 3979 3991
f 3978 3991 3990
f 3979 3980 3992
f 3979 3992 3991
f 3980 3969 3981
f 3980 3981 3992
f 3981 3982 3994
f 3981 3994 3993
f 3982 3983 3995
f 3982 3995 3994
f 3983 3984 3996
f 3983 3996 3995
f 3984 3985 3997
f 3984 3997 3996
f 3985 3986 3998
f 3985 3998 3997
f 3986 3987 3999
f 3986 3999 3998
f 3987 3988 4000
f 3987 4000 3999
f 3988 3989 4001
f 3988 4001 4000
f 3989 3990 4002
f 3989 4002 4001
f 3990 3991 4003
f 3990 4003 4002
f 3991 3992 4004
f 3991 4004 4003
f 3992 3981 3993
f 3992 3993 4004
f 4005 4006 4018
f 4005 4018 4017
f 4006 4007 4019
f 4006 4019 4018
f 4007 4008 4020
f 4007 4020 4019
f 4008 4009 4021
f 4008 4021 4020
f 4009 4010 4022
f 4009 4022 4021
f 4010 4011 4023
f 4010 4023 4022
f 4011 4012 4024
f 4011 4024 4023
f 4012 4013 4025
f 4012 4025 4024
f 4013 4014 4026
f 4013 4026 4025
f 4014 4015 4027
f 4014 4027 4026
f 4015 4016 4028
f 4015 4028 4027
f 4016 4005 4017
f 4016 4017 4028
f 4017 4018 4030
f 4017 4030 4029
f 4018 4019 4031
f 4018 4031 4030
f 4019 4020 4032
f 4019 4032 4031
f 4020 4021 4033
f 4020 4033 4032
f 4021 4022 4034
f 4021 4034 4033
f 4022 4023 4035
f 4022 4035 4034
f 4023 4024 4036
f 4023 4036 4035
f 4024 4025 4037
f 4024 4037 4036
f 4025 4026 4038
f 4025 4038 4037
f 4026 4027 4039
f 4026 4039 4038
f 4027 4028 4040
f 4027 4040 4039
f 4028 4017 4029
f 4028 4029 4040
f 4029 4030 4042
f 4029 4042 4041
f 4030 4031 4043
f 4030 4043 4042
f 4031 4032 4044
f 4031 4044 4043
f 4032 4033 4045
f 4032 4045 4044
f 4033 4034 4046
f 4033 4046 4045
f 4034 4035 4047
f 4034 4047 4046
f 4035 4036 4048
f 4035 4048 4047
f 4036 4037 4049
f 4036 4049 4048
f 4037 4038 4050
f 4037 4050 4049
f 4038 4039 4051
f 4038 4051 4050
f 4039 4040 4052
f 4039 4052 4051
f 4040 4029 4041
f 4040 4041 4052
f 4041 4042 4054
f 4041 4054 4053
f 4042 4043 4055
f 4042 4055 4054
f 4043 4044 4056
f 4043 4056 4055
f 4044 4045 4057
f 4044 4057 4056
f 4045 4046 4058
f 4045 4058 4057
f 4046 4047 4059
f 4046 4059 4058
f 4047 4048 4060
f 4047 4060 4059
f 4048 4049 4061
f 4048 4061 4060
f 4049 4050 4062
f 4049 4062 4061
f 4050 4051 4063
f 4050 4063 4062
f 4051 4052 4064
f 4051 4064 4063
f 4052 4041 4053
f 4052 4053 4064
f 4053 4054 4066
f 4053 4066 4065
f 4054 4055 4067
f 4054 4067 4066
f 4055 4056 4068
f 4055 4068 4067
f 4056 4057 4069
f 4056 4069 4068
f 4057 4058 4070
f 4057 4070 4069
f 4058 4059 4071
f 4058 4071 4070
f 4059 4060 4072
f 4059 4072 4071
f 4060 4061 4073
f 4060 4073 4072
f 4061 4062 4074
f 4061 4074 4073
f 4062 4063 4075
f 4062 4075 4074
f 4063 4064 4076
f 4063 4076 4075
f 4064 4053 4065
f 4064 4065 4076
f 4065 4066 4078
f 4065 4078 4077
f 4066 4067 4079
f 4066 4079 4078
f 4067 4068 4080
f 4067 4080 4079
f 4068 4069 4081
f 4068 4081 4080
f 4069 4070 4082
f 4069 4082 4081
f 4070 4071 4083
f 4070 4083 4082
f 4071 4072 4084
f 4071 4084 4083
f 4072 4073 4085
f 4072 4085 4084
f 4073 4074 4086
f 4073 4086 4085
f 4074 4075 4087
f 4074 4087 4086
f 4075 4076 4088
f 4075 4088 4087
f 4076 4065 4077
f 4076 4077 4088
f 4089 4091 4092
f 4089 4092 4090
f 4091 4093 4094
f 4091 4094 4092
f 4093 4095 4096
f 4093 4096 4094
f 4095 4097 4098
f 4095 4098 4096
f 4097 4099 4100
f 4097 4100 4098
f 4099 4101 4102
f 4099 4102 4100
f 4101 4103 4104
f 4101 4104 4102
f 4103 4105 4106
f 4103 4106 4104
f 4105 4107 4108
f 4105 4108 4106
f 4107 4109 4110
f 4107 4110 4108
f 4109 4111 4112
f 4109 4112 4110
f 4111 4113 4114
f 4111 4114 4112
f 4113 4115 4116
f 4113 4116 4114
f 4115 4089 4090
f 4115 4090 4116
f 4117 4118 4130
f 4117 4130 4129
f 4118 4119 4131
f 4118 4131 4130
f 4119 4120 4132
f 4119 4132 4131
f 4120 4121 4133
f 4120 4133 4132
f 4121 4122 4134
f 4121 4134 4133
f 4122 4123 4135
f 4122 4135 4134
f 4123 4124 4136
f 4123 4136 4135
f 4124 4125 4137
f 4124 4137 4136
f 4125 4126 4138
f 4125 4138 4137
f 4126 4127 4139
f 4126 4139 4138
f 4127 4128 4140
f 4127 4140 4139
f 4128 4117 4129
f 4128 4129 4140
f 4129 4130 4142
f 4129 4142 4141
f 4130 4131 4143
f 4130 4143 4142
f 4131 4132 4144
f 4131 4144 4143
f 4132 4133 4145
f 4132 4145 4144
f 4133 4134 4146
f 4133 4146 4145
f 4134 4135 4147
f 4134 4147 4146
f 4135 4136 4148
f 4135 4148 4147
f 4136 4137 4149
f 4136 4149 4148
f 4137 4138 4150
f 4137 4150 4149
f 4138 4139 4151
f 4138 4151 4150
f 4139 4140 4152
f 4139 4152 4151
f 4140 4129 4141
f 4140 4141 4152
f 4141 4142 4154
f 4141 4154 4153
f 4142 4143 4155
f 4142 4155 4154
f 4143 4144 4156
f 4143 4156 4155
f 4144 4145 4157
f 4144 4157 4156
f 4145 4146 4158
f 4145 4158 4157
f 4146 4147 4159
f 4146 4159 4158
f 4147 4148 4160
f 4147 4160 4159
f 4148 4149 4161
f 4148 4161 4160
f 4149 4150 4162
f 4149 4162 4161
f 4150 4151 4163
f 4150 4163 4162
f 4151 4152 4164
f 4151 4164 4163
f 4152 4141 4153
f 4152 4153 4164
f 4153 4154 4166
f 4153 4166 4165
f 4154 4155 4167
f 4154 4167 4166
f 4155 4156 4168
f 4155 4168 4167
f 4156 4157 4169
f 4156 4169 4168
f 4157 4158 4170
f 4157 4170 4169
f 4158 4159 4171
f 4158 4171 4170
f 4159 4160 4172
f 4159 4172 4171
f 4160 4161 4173
f 4160 4173 4172
f 4161 4162 4174
f 4161 4174 4173
f 4162 4163 4175
f 4162 4175 4174
f 4163 4164 4176
f 4163 4176 4175
f 4164 4153 4165
f 4164 4165 4176
f 4165 4166 4178
f 4165 4178 4177
f 4166 4167 4179
f 4166 4179 4178
f 4167 4168 4180
f 4167 4180 4179
f 4168 4169 4181
f 4168 4181 4180
f 4169 4170 4182
f 4169 4182 4181
f 4170 4171 4183
f 4170 4183 4182
f 4171 4172 4184
f 4171 4184 4183
f 4172 4173 4185
f 4172 4185 4184
f 4173 4174 4186
f 4173 4186 4185
f 4174 4175 4187
f 4174 4187 4186
f 4175 4176 4188
f 4175 4188 4187
f 4176 4165 4177
f 4176 4177 4188
f 4177 4178 4190
f 4177 4190 4189
f 4178 4179 4191
f 4178 4191 4190
f 4179 4180 4192
f 4179 4192 4191
f 4180 4181 4193
f 4180 4193 4192
f 4181 4182 4194
f 4181 4194 4193
f 4182 4183 4195
f 4182 4195 4194
f 4183 4184 4196
f 4183 4196 4195
f 4184 4185 4197
f 4184 4197 4196
f 4185 4186 4198
f 4185 4198 4197
f 4186 4187 4199
f 4186 4199 4198
f 4187 4188 4200
f 4187 4200 4199
f 4188 4177 4189
f 4188 4189 4200
f 4201 4202 4214
f 4201 4214 4213
f 4202 4203 4215
f 4202 4215 4214
f 4203 4204 4216
f 4203 4216 4215
f 4204 4205 4217
f 4204 4217 4216
f 4205 4206 4218
f 4205 4218 4217
f 4206 4207 4219
f 4206 4219 4218
f 4207 4208 4220
f 4207 4220 4219
f 4208 4209 4221
f 4208 4221 4220
f 4209 4210 4222
f 4209 4222 4221
f 4210 4211 4223
f 4210 4223 4222
f 4211 4212 4224
f 4211 4224 4223
f 4212 4201 4213
f 4212 4213 4224
f 4213 4214 4226
f 4213 4226 4225
f 4214 4215 4227
f 4214 4227 4226
f 4215 4216 4228
f 4215 4228 4227
f 4216 4217 4229
f 4216 4229 4228
f 4217 4218 4230
f 4217 4230 4229
f 4218 4219 4231
f 4218 4231 4230
f 4219 4220 4232
f 4219 4232 4231
f 4220 4221 4233
f 4220 4233 4232
f 4221 4222 4234
f 4221 4234 4233
f 4222 4223 4235
f 4222 4235 4234
f 4223 4224 4236
f 4223 4236 4235
f 4224 4213 4225
f 4224 4225 4236
f 4225 4226 4238
f 4225 4238 4237
f 4226 4227 4239
f 4226 4239 4238
f 4227 4228 4240
f 4227 4240 4239
f 4228 4229 4241
f 4228 4241 4240
f 4229 4230 4242
f 4229 4242 4241
f 4230 4231 4243
f 4230 4243 4242
f 4231 4232 4244
f 4231 4244 4243
f 4232 4233 4245
f 4232 4245 4244
f 4233 4234 4246
f 4233 4246 4245
f 4234 4235 4247
f 4234 4247 4246
f 4235 4236 4248
f 4235 4248 4247
f 4236 4225 4237
f 4236 4237 4248
f 4237 4238 4250
f 4237 4250 4249
f 4238 4239 4251
f 4238 4251 4250
f 4239 4240 4252
f 4239 4252 4251
f 4240 4241 4253
f 4240 4253 4252
f 4241 4242 4254
f 4241 4254 4253
f 4242 4243 4255
f 4242 4255 4254
f 4243 4244 4256
f 4243 4256 4255
f 4244 4245 4257
f 4244 4257 4256
f 4245 4246 4258
f 4245 4258 4257
f 4246 4247 4259
f 4246 4259 4258
f 4247 4248 4260
f 4247 4260 4259
f 4248 4237 4249
f 4248 4249 4260
f 4249 4250 4262
f 4249 4262 4261
f 4250 4251 4263
f 4250 4263 4262
f 4251 4252 4264
f 4251 4264 4263
f 4252 4253 4265
f 4252 4265 4264
f 4253 4254 4266
f 4253 4266 4265
f 4254 4255 4267
f 4254 4267 4266
f 4255 4256 4268
f 4255 4268 4267
f 4256 4257 4269
f 4256 4269 4268
f 4257 4258 4270
f 4257 4270 4269
f 4258 4259 4271
f 4258 4271 4270
f 4259 4260 4272
f 4259 4272 4271
f 4260 4249 4261
f 4260 4261 4272
f 4261 4262 4274
f 4261 4274 4273
f 4262 4263 4275
f 4262 4275 4274
f 4263 4264 4276
f 4263 4276 4275
f 4264 4265 4277
f 4264 4277 4276
f 4265 4266 4278
f 4265 4278 4277
f 4266 4267 4279
f 4266 4279 4278
f 4267 4268 4280
f 4267 4280 4279
f 4268 4269 4281
f 4268 4281 4280
f 4269 4270 4282
f 4269 4282 4281
f 4270 4271 4283
f 4270 4283 4282
f 4271 4272 4284
f 4271 4284 4283
f 4272 4261 4273
f 4272 4273 4284
f 4285 4287 4288
f 4285 4288 4286
f 4287 4289 4290
f 4287 4290 4288
f 4289 4291 4292
f 4289 4292 4290
f 4291 4293 4294
f 4291 4294 4292
f 4293 4295 4296
f 4293 4296 4294
f 4295 4297 4298
f 4295 4298 4296
f 4297 4299 4300
f 4297 4300 4298
f 4299 4301 4302
f 4299 4302 4300
f 4301 4303 4304
f 4301 4304 4302
f 4303 4305 4306
f 4303 4306 4304
f 4305 4307 4308
f 4305 4308 4306
f 4307 4309 4310
f 4307 4310 4308
f 4309 4311 4312
f 4309 4312 4310
f 4311 4285 4286
f 4311 4286 4312
f 4313 4314 4326
f 4313 4326 4325
f 4314 4315 4327
f 4314 4327 4326
f 4315 4316 4328
f 4315 4328 4327
f 4316 4317 4329
f 4316 4329 4328
f 4317 4318 4330
f 4317 4330 4329
f 4318 4319 4331
f 4318 4331 4330
f 4319 4320 4332
f 4319 4332 4331
f 4320 4321 4333
f 4320 4333 4332
f 4321 4322 4334
f 4321 4334 4333
f 4322 4323 4335
f 4322 4335 4334
f 4323 4324 4336
f 4323 4336 4335
f 4324 4313 4325
f 4324 4325 4336
f 4325 4326 4338
f 4325 4338 4337
f 4326 4327 4339
f 4326 4339 4338
f 4327 4328 4340
f 4327 4340 4339
f 4328 4329 4341
f 4328 4341 4340
f 4329 4330 4342
f 4329 4342 4341
f 4330 4331 4343
f 4330 4343 4342
f 4331 4332 4344
f 4331 4344 4343
f 4332 4333 4345
f 4332 4345 4344
f 4333 4334 4346
f 4333 4346 4345
f 4334 4335 4347
f 4334 4347 4346
f 4335 4336 4348
f 4335 4348 4347
f 4336 4325 4337
f 4336 4337 4348
f 4337 4338 4350
f 4337 4350 4349
f 4338 4339 4351
f 4338 4351 4350
f 4339 4340 4352
f 4339 4352 4351
f 4340 4341 4353
f 4340 4353 4352
f 4341 4342 4354
f 4341 4354 4353
f 4342 4343 4355
f 4342 4355 4354
f 4343 4344 4356
f 4343 4356 4355
f 4344 4345 4357
f 4344 4357 4356
f 4345 4346 4358
f 4345 4358 4357
f 4346 4347 4359
f 4346 4359 4358
f 4347 4348 4360
f 4347 4360 4359
f 4348 4337 4349
f 4348 4349 4360
f 4349 4350 4362
f 4349 4362 4361
f 4350 4351 4363
f 4350 4363 4362
f 4351 4352 4364
f 4351 4364 4363
f 4352 4353 4365
f 4352 4365 4364
f 4353 4354 4366
f 4353 4366 4365
f 4354 4355 4367
f 4354 4367 4366
f 4355 4356 4368
f 4355 4368 4367
f 4356 4357 4369
f 4356 4369 4368
f 4357 4358 4370
f 4357 4370 4369
f 4358 4359 4371
f 4358 4371 4370
f 4359 4360 4372
f 4359 4372 4371
f 4360 4349 4361
f 4360 4361 4372
f 4361 4362 4374
f 4361 4374 4373
f 4362 4363 4375
f 4362 4375 4374
f 4363 4364 4376
f 4363 4376 4375
f 4364 4365 4377
f 4364 4377 4376
f 4365 4366 4378
f 4365 4378 4377
f 4366 4367 4379
f 4366 4379 4378
f 4367 4368 4380
f 4367 4380 4379
f 4368 4369 4381
f 4368 4381 4380
f 4369 4370 4382
f 4369 4382 4381
f 4370 4371 4383
f 4370 4383 4382
f 4371 4372 4384
f 4371 4384 4383
f 4372 4361 4373
f 4372 4373 4384
f 4373 4374 4386
f 4373 4386 4385
f 4374 4375 4387
f 4374 4387 4386
f 4375 4376 4388
f 4375 4388 4387
f 4376 4377 4389
f 4376 4389 4388
f 4377 4378 4390
f 4377 4390 4389
f 4378 4379 4391
f 4378 4391 4390
f 4379 4380 4392
f 4379 4392 4391
f 4380 4381 4393
f 4380 4393 4392
f 4381 4382 4394
f 4381 4394 4393
f 4382 4383 4395
f 4382 4395 4394
f 4383 4384 4396
f 4383 4396 4395
f 4384 4373 4385
f 4384 4385 4396
f 4397 4398 4410
f 4397 4410 4409
f 4398 4399 4411
f 4398 4411 4410
f 4399 4400 4412
f 4399 4412 4411
f 4400 4401 4413
f 4400 4413 4412
f 4401 4402 4414
f 4401 4414 4413
f 4402 4403 4415
f 4402 4415 4414
f 4403 4404 4416
f 4403 4416 4415
f 4404 4405 4417
f 4404 4417 4416
f 4405 4406 4418
f 4405 4418 4417
f 4406 4407 4419
f 4406 4419 4418
f 4407 4408 4420
f 4407 4420 4419
f 4408 4397 4409
f 4408 4409 4420
f 4409 4410 4422
f 4409 4422 4421
f 4410 4411 4423
f 4410 4423 4422
f 4411 4412 4424
f 4411 4424 4423
f 4412 4413 4425
f 4412 4425 4424
f 4413 4414 4426
f 4413 4426 4425
f 4414 4415 4427
f 4414 4427 4426
f 4415 4416 4428
f 4415 4428 4427
f 4416 4417 4429
f 4416 4429 4428
f 4417 4418 4430
f 4417 4430 4429
f 4418 4419 4431
f 4418 4431 4430
f 4419 4420 4432
f 4419 4432 4431
f 4420 4409 4421
f 4420 4421 4432
f 4421 4422 4434
f 4421 4434 4433
f 4422 4423 4435
f 4422 4435 4434
f 4423 4424 4436
f 4423 4436 4435
f 4424 4425 4437
f 4424 4437 4436
f 4425 4426 4438
f 4425 4438 4437
f 4426 4427 4439
f 4426 4439 4438
f 4427 4428 4440
f 4427 4440 4439
f 4428 4429 4441
f 4428 4441 4440
f 4429 4430 4442
f 4429 4442 4441
f 4430 4431 4443
f 4430 4443 4442
f 4431 4432 4444
f 4431 4444 4443
f 4432 4421 4433
f 4432 4433 4444
f 4433 4434 4446
f 4433 4446 4445
f 4434 4435 4447
f 4434 4447 4446
f 4435 4436 4448
f 4435 4448 4447
f 4436 4437 4449
f 4436 4449 4448
f 4437 4438 4450
f 4437 4450 4449
f 4438 4439 4451
f 4438 4451 4450
f 4439 4440 4452
f 4439 4452 4451
f 4440 4441 4453
f 4440 4453 4452
f 4441 4442 4454
f 4441 4454 4453
f 4442 4443 4455
f 4442 4455 4454
f 4443 4444 4456
f 4443 4456 4455
f 4444 4433 4445
f 4444 4445 4456
f 4445 4446 4458
f 4445 4458 4457
f 4446 4447 4459
f 4446 4459 4458
f 4447 4448 4460
f 4447 4460 4459
f 4448 4449 4461
f 4448 4461 4460
f 4449 4450 4462
f 4449 4462 4461
f 4450 4451 4463
f 4450 4463 4462
f 4451 4452 4464
f 4451 4464 4463
f 4452 4453 4465
f 4452 4465 4464
f 4453 4454 4466
f 4453 4466 4465
f 4454 4455 4467
f 4454 4467 4466
f 4455 4456 4468
f 4455 4468 4467
f 4456 4445 4457
f 4456 4457 4468
f 4457 4458 4470
f 4457 4470 4469
f 4458 4459 4471
f 4458 4471 4470
f 4459 4460 4472
f 4459 4472 4471
f 4460 4461 4473
f 4460 4473 4472
f 4461 4462 4474
f 4461 4474 4473
f 4462 4463 4475
f 4462 4475 4474
f 4463 4464 4476
f 4463 4476 4475
f 4464 4465 4477
f 4464 4477 4476
f 4465 4466 4478
f 4465 4478 4477
f 4466 4467 4479
f 4466 4479 4478
f 4467 4468 4480
f 4467 4480 4479
f 4468 4457 4469
f 4468 4469 4480
f 4481 4483 4484
f 4481 4484 4482
f 4483 4485 4486
f 4483 4486 4484
f 4485 4487 4488
f 4485 4488 4486
f 4487 4489 4490
f 4487 4490 4488
f 4489 4491 4492
f 4489 4492 4490
f 4491 4493 4494
f 4491 4494 4492
f 4493 4495 4496
f 4493 4496 4494
f 4495 4497 4498
f 4495 4498 4496
f 4497 4499 4500
f 4497 4500 4498
f 4499 4501 4502
f 4499 4502 4500
f 4501 4503 4504
f 4501 4504 4502
f 4503 4505 4506
f 4503 4506 4504
f 4505 4507 4508
f 4505 4508 4506
f 4507 4481 4482
f 4507 4482 4508
f 4509 4510 4522
f 4509 4522 4521
f 4510 4511 4523
f 4510 4523 4522
f 4511 4512 4524
f 4511 4524 4523
f 4512 4513 4525
f 4512 4525 4524
f 4513 4514 4526
f 4513 4526 4525
f 4514 4515 4527
f 4514 4527 4526
f 4515 4516 4528
f 4515 4528 4527
f 4516 4517 4529
f 4516 4529 4528
f 4517 4518 4530
f 4517 4530 4529
f 4518 4519 4531
f 4518 4531 4530
f 4519 4520 4532
f 4519 4532 4531
f 4520 4509 4521
f 4520 4521 4532
f 4521 4522 4534
f 4521 4534 4533
f 4522 4523 4535
f 4522 4535 4534
f 4523 4524 4536
f 4523 4536 4535
f 4524 4525 4537
f 4524 4537 4536
f 4525 4526 4538
f 4525 4538 4537
f 4526 4527 4539
f 4526 4539 4538
f 4527 4528 4540
f 4527 4540 4539
f 4528 4529 4541
f 4528 4541 4540
f 4529 4530 4542
f 4529 4542 4541
f 4530 4531 4543
f 4530 4543 4542
f 4531 4532 4544
f 4531 4544 4543
f 4532 4521 4533
f 4532 4533 4544
f 4533 4534 4546
f 4533 4546 4545
f 4534 4535 4547
f 4534 4547 4546
f 4535 4536 4548
f 4535 4548 4547
f 4536 4537 4549
f 4536 4549 4548
f 4537 4538 4550
f 4537 4550 4549
f 4538 4539 4551
f 4538 4551 4550
f 4539 4540 4552
f 4539 4552 4551
f 4540 4541 4553
f 4540 4553 4552
f 4541 4542 4554
f 4541 4554 4553
f 4542 4543 4555
f 4542 4555 4554
f 4543 4544 4556
f 4543 4556 4555
f 4544 4533 4545
f 4544 4545 4556
f 4545 4546 4558
f 4545 4558 4557
f 4546 4547 4559
f 4546 4559 4558
f 4547 4548 4560
f 4547 4560 4559
f 4548 4549 4561
f 4548 4561 4560
f 4549 4550 4562
f 4549 4562 4561
f 4550 4551 4563
f 4550 4563 4562
f 4551 4552 4564
f 4551 4564 4563
f 4552 4553 4565
f 4552 4565 4564
f 4553 4554 4566
f 4553 4566 4565
f 4554 4555 4567
f 4554 4567 4566
f 4555 4556 4568
f 4555 4568 4567
f 4556 4545 4557
f 4556 4557 4568
f 4557 4558 4570
f 4557 4570 4569
f 4558 4559 4571
f 4558 4571 4570
f 4559 4560 4572
f 4559 4572 4571
f 4560 4561 4573
f 4560 4573 4572
f 4561 4562 4574
f 4561 4574 4573
f 4562 4563 4575
f 4562 4575 4574
f 4563 4564 4576
f 4563 4576 4575
f 4564 4565 4577
f 4564 4577 4576
f 4565 4566 4578
f 4565 4578 4577
f 4566 4567 4579
f 4566 4579 4578
f 4567 4568 4580
f 4567 4580 4579
f 4568 4557 4569
f 4568 4569 4580
f 4569 4570 4582
f 4569 4582 4581
f 4570 4571 4583
f 4570 4583 4582
f 4571 4572 4584
f 4571 4584 4583
f 4572 4573 4585
f 4572 4585 4584
f 4573 4574 4586
f 4573 4586 4585
f 4574 4575 4587
f 4574 4587 4586
f 4575 4576 4588
f 4575 4588 4587
f 4576 4577 4589
f 4576 4589 4588
f 4577 4578 4590
f 4577 4590 4589
f 4578 4579 4591
f 4578 4591 4590
f 4579 4580 4592
f 4579 4592 4591
f 4580 4569 4581
f 4580 4581 4592
f 4593 4594 4606
f 4593 4606 4605
f 4594 4595 4607
f 4594 4607 4606
f 4595 4596 4608
f 4595 4608 4607
f 4596 4597 4609
f 4596 4609 4608
f 4597 4598 4610
f 4597 4610 4609
f 4598 4599 4611
f 4598 4611 4610
f 4599 4600 4612
f 4599 4612 4611
f 4600 4601 4613
f 4600 4613 4612
f 4601 4602 4614
f 4601 4614 4613
f 4602 4603 4615
f 4602 4615 4614
f 4603 4604 4616
f 4603 4616 4615
f 4604 4593 4605
f 4604 4605 4616
f 4605 4606 4618
f 4605 4618 4617
f 4606 4607 4619
f 4606 4619 4618
f 4607 4608 4620
f 4607 4620 4619
f 4608 4609 4621
f 4608 4621 4620
f 4609 4610 4622
f 4609 4622 4621
f 4610 4611 4623
f 4610 4623 4622
f 4611 4612 4624
f 4611 4624 4623
f 4612 4613 4625
f 4612 4625 4624
f 4613 4614 4626
f 4613 4626 4625
f 4614 4615 4627
f 4614 4627 4626
f 4615 4616 4628
f 4615 4628 4627
f 4616 4605 4617
f 4616 4617 4628
f 4617 4618 4630
f 4617 4630 4629
f 4618 4619 4631
f 4618 4631 4630
f 4619 4620 4632
f 4619 4632 4631
f 4620 4621 4633
f 4620 4633 4632
f 4621 4622 4634
f 4621 4634 4633
f 4622 4623 4635
f 4622 4635 4634
f 4623 4624 4636
f 4623 4636 4635
f 4624 4625 4637
f 4624 4637 4636
f 4625 4626 4638
f 4625 4638 4637
f 4626 4627 4639
f 4626 4639 4638
f 4627 4628 4640
f 4627 4640 4639
f 4628 4617 4629
f 4628 4629 4640
f 4629 4630 4642
f 4629 4642 4641
f 4630 4631 4643
f 4630 4643 4642
f 4631 4632 4644
f 4631 4644 4643
f 4632 4633 4645
f 4632 4645 4644
f 4633 4634 4646
f 4633 4646 4645
f 4634 4635 4647
f 4634 4647 4646
f 4635 4636 4648
f 4635 4648 4647
f 4636 4637 4649
f 4636 4649 4648
f 4637 4638 4650
f 4637 4650 4649
f 4638 4639 4651
f 4638 4651 4650
f 4639 4640 4652
f 4639 4652 4651
f 4640 4629 4641
f 4640 4641 4652
f 4641 4642 4654
f 4641 4654 4653
f 4642 4643 4655
f 4642 4655 4654
f 4643 4644 4656
f 4643 4656 4655
f 4644 4645 4657
f 4644 4657 4656
f 4645 4646 4658
f 4645 4658 4657
f 4646 4647 4659
f 4646 4659 4658
f 4647 4648 4660
f 4647 4660 4659
f 4648 4649 4661
f 4648 4661 4660
f 4649 4650 4662
f 4649 4662 4661
f 4650 4651 4663
f 4650 4663 4662
f 4651 4652 4664
f 4651 4664 4663
f 4652 4641 4653
f 4652 4653 4664
f 4653 4654 4666
f 4653 4666 4665
f 4654 4655 4667
f 4654 4667 4666
f 4655 4656 4668
f 4655 4668 4667
f 4656 4657 4669
f 4656 4669 4668
f 4657 4658 4670
f 4657 4670 4669
f 4658 4659 4671
f 4658 4671 4670
f 4659 4660 4672
f 4659 4672 4671
f 4660 4661 4673
f 4660 4673 4672
f 4661 4662 4674
f 4661 4674 4673
f 4662 4663 4675
f 4662 4675 4674
f 4663 4664 4676
f 4663 4676 4675
f 4664 4653 4665
f 4664 4665 4676
f 4677 4679 4680
f 4677 4680 4678
f 4679 4681 4682
f 4679 4682 4680
f 4681 4683 4684
f 4681 4684 4682
f 4683 4685 4686
f 4683 4686 4684
f 4685 4687 4688
f 4685 4688 4686
f 4687 4689 4690
f 4687 4690 4688
f 4689 4691 4692
f 4689 4692 4690
f 4691 4693 4694
f 4691 4694 4692
f 4693 4695 4696
f 4693 4696 4694
f 4695 4697 4698
f 4695 4698 4696
f 4697 4699 4700
f 4697 4700 4698
f 4699 4701 4702
f 4699 4702 4700
f 4701 4703 4704
f 4701 4704 4702
f 4703 4677 4678
f 4703 4678 4704
f 4705 4706 4718
f 4705 4718 4717
f 4706 4707 4719
f 4706 4719 4718
f 4707 4708 4720
f 4707 4720 4719
f 4708 4709 4721
f 4708 4721 4720
f 4709 4710 4722
f 4709 4722 4721
f 4710 4711 4723
f 4710 4723 4722
f 4711 4712 4724
f 4711 4724 4723
f 4712 4713 4725
f 4712 4725 4724
f 4713 4714 4726
f 4713 4726 4725
f 4714 4715 4727
f 4714 4727 4726
f 4715 4716 4728
f 4715 4728 4727
f 4716 4705 4717
f 4716 4717 4728
f 4717 4718 4730
f 4717 4730 4729
f 4718 4719 4731
f 4718 4731 4730
f 4719 4720 4732
f 4719 4732 4731
f 4720 4721 4733
f 4720 4733 4732
f 4721 4722 4734
f 4721 4734 4733
f 4722 4723 4735
f 4722 4735 4734
f 4723 4724 4736
f 4723 4736 4735
f 4724 4725 4737
f 4724 4737 4736
f 4725 4726 4738
f 4725 4738 4737
f 4726 4727 4739
f 4726 4739 4738
f 4727 4728 4740
f 4727 4740 4739
f 4728 4717 4729
f 4728 4729 4740
f 4729 4730 4742
f 4729 4742 4741
f 4730 4731 4743
f 4730 4743 4742
f 4731 4732 4744
f 4731 4744 4743
f 4732 4733 4745
f 4732 4745 4744
f 4733 4734 4746
f 4733 4746 4745
f 4734 4735 4747
f 4734 4747 4746
f 4735 4736 4748
f 4735 4748 4747
f 4736 4737 4749
f 4736 4749 4748
f 4737 4738 4750
f 4737 4750 4749
f 4738 4739 4751
f 4738 4751 4750
f 4739 4740 4752
f 4739 4752 4751
f 4740 4729 4741
f 4740 4741 4752
f 4741 4742 4754
f 4741 4754 4753
f 4742 4743 4755
f 4742 4755 4754
f 4743 4744 4756
f 4743 4756 4755
f 4744 4745 4757
f 4744 4757 4756
f 4745 4746 4758
f 4745 4758 4757
f 4746 4747 4759
f 4746 4759 4758
f 4747 4748 4760
f 4747 4760 4759
f 4748 4749 4761
f 4748 4761 4760
f 4749 4750 4762
f 4749 4762 4761
f 4750 4751 4763
f 4750 4763 4762
f 4751 4752 4764
f 4751 4764 4763
f 4752 4741 4753
f 4752 4753 4764
f 4753 4754 4766
f 4753 4766 4765
f 4754 4755 4767
f 4754 4767 4766
f 4755 4756 4768
f 4755 4768 4767
f 4756 4757 4769
f 4756 4769 4768
f 4757 4758 4770
f 4757 4770 4769
f 4758 4759 4771
f 4758 4771 4770
f 4759 4760 4772
f 4759 4772 4771
f 4760 4761 4773
f 4760 4773 4772
f 4761 4762 4774
f 4761 4774 4773
f 4762 4763 4775
f 4762 4775 4774
f 4763 4764 4776
f 4763 4776 4775
f 4764 4753 4765
f 4764 4765 4776
f 4765 4766 4778
f 4765 4778 4777
f 4766 4767 4779
f 4766 4779 4778
f 4767 4768 4780
f 4767 4780 4779
f 4768 4769 4781
f 4768 4781 4780
f 4769 4770 4782
f 4769 4782 4781
f 4770 4771 4783
f 4770 4783 4782
f 4771 4772 4784
f 4771 4784 4783
f 4772 4773 4785
f 4772 4785 4784
f 4773 4774 4786
f 4773 4786 4785
f 4774 4775 4787
f 4774 4787 4786
f 4775 4776 4788
f 4775 4788 4787
f 4776 4765 4777
f 4776 4777 4788
f 4789 4790 4802
f 4789 4802 4801
f 4790 4791 4803
f 4790 4803 4802
f 4791 4792 4804
f 4791 4804 4803
f 4792 4793 4805
f 4792 4805 4804
f 4793 4794 4806
f 4793 4806 4805
f 4794 4795 4807
f 4794 4807 4806
f 4795 4796 4808
f 4795 4808 4807
f 4796 4797 4809
f 4796 4809 4808
f 4797 4798 4810
f 4797 4810 4809
f 4798 4799 4811
f 4798 4811 4810
f 4799 4800 4812
f 4799 4812 4811
f 4800 4789 4801
f 4800 4801 4812
f 4801 4802 4814
f 4801 4814 4813
f 4802 4803 4815
f 4802 4815 4814
f 4803 4804 4816
f 4803 4816 4815
f 4804 4805 4817
f 4804 4817 4816
f 4805 4806 4818
f 4805 4818 4817
f 4806 4807 4819
f 4806 4819 4818
f 4807 4808 4820
f 4807 4820 4819
f 4808 4809 4821
f 4808 4821 4820
f 4809 4810 4822
f 4809 4822 4821
f 4810 4811 4823
f 4810 4823 4822
f 4811 4812 4824
f 4811 4824 4823
f 4812 4801 4813
f 4812 4813 4824
f 4813 4814 4826
f 4813 4826 4825
f 4814 4815 4827
f 4814 4827 4826
f 4815 4816 4828
f 4815 4828 4827
f 4816 4817 4829
f 4816 4829 4828
f 4817 4818 4830
f 4817 4830 4829
f 4818 4819 4831
f 4818 4831 4830
f 4819 4820 4832
f 4819 4832 4831
f 4820 4821 4833
f 4820 4833 4832
f 4821 4822 4834
f 4821 4834 4833
f 4822 4823 4835
f 4822 4835 4834
f 4823 4824 4836
f 4823 4836 4835
f 4824 4813 4825
f 4824 4825 4836
f 4825 4826 4838
f 4825 4838 4837
f 4826 4827 4839
f 4826 4839 4838
f 4827 4828 4840
f 4827 4840 4839
f 4828 4829 4841
f 4828 4841 4840
f 4829 4830 4842
f 4829 4842 4841
f 4830 4831 4843
f 4830 4843 4842
f 4831 4832 4844
f 4831 4844 4843
f 4832 4833 4845
f 4832 4845 4844
f 4833 4834 4846
f 4833 4846 4845
f 4834 4835 4847
f 4834 4847 4846
f 4835 4836 4848
f 4835 4848 4847
f 4836 4825 4837
f 4836 4837 4848
f 4837 4838 4850
f 4837 4850 4849
f 4838 4839 4851
f 4838 4851 4850
f 4839 4840 4852
f 4839 4852 4851
f 4840 4841 4853
f 4840 4853 4852
f 4841 4842 4854
f 4841 4854 4853
f 4842 4843 4855
f 4842 4855 4854
f 4843 4844 4856
f 4843 4856 4855
f 4844 4845 4857
f 4844 4857 4856
f 4845 4846 4858
f 4845 4858 4857
f 4846 4847 4859
f 4846 4859 4858
f 4847 4848 4860
f 4847 4860 4859
f 4848 4837 4849
f 4848 4849 4860
f 4849 4850 4862
f 4849 4862 4861
f 4850 4851 4863
f 4850 4863 4862
f 4851 4852 4864
f 4851 4864 4863
f 4852 4853 4865
f 4852 4865 4864
f 4853 4854 4866
f 4853 4866 4865
f 4854 4855 4867
f 4854 4867 4866
f 4855 4856 4868
f 4855 4868 4867
f 4856 4857 4869
f 4856 4869 4868
f 4857 4858 4870
f 4857 4870 4869
f 4858 4859 4871
f 4858 4871 4870
f 4859 4860 4872
f 4859 4872 4871
f 4860 4849 4861
f 4860 4861 4872
f 4873 4875 4876
f 4873 4876 4874
f 4875 4877 4878
f 4875 4878 4876
f 4877 4879 4880
f 4877 4880 4878
f 4879 4881 4882
f 4879 4882 4880
f 4881 4883 4884
f 4881 4884 4882
f 4883 4885 4886
f 4883 4886 4884
f 4885 4887 4888
f 4885 4888 4886
f 4887 4889 4890
f 4887 4890 4888
f 4889 4891 4892
f 4889 4892 4890
f 4891 4893 4894
f 4891 4894 4892
f 4893 4895 4896
f 4893 4896 4894
f 4895 4897 4898
f 4895 4898 4896
f 4897 4899 4900
f 4897 4900 4898
f 4899 4873 4874
f 4899 4874 4900
f 4901 4902 4914
f 4901 4914 4913
f 4902 4903 4915
f 4902 4915 4914
f 4903 4904 4916
f 4903 4916 4915
f 4904 4905 4917
f 4904 4917 4916
f 4905 4906 4918
f 4905 4918 4917
f 4906 4907 4919
f 4906 4919 4918
f 4907 4908 4920
f 4907 4920 4919
f 4908 4909 4921
f 4908 4921 4920
f 4909 4910 4922
f 4909 4922 4921
f 4910 4911 4923
f 4910 4923 4922
f 4911 4912 4924
f 4911 4924 4923
f 4912 4901 4913
f 4912 4913 4924
f 4913 4914 4926
f 4913 4926 4925
f 4914 4915 4927
f 4914 4927 4926
f 4915 4916 4928
f 4915 4928 4927
f 4916 4917 4929
f 4916 4929 4928
f 4917 4918 4930
f 4917 4930 4929
f 4918 4919 4931
f 4918 4931 4930
f 4919 4920 4932
f 4919 4932 4931
f 4920 4921 4933
f 4920 4933 4932
f 4921 4922 4934
f 4921 4934 4933
f 4922 4923 4935
f 4922 4935 4934
f 4923 4924 4936
f 4923 4936 4935
f 4924 4913 4925
f 4924 4925 4936
f 4925 4926 4938
f 4925 4938 4937
f 4926 4927 4939
f 4926 4939 4938
f 4927 4928 4940
f 4927 4940 4939
f 4928 4929 4941
f 4928 4941 4940
f 4929 4930 4942
f 4929 4942 4941
f 4930 4931 4943
f 4930 4943 4942
f 4931 4932 4944
f 4931 4944 4943
f 4932 4933 4945
f 4932 4945 4944
f 4933 4934 4946
f 4933 4946 4945
f 4934 4935 4947
f 4934 4947 4946
f 4935 4936 4948
f 4935 4948 4947
f 4936 4925 4937
f 4936 4937 4948
f 4937 4938 4950
f 4937 4950 4949
f 4938 4939 4951
f 4938 4951 4950
f 4939 4940 4952
f 4939 4952 4951
f 4940 4941 4953
f 4940 4953 4952
f 4941 4942 4954
f 4941 4954 4953
f 4942 4943 4955
f 4942 4955 4954
f 4943 4944 4956
f 4943 4956 4955
f 4944 4945 4957
f 4944 4957 4956
f 4945 4946 4958
f 4945 4958 4957
f 4946 4947 4959
f 4946 4959 4958
f 4947 4948 4960
f 4947 4960 4959
f 4948 4937 4949
f 4948 4949 4960
f 4949 4950 4962
f 4949 4962 4961
f 4950 4951 4963
f 4950 4963 4962
f 4951 4952 4964
f 4951 4964 4963
f 4952 4953 4965
f 4952 4965 4964
f 4953 4954 4966
f 4953 4966 4965
f 4954 4955 4967
f 4954 4967 4966
f 4955 4956 4968
f 4955 4968 4967
f 4956 4957 4969
f 4956 4969 4968
f 4957 4958 4970
f 4957 4970 4969
f 4958 4959 4971
f 4958 4971 4970
f 4959 4960 4972
f 4959 4972 4971
f 4960 4949 4961
f 4960 4961 4972
f 4961 4962 4974
f 4961 4974 4973
f 4962 4963 4975
f 4962 4975 4974
f 4963 4964 4976
f 4963 4976 4975
f 4964 4965 4977
f 4964 4977 4976
f 4965 4966 4978
f 4965 4978 4977
f 4966 4967 4979
f 4966 4979 4978
f 4967 4968 4980
f 4967 4980 4979
f 4968 4969 4981
f 4968 4981 4980
f 4969 4970 4982
f 4969 4982 4981
f 4970 4971 4983
f 4970 4983 4982
f 4971 4972 4984
f 4971 4984 4983
f 4972 4961 4973
f 4972 4973 4984
f 4985 4986 4998
f 4985 4998 4997
f 4986 4987 4999
f 4986 4999 4998
f 4987 4988 5000
f 4987 5000 4999
f 4988 4989 5001
f 4988 5001 5000
f 4989 4990 5002
f 4989 5002 5001
f 4990 4991 5003
f 4990 5003 5002
f 4991 4992 5004
f 4991 5004 5003
f 4992 4993 5005
f 4992 5005 5004
f 4993 4994 5006
f 4993 5006 5005
f 4994 4995 5007
f 4994 5007 5006
f 4995 4996 5008
f 4995 5008 5007
f 4996 4985 4997
f 4996 4997 5008
f 4997 4998 5010
f 4997 5010 5009
f 4998 4999 5011
f 4998 5011 5010
f 4999 5000 5012
f 4999 5012 5011
f 5000 5001 5013
f 5000 5013 5012
f 5001 5002 5014
f 5001 5014 5013
f 5002 5003 5015
f 5002 5015 5014
f 5003 5004 5016
f 5003 5016 5015
f 5004 5005 5017
f 5004 5017 5016
f 5005 5006 5018
f 5005 5018 5017
f 5006 5007 5019
f 5006 5019 5018
f 5007 5008 5020
f 5007 5020 5019
f 5008 4997 5009
f 5008 5009 5020
f 5009 5010 5022
f 5009 5022 5021
f 5010 5011 5023
f 5010 5023 5022
f 5011 5012 5024
f 5011 5024 5023
f 5012 5013 5025
f 5012 5025 5024
f 5013 5014 5026
f 5013 5026 5025
f 5014 5015 5027
f 5014 5027 5026
f 5015 5016 5028
f 5015 5028 5027
f 5016 5017 5029
f 5016 5029 5028
f 5017 5018 5030
f 5017 5030 5029
f 5018 5019 5031
f 5018 5031 5030
f 5019 5020 5032
f 5019 5032 5031
f 5020 5009 5021
f 5020 5021 5032
f 5021 5022 5034
f 5021 5034 5033
f 5022 5023 5035
f 5022 5035 5034
f 5023 5024 5036
f 5023 5036 5035
f 5024 5025 5037
f 5024 5037 5036
f 5025 5026 5038
f 5025 5038 5037
f 5026 5027 5039
f 5026 5039 5038
f 5027 5028 5040
f 5027 5040 5039
f 5028 5029 5041
f 5028 5041 5040
f 5029 5030 5042
f 5029 5042 5041
f 5030 5031 5043
f 5030 5043 5042
f 5031 5032 5044
f 5031 5044 5043
f 5032 5021 5033
f 5032 5033 5044
f 5033 5034 5046
f 5033 5046 5045
f 5034 5035 5047
f 5034 5047 5046
f 5035 5036 5048
f 5035 5048 5047
f 5036 5037 5049
f 5036 5049 5048
f 5037 5038 5050
f 5037 5050 5049
f 5038 5039 5051
f 5038 5051 5050
f 5039 5040 5052
f 5039 5052 5051
f 5040 5041 5053
f 5040 5053 5052
f 5041 5042 5054
f 5041 5054 5053
f 5042 5043 5055
f 5042 5055 5054
f 5043 5044 5056
f 5043 5056 5055
f 5044 5033 5045
f 5044 5045 5056
f 5045 5046 5058
f 5045 5058 5057
f 5046 5047 5059
f 5046 5059 5058
f 5047 5048 5060
f 5047 5060 5059
f 5048 5049 5061
f 5048 5061 5060
f 5049 5050 5062
f 5049 5062 5061
f 5050 5051 5063
f 5050 5063 5062
f 5051 5052 5064
f 5051 5064 5063
f 5052 5053 5065
f 5052 5065 5064
f 5053 5054 5066
f 5053 5066 5065
f 5054 5055 5067
f 5054 5067 5066
f 5055 5056 5068
f 5055 5068 5067
f 5056 5045 5057
f 5056 5057 5068
f 5069 5071 5072
f 5069 5072 5070
f 5071 5073 5074
f 5071 5074 5072
f 5073 5075 5076
f 5073 5076 5074
f 5075 5077 5078
f 5075 5078 5076
f 5077 5079 5080
f 5077 5080 5078
f 5079 5081 5082
f 5079 5082 5080
f 5081 5083 5084
f 5081 5084 5082
f 5083 5085 5086
f 5083 5086 5084
f 5085 5087 5088
f 5085 5088 5086
f 5087 5089 5090
f 5087 5090 5088
f 5089 5091 5092
f 5089 5092 5090
f 5091 5093 5094
f 5091 5094 5092
f 5093 5095 5096
f 5093 5096 5094
f 5095 5069 5070
f 5095 5070 5096
f 5097 5098 5110
f 5097 5110 5109
f 5098 5099 5111
f 5098 5111 5110
f 5099 5100 5112
f 5099 5112 5111
f 5100 5101 5113
f 5100 5113 5112
f 5101 5102 5114
f 5101 5114 5113
f 5102 5103 5115
f 5102 5115 5114
f 5103 5104 5116
f 5103 5116 5115
f 5104 5105 5117
f 5104 5117 5116
f 5105 5106 5118
f 5105 5118 5117
f 5106 5107 5119
f 5106 5119 5118
f 5107 5108 5120
f 5107 5120 5119
f 5108 5097 5109
f 5108 5109 5120
f 5109 5110 5122
f 5109 5122 5121
f 5110 5111 5123
f 5110 5123 5122
f 5111 5112 5124
f 5111 5124 5123
f 5112 5113 5125
f 5112 5125 5124
f 5113 5114 5126
f 5113 5126 5125
f 5114 5115 5127
f 5114 5127 5126
f 5115 5116 5128
f 5115 5128 5127
f 5116 5117 5129
f 5116 5129 5128
f 5117 5118 5130
f 5117 5130 5129
f 5118 5119 5131
f 5118 5131 5130
f 5119 5120 5132
f 5119 5132 5131
f 5120 5109 5121
f 5120 5121 5132
f 5121 5122 5134
f 5121 5134 5133
f 5122 5123 5135
f 5122 5135 5134
f 5123 5124 5136
f 5123 5136 5135
f 5124 5125 5137
f 5124 5137 5136
f 5125 5126 5138
f 5125 5138 5137
f 5126 5127 5139
f 5126 5139 5138
f 5127 5128 5140
f 5127 5140 5139
f 5128 5129 5141
f 5128 5141 5140
f 5129 5130 5142
f 5129 5142 5141
f 5130 5131 5143
f 5130 5143 5142
f 5131 5132 5144
f 5131 5144 5143
f 5132 5121 5133
f 5132 5133 5144
f 5133 5134 5146
f 5133 5146 5145
f 5134 5135 5147
f 5134 5147 5146
f 5135 5136 5148
f 5135 5148 5147
f 5136 5137 5149
f 5136 5149 5148
f 5137 5138 5150
f 5137 5150 5149
f 5138 5139 5151
f 5138 5151 5150
f 5139 5140 5152
f 5139 5152 5151
f 5140 5141 5153
f 5140 5153 5152
f 5141 5142 5154
f 5141 5154 5153
f 5142 5143 5155
f 5142 5155 5154
f 5143 5144 5156
f 5143 5156 5155
f 5144 5133 5145
f 5144 5145 5156
f 5145 5146 5158
f 5145 5158 5157
f 5146 5147 5159
f 5146 5159 5158
f 5147 5148 5160
f 5147 5160 5159
f 5148 5149 5161
f 5148 5161 5160
f 5149 5150 5162
f 5149 5162 5161
f 5150 5151 5163
f 5150 5163 5162
f 5151 5152 5164
f 5151 5164 5163
f 5152 5153 5165
f 5152 5165 5164
f 5153 5154 5166
f 5153 5166 5165
f 5154 5155 5167
f 5154 5167 5166
f 5155 5156 5168
f 5155 5168 5167
f 5156 5145 5157
f 5156 5157 5168
f 5157 5158 5170
f 5157 5170 5169
f 5158 5159 5171
f 5158 5171 5170
f 5159 5160 5172
f 5159 5172 5171
f 5160 5161 5173
f 5160 5173 5172
f 5161 5162 5174
f 5161 5174 5173
f 5162 5163 5175
f 5162 5175 5174
f 5163 5164 5176
f 5163 5176 5175
f 5164 5165 5177
f 5164 5177 5176
f 5165 5166 5178
f 5165 5178 5177
f 5166 5167 5179
f 5166 5179 5178
f 5167 5168 5180
f 5167 5180 5179
f 5168 5157 5169
f 5168 5169 5180
f 5181 5182 5194
f 5181 5194 5193
f 5182 5183 5195
f 5182 5195 5194
f 5183 5184 5196
f 5183 5196 5195
f 5184 5185 5197
f 5184 5197 5196
f 5185 5186 5198
f 5185 5198 5197
f 5186 5187 5199
f 5186 5199 5198
f 5187 5188 5200
f 5187 5200 5199
f 5188 5189 5201
f 5188 5201 5200
f 5189 5190 5202
f 5189 5202 5201
f 5190 5191 5203
f 5190 5203 5202
f 5191 5192 5204
f 5191 5204 5203
f 5192 5181 5193
f 5192 5193 5204
f 5193 5194 5206
f 5193 5206 5205
f 5194 5195 5207
f 5194 5207 5206
f 5195 5196 5208
f 5195 5208 5207
f 5196 5197 5209
f 5196 5209 5208
f 5197 5198 5210
f 5197 5210 5209
f 5198 5199 5211
f 5198 5211 5210
f 5199 5200 5212
f 5199 5212 5211
f 5200 5201 5213
f 5200 5213 5212
f 5201 5202 5214
f 5201 5214 5213
f 5202 5203 5215
f 5202 5215 5214
f 5203 5204 5216
f 5203 5216 5215
f 5204 5193 5205
f 5204 5205 5216
f 5205 5206 5218
f 5205 5218 5217
f 5206 5207 5219
f 5206 5219 5218
f 5207 5208 5220
f 5207 5220 5219
f 5208 5209 5221
f 5208 5221 5220
f 5209 5210 5222
f 5209 5222 5221
f 5210 5211 5223
f 5210 5223 5222
f 5211 5212 5224
f 5211 5224 5223
f 5212 5213 5225
f 5212 5225 5224
f 5213 5214 5226
f 5213 5226 5225
f 5214 5215 5227
f 5214 5227 5226
f 5215 5216 5228
f 5215 5228 5227
f 5216 5205 5217
f 5216 5217 5228
f 5217 5218 5230
f 5217 5230 5229
f 5218 5219 5231
f 5218 5231 5230
f 5219 5220 5232
f 5219 5232 5231
f 5220 5221 5233
f 5220 5233 5232
f 5221 5222 5234
f 5221 5234 5233
f 5222 5223 5235
f 5222 5235 5234
f 5223 5224 5236
f 5223 5236 5235
f 5224 5225 5237
f 5224 5237 5236
f 5225 5226 5238
f 5225 5238 5237
f 5226 5227 5239
f 5226 5239 5238
f 5227 5228 5240
f 5227 5240 5239
f 5228 5217 5229
f 5228 5229 5240
f 5229 5230 5242
f 5229 5242 5241
f 5230 5231 5243
f 5230 5243 5242
f 5231 5232 5244
f 5231 5244 5243
f 5232 5233 5245
f 5232 5245 5244
f 5233 5234 5246
f 5233 5246 5245
f 5234 5235 5247
f 5234 5247 5246
f 5235 5236 5248
f 5235 5248 5247
f 5236 5237 5249
f 5236 5249 5248
f 5237 5238 5250
f 5237 5250 5249
f 5238 5239 5251
f 5238 5251 5250
f 5239 5240 5252
f 5239 5252 5251
f 5240 5229 5241
f 5240 5241 5252
f 5241 5242 5254
f 5241 5254 5253
f 5242 5243 5255
f 5242 5255 5254
f 5243 5244 5256
f 5243 5256 5255
f 5244 5245 5257
f 5244 5257 5256
f 5245 5246 5258
f 5245 5258 5257
f 5246 5247 5259
f 5246 5259 5258
f 5247 5248 5260
f 5247 5260 5259
f 5248 5249 5261
f 5248 5261 5260
f 5249 5250 5262
f 5249 5262 5261
f 5250 5251 5263
f 5250 5263 5262
f 5251 5252 5264
f 5251 5264 5263
f 5252 5241 5253
f 5252 5253 5264
usemtl Net
f 5265 5266 5267
f 5265 5267 5268
f 5269 5271 5270
f 5269 5272 5271
f 5273 5274 5275
f 5273 5275 5276
f 5277 5279 5278
f 5277 5280 5279
f 5281 5282 5283
f 5281 5283 5284
f 5285 5287 5286
f 5285 5288 5287
f 5289 5290 5291
f 5289 5291 5292
f 5293 5295 5294
f 5293 5296 5295
f 5297 5298 5299
f 5297 5299 5300
f 5301 5303 5302
f 5301 5304 5303
usemtl Pad
f 5305 5306 5307
f 5305 5307 5308
f 5309 5310 5311
f 5309 5311 5312
f 5313 5314 5315
f 5313 5315 5316
f 5317 5318 5319
f 5317 5319 5320
f 5321 5322 5323
f 5321 5323 5324
f 5325 5326 5327
f 5325 5327 5328
f 5329 5330 5331
f 5329 5331 5332
f 5333 5334 5335
f 5333 5335 5336
f 5337 5338 5339
f 5337 5339 5340
f 5341 5342 5343
f 5341 5343 5344
f 5345 5346 5347
f 5345 5347 5348
f 5349 5350 5351
f 5349 5351 5352
f 5353 5354 5355
f 5353 5355 5356
f 5357 5358 5359
f 5357 5359 5360
f 5361 5362 5363
f 5361 5363 5364
f 5365 5366 5367
f 5365 5367 5368
f 5369 5370 5371
f 5369 5371 5372
f 5373 5374 5375
f 5373 5375 5376
f 5377 5378 5379
f 5377 5379 5380
f 5381 5382 5383
f 5381 5383 5384
f 5385 5386 5387
f 5385 5387 5388
f 5389 5390 5391
f 5389 5391 5392
f 5393 5394 5395
f 5393 5395 5396
f 5397 5398 5399
f 5397 5399 5400
