# Blender 4.4.0
# www.blender.org
mtllib goalie_02.mtl
o Meshy_AI_Masked_Goalie_in_Blin_0708075828_texture
v 0.071749 -0.855735 -0.599091
v 0.105659 -0.853697 -0.591373
v 0.094659 -0.864088 -0.592846
v 0.058046 -0.863217 -0.592807
v 0.068273 -0.840625 -0.594796
v 0.108474 -0.847329 -0.584984
v 0.088450 -0.811267 -0.584485
v 0.108697 -0.833109 -0.592686
v 0.083637 -0.876742 -0.586825
v 0.113892 -0.860083 -0.581966
v 0.049441 -0.855235 -0.584628
v 0.036957 -0.851657 -0.585778
v 0.019486 -0.824447 -0.585926
v 0.044474 -0.843226 -0.593744
v 0.031913 -0.823494 -0.586008
v 0.048289 -0.829122 -0.583732
v 0.054563 -0.827983 -0.590472
v 0.067819 -0.822869 -0.589746
v 0.069803 -0.807783 -0.592896
v 0.053052 -0.815589 -0.593463
v 0.081232 -0.896459 -0.586426
v 0.097305 -0.880647 -0.588972
v 0.065304 -0.900440 -0.578320
v 0.126246 -0.880327 -0.584144
v 0.123992 -0.848034 -0.586098
v 0.133409 -0.853220 -0.586511
v 0.112357 -0.834981 -0.587452
v 0.074626 -0.787497 -0.573834
v 0.104764 -0.893274 -0.585961
v 0.049123 -0.872528 -0.580090
v 0.021082 -0.843723 -0.575338
v 0.130317 -0.819697 -0.577307
v 0.043490 -0.811362 -0.581725
v 0.032468 -0.808382 -0.585322
v 0.011519 -0.807728 -0.578228
v 0.117228 -0.811326 -0.577769
v 0.096718 -0.802652 -0.584884
v 0.074161 -0.909267 -0.569938
v 0.113729 -0.913004 -0.572426
v 0.127081 -0.892647 -0.573849
v 0.135085 -0.909601 -0.577744
v 0.114752 -0.872783 -0.578734
v 0.020307 -0.891566 -0.570498
v 0.042920 -0.880082 -0.581163
v 0.016992 -0.837958 -0.584289
v 0.007896 -0.825861 -0.573362
v 0.134915 -0.836636 -0.565944
v 0.134228 -0.807831 -0.577395
v 0.089087 -0.779947 -0.574964
v 0.514993 -0.971128 -0.567484
v 0.460286 -0.934993 -0.566964
v 0.523092 -0.947763 -0.574447
v 0.547344 -0.931729 -0.574895
v 0.555545 -0.971593 -0.569782
v 0.081605 -0.925177 -0.569387
v 0.094008 -0.910600 -0.573251
v 0.102570 -0.917161 -0.577554
v 0.065834 -0.912848 -0.569489
v 0.052142 -0.905113 -0.562709
v 0.045177 -0.914811 -0.561884
v 0.347814 -0.910037 -0.574839
v 0.177921 -0.868837 -0.574272
v 0.368296 -0.877756 -0.573374
v 0.190362 -0.904525 -0.568601
v 0.152029 -0.864001 -0.563026
v 0.169223 -0.815797 -0.567180
v 0.146850 -0.852182 -0.573764
v -0.025135 -0.831967 -0.573642
v -0.020942 -0.849473 -0.569974
v -0.010327 -0.828594 -0.570810
v 0.003667 -0.802887 -0.569699
v 0.152257 -0.823336 -0.564631
v 0.047796 -0.796017 -0.573996
v 0.100259 -0.790834 -0.574419
v 0.583240 -0.952064 -0.564681
v 0.335619 -0.933331 -0.565869
v 0.128578 -0.941572 -0.562056
v 0.140091 -0.924635 -0.561451
v 0.150117 -0.918134 -0.569906
v 0.154604 -0.893567 -0.560848
v 0.004778 -0.868579 -0.562489
v 0.007270 -0.853498 -0.573261
v 0.453587 -0.802242 -0.564645
v 0.487433 -0.761145 -0.562400
v 0.148759 -0.836114 -0.570369
v 0.009927 -0.839195 -0.565428
v 0.143258 -0.832502 -0.562278
v -0.015122 -0.789628 -0.574072
v -0.026195 -0.805166 -0.562647
v 0.011027 -0.782939 -0.564212
v 0.448754 -0.698720 -0.562308
v -0.028647 -0.789585 -0.563990
v -0.022717 -0.781637 -0.578392
v -0.451700 -0.797840 -0.572186
v -0.444143 -0.765823 -0.568789
v -0.433352 -0.785502 -0.565840
v 0.040089 -0.775719 -0.563008
v -0.010805 -0.765189 -0.555556
v -0.050927 -0.775980 -0.568790
v -0.020551 -0.753810 -0.564580
v -0.474685 -0.773851 -0.561814
v -0.038325 -0.757424 -0.572248
v 0.543644 -0.982788 -0.562023
v -0.247669 -0.979324 -0.560257
v -0.235030 -0.935430 -0.570235
v -0.198123 -0.979288 -0.557370
v -0.288553 -0.967937 -0.561512
v -0.316522 -0.972553 -0.550880
v -0.238806 -0.819365 -0.565440
v -0.114755 -0.914381 -0.563302
v 0.446417 -0.953407 -0.553613
v 0.452902 -0.861543 -0.555849
v 0.567222 -0.915967 -0.567055
v 0.095013 -0.932998 -0.558599
v 0.163394 -0.916771 -0.548411
v -0.148498 -0.878483 -0.563802
v 0.007745 -0.893837 -0.562374
v -0.178243 -0.845193 -0.561431
v 0.529547 -0.824345 -0.544591
v -0.053394 -0.822620 -0.563059
v -0.034639 -0.820405 -0.568194
v -0.020805 -0.816899 -0.561152
v 0.137649 -0.791607 -0.566830
v -0.031468 -0.801388 -0.565883
v -0.011440 -0.775035 -0.564026
v 0.057183 -0.779883 -0.562130
v 0.066080 -0.763180 -0.553131
v 0.098095 -0.771895 -0.550936
v -0.039050 -0.738098 -0.562191
v 0.494974 -0.978509 -0.554326
v 0.599232 -0.967387 -0.549363
v 0.120327 -0.933454 -0.559806
v 0.103774 -0.938585 -0.562072
v 0.596357 -0.911852 -0.545645
v 0.147474 -0.945072 -0.552834
v 0.069338 -0.937509 -0.547554
v 0.063525 -0.950919 -0.545299
v 0.027967 -0.904929 -0.562287
v -0.048279 -0.934493 -0.556478
v -0.068344 -0.844986 -0.556443
v 0.011312 -0.907936 -0.561603
v -0.484093 -0.873281 -0.556830
v -0.484609 -0.939627 -0.560480
v -0.001624 -0.859633 -0.559772
v -0.038076 -0.845887 -0.562404
v 0.431811 -0.832788 -0.542764
v 0.437976 -0.817922 -0.551781
v -0.050550 -0.830254 -0.550013
v -0.035557 -0.810552 -0.561106
v -0.027525 -0.818528 -0.563372
v 0.160618 -0.778990 -0.553913
v 0.247198 -0.816878 -0.557648
v -0.051198 -0.800724 -0.564290
v -0.190414 -0.762282 -0.547373
v 0.139516 -0.779577 -0.549862
v -0.066124 -0.790348 -0.552320
v -0.068611 -0.769213 -0.554561
v 0.110429 -0.759815 -0.553560
v -0.051801 -0.762260 -0.556636
v -0.047492 -0.757108 -0.550556
v -0.454613 -0.742656 -0.557127
v -0.047452 -0.746762 -0.557205
v -0.016695 -0.746302 -0.553127
v 0.482844 -0.711659 -0.554117
v -0.297314 -0.995226 -0.541593
v -0.542223 -0.972007 -0.545689
v -0.472977 -0.967677 -0.556512
v 0.302543 -0.945042 -0.542790
v -0.418253 -0.893669 -0.541118
v -0.018362 -0.909463 -0.552692
v 0.001107 -0.908673 -0.552805
v -0.006746 -0.886596 -0.560842
v -0.022564 -0.894285 -0.549935
v 0.002650 -0.880993 -0.551758
v -0.026590 -0.871742 -0.562315
v -0.114229 -0.870974 -0.554671
v -0.030509 -0.875198 -0.552765
v -0.041840 -0.846723 -0.552704
v -0.025816 -0.860962 -0.557451
v -0.057166 -0.820664 -0.553786
v -0.262940 -0.778463 -0.550718
v -0.425114 -0.761403 -0.554632
v -0.234768 -0.770381 -0.554883
v 0.042451 -0.766235 -0.549507
v 0.006012 -0.761492 -0.552482
v 0.025893 -0.753689 -0.541074
v -0.058799 -0.749507 -0.559674
v -0.433226 -0.720788 -0.534054
v 0.425416 -0.682037 -0.545760
v 0.559149 -0.985946 -0.551648
v 0.589181 -0.978373 -0.539624
v -0.044568 -0.954361 -0.547044
v 0.127771 -0.957727 -0.542133
v 0.098700 -0.948133 -0.534701
v 0.119909 -0.954972 -0.534441
v 0.002740 -0.916592 -0.544618
v 0.194418 -0.924794 -0.550019
v -0.028460 -0.816298 -0.554123
v 0.050867 -0.775931 -0.550149
v 0.122276 -0.763253 -0.541375
v 0.511017 -0.749499 -0.532267
v -0.039829 -0.731103 -0.549295
v 0.432919 -0.667222 -0.544764
v 0.471555 -0.675268 -0.545550
v 0.447815 -0.666977 -0.549392
v -0.461335 -0.978202 -0.545539
v -0.509811 -0.986836 -0.545059
v -0.437257 -0.967037 -0.541455
v -0.131596 -0.987422 -0.537176
v -0.613808 -0.942879 -0.532617
v 0.105168 -0.956620 -0.538370
v -0.019539 -0.942553 -0.533287
v 0.047457 -0.949053 -0.531858
v 0.035539 -0.933591 -0.547326
v 0.010817 -0.934265 -0.540200
v -0.517031 -0.890561 -0.545605
v 0.419577 -0.820536 -0.534249
v -0.069572 -0.806108 -0.536686
v -0.061799 -0.781260 -0.548730
v -0.123138 -0.785204 -0.529916
v -0.271226 -0.750570 -0.532476
v -0.222587 -0.750506 -0.544888
v -0.019386 -0.740959 -0.545156
v -0.432703 -0.695003 -0.520909
v 0.530862 -0.991074 -0.542790
v -0.324568 -0.987599 -0.540430
v 0.605836 -0.936380 -0.541881
v 0.077118 -0.961134 -0.527184
v 0.171942 -0.925285 -0.537837
v 0.164565 -0.946858 -0.531470
v -0.732708 -0.947386 -0.536188
v -0.728852 -0.906773 -0.540118
v -0.701573 -0.955266 -0.542951
v -0.705344 -0.918914 -0.547983
v 0.023453 -0.928834 -0.537887
v -0.656884 -0.902437 -0.541724
v -0.709371 -0.886771 -0.542440
v 0.577700 -0.865182 -0.533719
v -0.132079 -0.836046 -0.535427
v -0.290657 -0.791426 -0.536499
v 0.301392 -0.809939 -0.516415
v 0.263003 -0.774334 -0.528689
v -0.143367 -0.764836 -0.531978
v 0.057404 -0.766271 -0.540831
v -0.067682 -0.753788 -0.539368
v 0.089382 -0.754464 -0.540529
v 0.072686 -0.754263 -0.535182
v 0.104998 -0.758135 -0.537960
v -0.184820 -0.733260 -0.522121
v 0.017110 -0.724451 -0.527790
v -0.022796 -0.720764 -0.532751
v -0.529961 -0.988765 -0.537506
v -0.501993 -0.992433 -0.526845
v 0.486465 -0.995627 -0.501147
v 0.614194 -0.959833 -0.518352
v 0.087921 -0.962300 -0.526915
v -0.656491 -0.955096 -0.532779
v -0.639719 -0.927282 -0.532631
v -0.002684 -0.942098 -0.540618
v -0.571775 -0.903637 -0.535578
v -0.651978 -0.870229 -0.533896
v -0.097662 -0.828791 -0.524474
v 0.558534 -0.820707 -0.532135
v -0.313910 -0.814367 -0.516537
v -0.415213 -0.831179 -0.522972
v -0.070442 -0.768158 -0.532445
v 0.349350 -0.737515 -0.475293
v 0.143758 -0.750933 -0.534664
v -0.151346 -0.719043 -0.542595
v -0.111591 -0.752649 -0.539291
v 0.068155 -0.742440 -0.530081
v 0.110977 -0.756482 -0.528762
v -0.495992 -0.754129 -0.532328
v -0.056369 -0.741576 -0.527476
v 0.001831 -0.729789 -0.538888
v -0.160522 -0.699546 -0.538584
v 0.440168 -0.657468 -0.534062
v -0.198020 -0.998555 -0.533842
v -0.309554 -0.997174 -0.515581
v -0.444813 -0.978242 -0.530276
v -0.334043 -0.980645 -0.515310
v 0.573354 -0.970925 -0.534239
v -0.325594 -0.961421 -0.541330
v -0.728628 -0.975288 -0.527864
v 0.151194 -0.958778 -0.534434
v 0.064998 -0.972624 -0.524175
v 0.072911 -0.953570 -0.528347
v 0.010740 -0.946431 -0.538196
v -0.733221 -0.849949 -0.518680
v -0.418424 -0.840651 -0.524132
v -0.411519 -0.898131 -0.522607
v -0.075269 -0.788728 -0.526229
v 0.034653 -0.737391 -0.522135
v -0.016775 -0.728385 -0.530633
v 0.396699 -0.679293 -0.500110
v 0.503500 -0.703910 -0.491798
v -0.103836 -0.741483 -0.529177
v -0.174929 -0.701984 -0.535775
v -0.188147 -0.675467 -0.523589
v 0.558258 -0.975212 -0.528442
v -0.698143 -0.987088 -0.524423
v -0.014008 -0.957400 -0.520958
v -0.036696 -0.976840 -0.520829
v 0.015981 -0.962942 -0.529682
v 0.025693 -0.962893 -0.522488
v 0.373650 -0.955095 -0.526621
v 0.028840 -0.951137 -0.522705
v -0.622561 -0.958104 -0.525061
v -0.420614 -0.951612 -0.529286
v 0.583381 -0.861547 -0.509584
v -0.611015 -0.865923 -0.517132
v -0.740584 -0.886270 -0.528220
v -0.598699 -0.802798 -0.498633
v 0.282105 -0.882935 -0.537584
v 0.230939 -0.856513 -0.540312
v 0.230654 -0.878920 -0.535403
v 0.285786 -0.873297 -0.538101
v 0.284468 -0.851057 -0.532744
v -0.412048 -0.871718 -0.517064
v 0.248367 -0.825446 -0.534001
v -0.538975 -0.810362 -0.515409
v 0.401197 -0.807736 -0.515931
v 0.571132 -0.799533 -0.508127
v -0.566563 -0.781307 -0.492568
v -0.075907 -0.796978 -0.518420
v -0.411134 -0.745838 -0.506249
v -0.302705 -0.754333 -0.508830
v -0.220578 -0.711849 -0.496723
v -0.041784 -0.730269 -0.530390
v -0.150356 -0.697172 -0.530213
v -0.181861 -0.672073 -0.521184
v -0.197830 -1.000000 -0.507127
v -0.538215 -0.989081 -0.522850
v -0.328543 -0.992393 -0.526589
v -0.421366 -0.962811 -0.514068
v 0.604180 -0.973824 -0.515074
v 0.041414 -0.973193 -0.514245
v 0.129073 -0.959656 -0.531633
v 0.051759 -0.957046 -0.517893
v 0.007491 -0.954081 -0.526972
v -0.205760 -0.949179 -0.535370
v -0.180796 -0.927347 -0.534925
v -0.248486 -0.928562 -0.534254
v -0.269601 -0.905828 -0.535333
v -0.100729 -0.909174 -0.533877
v -0.143624 -0.901211 -0.534998
v -0.317326 -0.839723 -0.515461
v -0.222488 -0.878267 -0.529771
v 0.277985 -0.896607 -0.524429
v -0.684811 -0.846039 -0.519637
v 0.192033 -0.839957 -0.534534
v -0.200453 -0.872696 -0.526121
v -0.208275 -0.813807 -0.534631
v -0.236279 -0.845982 -0.533785
v -0.407405 -0.795151 -0.519208
v -0.385377 -0.851126 -0.527052
v -0.227528 -0.826811 -0.538153
v -0.339779 -0.806375 -0.529159
v -0.326931 -0.833437 -0.514503
v 0.192815 -0.816973 -0.529551
v -0.214453 -0.796431 -0.523343
v -0.372253 -0.737096 -0.510768
v -0.068829 -0.764656 -0.521499
v 0.102985 -0.737997 -0.515916
v -0.499966 -0.700639 -0.486874
v -0.040559 -0.725607 -0.522655
v -0.011054 -0.727634 -0.526000
v -0.466315 -0.696150 -0.520146
v 0.010034 -0.719628 -0.528098
v -0.036561 -0.711299 -0.525310
v -0.017952 -0.645591 -0.515768
v 0.468150 -0.654022 -0.505128
v 0.478100 -0.663568 -0.516592
v -0.102091 -0.995262 -0.501848
v -0.626565 -0.967692 -0.490342
v 0.568897 -0.950633 -0.528511
v 0.018908 -0.972710 -0.521013
v 0.423889 -0.973215 -0.484877
v -0.002495 -0.962274 -0.523883
v 0.150428 -0.956811 -0.520235
v 0.092965 -0.942270 -0.511140
v -0.214927 -0.965948 -0.524870
v -0.151254 -0.954160 -0.520609
v -0.101232 -0.949736 -0.525344
v -0.079019 -0.938916 -0.527009
v -0.077631 -0.929664 -0.528005
v -0.099546 -0.903960 -0.529312
v -0.755371 -0.922976 -0.508841
v -0.180923 -0.896328 -0.528099
v -0.116846 -0.888921 -0.527785
v -0.256960 -0.871716 -0.525507
v -0.576601 -0.829087 -0.485590
v 0.186737 -0.857163 -0.527919
v -0.410593 -0.855065 -0.523983
v -0.250119 -0.846155 -0.523581
v -0.630292 -0.808021 -0.503773
v 0.186430 -0.826307 -0.529061
v -0.184237 -0.830272 -0.519879
v 0.270673 -0.824858 -0.525016
v -0.252813 -0.833752 -0.523215
v -0.079175 -0.817600 -0.521233
v -0.311570 -0.757751 -0.516657
v 0.255215 -0.743476 -0.496276
v 0.093403 -0.746429 -0.520785
v 0.059937 -0.729156 -0.515530
v -0.454446 -0.675846 -0.508185
v 0.018090 -0.653766 -0.517293
v 0.416923 -0.664914 -0.521677
v 0.557917 -0.942759 -0.517342
v -0.235154 -0.963699 -0.515231
v 0.116868 -0.945702 -0.508198
v -0.253306 -0.937605 -0.523717
v 0.611264 -0.925168 -0.484031
v -0.108374 -0.956203 -0.513846
v -0.086666 -0.931315 -0.511375
v -0.287704 -0.933582 -0.524653
v -0.293111 -0.910535 -0.515161
v -0.283871 -0.892248 -0.520774
v -0.268366 -0.864301 -0.511222
v -0.137765 -0.878814 -0.514410
v -0.216180 -0.871882 -0.523525
v -0.224753 -0.857646 -0.523003
v -0.214465 -0.799054 -0.516414
v -0.195510 -0.813149 -0.523477
v -0.085758 -0.815091 -0.515890
v -0.063741 -0.764819 -0.520177
v -0.055149 -0.753370 -0.513904
v -0.216136 -0.675050 -0.500009
v -0.037839 -0.676707 -0.513784
v 0.402795 -0.667442 -0.480639
v -0.720891 -0.993652 -0.509560
v -0.023107 -0.974889 -0.505485
v 0.020317 -0.978015 -0.506490
v -0.653233 -0.974877 -0.497923
v 0.029785 -0.964278 -0.504601
v 0.064703 -0.965710 -0.508325
v -0.200751 -0.967688 -0.518686
v 0.560043 -0.936269 -0.517014
v -0.286364 -0.932470 -0.515960
v -0.197444 -0.938693 -0.510827
v -0.208014 -0.917504 -0.514984
v -0.191550 -0.899406 -0.516033
v -0.217636 -0.888924 -0.512391
v -0.151877 -0.876060 -0.511037
v -0.178569 -0.876131 -0.513017
v 0.196978 -0.891349 -0.507232
v -0.213229 -0.877072 -0.515041
v -0.389358 -0.869916 -0.512936
v -0.748796 -0.832932 -0.492346
v -0.175267 -0.851641 -0.512036
v 0.245156 -0.794117 -0.503337
v -0.081628 -0.805549 -0.515994
v 0.530145 -0.727926 -0.499128
v -0.335294 -0.716596 -0.502573
v 0.096556 -0.727352 -0.496745
v -0.057353 -0.747055 -0.503254
v 0.050570 -0.707652 -0.512157
v 0.044330 -0.662641 -0.508339
v -0.032770 -0.645750 -0.505904
v -0.325559 -0.987294 -0.508117
v 0.538681 -0.971226 -0.495026
v -0.003447 -0.973981 -0.505210
v 0.011325 -0.971079 -0.501310
v -0.232487 -0.969127 -0.499945
v -0.015029 -0.973523 -0.485742
v 0.080751 -0.950157 -0.499461
v -0.753393 -0.951121 -0.501275
v -0.411318 -0.947432 -0.463478
v -0.200378 -0.963342 -0.511340
v -0.173017 -0.962003 -0.508606
v -0.287454 -0.916827 -0.507322
v 0.597169 -0.899798 -0.471676
v 0.279569 -0.899841 -0.505800
v 0.273203 -0.902416 -0.511141
v -0.237618 -0.850746 -0.496240
v -0.075975 -0.812373 -0.509487
v 0.231435 -0.788227 -0.494229
v -0.063852 -0.762892 -0.512515
v -0.070797 -0.749984 -0.504902
v -0.292801 -0.743398 -0.500079
v -0.118956 -0.724769 -0.501433
v -0.084602 -0.726269 -0.493655
v -0.138963 -0.713718 -0.500785
v -0.029400 -0.721413 -0.507445
v -0.420702 -0.711456 -0.482896
v 0.502587 -0.666156 -0.479810
v -0.005244 -0.621999 -0.498756
v -0.686376 -0.992911 -0.498107
v -0.289188 -0.990021 -0.500309
v -0.156070 -0.993602 -0.507308
v -0.036455 -0.984221 -0.490244
v -0.216528 -0.966739 -0.499940
v 0.070762 -0.949545 -0.506478
v 0.554746 -0.933945 -0.508168
v -0.122637 -0.953593 -0.499698
v 0.103106 -0.943634 -0.508015
v -0.322443 -0.918338 -0.466452
v -0.235974 -0.926317 -0.494568
v -0.291904 -0.880207 -0.498095
v 0.180513 -0.882864 -0.503628
v -0.418830 -0.879830 -0.498023
v 0.186097 -0.812806 -0.495052
v -0.242265 -0.844322 -0.499938
v -0.705139 -0.800179 -0.480242
v -0.081608 -0.823434 -0.511392
v -0.075054 -0.818368 -0.500463
v 0.297885 -0.766092 -0.478470
v 0.295837 -0.791900 -0.491478
v -0.529593 -0.717314 -0.486984
v 0.066541 -0.707782 -0.499599
v -0.454248 -0.643482 -0.466809
v -0.208688 -0.666278 -0.496610
v -0.016761 -0.629160 -0.496917
v -0.209052 -0.980661 -0.492248
v -0.481249 -0.985661 -0.481639
v 0.036401 -0.963202 -0.497138
v 0.045894 -0.967079 -0.502730
v 0.052097 -0.950115 -0.503009
v -0.174381 -0.936609 -0.490796
v -0.159465 -0.954745 -0.499556
v 0.301595 -0.929533 -0.473976
v -0.412761 -0.932671 -0.463428
v 0.172620 -0.923584 -0.519872
v 0.159769 -0.920327 -0.494848
v -0.291726 -0.894720 -0.494792
v -0.251046 -0.889919 -0.497419
v 0.589644 -0.886696 -0.484794
v -0.167739 -0.877666 -0.497112
v -0.377997 -0.867561 -0.498235
v -0.325934 -0.842400 -0.497839
v -0.320669 -0.847526 -0.494563
v -0.171311 -0.860207 -0.501477
v -0.229525 -0.849413 -0.487351
v 0.281520 -0.821320 -0.498218
v -0.213832 -0.847794 -0.471349
v -0.081706 -0.818966 -0.495952
v 0.301657 -0.787556 -0.484438
v 0.566223 -0.717471 -0.477989
v -0.300200 -0.741844 -0.498979
v -0.372881 -0.687515 -0.478161
v -0.037804 -0.737722 -0.490678
v -0.123775 -0.696858 -0.491083
v -0.311994 -0.712506 -0.494639
v -0.339121 -0.696346 -0.490426
v -0.000083 -0.719868 -0.496467
v -0.166804 -0.690803 -0.496981
v -0.274742 -0.708817 -0.446743
v -0.419180 -0.643460 -0.477750
v 0.492632 -0.994312 -0.423502
v -0.324500 -0.971971 -0.496223
v 0.041131 -0.958484 -0.475182
v -0.215540 -0.948021 -0.488784
v 0.031135 -0.959399 -0.506785
v 0.045828 -0.951141 -0.487551
v 0.070303 -0.945206 -0.489831
v -0.241405 -0.952301 -0.498195
v -0.230707 -0.940219 -0.483970
v 0.115559 -0.932553 -0.496313
v -0.118180 -0.931552 -0.482544
v 0.089603 -0.930984 -0.504573
v -0.454317 -0.852286 -0.504312
v -0.439037 -0.866919 -0.495449
v -0.441655 -0.853017 -0.508516
v 0.588789 -0.818877 -0.459455
v -0.447495 -0.846545 -0.510597
v -0.389594 -0.839472 -0.504210
v -0.374666 -0.833369 -0.503546
v -0.391504 -0.817161 -0.504708
v -0.369766 -0.809931 -0.505536
v 0.597250 -0.777724 -0.446453
v 0.361291 -0.778092 -0.494635
v 0.134688 -0.736252 -0.493785
v 0.181302 -0.740603 -0.490222
v 0.041763 -0.669752 -0.493017
v 0.444908 -0.663623 -0.490125
v 0.011702 -0.622057 -0.489255
v -0.713356 -0.994356 -0.490517
v -0.201423 -0.992328 -0.495797
v 0.022292 -0.971348 -0.486722
v 0.029691 -0.957342 -0.495762
v 0.057493 -0.945876 -0.478082
v 0.077150 -0.937873 -0.482319
v -0.136071 -0.937055 -0.490765
v -0.183172 -0.890224 -0.486181
v 0.555598 -0.923922 -0.494338
v -0.761296 -0.890211 -0.476580
v -0.417842 -0.875690 -0.474744
v -0.164113 -0.882956 -0.485018
v -0.279708 -0.872461 -0.485062
v -0.179295 -0.880726 -0.485867
v -0.435561 -0.846187 -0.499361
v -0.204056 -0.866632 -0.477488
v -0.401115 -0.832263 -0.499101
v -0.359610 -0.814972 -0.498324
v -0.376773 -0.801172 -0.497405
v -0.638201 -0.774619 -0.491510
v 0.278083 -0.739556 -0.454965
v -0.414321 -0.718114 -0.481631
v -0.028829 -0.648702 -0.497687
v -0.089609 -0.990382 -0.482813
v -0.737014 -0.979433 -0.486199
v 0.007013 -0.969401 -0.487020
v -0.319892 -0.943275 -0.485450
v 0.336289 -0.933604 -0.474026
v -0.130378 -0.913765 -0.486531
v 0.162726 -0.884546 -0.487036
v -0.287823 -0.871751 -0.488681
v -0.457992 -0.854310 -0.496111
v -0.433039 -0.867082 -0.485738
v -0.187748 -0.868574 -0.474912
v -0.483545 -0.856808 -0.485219
v -0.400313 -0.834571 -0.491886
v -0.378947 -0.832657 -0.484207
v -0.372133 -0.836825 -0.490001
v -0.400489 -0.817514 -0.493508
v -0.367100 -0.812306 -0.490587
v -0.279902 -0.726199 -0.458920
v -0.412457 -0.669059 -0.486654
v -0.202126 -0.663865 -0.480434
v 0.469530 -0.648381 -0.487808
v -0.005103 -0.617185 -0.485963
v -0.509548 -0.976624 -0.453222
v -0.180372 -0.965802 -0.476170
v -0.301683 -0.975670 -0.490232
v -0.248965 -0.968018 -0.490265
v 0.611002 -0.952193 -0.436080
v 0.622180 -0.942778 -0.475179
v 0.139003 -0.920021 -0.457477
v 0.549656 -0.916365 -0.480695
v 0.162496 -0.878122 -0.492851
v -0.394863 -0.810398 -0.488055
v -0.356877 -0.817962 -0.486210
v -0.065147 -0.759495 -0.488101
v 0.055657 -0.704859 -0.492954
v 0.517215 -0.688256 -0.459635
v 0.014488 -0.699019 -0.498251
v -0.312278 -0.688236 -0.474873
v 0.021586 -0.640448 -0.489849
v -0.015062 -0.627667 -0.487358
v -0.276602 -0.946009 -0.484377
v 0.424657 -0.971489 -0.452825
v -0.757912 -0.922106 -0.435410
v 0.583052 -0.929053 -0.423049
v 0.049123 -0.934959 -0.483065
v 0.042749 -0.936273 -0.485174
v -0.164631 -0.893831 -0.480253
v 0.279749 -0.884428 -0.435379
v 0.145537 -0.838976 -0.482976
v -0.454940 -0.871636 -0.483721
v -0.446860 -0.794086 -0.457900
v -0.741008 -0.807313 -0.474951
v -0.646362 -0.740563 -0.466710
v 0.573308 -0.712274 -0.459781
v 0.113617 -0.731930 -0.473746
v 0.015910 -0.720553 -0.481851
v -0.212920 -0.653503 -0.446681
v 0.495013 -0.625717 -0.434623
v -0.005514 -0.629978 -0.479899
v 0.008543 -0.624229 -0.479698
v -0.019429 -0.964856 -0.462331
v -0.002713 -0.957596 -0.462681
v -0.293779 -0.940452 -0.475791
v -0.248159 -0.941091 -0.477737
v -0.200817 -0.942000 -0.458147
v -0.314176 -0.928113 -0.463405
v -0.319652 -0.899575 -0.460751
v -0.188787 -0.874825 -0.474776
v -0.458573 -0.878767 -0.484356
v -0.361401 -0.850856 -0.484447
v -0.756025 -0.835431 -0.471982
v -0.313377 -0.808608 -0.475094
v -0.379149 -0.829977 -0.477971
v -0.342383 -0.821230 -0.479315
v 0.281264 -0.811721 -0.389332
v 0.194233 -0.778318 -0.465654
v 0.584090 -0.774505 -0.466939
v -0.067241 -0.777236 -0.480582
v -0.038001 -0.758222 -0.474518
v 0.011202 -0.743819 -0.471229
v -0.128833 -0.700522 -0.465789
v 0.040603 -0.729403 -0.471756
v -0.340876 -0.641724 -0.437644
v -0.728815 -0.954290 -0.428114
v 0.022900 -0.958078 -0.464686
v 0.073304 -0.929529 -0.462475
v 0.043862 -0.919473 -0.466246
v 0.075895 -0.913923 -0.464519
v 0.079789 -0.907868 -0.465190
v 0.098472 -0.904305 -0.462116
v 0.552629 -0.893079 -0.448272
v -0.458458 -0.888402 -0.472134
v -0.449544 -0.873069 -0.472297
v -0.206952 -0.857357 -0.473729
v -0.434279 -0.853517 -0.445207
v 0.236819 -0.785303 -0.439459
v -0.060469 -0.798459 -0.480081
v -0.059931 -0.775521 -0.485630
v -0.066566 -0.819936 -0.471176
v 0.227897 -0.786400 -0.465090
v -0.719773 -0.765063 -0.436011
v 0.248671 -0.744927 -0.453453
v -0.286878 -0.709142 -0.445924
v -0.183010 -0.663024 -0.455862
v 0.365908 -0.668187 -0.438497
v -0.408331 -0.950397 -0.446790
v -0.268406 -0.933747 -0.470611
v 0.065229 -0.929811 -0.467423
v 0.260674 -0.934021 -0.443926
v 0.036122 -0.926159 -0.469771
v 0.612694 -0.910306 -0.461900
v -0.425466 -0.859615 -0.450335
v -0.470558 -0.881299 -0.473826
v 0.145410 -0.875308 -0.473724
v -0.508057 -0.857961 -0.455572
v 0.110304 -0.827231 -0.436038
v -0.305790 -0.827407 -0.470369
v -0.767898 -0.827147 -0.438366
v 0.145618 -0.805149 -0.465267
v 0.176215 -0.782500 -0.471287
v 0.341524 -0.705488 -0.444487
v 0.024721 -0.746265 -0.469577
v -0.629827 -0.727217 -0.462181
v 0.502310 -0.641669 -0.446357
v -0.434494 -0.633670 -0.459008
v 0.477833 -0.993568 -0.423379
v -0.684983 -0.966969 -0.428230
v -0.297773 -0.930640 -0.451794
v -0.420287 -0.904406 -0.445764
v 0.222235 -0.891807 -0.384755
v 0.593549 -0.860948 -0.454725
v -0.483325 -0.876266 -0.465293
v -0.753203 -0.851836 -0.435808
v -0.444885 -0.794329 -0.451172
v -0.377775 -0.817215 -0.460408
v -0.060071 -0.825325 -0.471089
v -0.339966 -0.810974 -0.464312
v 0.020094 -0.754020 -0.452451
v -0.540814 -0.701402 -0.458543
v -0.202343 -0.652095 -0.446698
v 0.280015 -0.933232 -0.460845
v -0.402191 -0.942157 -0.457915
v -0.355963 -0.940989 -0.457864
v 0.087145 -0.908315 -0.457503
v 0.128707 -0.809481 -0.442114
v 0.281136 -0.822204 -0.452040
v -0.313496 -0.802706 -0.465496
v 0.073775 -0.736018 -0.448689
v 0.557255 -0.688730 -0.451393
v -0.601319 -0.949566 -0.431827
v 0.548898 -0.905761 -0.425666
v -0.406748 -0.933621 -0.456776
v 0.034886 -0.925393 -0.453987
v 0.057907 -0.913995 -0.455401
v -0.324575 -0.905090 -0.455145
v 0.128269 -0.903372 -0.424147
v 0.658832 -0.903242 -0.440352
v 0.135141 -0.871749 -0.434915
v -0.477059 -0.861065 -0.437927
v -0.504269 -0.833376 -0.439080
v -0.403492 -0.820746 -0.446114
v -0.071046 -0.832811 -0.458032
v -0.319689 -0.806108 -0.449829
v -0.022256 -0.806813 -0.445713
v 0.158299 -0.769294 -0.444641
v -0.692833 -0.743884 -0.456591
v 0.032353 -0.747651 -0.443658
v 0.057729 -0.750439 -0.445604
v 0.337905 -0.696560 -0.429636
v -0.398323 -0.631045 -0.446563
v -0.019398 -0.949681 -0.445848
v 0.675018 -0.926991 -0.437248
v 0.309284 -0.907209 -0.436912
v -0.398112 -0.922757 -0.440684
v 0.128105 -0.792241 -0.441396
v -0.742069 -0.787431 -0.437516
v 0.173936 -0.769405 -0.445157
v 0.101177 -0.753593 -0.444114
v 0.291948 -0.722054 -0.431395
v -0.163950 -0.676144 -0.434847
v 0.484032 -0.619040 -0.438073
v -0.748336 -0.941364 -0.440375
v 0.013138 -0.930003 -0.446167
v 0.387229 -0.934141 -0.437831
v 0.680124 -0.948920 -0.409641
v 0.340186 -0.916664 -0.446165
v 0.088781 -0.890891 -0.450049
v -0.314882 -0.897233 -0.443927
v -0.286240 -0.865740 -0.441641
v -0.029825 -0.841962 -0.446804
v -0.332543 -0.833382 -0.437385
v -0.396711 -0.817956 -0.444225
v -0.086495 -0.795084 -0.424102
v -0.746367 -0.753900 -0.436706
v 0.118495 -0.751289 -0.444809
v 0.519364 -0.660151 -0.434860
v -0.479223 -0.644214 -0.438452
v 0.444797 -0.629610 -0.425574
v 0.469144 -0.610381 -0.405400
v -0.551519 -0.960346 -0.415104
v -0.113793 -0.948854 -0.434511
v -0.248988 -0.918696 -0.423546
v 0.080294 -0.909761 -0.440762
v 0.047371 -0.893977 -0.447015
v 0.057317 -0.900296 -0.441294
v 0.622088 -0.866705 -0.428576
v 0.291455 -0.874518 -0.414778
v -0.508830 -0.847863 -0.444061
v -0.446188 -0.830778 -0.424359
v -0.092182 -0.814077 -0.403241
v 0.213480 -0.776314 -0.415193
v 0.091601 -0.742398 -0.444415
v -0.804636 -0.737378 -0.423578
v 0.577478 -0.721635 -0.439137
v -0.570656 -0.698160 -0.413664
v -0.333420 -0.643066 -0.426610
v -0.380864 -0.903421 -0.436766
v 0.025742 -0.896779 -0.435245
v -0.429829 -0.878220 -0.434592
v 0.048060 -0.884068 -0.447176
v 0.041540 -0.892540 -0.438094
v -0.410769 -0.816529 -0.429749
v -0.368438 -0.848255 -0.419758
v -0.295515 -0.816394 -0.426976
v -0.010089 -0.818720 -0.449332
v 0.011571 -0.789235 -0.446711
v 0.022082 -0.839330 -0.446411
v 0.036764 -0.819204 -0.445913
v 0.594350 -0.789166 -0.426413
v -0.455166 -0.790755 -0.440010
v -0.013829 -0.790485 -0.451753
v -0.124319 -0.716877 -0.435544
v -0.796774 -0.728072 -0.413881
v 0.433819 -0.650564 -0.425409
v -0.410180 -0.626836 -0.401844
v -0.397611 -0.958772 -0.364155
v 0.382475 -0.887223 -0.407812
v 0.013362 -0.909409 -0.444890
v 0.070409 -0.895383 -0.440814
v -0.423754 -0.886620 -0.430937
v 0.088845 -0.887324 -0.430677
v 0.042883 -0.877047 -0.441725
v 0.022840 -0.863102 -0.440324
v 0.013122 -0.877187 -0.438831
v 0.612179 -0.836742 -0.415504
v -0.491775 -0.855138 -0.418145
v 0.024328 -0.853388 -0.446299
v 0.009232 -0.854071 -0.440840
v 0.616133 -0.807466 -0.403172
v -0.757049 -0.843632 -0.435169
v -0.051771 -0.861017 -0.412838
v -0.094486 -0.849304 -0.429693
v -0.087583 -0.839723 -0.436360
v -0.007007 -0.853523 -0.433702
v -0.479391 -0.808196 -0.439032
v -0.405706 -0.814495 -0.434964
v 0.049532 -0.788549 -0.430283
v 0.141378 -0.787542 -0.430869
v 0.033342 -0.753642 -0.435321
v 0.189861 -0.771657 -0.438173
v 0.282355 -0.738670 -0.407066
v -0.642798 -0.723096 -0.435205
v -0.240554 -0.679916 -0.418986
v 0.106705 -0.469976 -0.434223
v 0.193621 -0.469562 -0.436446
v 0.222286 -0.476351 -0.432865
v 0.692707 -0.936758 -0.428029
v -0.015900 -0.921877 -0.431106
v 0.672358 -0.865022 -0.426901
v -0.390219 -0.883049 -0.426400
v -0.754794 -0.878173 -0.418803
v 0.012995 -0.869236 -0.433949
v -0.440698 -0.861455 -0.431328
v 0.058384 -0.805075 -0.435966
v -0.459276 -0.809220 -0.427280
v 0.216471 -0.767747 -0.414929
v 0.110631 -0.747902 -0.426911
v 0.054299 -0.754679 -0.424293
v 0.072520 -0.747610 -0.429615
v -0.587805 -0.707845 -0.422424
v -0.287214 -0.704360 -0.426903
v 0.346626 -0.674274 -0.401459
v 0.483836 -0.613900 -0.418105
v 0.201907 -0.483032 -0.430951
v 0.144047 -0.454892 -0.428627
v -0.093738 -0.933636 -0.420829
v -0.394512 -0.949180 -0.401199
v -0.278042 -0.936035 -0.402017
v 0.726273 -0.927062 -0.429900
v -0.003638 -0.877497 -0.426285
v 0.084157 -0.892073 -0.419660
v 0.755229 -0.898782 -0.415820
v -0.335627 -0.874913 -0.404002
v -0.286477 -0.879943 -0.422981
v -0.481050 -0.859313 -0.400937
v 0.049379 -0.832075 -0.434384
v -0.335521 -0.845245 -0.412182
v -0.495952 -0.842735 -0.420755
v 0.108968 -0.789432 -0.426784
v 0.134869 -0.793032 -0.426847
v -0.758559 -0.762724 -0.415596
v 0.141946 -0.769896 -0.409615
v -0.850158 -0.751562 -0.409750
v 0.098854 -0.759794 -0.423257
v -0.170116 -0.658705 -0.421088
v 0.507001 -0.650438 -0.397885
v 0.094214 -0.487744 -0.421332
v 0.082065 -0.479874 -0.428500
v 0.264113 -0.492324 -0.412946
v 0.048908 -0.462869 -0.420377
v 0.231352 -0.450221 -0.423902
v 0.487302 -0.952055 -0.303124
v 0.557113 -0.905401 -0.414772
v 0.080824 -0.872756 -0.415047
v 0.093161 -0.878854 -0.421187
v 0.697162 -0.844069 -0.425209
v -0.276503 -0.861690 -0.409352
v -0.397261 -0.839171 -0.419752
v 0.132860 -0.862644 -0.420689
v -0.442907 -0.853947 -0.420829
v 0.066724 -0.840200 -0.426982
v -0.115868 -0.851136 -0.420796
v 0.120971 -0.796626 -0.416861
v 0.072098 -0.743768 -0.422414
v 0.316636 -0.709494 -0.419308
v -0.317282 -0.677617 -0.398716
v -0.467135 -0.634558 -0.405958
v -0.009536 -0.475828 -0.403021
v 0.289783 -0.382219 -0.422179
v 0.317554 -0.439616 -0.420131
v 0.485583 -0.978062 -0.360810
v -0.164147 -0.908686 -0.414781
v 0.125437 -0.887204 -0.395646
v -0.297862 -0.867096 -0.392441
v 0.257375 -0.892671 -0.406086
v 0.070331 -0.861305 -0.421178
v -0.276542 -0.847900 -0.400990
v 0.085467 -0.862034 -0.419352
v 0.078216 -0.834640 -0.429264
v -0.471466 -0.842406 -0.400521
v -0.769712 -0.815293 -0.404872
v -0.752782 -0.794244 -0.407085
v 0.245263 -0.758096 -0.414729
v 0.109533 -0.759779 -0.395910
v 0.602920 -0.742641 -0.387968
v -0.208315 -0.650376 -0.406803
v 0.160655 -0.488191 -0.407882
v 0.309148 -0.479746 -0.411276
v 0.182167 -0.442430 -0.407789
v 0.215129 -0.377751 -0.415714
v 0.329548 -0.378115 -0.415104
v 0.549833 -0.906617 -0.414895
v 0.734883 -0.940018 -0.409904
v 0.809787 -0.944777 -0.404824
v 0.810301 -0.927241 -0.414926
v -0.770051 -0.926063 -0.396264
v 0.296085 -0.913127 -0.343172
v -0.045033 -0.870226 -0.407395
v 0.149462 -0.858317 -0.399786
v 0.817909 -0.786309 -0.399499
v -0.068044 -0.877458 -0.405232
v 0.092438 -0.856266 -0.417145
v -0.482222 -0.852078 -0.398851
v 0.669070 -0.804469 -0.412826
v 0.098688 -0.759015 -0.396512
v -0.861649 -0.745877 -0.402814
v 0.218945 -0.491980 -0.404128
v 0.123254 -0.446231 -0.408218
v 0.412882 -0.463992 -0.381263
v 0.153465 -0.408193 -0.392438
v 0.198024 -0.278323 -0.390826
v 0.301513 -0.136794 -0.375121
v -0.480513 -0.956077 -0.403002
v -0.219613 -0.897421 -0.399555
v -0.294414 -0.851439 -0.388213
v -0.127102 -0.863816 -0.412309
v -0.488841 -0.857824 -0.405199
v 0.132576 -0.816775 -0.391576
v -0.102866 -0.833194 -0.403132
v -0.778601 -0.826288 -0.394258
v 0.120386 -0.798316 -0.405824
v 0.092528 -0.801563 -0.399082
v 0.806478 -0.729282 -0.382683
v 0.223941 -0.807423 -0.354601
v -0.758419 -0.779716 -0.411793
v -0.647243 -0.730970 -0.369068
v -0.606024 -0.950749 -0.356783
v 0.680505 -0.951288 -0.376973
v 0.286033 -0.924614 -0.248073
v -0.131343 -0.889570 -0.409618
v 0.577930 -0.924497 -0.407500
v 0.372595 -0.874367 -0.390827
v -0.289125 -0.828760 -0.399150
v -0.289514 -0.824181 -0.409327
v 0.607501 -0.778626 -0.388077
v 0.066717 -0.753675 -0.410388
v 0.244731 -0.764939 -0.319098
v -0.280060 -0.721740 -0.373735
v -0.189080 -0.646870 -0.394361
v -0.349835 -0.646648 -0.389065
v -0.339391 -0.658488 -0.380970
v 0.164412 -0.528434 -0.403919
v 0.094967 -0.519668 -0.399388
v 0.168753 -0.518851 -0.410294
v 0.259421 -0.505439 -0.402542
v 0.135944 -0.502992 -0.402984
v 0.280195 -0.496562 -0.399422
v -0.013741 -0.461497 -0.403498
v 0.027719 -0.442617 -0.387603
v -0.493435 -0.948620 -0.353468
v 0.917117 -0.934855 -0.387378
v 0.876023 -0.890078 -0.397667
v 0.363191 -0.872149 -0.351256
v -0.762875 -0.886491 -0.391241
v -0.765936 -0.839778 -0.397032
v -0.882999 -0.743575 -0.380951
v -0.130152 -0.699574 -0.355612
v 0.414973 -0.625052 -0.346179
v 0.056598 -0.489524 -0.391805
v -0.018805 -0.453173 -0.403491
v 0.461847 -0.439580 -0.353248
v 0.107707 -0.331973 -0.386034
v 0.404920 -0.878080 -0.365003
v -0.148878 -0.879586 -0.405180
v 0.239414 -0.884002 -0.313384
v 0.290222 -0.878190 -0.373537
v -0.288050 -0.852648 -0.388016
v -0.748788 -0.862598 -0.387513
v -0.745890 -0.851130 -0.388167
v -0.830497 -0.864432 -0.391002
v 0.120304 -0.781004 -0.403811
v 0.212275 -0.765816 -0.385606
v 0.310794 -0.742630 -0.378603
v -0.583039 -0.695080 -0.389020
v 0.334018 -0.695837 -0.398145
v -0.566924 -0.688109 -0.382328
v 0.292253 -0.504740 -0.390927
v 0.115444 -0.425623 -0.390777
v 0.161030 -0.220034 -0.381513
v -0.776047 -0.919393 -0.331407
v -0.376199 -0.958713 -0.372200
v 0.632915 -0.936249 -0.344276
v -0.773627 -0.906230 -0.383978
v 0.921326 -0.790080 -0.387281
v -0.900365 -0.909579 -0.373693
v 0.207553 -0.770190 -0.389669
v 0.863883 -0.737209 -0.391388
v -0.285279 -0.726918 -0.342588
v 0.353718 -0.663815 -0.363898
v -0.152935 -0.658705 -0.341355
v -0.195417 -0.661945 -0.355460
v 0.452819 -0.611742 -0.372450
v 0.057053 -0.543886 -0.383878
v 0.153031 -0.541140 -0.374601
v 0.409200 -0.478871 -0.370718
v -0.101089 -0.458114 -0.397638
v -0.051480 -0.446782 -0.396519
v 0.048563 -0.429894 -0.383204
v 0.346267 -0.249190 -0.382756
v 0.913523 -0.948360 -0.379474
v -0.801564 -0.884828 -0.390905
v -0.768292 -0.846859 -0.388743
v 0.606730 -0.772064 -0.387958
v 0.621283 -0.770599 -0.372915
v 0.905061 -0.749961 -0.386399
v -0.809299 -0.734511 -0.364972
v -0.471518 -0.639080 -0.395372
v 0.255195 -0.517133 -0.371308
v 0.041220 -0.504399 -0.375394
v -0.122212 -0.470937 -0.390985
v -0.149450 -0.468905 -0.381518
v -0.154379 -0.462497 -0.374983
v 0.918407 -0.948925 -0.365291
v -0.274014 -0.928583 -0.374336
v 0.953896 -0.852384 -0.376544
v 0.556698 -0.889392 -0.387257
v 0.390864 -0.872543 -0.378030
v -0.149244 -0.855120 -0.361549
v 0.118942 -0.788678 -0.369550
v -0.911203 -0.761956 -0.378240
v 0.887914 -0.735510 -0.383113
v 0.843203 -0.724677 -0.379813
v 0.321027 -0.488210 -0.383830
v -0.080482 -0.448311 -0.376962
v -0.018143 -0.444669 -0.376805
v 0.107488 -0.397330 -0.368481
v 0.065962 -0.364557 -0.368620
v -0.776027 -0.916554 -0.367746
v 0.286377 -0.823068 -0.341714
v -0.936783 -0.856215 -0.365671
v 0.936531 -0.770394 -0.378180
v 0.627700 -0.748823 -0.365573
v -0.377271 -0.627731 -0.384678
v 0.060435 -0.559123 -0.382521
v -0.013208 -0.549527 -0.366317
v 0.046002 -0.511169 -0.374766
v 0.010933 -0.497694 -0.374907
v 0.003902 -0.437306 -0.367102
v 0.656695 -0.944738 -0.336000
v -0.822819 -0.913424 -0.370830
v 0.546768 -0.877798 -0.357557
v 0.157081 -0.875838 -0.341562
v 0.911417 -0.743432 -0.371983
v 0.867565 -0.726008 -0.372414
v 0.396698 -0.632621 -0.319670
v -0.404321 -0.636124 -0.369507
v -0.345357 -0.630785 -0.348151
v 0.355162 -0.499485 -0.342813
v 0.364703 -0.495816 -0.350119
v 0.360661 -0.482906 -0.374225
v -0.170605 -0.472275 -0.365986
v -0.176649 -0.464141 -0.330664
v 0.078080 -0.412906 -0.360880
v -0.365179 -0.957285 -0.348041
v -0.896421 -0.933958 -0.366278
v 0.965844 -0.811059 -0.366090
v 0.558946 -0.697009 -0.363842
v -0.335667 -0.674880 -0.360607
v -0.484104 -0.664972 -0.370487
v -0.455136 -0.655199 -0.375414
v -0.008991 -0.525602 -0.358110
v 0.342799 -0.479951 -0.372997
v 0.437032 -0.462652 -0.365945
v 0.007255 -0.420597 -0.344292
v 0.330038 -0.128401 -0.366978
v 0.227501 -0.107912 -0.366616
v 0.285164 -0.120282 -0.373180
v 0.952254 -0.941170 -0.366543
v -0.872714 -0.941209 -0.363759
v 0.208292 -0.875672 -0.337462
v 0.164561 -0.817032 -0.337898
v 0.278796 -0.821431 -0.347941
v 0.203872 -0.786163 -0.351378
v -0.945203 -0.759288 -0.342426
v 0.801987 -0.722457 -0.364145
v -0.566857 -0.705822 -0.361407
v 0.007196 -0.567384 -0.370362
v -0.013789 -0.578446 -0.353984
v -0.113789 -0.496004 -0.350387
v 0.032098 -0.344510 -0.358314
v 0.511152 -0.356751 -0.298422
v 0.098642 -0.128063 -0.356354
v 0.746117 -0.935324 -0.348252
v 0.978938 -0.918050 -0.358135
v 0.208637 -0.813742 -0.342895
v -0.963041 -0.794500 -0.340975
v 0.659141 -0.746101 -0.342067
v 0.940305 -0.763941 -0.356217
v 0.337240 -0.737164 -0.319659
v 0.533263 -0.668069 -0.330002
v 0.193211 -0.558902 -0.358620
v 0.350702 -0.479636 -0.367266
v 0.404358 -0.203206 -0.343368
v -0.635608 -0.959289 -0.356729
v -0.551739 -0.956173 -0.357343
v -0.655038 -0.949173 -0.336039
v -0.913278 -0.949327 -0.349722
v -0.861586 -0.942366 -0.355259
v 0.960491 -0.787668 -0.359406
v -0.755438 -0.727533 -0.327116
v -0.235264 -0.691264 -0.320924
v -0.453917 -0.684674 -0.332443
v 0.271828 -0.550318 -0.345208
v 0.044716 -0.406577 -0.349747
v 0.169136 -0.103930 -0.357219
v 0.306220 -0.053921 -0.352217
v 0.470886 -0.940066 -0.269092
v 0.978706 -0.930474 -0.340367
v -0.957872 -0.926142 -0.336735
v 0.997155 -0.881541 -0.341882
v 0.318663 -0.888100 -0.290232
v 0.404124 -0.878095 -0.343092
v 0.385638 -0.871762 -0.342620
v 0.985864 -0.828167 -0.343210
v 0.128907 -0.800534 -0.347521
v 0.704935 -0.725640 -0.315481
v -0.850528 -0.752004 -0.328852
v -0.180391 -0.653470 -0.350467
v 0.000652 -0.506523 -0.329365
v -0.022246 -0.505663 -0.319552
v 0.359893 -0.480176 -0.357241
v 0.431522 -0.489165 -0.333626
v 0.366631 -0.471506 -0.357360
v 0.052797 -0.223653 -0.349178
v 0.503372 -0.917277 -0.306907
v 0.788998 -0.925582 -0.341721
v -0.245312 -0.890629 -0.340497
v 0.587404 -0.892513 -0.327332
v 0.299847 -0.864057 -0.354894
v -0.985557 -0.815254 -0.316665
v -0.107122 -0.769106 -0.285872
v 0.354888 -0.657996 -0.281702
v -0.066698 -0.549665 -0.342046
v -0.042506 -0.528360 -0.338599
v 0.441915 -0.485906 -0.334034
v -0.063810 -0.323714 -0.351025
v 0.446748 -0.261510 -0.328099
v 0.194141 -0.041499 -0.336478
v 0.353884 0.003404 -0.327794
v -0.315982 -0.934368 -0.340093
v 0.994813 -0.905443 -0.342419
v 0.311900 -0.875205 -0.341096
v 0.211574 -0.887897 -0.270795
v 0.147435 -0.826204 -0.320934
v 0.215886 -0.843329 -0.348702
v 0.230643 -0.847767 -0.350222
v 0.981592 -0.821368 -0.336609
v -0.617517 -0.733127 -0.339787
v -0.383708 -0.633262 -0.320994
v 0.110216 -0.585799 -0.338174
v -0.083419 -0.560840 -0.332596
v 0.378955 -0.488890 -0.341080
v 0.384147 -0.464294 -0.348600
v 0.371073 -0.465384 -0.352211
v -0.084741 -0.393225 -0.342673
v -0.030490 -0.236276 -0.340856
v -0.377273 -0.961100 -0.327128
v -0.464051 -0.932370 -0.302332
v -0.906127 -0.953020 -0.331757
v 0.939030 -0.943027 -0.349694
v 0.885217 -0.913694 -0.334504
v -0.822898 -0.915730 -0.332258
v 0.223604 -0.858014 -0.345513
v 0.240743 -0.850913 -0.344182
v 0.251161 -0.818139 -0.337853
v 0.222664 -0.819181 -0.345582
v 0.195856 -0.803688 -0.312311
v 0.916196 -0.749168 -0.341273
v -0.783955 -0.732965 -0.315418
v -0.129944 -0.686762 -0.325767
v 0.863538 -0.732785 -0.333068
v -0.563366 -0.707557 -0.340439
v -0.492461 -0.683413 -0.341289
v -0.208299 -0.656930 -0.331694
v -0.197104 -0.646060 -0.330881
v 0.408325 -0.611779 -0.333538
v 0.422728 -0.605343 -0.333522
v 0.438649 -0.607685 -0.326166
v 0.452014 -0.600162 -0.277435
v 0.213898 -0.582212 -0.325578
v -0.042489 -0.526499 -0.320894
v 0.370668 -0.472606 -0.346992
v 0.415267 -0.479126 -0.336458
v 0.392478 -0.468895 -0.345241
v 0.490637 -0.434209 -0.316699
v -0.147221 -0.455655 -0.320569
v -0.029772 -0.442867 -0.341350
v -0.143174 -0.422057 -0.326053
v -0.108233 -0.348737 -0.340061
v -0.039124 -0.194344 -0.342458
v 0.107020 0.017003 -0.322755
v -0.941413 -0.949101 -0.333672
v -0.589191 -0.942005 -0.337534
v 0.245500 -0.887464 -0.301420
v 0.320322 -0.852149 -0.336909
v 0.208998 -0.846576 -0.333058
v 0.313094 -0.816675 -0.329305
v 0.156331 -0.805223 -0.320130
v 0.721442 -0.725331 -0.308876
v 0.365604 -0.641855 -0.296459
v -0.341883 -0.637838 -0.336923
v -0.006541 -0.500775 -0.324859
v 0.381287 -0.468308 -0.341933
v 0.382257 -0.458436 -0.343299
v 0.392426 -0.458452 -0.344403
v 0.407836 -0.128616 -0.328260
v -0.631508 -0.947344 -0.323601
v -0.869637 -0.945101 -0.340457
v -0.497048 -0.935277 -0.337588
v 0.639478 -0.933183 -0.273033
v 0.956215 -0.925545 -0.329776
v 0.397323 -0.915185 -0.230170
v -0.141455 -0.817641 -0.244026
v 0.199489 -0.853273 -0.331862
v 0.204637 -0.838951 -0.331190
v -0.975662 -0.783245 -0.317508
v 0.792369 -0.734105 -0.311394
v 0.507940 -0.643071 -0.285264
v -0.103820 -0.550318 -0.311382
v -0.254700 -0.472658 -0.280455
v 0.390625 -0.464299 -0.338829
v 0.403425 -0.472741 -0.341476
v -0.224461 -0.469103 -0.311761
v 0.419222 -0.443544 -0.340642
v 0.398288 -0.441956 -0.337488
v 0.410968 -0.444134 -0.345775
v 0.409257 -0.431678 -0.339531
v -0.084438 -0.445954 -0.324092
v -0.097260 -0.430078 -0.323494
v -0.047096 -0.061132 -0.323742
v -0.027205 -0.069981 -0.325771
v 0.053552 -0.029093 -0.312664
v 0.147821 0.029611 -0.322807
v 0.260879 0.046405 -0.319628
v 0.306693 0.054644 -0.329213
v 0.745997 -0.934370 -0.306456
v 0.813906 -0.912222 -0.329547
v 0.996963 -0.897186 -0.328505
v 0.194714 -0.825264 -0.319726
v 0.385073 -0.504738 -0.323359
v 0.398316 -0.469469 -0.333087
v 0.412634 -0.465903 -0.335051
v 0.421294 -0.446954 -0.332890
v 0.410926 -0.456933 -0.330381
v 0.524254 -0.411053 -0.281527
v -0.088258 -0.265366 -0.329123
v -0.163633 -0.332333 -0.302957
v -0.120817 -0.199298 -0.317147
v 0.035197 -0.011912 -0.304581
v 0.796500 -0.886983 -0.295619
v 0.983335 -0.916744 -0.325658
v -0.993510 -0.893390 -0.300460
v 0.236753 -0.877787 -0.312778
v 0.321177 -0.882979 -0.294233
v 0.230626 -0.861606 -0.322626
v 0.983002 -0.837034 -0.324563
v 0.298072 -0.768657 -0.306878
v -0.954002 -0.761828 -0.323444
v 0.879754 -0.745714 -0.324937
v -0.613277 -0.728373 -0.285374
v 0.347394 -0.681806 -0.290554
v -0.224787 -0.652801 -0.327393
v -0.216985 -0.633458 -0.324249
v 0.417831 -0.596318 -0.323889
v 0.210087 -0.587437 -0.309543
v 0.426407 -0.505213 -0.328565
v 0.400587 -0.539473 -0.320085
v 0.411433 -0.480385 -0.330216
v -0.039352 0.018279 -0.333454
v -0.020342 0.017942 -0.329116
v 0.193602 0.042018 -0.316814
v -0.028045 0.054956 -0.329571
v -0.101158 0.018065 -0.327975
v -0.113538 0.071997 -0.325279
v -0.051951 0.104813 -0.323159
v -0.902559 -0.940453 -0.308755
v 0.314116 -0.925427 -0.251592
v 0.213300 -0.860270 -0.323330
v -0.110017 -0.736468 -0.293427
v 0.336843 -0.758754 -0.281915
v -0.539890 -0.722194 -0.320473
v -0.261965 -0.713965 -0.306233
v -0.335570 -0.670554 -0.309563
v -0.179932 -0.626314 -0.308199
v -0.174781 -0.638793 -0.336820
v -0.173749 -0.624397 -0.314237
v -0.153052 -0.570346 -0.303982
v 0.475640 -0.603933 -0.269448
v -0.119328 -0.601161 -0.284066
v 0.323408 -0.598053 -0.250529
v 0.371622 -0.542512 -0.313740
v 0.413459 -0.529849 -0.312435
v 0.441161 -0.512194 -0.312709
v -0.199871 -0.485230 -0.296519
v -0.118091 -0.072612 -0.313338
v 0.013243 0.121389 -0.289580
v -0.036290 0.121103 -0.317498
v -0.120981 0.107982 -0.312250
v -0.938784 -0.949534 -0.311781
v -0.965195 -0.940761 -0.313629
v -0.753002 -0.919323 -0.281462
v 0.616819 -0.921414 -0.310202
v 0.905192 -0.872114 -0.318891
v 0.582793 -0.893352 -0.280816
v 0.318062 -0.817130 -0.319470
v -0.273354 -0.716099 -0.290365
v -0.411224 -0.634751 -0.304062
v -0.250621 -0.653777 -0.287299
v -0.113719 -0.636102 -0.300304
v -0.365484 -0.630075 -0.317943
v 0.394411 -0.573474 -0.320172
v -0.075212 -0.529543 -0.307519
v -0.160889 -0.523052 -0.297917
v 0.484595 -0.472029 -0.303540
v -0.151060 -0.448861 -0.315605
v -0.233471 -0.454232 -0.295176
v -0.258035 -0.420256 -0.272477
v 0.507760 -0.370238 -0.299158
v -0.080299 -0.073124 -0.314886
v 0.017579 0.067265 -0.301673
v 0.302162 0.133182 -0.304190
v -0.163062 0.009586 -0.307069
v 0.317486 0.124838 -0.305528
v -0.383980 -0.952630 -0.282180
v -0.663767 -0.947309 -0.289747
v -0.585127 -0.934745 -0.297644
v -0.981032 -0.925202 -0.305150
v 0.750305 -0.921526 -0.310144
v 0.432470 -0.916640 -0.246971
v 0.991156 -0.893314 -0.320728
v 0.311352 -0.896114 -0.260218
v 0.190355 -0.799053 -0.304019
v 0.307791 -0.798669 -0.289954
v 0.933514 -0.831793 -0.319729
v -0.381216 -0.622599 -0.309159
v -0.209395 -0.599619 -0.291663
v -0.199206 -0.609979 -0.302951
v 0.437293 -0.601493 -0.309860
v -0.179278 -0.581671 -0.303830
v 0.380267 -0.607953 -0.301670
v 0.414145 -0.570944 -0.309414
v 0.381672 -0.551307 -0.312341
v 0.377430 -0.562219 -0.293310
v -0.054954 -0.518642 -0.311942
v -0.145127 -0.500922 -0.312060
v -0.158863 -0.496797 -0.298697
v 0.499175 -0.455455 -0.293246
v -0.076306 0.174088 -0.298193
v -0.299357 -0.912234 -0.276462
v 0.972466 -0.877358 -0.315779
v 0.245904 -0.812860 -0.319939
v 0.245238 -0.767291 -0.290053
v 0.712963 -0.715892 -0.304082
v -0.228840 -0.604322 -0.271837
v 0.528628 -0.333368 -0.270255
v -0.192583 -0.249906 -0.278887
v -0.145579 -0.089921 -0.300402
v -0.163603 -0.021994 -0.293312
v -0.035932 0.170998 -0.301167
v 0.488021 -0.941632 -0.247417
v -0.843666 -0.907003 -0.305120
v 0.913270 -0.824089 -0.313137
v 0.244573 -0.813782 -0.301274
v 0.901097 -0.819844 -0.313454
v 0.285120 -0.795062 -0.284994
v -0.966650 -0.781022 -0.296155
v -0.934872 -0.767848 -0.304475
v -0.893892 -0.771371 -0.309331
v -0.292248 -0.721519 -0.296487
v -0.107166 -0.689663 -0.255471
v -0.182584 -0.611618 -0.287687
v -0.169354 -0.616218 -0.306525
v -0.123725 -0.589407 -0.294925
v 0.388160 -0.562934 -0.295942
v -0.101182 -0.521263 -0.297126
v 0.529296 -0.253725 -0.241684
v -0.154037 -0.152747 -0.284764
v -0.175651 0.016531 -0.285201
v -0.967013 -0.933887 -0.291816
v 0.530450 -0.886793 -0.301711
v -0.992271 -0.815728 -0.301255
v -0.872468 -0.783973 -0.302342
v -0.838028 -0.779059 -0.296380
v -0.285680 -0.725212 -0.296566
v -0.136440 -0.578905 -0.296237
v -0.172785 -0.497117 -0.298828
v 0.406892 -0.547481 -0.299595
v 0.517578 -0.274250 -0.266125
v -0.162092 -0.082136 -0.274895
v -0.992943 -0.905052 -0.289910
v 0.542977 -0.882000 -0.293336
v -0.997155 -0.840410 -0.286542
v -0.121590 -0.804106 -0.265180
v -0.982160 -0.802547 -0.287670
v -0.499781 -0.726124 -0.281705
v 0.361614 -0.710591 -0.253099
v -0.129966 -0.598314 -0.295901
v -0.199592 -0.567627 -0.295453
v 0.412052 -0.533283 -0.296789
v -0.281295 -0.463544 -0.262109
v 0.525897 -0.377917 -0.291085
v -0.165288 -0.203146 -0.282362
v -0.191659 -0.024968 -0.280211
v 0.056331 0.067171 -0.294946
v 0.332785 0.137565 -0.290239
v -0.898306 -0.900233 -0.288986
v 0.240646 -0.864516 -0.284743
v -0.860926 -0.803638 -0.290885
v 0.795248 -0.761821 -0.290548
v -0.783966 -0.754249 -0.283403
v -0.568863 -0.720151 -0.282197
v -0.485900 -0.713231 -0.268306
v 0.592549 -0.642949 -0.250514
v -0.320506 -0.640808 -0.272056
v -0.195239 -0.589224 -0.268003
v -0.179611 -0.587676 -0.298105
v 0.355639 -0.592213 -0.262367
v -0.154353 -0.539860 -0.291615
v 0.405226 -0.591391 -0.293025
v 0.544945 -0.415902 -0.268190
v -0.224542 -0.370574 -0.269742
v 0.407742 -0.022346 -0.274324
v -0.115434 0.124765 -0.298300
v -0.337266 -0.942953 -0.281066
v -0.931435 -0.925385 -0.287046
v -0.982815 -0.912364 -0.280129
v -0.802661 -0.895011 -0.266713
v -0.846222 -0.887857 -0.287080
v -0.996875 -0.885000 -0.286205
v 0.243610 -0.874204 -0.279806
v 0.812150 -0.863968 -0.290433
v -0.926999 -0.787601 -0.288676
v -0.526312 -0.743169 -0.245032
v 0.728815 -0.717246 -0.276730
v -0.299393 -0.663804 -0.265776
v -0.109453 -0.620305 -0.280245
v 0.422554 -0.601807 -0.291543
v -0.192927 -0.585123 -0.271588
v 0.391493 -0.595910 -0.292304
v -0.138974 -0.554058 -0.281828
v -0.121716 -0.539811 -0.283676
v -0.210618 -0.548358 -0.280055
v -0.195654 -0.502135 -0.285193
v 0.536914 -0.430279 -0.267995
v 0.140122 0.179172 -0.273033
v -0.030563 0.282726 -0.259754
v 0.010577 0.279149 -0.266049
v 0.303630 -0.916742 -0.182554
v 0.757254 -0.920263 -0.263811
v 0.790988 -0.878620 -0.278292
v 0.246666 -0.843095 -0.283726
v 0.262129 -0.803854 -0.272588
v 0.313141 -0.804234 -0.275154
v 0.214681 -0.800644 -0.241584
v -0.705273 -0.730383 -0.261166
v -0.133342 -0.590109 -0.286391
v -0.148948 -0.598707 -0.293101
v -0.180038 -0.582962 -0.276521
v -0.169738 -0.563321 -0.286955
v 0.457916 -0.511778 -0.283538
v -0.196510 -0.493976 -0.283893
v -0.208870 -0.483838 -0.277295
v 0.540460 -0.385402 -0.265786
v -0.200272 -0.051127 -0.266769
v -0.110974 0.112661 -0.282652
v 0.297532 0.216378 -0.269007
v -0.773454 -0.901408 -0.211817
v 0.615161 -0.934526 -0.222532
v -0.863675 -0.860136 -0.284224
v 0.580487 -0.911816 -0.209105
v 0.229422 -0.854201 -0.228701
v 0.806610 -0.844256 -0.283034
v 0.740892 -0.741221 -0.268355
v -0.283991 -0.683640 -0.277780
v -0.135653 -0.598361 -0.269798
v 0.413996 -0.604390 -0.234549
v 0.520295 -0.479098 -0.270467
v 0.550545 -0.340850 -0.257805
v 0.059995 0.158896 -0.271467
v -0.618114 -0.941134 -0.222671
v 0.254463 -0.883904 -0.271260
v 0.790328 -0.777934 -0.278671
v 0.272073 -0.801710 -0.267253
v -0.902243 -0.811826 -0.285311
v -0.460348 -0.671165 -0.267714
v -0.429173 -0.634876 -0.260186
v -0.165491 -0.609056 -0.246738
v -0.047980 -0.596427 -0.243904
v -0.149170 -0.570493 -0.281359
v -0.175984 -0.565404 -0.276250
v -0.168754 -0.558571 -0.282088
v -0.191958 -0.498913 -0.277564
v 0.471500 -0.070492 -0.241335
v -0.140582 0.053573 -0.278657
v -0.095245 0.158298 -0.269051
v 0.349921 0.167007 -0.265525
v -0.332093 -0.944373 -0.248406
v -0.872526 -0.823203 -0.285918
v -0.983314 -0.852729 -0.271070
v 0.313420 -0.820020 -0.247767
v -0.931225 -0.815798 -0.276571
v -0.766487 -0.747894 -0.269993
v -0.426254 -0.636188 -0.245059
v 0.371110 -0.657937 -0.236075
v -0.146429 -0.605944 -0.269786
v 0.411263 -0.609349 -0.274767
v 0.256273 -0.589478 -0.263963
v -0.203658 -0.590059 -0.220245
v -0.194762 -0.478127 -0.270654
v -0.171529 -0.481505 -0.282394
v -0.179964 -0.474601 -0.272229
v -0.167260 -0.482471 -0.276590
v -0.170828 -0.474889 -0.276501
v 0.573565 -0.393876 -0.234009
v -0.194878 -0.185792 -0.246149
v -0.220183 -0.192086 -0.228256
v 0.317475 0.216440 -0.264770
v -0.560302 -0.944218 -0.218150
v 0.738777 -0.929190 -0.260398
v -0.967874 -0.897169 -0.270903
v -0.951825 -0.868776 -0.268403
v -0.983414 -0.881058 -0.270838
v 0.271736 -0.892937 -0.267980
v -0.811129 -0.820034 -0.260473
v 0.267283 -0.858085 -0.162126
v 0.324265 -0.763600 -0.218619
v -0.509387 -0.746591 -0.201734
v -0.580594 -0.728345 -0.257799
v -0.275143 -0.635804 -0.241851
v -0.120014 -0.602181 -0.269428
v -0.127044 -0.597260 -0.249134
v 0.427932 -0.606904 -0.261454
v -0.224692 -0.597356 -0.252097
v -0.140770 -0.591241 -0.263740
v 0.504453 -0.487463 -0.263246
v 0.538509 -0.477401 -0.243532
v -0.175133 -0.479370 -0.270247
v 0.565207 -0.451884 -0.240480
v 0.561415 -0.362294 -0.238182
v -0.037824 0.312353 -0.241835
v 0.798886 -0.871473 -0.238322
v 0.488947 -0.622507 -0.231976
v -0.170774 -0.601693 -0.244780
v -0.174522 -0.593010 -0.254116
v -0.303463 -0.432320 -0.242109
v -0.187115 -0.080788 -0.247701
v -0.217909 -0.074012 -0.238573
v 0.420467 0.037852 -0.239807
v 0.227056 0.357789 -0.223378
v 0.089086 0.254621 -0.250900
v -0.477165 -0.929961 -0.252024
v 0.762992 -0.766800 -0.252386
v -0.656035 -0.741485 -0.227965
v 0.707896 -0.682303 -0.238469
v -0.131999 -0.602451 -0.258391
v 0.068750 -0.586484 -0.206131
v -0.187013 -0.480223 -0.261787
v -0.287638 -0.464920 -0.250965
v 0.578904 -0.369445 -0.221066
v -0.201060 -0.141358 -0.228839
v -0.153187 0.029495 -0.250122
v -0.351607 -0.925067 -0.106182
v 0.324224 -0.892156 -0.222574
v -0.819321 -0.860702 -0.262663
v 0.243559 -0.820496 -0.191717
v -0.116146 -0.781044 -0.186359
v 0.342264 -0.750528 -0.227422
v -0.498039 -0.687340 -0.138623
v -0.306063 -0.643843 -0.241711
v 0.505134 -0.630152 -0.226991
v 0.416155 -0.632970 -0.208412
v -0.221555 -0.506486 -0.229224
v 0.591250 -0.407159 -0.216172
v 0.573983 -0.403234 -0.230176
v -0.110971 0.116676 -0.251458
v 0.467161 0.064099 -0.223440
v 0.080665 0.328902 -0.230543
v -0.786377 -0.783674 -0.241444
v 0.764247 -0.745435 -0.238082
v -0.381184 -0.664158 -0.225008
v 0.433325 -0.620360 -0.230637
v 0.539987 -0.564081 -0.194562
v -0.196027 -0.475903 -0.254845
v -0.327765 -0.423860 -0.216523
v -0.278782 -0.366793 -0.226062
v 0.493572 -0.099793 -0.225229
v -0.171868 -0.004810 -0.249436
v -0.069296 0.237432 -0.245624
v 0.766287 -0.924163 -0.210507
v 0.306274 -0.837617 -0.200382
v 0.272112 -0.831641 -0.141980
v 0.258363 -0.787070 -0.216047
v 0.290482 -0.768100 -0.198867
v 0.767519 -0.774774 -0.243141
v -0.729168 -0.749050 -0.223963
v 0.369632 -0.741377 -0.203397
v -0.104912 -0.653203 -0.232092
v -0.132154 -0.629848 -0.222700
v 0.394805 -0.638700 -0.199521
v -0.211766 -0.476559 -0.238651
v -0.268242 -0.462576 -0.237022
v 0.561252 -0.307897 -0.220465
v -0.208555 -0.118428 -0.212648
v -0.173576 -0.012510 -0.239071
v -0.696441 -0.938649 -0.227091
v -0.737490 -0.922709 -0.206852
v 0.789562 -0.899154 -0.218734
v -0.780401 -0.893484 -0.228989
v 0.804474 -0.848298 -0.236138
v 0.386205 -0.650641 -0.207867
v -0.157360 -0.605147 -0.234261
v -0.205442 -0.592794 -0.235832
v -0.300420 -0.391393 -0.229090
v -0.245336 -0.283755 -0.221193
v -0.216698 -0.096280 -0.227315
v -0.169265 0.000600 -0.242049
v -0.116357 0.142023 -0.233722
v 0.309729 -0.891907 -0.213338
v -0.801697 -0.851880 -0.216560
v 0.798355 -0.881534 -0.219489
v 0.335797 -0.864995 -0.204241
v 0.302201 -0.820219 -0.214169
v 0.795157 -0.812485 -0.241064
v 0.431624 -0.628281 -0.218977
v -0.123929 -0.598302 -0.229260
v 0.435703 -0.608408 -0.229036
v -0.216655 -0.467480 -0.239117
v 0.577481 -0.327381 -0.213414
v -0.207896 -0.063164 -0.229157
v -0.034152 0.378651 -0.215388
v -0.006162 0.399164 -0.208852
v -0.749294 -0.766601 -0.219818
v -0.435116 -0.647370 -0.219972
v -0.222159 -0.466964 -0.240979
v 0.603764 -0.458410 -0.192146
v -0.289298 -0.333431 -0.216588
v -0.256174 -0.257558 -0.183462
v -0.175607 -0.010210 -0.233301
v -0.195287 0.010272 -0.224752
v 0.437347 0.021027 -0.229182
v -0.154666 0.092090 -0.226433
v 0.433320 0.146197 -0.221197
v 0.396167 0.283493 -0.208009
v -0.208315 -0.862571 -0.159877
v -0.359498 -0.668189 -0.207079
v -0.316549 -0.658180 -0.186505
v -0.151049 -0.616518 -0.229991
v 0.435563 -0.624552 -0.223423
v -0.144975 -0.615193 -0.224127
v -0.325987 -0.450037 -0.206312
v -0.221287 -0.463339 -0.235795
v -0.330234 -0.443009 -0.208802
v 0.449697 0.010451 -0.211459
v 0.085420 0.411806 -0.194811
v 0.514765 -0.954462 -0.189032
v 0.741104 -0.678145 -0.168348
v 0.434051 -0.619283 -0.216228
v 0.430685 -0.614537 -0.223694
v 0.291055 -0.619659 -0.151012
v 0.549967 -0.472082 -0.213372
v -0.225844 -0.459715 -0.231527
v -0.224226 -0.463012 -0.227045
v 0.525893 -0.187014 -0.208897
v -0.208004 -0.128978 -0.217450
v -0.225374 -0.102635 -0.210180
v 0.335834 -0.878463 -0.223309
v 0.778677 -0.819437 -0.215515
v -0.126406 -0.639668 -0.209139
v -0.138657 -0.624620 -0.221670
v 0.189867 -0.594482 -0.197058
v -0.241997 -0.443758 -0.215467
v 0.577817 -0.398947 -0.222950
v 0.585537 -0.347861 -0.200367
v -0.207730 0.126487 -0.200273
v -0.141917 0.191802 -0.210893
v 0.457133 -0.936455 -0.172521
v 0.550552 -0.949814 -0.183788
v 0.601973 -0.928455 -0.175947
v -0.775587 -0.828477 -0.191439
v 0.593268 -0.630288 -0.164587
v 0.467551 -0.632905 -0.204919
v 0.432264 -0.614016 -0.229340
v 0.467162 -0.627264 -0.200605
v -0.234428 -0.568018 -0.179450
v -0.173226 -0.043485 -0.205237
v 0.457411 -0.020095 -0.203155
v 0.478740 0.063491 -0.216927
v -0.184405 0.108985 -0.218204
v 0.317629 0.391204 -0.200386
v 0.310668 -0.884707 -0.199210
v 0.777234 -0.766012 -0.213873
v -0.593906 -0.763612 -0.186296
v 0.372746 -0.694290 -0.173830
v -0.474375 -0.662351 -0.155673
v -0.128865 -0.623788 -0.215641
v 0.423744 -0.616503 -0.224146
v 0.437946 -0.623608 -0.221528
v -0.199077 -0.594654 -0.221411
v 0.555762 -0.480719 -0.195612
v 0.604951 -0.461789 -0.177391
v -0.249357 -0.441023 -0.199773
v 0.594664 -0.383516 -0.195893
v -0.316152 -0.374573 -0.204580
v -0.188192 -0.072624 -0.155014
v -0.205621 0.026827 -0.205749
v 0.668268 -0.939674 -0.135329
v 0.761618 -0.926201 -0.185519
v -0.643050 -0.746173 -0.189806
v -0.249027 -0.618679 -0.163320
v 0.413627 -0.638024 -0.208543
v 0.426952 -0.628067 -0.211440
v 0.440042 -0.623095 -0.210727
v 0.452003 -0.626152 -0.213089
v -0.202029 -0.601246 -0.205900
v -0.196454 -0.593269 -0.210002
v 0.603842 -0.391720 -0.195697
v -0.249785 -0.191486 -0.192162
v 0.532041 -0.166502 -0.180685
v 0.467605 -0.026648 -0.194722
v 0.495311 -0.006631 -0.201428
v 0.495026 0.038216 -0.200961
v 0.491824 0.084698 -0.187798
v 0.308106 -0.860139 -0.189125
v 0.283354 -0.772764 -0.195097
v 0.724847 -0.670077 -0.180366
v -0.122960 -0.673316 -0.185539
v -0.070145 -0.611296 -0.195741
v 0.014411 -0.590958 -0.164126
v -0.250078 -0.550874 -0.169661
v -0.262441 -0.530203 -0.176066
v 0.563625 -0.463800 -0.203019
v -0.326957 -0.444888 -0.191335
v -0.213235 -0.120136 -0.182892
v -0.203488 0.145298 -0.199190
v 0.446124 0.217252 -0.189183
v -0.186650 0.283361 -0.170379
v -0.087589 0.383347 -0.186758
v 0.243601 0.403564 -0.203796
v -0.092006 0.428004 -0.156610
v -0.498568 -0.945726 -0.151582
v 0.779042 -0.869694 -0.198702
v -0.555504 -0.765766 -0.181546
v -0.508886 -0.737713 -0.175995
v -0.435778 -0.654215 -0.172824
v -0.121058 -0.667417 -0.184140
v -0.272000 -0.433823 -0.195179
v -0.334300 -0.403458 -0.196194
v 0.549308 -0.216089 -0.163530
v -0.186825 -0.081752 -0.195727
v -0.211972 0.125199 -0.189320
v 0.483757 0.079222 -0.196126
v -0.013859 0.448465 -0.170110
v 0.734818 -0.940340 -0.180828
v -0.759953 -0.890092 -0.190981
v 0.777148 -0.848609 -0.207235
v 0.344514 -0.762512 -0.195795
v -0.667278 -0.760431 -0.165228
v 0.496206 -0.632083 -0.191237
v -0.215041 0.142096 -0.198899
v 0.309376 0.419958 -0.187748
v 0.210457 0.465635 -0.167069
v -0.568895 -0.966143 -0.147155
v 0.783527 -0.892840 -0.177442
v 0.314372 -0.865470 -0.185985
v -0.129652 -0.808685 -0.165001
v -0.602684 -0.762941 -0.159868
v 0.395584 -0.649014 -0.197469
v 0.385956 -0.665269 -0.177495
v 0.390790 -0.643324 -0.195086
v 0.514572 -0.634612 -0.189183
v 0.550521 -0.633881 -0.158417
v 0.519863 -0.628062 -0.177795
v 0.576031 -0.460380 -0.190643
v -0.290601 -0.330519 -0.180667
v 0.463102 -0.031517 -0.195935
v 0.485873 -0.065357 -0.182283
v 0.513400 -0.032345 -0.179472
v 0.492258 0.059480 -0.187711
v -0.221813 0.128765 -0.195867
v -0.241612 0.133939 -0.185041
v -0.752057 -0.871522 -0.149276
v -0.171308 -0.845381 -0.089573
v 0.598724 -0.454972 -0.155705
v -0.345374 -0.429791 -0.169254
v -0.278888 -0.430541 -0.174467
v -0.268332 -0.220109 -0.171639
v 0.471451 -0.040929 -0.191270
v -0.198618 -0.002378 -0.173143
v -0.209181 0.148058 -0.183455
v 0.504687 0.113420 -0.186752
v 0.394709 -0.941043 -0.119835
v 0.414600 -0.943780 -0.118903
v 0.794002 -0.745901 -0.155865
v 0.390038 -0.656407 -0.183235
v -0.215976 -0.599384 -0.181793
v 0.632522 -0.431124 -0.166756
v 0.619964 -0.383759 -0.162996
v -0.218302 0.118981 -0.178190
v -0.212830 0.126795 -0.184916
v -0.222731 0.166356 -0.177692
v 0.397456 0.412245 -0.156801
v -0.285590 -0.923593 -0.164924
v 0.823057 -0.787174 -0.130420
v -0.325542 -0.664417 -0.172684
v -0.279661 -0.424781 -0.180998
v -0.328828 -0.337665 -0.142597
v -0.290565 -0.304678 -0.138019
v 0.516876 -0.137710 -0.168686
v 0.529380 0.080571 -0.178569
v -0.206243 0.179296 -0.164567
v 0.496389 0.184032 -0.174002
v -0.194231 0.213129 -0.179562
v -0.647260 -0.940508 -0.143917
v 0.329281 -0.841490 -0.081895
v -0.724009 -0.766953 -0.102885
v 0.366242 -0.789594 -0.153918
v 0.371475 -0.771679 -0.171242
v -0.563349 -0.759070 -0.134039
v -0.127651 -0.694198 -0.164743
v 0.337682 -0.657602 -0.125931
v -0.328823 -0.461628 -0.143367
v -0.355946 -0.405131 -0.127585
v 0.589943 -0.299667 -0.163558
v -0.210971 -0.144856 -0.173325
v 0.506484 -0.103226 -0.167145
v -0.188982 -0.120822 -0.138703
v 0.515856 -0.060058 -0.171221
v 0.508256 0.010529 -0.158580
v 0.541848 0.044108 -0.165427
v -0.242409 0.014934 -0.155596
v -0.213469 0.108123 -0.170218
v 0.625649 -0.938987 -0.142686
v -0.129533 -0.752219 -0.123545
v 0.386500 -0.673807 -0.164811
v -0.275730 -0.638186 -0.141929
v 0.533587 -0.627698 -0.165947
v 0.243834 -0.611078 -0.154889
v 0.131216 -0.620197 -0.141673
v -0.295871 -0.417472 -0.168579
v 0.601738 -0.312459 -0.130675
v -0.206859 0.098493 -0.167242
v 0.544350 0.100442 -0.161522
v -0.200552 0.199369 -0.157274
v 0.552119 -0.956814 -0.131393
v -0.726620 -0.811748 -0.082646
v 0.828875 -0.823017 -0.134084
v -0.734082 -0.778488 -0.111520
v -0.126610 -0.685412 -0.173071
v 0.612966 -0.642503 -0.109166
v 0.098346 -0.601511 -0.166668
v 0.005720 -0.598702 -0.145224
v 0.604351 -0.449677 -0.152556
v -0.294776 -0.422342 -0.163765
v 0.501703 -0.023494 -0.160434
v -0.228325 0.068668 -0.162722
v 0.421829 0.416057 -0.156149
v -0.256693 -0.919292 -0.109842
v 0.337992 -0.874348 -0.099576
v 0.384555 -0.781533 -0.110887
v 0.644471 -0.434780 -0.138679
v -0.241429 -0.192670 -0.166197
v -0.262038 -0.210232 -0.157598
v 0.527267 -0.069724 -0.147723
v -0.257732 0.044229 -0.144949
v 0.532731 0.154866 -0.156485
v -0.221892 0.259093 -0.161582
v -0.193958 0.237887 -0.155504
v 0.519885 0.279758 -0.149488
v 0.467347 0.354486 -0.162792
v 0.745775 -0.939332 -0.131429
v -0.431028 -0.931477 -0.076999
v -0.687442 -0.894957 0.009575
v -0.716949 -0.881987 -0.053364
v 0.740958 -0.679625 -0.143689
v 0.592204 -0.635253 -0.133291
v 0.599460 -0.632660 -0.116661
v 0.639162 -0.411948 -0.150605
v -0.236826 -0.205228 -0.124513
v -0.203149 0.038498 -0.145619
v -0.215527 0.069420 -0.149892
v -0.245070 0.199849 -0.143768
v -0.215807 0.292250 -0.156725
v -0.191056 0.284093 -0.156437
v 0.625166 -0.950805 -0.117641
v 0.283251 -0.813268 -0.142091
v 0.382361 -0.813084 -0.082424
v 0.760765 -0.705586 -0.114506
v 0.662936 -0.656053 -0.131150
v -0.283276 -0.636808 -0.133176
v -0.355737 -0.478735 -0.128588
v -0.300813 -0.406378 -0.161518
v -0.303973 -0.397762 -0.152215
v 0.558080 -0.229008 -0.135111
v -0.210148 -0.183548 -0.123310
v 0.499553 -0.036680 -0.152106
v -0.280282 0.097741 -0.155319
v -0.292133 0.146557 -0.158650
v -0.202954 0.237656 -0.150951
v 0.471719 0.383830 -0.150970
v -0.162118 0.361525 -0.149393
v 0.826443 -0.846456 -0.122320
v -0.693177 -0.755051 -0.114085
v -0.627174 -0.743318 -0.122265
v 0.387013 -0.722551 -0.135737
v -0.351829 -0.669380 -0.115343
v -0.326330 -0.657490 -0.103907
v -0.487338 -0.641373 -0.067776
v 0.642212 -0.440890 -0.122675
v -0.307546 -0.392792 -0.140463
v -0.309171 -0.387577 -0.144348
v 0.608191 -0.324709 -0.093414
v 0.550732 0.023211 -0.146513
v 0.553238 0.047475 -0.151304
v -0.223819 0.317078 -0.147717
v -0.130739 -0.714423 -0.140056
v 0.624588 -0.602001 -0.105358
v -0.279693 -0.584874 -0.148107
v -0.198928 -0.132955 -0.131004
v 0.504668 -0.040890 -0.146573
v 0.516379 -0.052165 -0.138952
v -0.227131 -0.084129 -0.121076
v -0.215364 0.039631 -0.142145
v -0.333814 0.035060 -0.139629
v 0.543424 0.179683 -0.131748
v -0.333268 0.113687 -0.143287
v -0.324749 0.166935 -0.141728
v -0.303698 0.236903 -0.116186
v -0.194346 0.254421 -0.145776
v -0.200203 0.330132 -0.128322
v -0.216480 0.349509 -0.139428
v -0.042637 0.481625 -0.128139
v 0.773706 -0.915333 -0.072664
v 0.384449 -0.683842 -0.140004
v -0.376516 -0.538469 -0.111440
v 0.613797 -0.443116 -0.145113
v -0.210158 -0.174735 -0.098798
v 0.523149 -0.144889 -0.130253
v -0.193236 -0.053919 -0.138314
v -0.190444 -0.017990 -0.138613
v -0.195216 -0.001733 -0.139313
v -0.284097 -0.010281 -0.133437
v 0.475488 0.416390 -0.145694
v 0.463245 0.432835 -0.141065
v 0.223094 0.516886 -0.128453
v -0.646481 -0.743486 -0.096940
v -0.553643 -0.742555 -0.112842
v -0.507625 -0.671169 -0.092618
v 0.733181 -0.670065 -0.123775
v -0.464020 -0.636657 -0.080761
v 0.615763 -0.468699 -0.120209
v 0.645166 -0.391603 -0.105625
v -0.251502 -0.031410 -0.127442
v -0.312229 -0.011713 -0.124721
v -0.231821 0.278790 -0.125354
v -0.197539 0.267602 -0.140115
v -0.195234 0.346997 -0.123624
v 0.512365 0.341788 -0.131480
v 0.485526 0.411773 -0.138245
v -0.172454 0.399919 -0.120412
v 0.418104 0.473878 -0.124626
v 0.359817 0.473577 -0.131763
v -0.009756 0.497863 -0.120045
v 0.139997 0.507308 -0.121255
v 0.807658 -0.877057 -0.110593
v 0.616587 -0.439077 -0.135062
v -0.199986 -0.041372 -0.132843
v 0.519431 -0.069560 -0.127054
v -0.198647 -0.023563 -0.132975
v -0.334559 -0.051791 -0.124508
v 0.548030 -0.019301 -0.090360
v -0.363731 0.022276 -0.117186
v -0.335721 0.170971 -0.125958
v 0.528017 0.271247 -0.132057
v 0.255864 0.531860 -0.112078
v 0.519656 -0.949166 -0.102567
v 0.502220 -0.941030 -0.118912
v -0.733951 -0.893505 -0.094719
v -0.402929 -0.658329 -0.127035
v 0.671003 -0.657880 -0.119161
v -0.319722 -0.386186 -0.131398
v -0.314485 -0.385821 -0.135511
v -0.313789 -0.393900 -0.129264
v -0.293099 -0.283842 -0.094063
v -0.194895 -0.108622 -0.126446
v 0.521123 -0.079169 -0.124472
v -0.191693 -0.060122 -0.129076
v -0.186210 -0.038105 -0.132016
v -0.194123 -0.028390 -0.141849
v -0.261503 -0.052118 -0.129141
v -0.349561 -0.018823 -0.124263
v 0.545288 0.037651 -0.115638
v 0.543318 0.084389 -0.129688
v -0.192585 0.316945 -0.129567
v 0.469871 0.441026 -0.114418
v -0.560359 -0.973978 -0.085129
v -0.603801 -0.957411 -0.060800
v 0.727044 -0.939815 -0.039918
v 0.823051 -0.762368 -0.085114
v -0.091498 -0.715639 -0.067191
v -0.442915 -0.638099 -0.056085
v 0.307376 -0.640376 -0.101957
v 0.620181 -0.433368 -0.124642
v 0.627214 -0.433546 -0.127145
v -0.326379 -0.397818 -0.116929
v -0.351284 -0.369754 -0.086313
v -0.277082 -0.089403 -0.120312
v -0.196079 -0.044683 -0.127840
v -0.199224 -0.057807 -0.132784
v -0.189037 -0.057594 -0.132180
v -0.307270 -0.013798 -0.112520
v -0.324469 0.203946 -0.114991
v -0.246156 0.270867 -0.116918
v -0.184899 0.371909 -0.124758
v -0.213113 0.369992 -0.126193
v -0.192621 0.391777 -0.124403
v -0.104393 0.485888 -0.089383
v 0.371700 0.502359 -0.106017
v 0.292875 0.511470 -0.124630
v -0.277303 -0.927205 -0.088895
v 0.832024 -0.823061 -0.085132
v 0.658240 -0.649662 -0.122133
v -0.002615 -0.674560 -0.062343
v -0.386939 -0.539531 -0.109183
v -0.333194 -0.390933 -0.118236
v 0.589992 -0.266789 -0.095105
v -0.207860 -0.127708 -0.117065
v -0.192212 -0.058953 -0.120659
v -0.313964 -0.088774 -0.113924
v -0.301798 -0.061637 -0.105682
v 0.536985 0.179835 -0.122257
v -0.148818 -0.805217 -0.086170
v -0.613502 -0.715567 -0.047076
v -0.338207 -0.389631 -0.106145
v -0.193614 -0.116961 -0.092887
v -0.301780 -0.078939 -0.112891
v -0.195975 -0.081683 -0.115888
v -0.190155 -0.083694 -0.109640
v -0.191962 -0.070915 -0.111640
v -0.247069 -0.066477 -0.115265
v -0.187684 -0.063673 -0.122749
v -0.190234 -0.073741 -0.112274
v 0.522185 -0.112143 -0.081169
v -0.348977 -0.080193 -0.104644
v 0.510245 0.300918 -0.114996
v 0.503486 0.358389 -0.107650
v 0.498115 0.365639 -0.115024
v 0.483469 0.391065 -0.115271
v 0.613883 -0.965389 -0.068578
v 0.638485 -0.935298 -0.126976
v 0.349999 -0.862900 -0.057309
v -0.588639 -0.716380 -0.054518
v 0.630256 -0.429642 -0.108877
v -0.256572 -0.096543 -0.105337
v 0.528221 -0.092204 -0.119855
v -0.183939 -0.070365 -0.106115
v -0.190415 -0.044447 -0.116880
v -0.309965 -0.031656 -0.107629
v -0.299761 -0.027072 -0.107217
v -0.361148 0.045092 -0.096860
v -0.221218 0.353696 -0.100369
v -0.452171 -0.936200 -0.005951
v 0.416404 -0.915016 -0.045461
v 0.385426 -0.760491 -0.081947
v -0.132349 -0.746039 -0.076845
v 0.394662 -0.710259 -0.077922
v -0.381515 -0.499589 -0.108864
v -0.369272 -0.475281 -0.097270
v 0.623448 -0.460726 -0.108500
v 0.637279 -0.439427 -0.096147
v 0.649698 -0.436114 -0.080387
v 0.660538 -0.426566 -0.055909
v -0.231685 -0.103948 -0.104153
v -0.337897 -0.087916 -0.107663
v -0.193591 -0.076276 -0.105342
v 0.507811 0.080354 -0.098055
v 0.502170 0.242940 -0.114284
v 0.478259 0.416592 -0.108037
v -0.679570 -0.744588 -0.085170
v -0.342149 -0.672087 -0.097458
v 0.627920 -0.647463 -0.101418
v 0.620525 -0.641213 -0.099643
v 0.639937 -0.367685 -0.059983
v 0.548306 -0.215970 -0.051944
v -0.199678 -0.200114 -0.031768
v -0.211258 -0.142524 -0.100651
v -0.244225 -0.117888 -0.079892
v -0.196617 -0.092864 -0.095242
v -0.189740 -0.069741 -0.098274
v -0.191526 -0.058546 -0.103255
v 0.510830 0.047926 -0.088237
v 0.508180 0.125812 -0.106625
v 0.503630 0.196750 -0.112402
v 0.503731 0.230588 -0.108470
v 0.510617 0.268210 -0.107617
v 0.521550 0.292747 -0.104590
v 0.645653 -0.553123 -0.095839
v -0.402152 -0.532613 -0.059344
v 0.638772 -0.436212 -0.101604
v -0.361090 -0.441118 -0.091806
v -0.199502 -0.161657 -0.094641
v -0.292813 -0.123043 -0.083578
v -0.187874 -0.076377 -0.106419
v 0.511011 0.038519 -0.086389
v 0.502754 0.184228 -0.106438
v 0.509066 0.184795 -0.100595
v 0.542240 0.292525 -0.101938
v -0.270138 0.303393 -0.092216
v -0.182386 0.426369 -0.088174
v 0.504655 0.416409 -0.098766
v 0.454523 0.460964 -0.092762
v 0.673652 -0.937761 -0.042213
v 0.668477 -0.919470 -0.073690
v -0.654264 -0.923937 -0.048609
v -0.143062 -0.766486 -0.035450
v -0.591823 -0.708230 -0.030728
v 0.379263 -0.691406 -0.056175
v -0.358684 -0.680592 -0.084988
v 0.324107 -0.647291 -0.080426
v -0.342311 -0.393875 -0.088338
v 0.554020 -0.236060 -0.015178
v -0.360985 -0.027726 -0.084051
v -0.366045 0.009769 -0.100561
v -0.353693 0.062663 -0.095663
v 0.510964 0.118194 -0.101000
v 0.504978 0.125161 -0.103078
v 0.510630 0.141962 -0.099935
v 0.507939 0.159198 -0.100913
v 0.529218 0.110250 -0.094584
v 0.633769 -0.961098 -0.064166
v 0.653680 -0.930903 -0.092756
v -0.260339 -0.932870 -0.067073
v 0.742001 -0.686282 -0.084036
v -0.390496 -0.671014 -0.095760
v 0.683930 -0.671873 -0.085320
v -0.415812 -0.659325 -0.086830
v -0.348614 -0.674663 -0.087476
v -0.397738 -0.569594 -0.080032
v 0.661390 -0.561425 -0.068888
v -0.347242 -0.379839 -0.085740
v -0.328986 -0.132484 -0.050369
v -0.374478 0.026194 -0.095329
v 0.511943 0.075998 -0.091684
v -0.320590 0.179767 -0.099960
v 0.549716 0.181030 -0.091837
v -0.271141 0.296256 -0.079396
v 0.570301 0.317190 -0.078686
v 0.519863 0.424079 -0.079584
v -0.579305 -0.973172 -0.056171
v 0.469007 -0.941994 -0.052841
v -0.235314 -0.916934 -0.075654
v -0.230038 -0.904496 -0.075613
v 0.810828 -0.871349 -0.052361
v -0.715409 -0.770780 -0.080288
v 0.791371 -0.708443 -0.066913
v 0.671709 -0.614259 -0.077067
v 0.655898 -0.399617 -0.051796
v 0.581671 -0.274802 -0.028264
v 0.541210 -0.153248 -0.064366
v 0.535084 -0.089477 -0.060773
v -0.371147 0.044705 -0.090392
v -0.351642 0.056177 -0.081450
v 0.563548 0.188886 -0.086853
v 0.556716 0.255345 -0.094354
v 0.500048 0.437837 -0.087159
v 0.321809 0.539934 -0.083529
v 0.258514 0.627813 0.011628
v -0.718016 -0.855532 -0.028465
v -0.558514 -0.688120 -0.034004
v 0.666464 -0.663327 -0.083363
v -0.399923 -0.610162 -0.074245
v -0.378356 0.038141 -0.084541
v -0.342856 0.057514 -0.083031
v 0.528884 0.056692 -0.080167
v 0.127420 0.557030 -0.062683
v 0.534892 -0.946358 -0.052516
v 0.666841 -0.920977 -0.064730
v -0.659281 -0.739045 -0.064942
v 0.392537 -0.728937 -0.063399
v 0.694211 -0.573294 -0.033589
v -0.212780 -0.175929 -0.034757
v 0.531035 -0.124284 -0.056217
v 0.541172 -0.012221 -0.079367
v 0.551638 0.072832 -0.061485
v 0.603028 0.213127 -0.070530
v 0.603898 0.122220 -0.077551
v 0.843635 -0.818520 -0.009097
v -0.362922 -0.682241 -0.075708
v 0.700309 -0.672238 -0.074824
v 0.703817 -0.633940 -0.065900
v -0.320304 -0.339570 -0.032492
v 0.586422 -0.258109 -0.044406
v -0.199707 -0.171441 -0.063696
v -0.374053 -0.052048 -0.062629
v 0.509040 0.039636 -0.079772
v -0.324261 0.078985 -0.075886
v -0.307960 0.123703 -0.081427
v -0.296888 0.146622 -0.089274
v -0.289918 0.139932 -0.082175
v -0.281467 0.176259 -0.082636
v -0.274141 0.225426 -0.074572
v -0.224917 0.419744 -0.054375
v -0.100252 0.514276 -0.054368
v 0.388625 -0.837627 0.000011
v -0.372341 -0.691102 -0.072863
v 0.709316 -0.662037 -0.065716
v -0.434778 -0.644431 -0.058497
v -0.374468 -0.444602 -0.049685
v -0.332494 -0.361589 -0.058425
v -0.209347 -0.141076 -0.052251
v -0.207559 -0.121143 -0.062140
v -0.353420 -0.050070 -0.071147
v 0.515702 0.009080 -0.074051
v 0.515507 0.022344 -0.072239
v -0.344078 0.053753 -0.075909
v -0.352313 0.082377 -0.057378
v 0.596919 -0.014785 -0.065622
v -0.277934 0.183435 -0.076344
v -0.278718 0.198096 -0.078331
v 0.534709 0.416086 -0.055086
v 0.213862 0.615954 -0.013220
v -0.195571 -0.883429 -0.007220
v 0.404891 -0.722304 -0.054555
v -0.376734 -0.687755 -0.068762
v -0.366685 -0.686603 -0.071167
v -0.375380 -0.681809 -0.067003
v -0.415510 -0.686549 -0.051226
v 0.737865 -0.654788 -0.058789
v -0.536319 -0.659164 -0.033541
v 0.674874 -0.591685 -0.063811
v -0.385617 -0.466760 -0.042726
v -0.213870 -0.120207 -0.059346
v -0.376959 -0.068960 -0.042137
v 0.530033 -0.005649 -0.048856
v -0.380777 0.084386 -0.042876
v -0.335606 0.061555 -0.070657
v -0.321009 0.091842 -0.066340
v -0.277772 0.202489 -0.072485
v -0.267162 0.233587 -0.067922
v 0.711076 -0.927632 -0.010454
v 0.742681 -0.938273 0.006011
v -0.720193 -0.832241 -0.032490
v -0.680972 -0.783569 -0.015833
v 0.819479 -0.748720 -0.043176
v -0.413047 -0.611892 -0.061425
v -0.427550 -0.503599 0.007829
v -0.413431 -0.465354 -0.012662
v -0.340951 -0.121725 -0.045625
v -0.348726 -0.068454 -0.062418
v 0.512266 -0.006605 -0.060233
v 0.577953 -0.060409 -0.055612
v -0.373073 0.030716 -0.057621
v 0.620067 0.043224 -0.058356
v -0.345748 0.113195 -0.044033
v 0.606363 0.221400 -0.059881
v 0.584854 0.299852 -0.060197
v -0.241100 0.391424 -0.055546
v -0.309558 -0.940979 -0.030513
v -0.232686 -0.949826 -0.030314
v -0.178707 -0.862584 0.018596
v 0.400900 -0.794767 -0.028296
v 0.779332 -0.668375 -0.049428
v -0.398132 -0.693730 -0.060422
v -0.386942 -0.691508 -0.058796
v -0.411233 -0.682685 -0.049589
v -0.432747 -0.660839 -0.051461
v -0.429780 -0.623224 -0.061445
v 0.703726 -0.616304 -0.025908
v 0.682948 -0.511514 -0.034037
v 0.684406 -0.478819 0.010837
v -0.352802 -0.380104 -0.064317
v 0.624659 -0.329710 -0.030997
v 0.511428 0.001782 -0.063629
v -0.371390 0.099866 -0.041525
v -0.365242 0.163297 -0.025287
v -0.257487 0.271195 -0.060138
v -0.575490 -0.972098 -0.036743
v 0.626426 -0.962856 -0.040248
v 0.526849 -0.946669 -0.006738
v 0.681221 -0.915573 -0.044939
v 0.818146 -0.887502 0.002229
v -0.637086 -0.722364 -0.039434
v 0.808229 -0.711056 -0.054279
v -0.418113 -0.673509 -0.046732
v -0.268559 -0.154497 -0.018600
v 0.607718 -0.043498 -0.054598
v -0.252757 0.354416 -0.038598
v -0.245112 0.479600 0.049137
v 0.011463 0.586395 -0.019024
v -0.535857 -0.958770 0.001721
v 0.674590 -0.919203 -0.050424
v 0.834473 -0.786585 -0.030378
v 0.387306 -0.704768 -0.010472
v 0.794714 -0.675414 -0.042290
v 0.365851 -0.686609 -0.034695
v -0.441396 -0.616359 -0.054071
v 0.523784 -0.127648 -0.027660
v 0.591219 -0.083204 -0.045079
v 0.608438 -0.063688 -0.042122
v 0.404446 0.556599 -0.008665
v 0.292643 0.606871 -0.000256
v 0.831570 -0.863220 0.030167
v 0.819695 -0.720860 -0.036366
v -0.408440 -0.683315 -0.050840
v 0.201979 -0.701877 -0.000828
v -0.424613 -0.675633 -0.052043
v -0.427606 -0.653285 -0.051222
v 0.720465 -0.646454 -0.039108
v 0.657905 -0.431434 -0.026887
v -0.406858 -0.447550 -0.010564
v -0.336693 -0.380183 -0.040992
v -0.319037 -0.352870 -0.037592
v -0.198453 -0.192689 -0.030281
v 0.537980 -0.085806 -0.038915
v 0.637232 0.006001 -0.025683
v 0.512114 -0.028584 -0.054093
v 0.512198 -0.032189 -0.043030
v 0.623007 0.133995 -0.034933
v -0.303934 0.258268 -0.037784
v 0.581480 0.304185 -0.030862
v 0.675702 -0.947085 -0.006162
v 0.499711 -0.929560 0.034354
v -0.095255 -0.732954 -0.034374
v 0.339696 -0.682524 -0.034178
v -0.427301 -0.660100 -0.046242
v -0.474799 -0.637163 -0.025216
v 0.548084 -0.220108 -0.029080
v -0.357905 -0.122550 -0.037727
v -0.382870 -0.085894 -0.028650
v 0.601281 0.237820 -0.031463
v 0.424111 0.552210 0.003611
v 0.147957 0.595329 -0.026900
v -0.654158 -0.910684 -0.007369
v 0.383777 -0.855798 0.000349
v 0.415726 -0.765622 -0.026016
v 0.766686 -0.643555 -0.029806
v -0.446771 -0.606080 -0.034899
v -0.431700 -0.516307 0.003472
v -0.394780 -0.469461 -0.028636
v -0.316844 -0.149013 -0.030194
v 0.529233 -0.115024 -0.029593
v 0.633457 0.059091 -0.018709
v 0.554459 0.457524 0.019867
v -0.162478 0.518503 0.012845
v 0.416825 -0.735737 -0.041905
v 0.803533 -0.695065 -0.037063
v 0.645382 -0.367062 0.009952
v -0.210535 -0.135493 -0.027787
v 0.551345 -0.118621 -0.028835
v 0.519472 -0.073417 -0.039464
v 0.527457 -0.096604 -0.039547
v 0.512876 -0.061188 -0.034935
v 0.519569 -0.059079 -0.032426
v 0.513322 -0.043128 -0.032317
v -0.413625 -0.030833 -0.037076
v -0.424018 -0.031099 -0.029609
v -0.414454 0.009300 -0.041886
v -0.420640 0.020999 -0.038074
v -0.378446 -0.003383 -0.034466
v 0.645172 -0.003640 -0.008402
v -0.385206 0.104909 -0.022135
v 0.567910 0.362618 -0.021614
v 0.512153 0.485849 -0.008835
v -0.002796 -0.710111 -0.008640
v 0.515390 -0.136028 0.005997
v 0.608813 -0.122576 0.007759
v 0.525195 -0.082861 -0.033254
v -0.384879 -0.015544 -0.033076
v 0.628286 -0.051804 -0.012042
v -0.428879 0.005535 -0.026573
v -0.373060 0.082826 -0.023285
v 0.429096 -0.743783 -0.033742
v 0.413527 -0.725017 -0.007390
v 0.726776 -0.646396 -0.023110
v 0.751776 -0.636349 -0.021978
v -0.479566 -0.614440 -0.002126
v 0.703618 -0.557441 -0.000949
v -0.208276 -0.165946 -0.020673
v 0.535578 -0.186455 0.000466
v -0.394831 -0.098418 -0.021674
v -0.214557 -0.124998 -0.019861
v -0.429100 0.066118 0.003659
v -0.303689 0.295290 0.000462
v -0.252059 -0.970516 -0.005188
v -0.583100 -0.954342 -0.011730
v 0.530671 -0.940512 0.013875
v 0.796083 -0.907686 -0.002084
v 0.428066 -0.758077 -0.029076
v 0.795882 -0.707356 -0.032702
v 0.787100 -0.687737 -0.024219
v 0.796329 -0.677490 -0.019946
v 0.777576 -0.646819 -0.006343
v 0.766614 -0.638061 -0.006082
v -0.488940 -0.638184 -0.014453
v -0.456108 -0.608596 -0.002430
v -0.204488 -0.201685 0.010329
v 0.521435 -0.125362 -0.018234
v -0.417484 -0.075979 -0.008528
v -0.428653 -0.052293 -0.007583
v -0.390122 0.103706 -0.004214
v -0.375177 0.081352 -0.016324
v -0.049319 0.590600 0.016899
v -0.376428 -0.950261 0.057015
v 0.848941 -0.822996 0.002337
v 0.450045 -0.764146 -0.012794
v 0.786840 -0.707988 -0.019911
v 0.812434 -0.734578 -0.020504
v 0.566116 -0.242979 -0.006867
v -0.197819 -0.202459 -0.009773
v -0.301201 -0.151895 -0.015837
v -0.248541 -0.150877 -0.010855
v -0.345026 -0.136346 -0.014962
v -0.403173 0.092544 0.003397
v -0.350145 0.239515 -0.007286
v 0.585970 0.379416 0.028065
v 0.197642 0.636242 -0.006454
v -0.266868 -0.969606 0.002860
v 0.643355 -0.952576 -0.003014
v -0.296149 -0.957002 0.027604
v -0.216646 -0.926077 0.000847
v 0.833505 -0.757976 -0.019812
v 0.445388 -0.765612 -0.017095
v -0.111763 -0.749204 0.006601
v -0.545290 -0.656177 -0.002105
v 0.723573 -0.650243 -0.007707
v -0.517949 -0.645269 -0.003357
v 0.662334 -0.418326 -0.002645
v -0.295793 -0.320415 0.000452
v 0.603903 -0.313367 -0.003065
v 0.562803 -0.274873 0.012739
v -0.209385 -0.152005 -0.011995
v -0.209361 -0.123915 -0.024872
v -0.211851 -0.114990 -0.018581
v -0.205526 -0.123898 -0.017722
v -0.433277 -0.007191 -0.002159
v -0.366182 0.196327 -0.009653
v -0.282279 0.343161 0.008417
v 0.383798 0.578217 0.011702
v 0.007114 0.632216 0.009147
v -0.688352 -0.860435 0.033816
v -0.612042 -0.722454 0.012926
v 0.779709 -0.684915 -0.007092
v -0.327340 -0.405675 0.071489
v 0.515778 -0.130085 0.006706
v 0.560615 -0.128235 0.011568
v -0.205786 -0.114956 -0.009917
v 0.621895 0.175469 0.030771
v 0.094549 0.653089 0.000336
v 0.135398 0.653502 -0.003945
v -0.237965 -0.962417 0.009464
v 0.450199 -0.768667 -0.012453
v 0.783854 -0.699666 0.011001
v 0.731668 -0.650822 -0.013341
v 0.742743 -0.647692 -0.005383
v 0.753248 -0.635807 0.001506
v -0.504398 -0.645586 0.007080
v 0.655979 -0.420186 0.025821
v -0.199759 -0.211861 0.006143
v 0.629404 0.121669 0.014537
v 0.604895 0.255045 0.023484
v 0.481968 -0.891734 0.075169
v -0.168285 -0.825836 0.032018
v 0.421007 -0.823238 0.033875
v 0.454833 -0.767534 0.002382
v 0.832720 -0.762171 0.014173
v 0.306191 -0.699631 0.018851
v 0.778806 -0.677157 0.014449
v -0.561117 -0.669430 0.006512
v 0.745802 -0.661341 -0.006673
v 0.720346 -0.636546 0.006813
v 0.500392 -0.173520 0.062711
v -0.401146 -0.099443 0.006515
v -0.187175 -0.124488 0.004652
v -0.454050 -0.011909 0.000392
v -0.365157 0.158696 0.009657
v 0.608571 0.221206 0.002729
v 0.229977 0.636147 0.000862
v 0.762177 -0.928523 0.022732
v -0.217309 -0.910205 0.008924
v -0.661969 -0.758679 0.026420
v -0.510225 -0.651149 0.009467
v -0.462034 -0.620919 0.008624
v -0.431178 -0.483121 0.019527
v 0.563218 -0.253665 0.012490
v -0.194723 -0.165700 0.001617
v -0.268203 -0.140211 0.005157
v -0.203801 -0.140979 -0.004477
v -0.197521 -0.119671 0.006112
v 0.637513 -0.100959 0.004931
v -0.491099 -0.032105 0.028465
v 0.507990 0.503793 0.019729
v 0.431259 -0.754052 0.017766
v -0.196053 -0.183769 0.003880
v -0.313479 -0.137907 0.004943
v -0.478751 -0.061981 0.043651
v 0.674351 -0.040251 0.005012
v -0.449488 0.008831 0.009814
v 0.632923 0.035932 0.041822
v -0.457174 0.020405 0.022355
v -0.464654 -0.944539 0.039987
v -0.680707 -0.803551 0.034215
v -0.112547 -0.752114 0.044313
v -0.060808 -0.746893 0.052300
v 0.423397 -0.743428 0.008999
v 0.433702 -0.723701 0.006909
v 0.748205 -0.691843 0.014459
v 0.750607 -0.677389 0.006253
v 0.775176 -0.649377 0.022036
v 0.553460 -0.247086 0.020692
v -0.248579 -0.140970 0.034354
v -0.179391 -0.143266 -0.000083
v -0.354615 -0.122599 0.013710
v -0.380966 0.107199 0.026516
v 0.528462 0.490803 0.031686
v 0.249558 0.639411 0.016439
v 0.841869 -0.819322 0.013721
v 0.841060 -0.835635 0.021680
v 0.433019 -0.717183 0.007891
v 0.731622 -0.679390 0.018801
v -0.533944 -0.655593 0.031786
v 0.716985 -0.561730 0.048324
v 0.657044 -0.402218 0.038591
v 0.570814 -0.312871 0.046988
v -0.173240 -0.144006 0.008920
v 0.627736 0.101222 0.077352
v -0.341141 0.304239 0.020327
v -0.017456 0.636242 0.031892
v 0.107215 0.664676 0.018494
v 0.213726 0.653012 0.019420
v 0.168972 0.684496 0.028058
v -0.232632 -0.901470 0.020603
v -0.232800 -0.895929 0.026016
v 0.809749 -0.895264 0.026439
v -0.232623 -0.903181 0.052379
v -0.665370 -0.891460 0.084280
v 0.139318 -0.710110 0.019610
v 0.741883 -0.694671 0.021853
v 0.754128 -0.697987 0.019263
v -0.470025 -0.638737 0.043504
v -0.400151 -0.486565 0.070976
v 0.512013 -0.233333 0.037863
v -0.169877 -0.125234 0.017631
v 0.509433 -0.128361 0.046321
v 0.572920 -0.136356 0.025668
v -0.198704 -0.121919 0.030205
v 0.698721 -0.072751 0.037985
v 0.690159 -0.041465 0.028996
v 0.666241 0.032290 0.049915
v 0.629580 0.042490 0.039280
v -0.441023 0.058592 0.045438
v 0.387892 0.582356 0.031653
v 0.183941 0.685187 0.036837
v -0.612537 -0.914321 0.076218
v 0.504967 -0.777295 0.013158
v 0.494201 -0.771558 0.027278
v 0.472243 -0.777186 0.029949
v -0.535498 -0.653323 0.041994
v -0.516086 -0.649211 0.022198
v 0.700775 -0.512264 0.047864
v -0.268255 -0.311454 0.071931
v -0.190788 -0.199995 0.029914
v -0.193034 -0.185282 0.055657
v 0.700334 -0.091357 0.063973
v 0.671968 -0.004227 0.032266
v -0.472531 0.008125 0.028751
v -0.270411 0.411854 0.029836
v 0.454017 0.547744 0.043997
v 0.292048 0.617590 0.043300
v 0.857140 -0.805822 0.089875
v 0.442088 -0.818175 0.054960
v 0.495130 -0.782692 0.031926
v 0.495338 -0.775392 0.038927
v 0.460487 -0.770253 0.030117
v 0.451529 -0.759335 0.050579
v 0.173442 -0.711127 0.056189
v 0.356131 -0.701820 0.039071
v 0.740367 -0.712700 0.029251
v -0.560802 -0.640349 0.058792
v -0.429354 -0.486160 0.054573
v 0.652114 -0.409569 0.032782
v 0.607248 0.277167 0.055996
v -0.344537 0.316587 0.039966
v 0.081889 0.653393 0.027183
v -0.289376 -0.969013 0.085167
v 0.746933 -0.717403 0.030251
v 0.758790 -0.713138 0.026035
v 0.759600 -0.703805 0.036910
v 0.753092 -0.690763 0.033299
v -0.472249 -0.629168 0.026094
v 0.641009 -0.378923 0.054729
v 0.545168 -0.261230 0.037058
v -0.284582 -0.139712 0.059203
v -0.176197 -0.112449 0.040968
v -0.466853 0.053366 0.048722
v -0.369607 0.133185 0.039285
v -0.367922 0.163787 0.047905
v 0.225546 0.647767 0.039874
v -0.275804 -0.955543 0.096011
v 0.507958 -0.924831 0.071319
v 0.725767 -0.936604 0.059330
v -0.533415 -0.619300 0.044416
v 0.545186 -0.282726 0.036609
v 0.674246 -0.002987 0.076914
v -0.399545 0.105421 0.049137
v 0.556729 0.461277 0.039779
v -0.074612 0.583340 0.048727
v 0.262155 0.639310 0.039869
v 0.100643 0.642974 0.035251
v -0.278838 -0.965695 0.087980
v -0.247863 -0.910265 0.038115
v -0.245165 -0.903337 0.039621
v -0.183442 -0.865881 0.047851
v 0.827433 -0.863097 0.038615
v 0.415994 -0.831754 0.050385
v 0.852010 -0.790040 0.061515
v 0.436143 -0.716263 0.047156
v 0.739797 -0.711713 0.041719
v 0.747430 -0.698068 0.046394
v 0.747035 -0.690622 0.032730
v -0.483304 -0.586787 0.102234
v 0.707838 -0.058061 0.049600
v -0.490945 -0.051037 0.040375
v 0.679600 -0.021539 0.069093
v -0.286880 0.437061 0.065091
v 0.044095 0.613774 0.037538
v 0.060226 0.618440 0.039251
v 0.073327 0.632745 0.028095
v 0.005780 0.632449 0.038635
v -0.632679 -0.895657 0.145643
v -0.170137 -0.857709 0.064155
v 0.504927 -0.784418 0.043557
v 0.498894 -0.786167 0.038316
v -0.641121 -0.747173 0.063611
v 0.753105 -0.703579 0.043760
v 0.754721 -0.653472 0.065195
v 0.494718 -0.197533 0.065865
v 0.499359 -0.125163 0.058774
v 0.595685 0.395680 0.069336
v 0.491219 0.522756 0.051994
v -0.033820 0.631460 0.055548
v 0.163404 0.660103 0.050937
v 0.432373 -0.831390 0.064915
v -0.552330 -0.669170 0.064905
v -0.261588 -0.292203 0.088297
v -0.181499 -0.203226 0.067486
v 0.523503 -0.132270 0.076459
v 0.606293 0.213254 0.051713
v -0.348162 0.287829 0.073103
v -0.240474 0.485493 0.056387
v 0.392374 0.576441 0.075788
v 0.041371 0.609911 0.043073
v 0.026683 0.611486 0.040303
v 0.171068 0.677884 0.045892
v 0.130590 0.786270 0.048530
v 0.119140 0.800976 0.044715
v 0.162512 0.800621 0.052804
v 0.729634 -0.920020 0.104835
v 0.795386 -0.892834 0.076358
v -0.485642 -0.660781 0.071195
v 0.768083 -0.634632 0.068980
v -0.469059 -0.554255 0.126921
v 0.645853 -0.402950 0.071235
v 0.541728 -0.301401 0.050133
v -0.229473 -0.259114 0.096340
v 0.495585 -0.253413 0.074489
v 0.681440 0.030255 0.077158
v 0.646320 0.074540 0.086576
v 0.617310 0.166811 0.054988
v -0.013760 0.615498 0.053829
v 0.276528 0.624546 0.095774
v 0.122880 0.647587 0.052791
v 0.118886 0.778356 0.057141
v 0.066305 0.805220 0.066569
v 0.142883 0.811694 0.047502
v 0.464952 -0.806136 0.061616
v 0.471126 -0.773898 0.085005
v -0.088358 -0.744999 0.093468
v -0.604210 -0.733709 0.105999
v -0.560879 -0.691150 0.089482
v -0.545163 -0.656407 0.056014
v 0.751951 -0.646971 0.082067
v 0.635961 -0.398637 0.090499
v -0.280918 -0.361637 0.102248
v 0.545811 -0.303501 0.084034
v 0.500001 -0.272657 0.063313
v -0.203756 -0.229198 0.067333
v -0.314081 -0.132260 0.076067
v -0.233169 -0.120006 0.071751
v -0.168734 -0.109850 0.051218
v -0.502646 -0.035532 0.060768
v 0.628323 0.074898 0.085559
v -0.379296 0.138587 0.103188
v 0.014724 0.601712 0.055056
v 0.317510 0.594348 0.083299
v 0.243152 0.638533 0.054549
v 0.102327 0.663437 0.078841
v 0.519734 -0.807034 0.058957
v 0.517585 -0.796472 0.058431
v 0.352251 -0.670144 0.141931
v 0.778064 -0.670915 0.081752
v -0.475059 -0.649506 0.054391
v -0.476020 -0.658234 0.072616
v -0.260738 -0.134713 0.075602
v -0.181131 -0.089853 0.066906
v 0.721234 -0.081110 0.061445
v -0.368032 0.275230 0.111466
v 0.566550 0.444777 0.071878
v 0.503202 0.510660 0.076327
v 0.542152 0.473526 0.075644
v 0.433416 0.560593 0.064121
v 0.006547 0.601576 0.062910
v 0.245265 0.633804 0.073350
v 0.074493 0.661883 0.084311
v 0.216041 0.676800 0.069489
v 0.170780 0.669488 0.072745
v 0.175190 0.802068 0.063667
v 0.114883 0.891142 0.072589
v 0.618812 -0.930434 0.138245
v -0.261526 -0.920796 0.064037
v 0.848560 -0.745876 0.106579
v 0.773812 -0.656202 0.077124
v -0.554087 -0.626910 0.071983
v 0.525827 -0.297080 0.064306
v 0.462076 -0.233021 0.086891
v -0.298604 -0.128723 0.071113
v 0.605052 -0.136165 0.077679
v -0.174975 -0.091836 0.067456
v -0.433327 0.131683 0.100127
v -0.412906 0.107149 0.066756
v -0.363688 0.155529 0.076681
v 0.632703 0.082051 0.103613
v 0.615757 0.328884 0.086097
v -0.257436 0.469058 0.071881
v 0.235988 0.657379 0.077924
v 0.205433 0.683329 0.076439
v 0.102678 0.676735 0.071156
v 0.054029 0.854098 0.079405
v -0.655408 -0.847544 0.137654
v 0.502174 -0.829502 0.078666
v -0.660177 -0.787081 0.101798
v 0.458811 -0.724779 0.092548
v -0.570135 -0.645408 0.073675
v 0.623797 -0.411288 0.095304
v -0.208318 -0.253440 0.091703
v 0.498902 -0.116134 0.095976
v 0.710336 -0.041454 0.085211
v 0.037698 0.629218 0.078192
v 0.256047 0.628072 0.074599
v 0.119174 0.661602 0.080323
v 0.151764 0.670792 0.083660
v 0.187261 0.679152 0.078805
v 0.200331 0.837714 0.075838
v -0.430439 -0.949742 0.134701
v 0.527979 -0.815576 0.067479
v -0.560652 -0.684981 0.086064
v -0.540764 -0.638858 0.091888
v 0.717541 -0.566634 0.117780
v 0.474926 -0.279763 0.082548
v -0.182603 -0.160754 0.117398
v 0.474629 -0.126387 0.133468
v 0.486874 -0.118559 0.093838
v -0.179151 -0.128050 0.094015
v -0.389645 -0.092493 0.131181
v 0.715304 -0.064441 0.073240
v -0.498744 -0.034383 0.084257
v 0.694855 -0.039185 0.069874
v 0.658907 0.064909 0.099794
v -0.372137 0.271200 0.126780
v 0.617936 0.313480 0.077916
v -0.133489 0.549269 0.088310
v -0.084702 0.577621 0.076720
v -0.045993 0.607935 0.100227
v 0.078078 0.696904 0.080036
v 0.172007 0.710006 0.074191
v 0.187906 0.878701 0.080808
v 0.090642 0.891043 0.076744
v 0.171281 0.915092 0.092778
v 0.777377 -0.647271 0.081594
v 0.575363 -0.134980 0.110107
v -0.240391 -0.113406 0.095872
v -0.178659 -0.084969 0.081240
v -0.189809 -0.082261 0.092994
v 0.721149 -0.086468 0.081064
v 0.729048 -0.077348 0.085746
v -0.466513 0.109742 0.096096
v -0.409869 0.132957 0.099974
v 0.610742 0.234878 0.086759
v 0.601027 0.382830 0.088503
v -0.019727 0.595072 0.083244
v -0.014497 0.589449 0.088486
v 0.299176 0.594083 0.099584
v -0.033050 0.612146 0.091648
v 0.142082 0.671906 0.081795
v 0.225140 0.745201 0.100243
v 0.046130 0.817417 0.078220
v 0.469829 -0.840332 0.079715
v 0.542467 -0.828155 0.083062
v 0.538206 -0.816754 0.079983
v 0.508420 -0.792728 0.164092
v 0.479962 -0.753175 0.122251
v 0.330509 -0.683750 0.125878
v 0.674514 -0.479567 0.096355
v -0.196324 -0.241330 0.095624
v -0.179169 -0.242333 0.099263
v 0.641645 -0.112104 0.079647
v -0.441209 -0.070171 0.083808
v 0.678801 0.057737 0.091695
v -0.419261 0.140918 0.099516
v -0.389719 0.131015 0.091164
v -0.325347 0.374109 0.101623
v -0.299514 0.409624 0.095579
v 0.515570 0.490543 0.095630
v 0.454448 0.543809 0.088449
v 0.255492 0.618623 0.084385
v 0.169480 0.668439 0.081439
v 0.206604 0.677615 0.091599
v 0.180125 0.683667 0.087492
v 0.135291 0.930610 0.096512
v 0.479135 -0.880126 0.080745
v 0.768663 -0.636296 0.123009
v 0.578409 -0.342615 0.088819
v -0.285279 -0.357674 0.110773
v 0.508762 -0.286137 0.088768
v 0.462297 -0.277587 0.085818
v -0.347441 -0.120691 0.084299
v -0.445718 0.146007 0.120609
v 0.618671 0.146880 0.115835
v -0.257510 0.459526 0.087560
v 0.164234 0.677972 0.086222
v 0.032736 0.706356 0.101446
v 0.037662 0.750993 0.095794
v 0.213395 0.882816 0.100338
v 0.102891 0.911206 0.084278
v 0.832295 -0.859847 0.138870
v 0.552635 -0.835393 0.096151
v -0.331399 -0.103788 0.133631
v -0.263821 -0.125618 0.086424
v 0.683509 0.004826 0.116142
v -0.468512 0.128552 0.119687
v -0.487938 0.051055 0.119046
v 0.498806 0.490276 0.141403
v 0.261592 0.619674 0.084958
v 0.061712 0.671805 0.104640
v 0.203972 0.685521 0.099814
v 0.229757 0.733871 0.095717
v 0.018360 0.809423 0.108837
v 0.224769 0.821567 0.095188
v 0.025584 0.837967 0.100050
v 0.680215 -0.927460 0.121840
v -0.149607 -0.841276 0.110031
v 0.473121 -0.765115 0.113727
v -0.578179 -0.683153 0.114634
v -0.486208 -0.671905 0.101787
v 0.778369 -0.653912 0.139532
v 0.620034 -0.416710 0.103703
v 0.481140 -0.283001 0.089202
v 0.453039 -0.252098 0.114920
v 0.424869 -0.205271 0.125188
v -0.288962 -0.116853 0.082018
v 0.729104 -0.071827 0.126125
v 0.675354 -0.074576 0.154955
v 0.707115 -0.015450 0.114845
v -0.370274 0.144062 0.115170
v -0.365770 0.179122 0.169130
v 0.615359 0.337374 0.108941
v 0.054990 0.666233 0.107509
v 0.168709 0.666561 0.103882
v 0.185172 0.658299 0.091242
v 0.167341 0.675226 0.099582
v 0.183332 0.680375 0.091744
v 0.197375 0.682893 0.098912
v 0.031981 0.882773 0.108399
v 0.054128 0.905137 0.104543
v 0.520457 -0.912967 0.094852
v 0.515811 -0.861569 0.097435
v 0.118150 -0.720265 0.134046
v 0.790698 -0.674981 0.115114
v -0.589637 -0.672358 0.156103
v -0.485800 -0.666278 0.115167
v 0.475860 -0.286759 0.116622
v -0.241051 -0.299973 0.119254
v -0.379970 -0.104643 0.150783
v 0.511223 -0.115357 0.121270
v -0.182312 -0.083509 0.094062
v -0.489639 0.025248 0.127419
v -0.204412 0.472449 0.149552
v 0.259643 0.599407 0.108663
v 0.019919 0.709576 0.104598
v 0.119448 0.980273 0.141606
v 0.779671 -0.899310 0.088762
v -0.274160 -0.913794 0.168284
v -0.153139 -0.839061 0.126367
v 0.553398 -0.846685 0.103532
v 0.855024 -0.753823 0.135219
v 0.574384 -0.336046 0.096826
v 0.542304 -0.312348 0.094968
v 0.433963 -0.282898 0.108121
v -0.216225 -0.286284 0.136990
v 0.571590 -0.125444 0.129999
v 0.484016 -0.104632 0.103884
v -0.268929 0.006707 0.151944
v 0.629218 0.097457 0.116916
v 0.619085 0.333496 0.101360
v -0.087019 0.557135 0.112278
v 0.033622 0.632309 0.138182
v 0.183637 0.652615 0.107305
v 0.009856 0.705604 0.116026
v 0.237300 0.741721 0.104166
v 0.240414 0.805223 0.119982
v 0.559036 -0.897108 0.123360
v 0.811584 -0.873596 0.147011
v 0.846151 -0.838009 0.147210
v 0.558862 -0.847750 0.113560
v -0.070610 -0.738289 0.143966
v 0.441482 -0.686436 0.170623
v -0.567553 -0.652060 0.155904
v -0.273345 -0.405796 0.158050
v -0.273623 -0.342906 0.112443
v -0.243623 -0.104950 0.102704
v 0.709536 0.013251 0.132211
v 0.686195 0.038741 0.116244
v -0.396843 0.152080 0.121611
v 0.600034 0.350436 0.115744
v 0.425698 0.549450 0.108361
v 0.203046 0.648966 0.112640
v 0.200264 0.672185 0.120634
v 0.207220 0.682887 0.100380
v 0.214000 0.672472 0.104403
v 0.234848 0.753503 0.116191
v -0.298424 -0.964051 0.112832
v -0.285870 -0.939012 0.108585
v -0.043803 -0.740308 0.129867
v -0.591726 -0.731125 0.119013
v -0.471089 -0.580248 0.191772
v 0.612632 -0.407332 0.105056
v 0.624456 -0.399467 0.103497
v 0.588347 -0.389767 0.103820
v 0.594117 -0.393407 0.105255
v 0.600358 -0.385238 0.105286
v 0.578625 -0.382521 0.104932
v 0.584629 -0.374638 0.104460
v 0.599378 -0.366312 0.108026
v -0.254111 -0.330632 0.123558
v 0.529914 -0.320654 0.099719
v 0.389507 -0.277338 0.132225
v -0.179904 -0.250782 0.108097
v -0.173292 -0.244693 0.111641
v 0.584827 -0.142718 0.114680
v -0.389779 -0.096273 0.155682
v -0.223005 -0.090893 0.107146
v -0.196500 -0.071515 0.121507
v 0.650832 0.076531 0.112543
v -0.270281 0.399925 0.115071
v 0.263872 0.591037 0.111773
v 0.229540 0.664469 0.118028
v 0.246107 0.706475 0.136416
v 0.236979 0.862558 0.124299
v 0.070623 0.960566 0.145689
v -0.207300 -0.870642 0.185016
v 0.566115 -0.859646 0.124930
v 0.809035 -0.691595 0.173124
v 0.607184 -0.395616 0.109801
v 0.601436 -0.398778 0.105922
v 0.594331 -0.389278 0.102664
v 0.599800 -0.391268 0.116003
v 0.604180 -0.394873 0.108942
v 0.598801 -0.386771 0.110241
v 0.595722 -0.383996 0.111709
v 0.584601 -0.381808 0.113512
v 0.584824 -0.378540 0.108895
v 0.575933 -0.373812 0.109779
v 0.567820 -0.382058 0.108869
v 0.588510 -0.380791 0.110438
v 0.543417 -0.374659 0.108495
v 0.553306 -0.376023 0.109394
v 0.552387 -0.367499 0.103854
v 0.558178 -0.370296 0.115302
v 0.540167 -0.362952 0.109956
v 0.525291 -0.359477 0.105742
v 0.515971 -0.364316 0.111574
v -0.220854 -0.299775 0.128723
v -0.210558 -0.276783 0.133208
v -0.201712 -0.270292 0.116343
v -0.191571 -0.258967 0.116926
v -0.171136 -0.230036 0.141906
v 0.535442 -0.104405 0.142218
v -0.188825 -0.080492 0.118122
v 0.694759 0.030121 0.137556
v -0.418448 0.166380 0.137453
v -0.366274 0.162331 0.140235
v 0.317584 0.565833 0.115999
v 0.200203 0.647835 0.119941
v 0.051733 0.664162 0.127730
v 0.017968 0.745750 0.123871
v 0.579472 -0.881101 0.136532
v 0.776521 -0.637922 0.138831
v 0.733918 -0.622171 0.160858
v 0.534462 -0.376573 0.114176
v 0.562719 -0.374210 0.107391
v 0.565093 -0.374747 0.118223
v 0.539701 -0.367222 0.120266
v -0.242172 -0.320802 0.120264
v -0.489302 0.100283 0.230961
v -0.356350 0.316040 0.126460
v 0.519387 0.466537 0.113216
v 0.528418 0.379054 0.129726
v -0.010851 0.560606 0.140733
v -0.008248 0.580838 0.120698
v 0.005264 0.729676 0.131603
v 0.187746 0.957575 0.145591
v -0.308058 -0.942268 0.141341
v 0.482839 -0.782679 0.163935
v -0.624007 -0.757929 0.121694
v 0.474491 -0.729842 0.130628
v -0.505898 -0.670875 0.131800
v 0.751336 -0.633907 0.145061
v 0.037122 -0.493281 0.109873
v 0.065203 -0.490225 0.116489
v 0.038229 -0.486859 0.118134
v 0.604522 -0.392148 0.124271
v -0.291457 -0.386119 0.134477
v 0.523345 -0.361893 0.120707
v 0.511226 -0.369235 0.116273
v 0.450596 -0.298958 0.136484
v 0.417239 -0.283173 0.120451
v 0.421305 -0.224496 0.124776
v 0.482744 -0.101919 0.117279
v 0.679264 0.087473 0.136887
v 0.637791 0.107779 0.128234
v 0.624037 0.115279 0.139943
v 0.605596 0.300292 0.125797
v 0.487780 0.478314 0.170972
v 0.243367 0.636797 0.138077
v 0.206545 0.669093 0.132277
v -0.318797 -0.950878 0.137165
v -0.583269 -0.911300 0.166891
v -0.661216 -0.819495 0.125631
v -0.606936 -0.722440 0.156530
v 0.509919 -0.379219 0.126191
v 0.590661 -0.386665 0.135767
v 0.511748 -0.372005 0.129396
v -0.159056 -0.270912 0.132140
v 0.580517 -0.136425 0.149758
v 0.511659 -0.096432 0.153697
v -0.357575 -0.097851 0.153834
v -0.220922 -0.046943 0.132162
v -0.234543 -0.056143 0.114799
v 0.695667 0.020583 0.134185
v 0.685034 0.071263 0.136810
v 0.581385 0.300529 0.120654
v 0.567151 0.344157 0.121669
v -0.272467 0.321362 0.139245
v -0.249692 0.445250 0.120992
v 0.052491 0.659363 0.131169
v 0.209488 0.647280 0.127771
v 0.252952 0.741101 0.135439
v 0.231928 0.895142 0.136646
v 0.207699 0.945475 0.153370
v 0.139764 0.961158 0.126950
v 0.856853 -0.813903 0.118503
v 0.305980 -0.678656 0.137678
v 0.394303 -0.676457 0.138295
v 0.029871 -0.544649 0.127898
v 0.033009 -0.511367 0.116244
v 0.705506 -0.566605 0.163152
v 0.021438 -0.487434 0.128574
v 0.643623 -0.505198 0.170703
v 0.516526 -0.390019 0.131364
v 0.522594 -0.371522 0.129130
v 0.464167 -0.341219 0.131865
v -0.162142 -0.246868 0.134166
v 0.482386 -0.093634 0.124021
v -0.313148 -0.092641 0.129370
v -0.300398 -0.051599 0.139480
v 0.567268 0.241388 0.135804
v -0.130010 0.522006 0.132579
v -0.027504 0.564790 0.157650
v 0.283390 0.566343 0.153620
v 0.247488 0.596410 0.158969
v 0.228360 0.647881 0.140966
v 0.007681 0.738185 0.156270
v 0.738026 -0.897907 0.184212
v -0.645303 -0.887959 0.137551
v -0.620019 -0.795502 0.183899
v 0.857920 -0.785476 0.159756
v -0.484997 -0.591623 0.184523
v 0.017650 -0.524035 0.132122
v 0.511880 -0.381214 0.132639
v 0.529055 -0.394411 0.174721
v 0.434956 -0.289267 0.133183
v -0.180326 -0.287878 0.135956
v 0.458412 -0.117877 0.151061
v 0.573327 -0.131289 0.147117
v 0.475826 -0.073345 0.132973
v 0.730263 -0.045709 0.140344
v 0.708106 0.001203 0.135574
v 0.699756 0.071307 0.152669
v 0.617506 0.171529 0.157843
v 0.541027 0.279951 0.144512
v 0.544936 0.343367 0.134360
v -0.258413 0.288440 0.150090
v -0.244543 0.417086 0.146066
v 0.514442 0.396198 0.141728
v 0.296399 0.495670 0.165126
v 0.284939 0.533807 0.157790
v -0.062155 0.566026 0.128836
v 0.266204 0.577099 0.128259
v 0.269044 0.552536 0.170180
v 0.015486 0.714196 0.135692
v 0.247563 0.746609 0.160255
v 0.012607 0.883020 0.144719
v 0.240223 0.891391 0.160851
v 0.139537 0.977275 0.133904
v -0.426605 -0.944359 0.163142
v 0.591881 -0.916768 0.144715
v 0.575123 -0.872676 0.132964
v -0.105150 -0.791900 0.148290
v -0.600604 -0.716354 0.201089
v 0.473172 -0.740067 0.151906
v -0.513159 -0.668224 0.173081
v -0.584242 -0.658883 0.197234
v 0.166984 -0.497934 0.131435
v -0.391935 -0.552729 0.187105
v -0.299970 -0.475675 0.186502
v 0.182011 -0.492985 0.136748
v 0.585022 -0.466584 0.167218
v 0.547270 -0.400414 0.152942
v 0.521256 -0.388684 0.137219
v -0.216452 -0.341895 0.153041
v 0.413124 -0.325361 0.136482
v -0.200739 -0.292914 0.152704
v -0.155263 -0.291228 0.150329
v -0.399913 -0.071275 0.188661
v -0.197760 -0.018087 0.150493
v -0.192261 -0.035362 0.146523
v -0.234336 -0.013702 0.137444
v -0.243003 -0.004473 0.140595
v 0.713350 0.046735 0.165075
v 0.642613 0.107527 0.149861
v -0.368368 0.275328 0.137598
v 0.260825 0.555898 0.149723
v -0.041386 0.565976 0.150972
v 0.037523 0.616884 0.159584
v 0.009250 0.692406 0.135863
v 0.009999 0.690499 0.155478
v -0.015731 0.816932 0.178104
v -0.492420 -0.932067 0.175406
v 0.559734 -0.853720 0.155915
v -0.589308 -0.715273 0.157720
v 0.369222 -0.674772 0.150648
v -0.498655 -0.640944 0.168963
v 0.564250 -0.433433 0.151752
v 0.518410 -0.400011 0.143788
v 0.414943 -0.384494 0.155502
v 0.351201 -0.364376 0.134127
v -0.057240 -0.314956 0.132134
v -0.012830 -0.330601 0.140209
v -0.028801 -0.318050 0.136203
v -0.066096 -0.310191 0.138618
v -0.067635 -0.319939 0.139119
v -0.048263 -0.303838 0.131918
v -0.050852 -0.299908 0.138683
v -0.037057 -0.303546 0.142849
v -0.188846 -0.072860 0.146546
v 0.469690 -0.085906 0.149748
v 0.471703 -0.070240 0.140744
v 0.478260 -0.063387 0.142116
v 0.737075 -0.031707 0.206008
v -0.210259 -0.009591 0.157096
v -0.394325 0.193924 0.190795
v -0.341851 0.323856 0.140544
v 0.523432 0.366628 0.157204
v 0.523625 0.369451 0.142272
v -0.176259 0.478666 0.153421
v -0.075527 0.528376 0.140263
v 0.255251 0.553474 0.153904
v 0.251658 0.722465 0.155804
v -0.049820 -0.724456 0.163407
v 0.043693 -0.721551 0.149487
v 0.114060 -0.708549 0.153860
v -0.551141 -0.700443 0.182781
v 0.326832 -0.658878 0.154392
v 0.772715 -0.645808 0.155546
v 0.696673 -0.596375 0.214716
v 0.189755 -0.619594 0.161398
v -0.037819 -0.519576 0.143955
v -0.026316 -0.474904 0.141554
v 0.248925 -0.496945 0.150674
v 0.368166 -0.443631 0.143437
v 0.366177 -0.452751 0.145306
v 0.376213 -0.443016 0.137318
v 0.375482 -0.438202 0.136280
v 0.415149 -0.479358 0.156849
v 0.419834 -0.436355 0.145002
v 0.410575 -0.432738 0.146547
v 0.508854 -0.410047 0.144997
v 0.230886 -0.400398 0.142227
v 0.277079 -0.398956 0.146262
v 0.209545 -0.386411 0.135869
v 0.244657 -0.384208 0.136894
v 0.257252 -0.385587 0.141448
v 0.199157 -0.389259 0.146985
v 0.195454 -0.376886 0.143452
v 0.205622 -0.375016 0.140046
v -0.253791 -0.408751 0.182954
v 0.331360 -0.417320 0.168428
v 0.367640 -0.329747 0.158635
v -0.067255 -0.336307 0.147816
v -0.058544 -0.308540 0.143918
v -0.199462 -0.320101 0.155193
v 0.337478 -0.214613 0.186062
v 0.471723 -0.060687 0.138470
v 0.702050 0.036756 0.150094
v -0.282972 0.059558 0.142068
v -0.298785 0.076081 0.138736
v -0.296972 0.057173 0.142231
v -0.286882 0.102104 0.141148
v -0.281412 0.081557 0.142272
v 0.625791 0.118438 0.162307
v -0.461791 0.149537 0.176987
v -0.371625 0.166645 0.157459
v -0.301072 0.192585 0.137949
v -0.292825 0.159968 0.145143
v -0.287186 0.213003 0.148433
v -0.297892 0.247339 0.140576
v -0.310228 0.205419 0.141365
v 0.594642 0.119046 0.184507
v -0.306442 0.320877 0.147624
v 0.211948 0.646490 0.139248
v 0.222879 0.635989 0.150424
v 0.042916 0.651390 0.160676
v 0.042394 0.949666 0.165610
v -0.298168 -0.919352 0.175836
v 0.595280 -0.892453 0.149469
v 0.841891 -0.737572 0.176195
v 0.021530 -0.640587 0.169606
v -0.039966 -0.616438 0.161937
v 0.223610 -0.557081 0.156402
v -0.061543 -0.502892 0.146193
v -0.047350 -0.466414 0.152532
v -0.030116 -0.473035 0.167285
v 0.306209 -0.389861 0.142382
v 0.313498 -0.381806 0.144915
v 0.232575 -0.356460 0.165747
v 0.406702 -0.401870 0.177388
v 0.321613 -0.347212 0.156205
v -0.035574 -0.358342 0.150764
v -0.066740 -0.330845 0.151218
v -0.023984 -0.344219 0.164454
v -0.014477 -0.315863 0.153034
v -0.024496 -0.307635 0.151458
v -0.035692 -0.305224 0.149418
v -0.164543 -0.309072 0.147928
v 0.342529 -0.306239 0.172019
v -0.137620 -0.282367 0.143311
v -0.120375 -0.251395 0.170283
v -0.320263 -0.079574 0.166384
v 0.511763 -0.076388 0.168116
v 0.469192 -0.054006 0.144069
v 0.479299 -0.051716 0.158166
v -0.256071 0.015031 0.147353
v -0.284564 0.051178 0.147478
v -0.308780 0.087635 0.151563
v 0.686589 0.115754 0.182791
v -0.293016 0.114604 0.143928
v -0.259190 0.167671 0.159227
v -0.323574 0.279815 0.157056
v 0.537457 0.309424 0.149633
v 0.495319 0.438268 0.191643
v 0.003220 0.548833 0.154490
v 0.044031 0.567858 0.200438
v 0.257373 0.777345 0.179389
v 0.623883 -0.912185 0.161974
v -0.598984 -0.826092 0.237504
v -0.116363 -0.819780 0.193211
v 0.852386 -0.797609 0.180872
v 0.477763 -0.760854 0.197259
v 0.012807 -0.620673 0.169975
v -0.074251 -0.553411 0.164628
v 0.358887 -0.453989 0.151384
v 0.353768 -0.465421 0.152013
v 0.440503 -0.430260 0.153309
v 0.422284 -0.433128 0.144987
v 0.426449 -0.429892 0.151208
v 0.494095 -0.409443 0.149804
v 0.554214 -0.393465 0.157271
v 0.272809 -0.387480 0.156547
v 0.183163 -0.380072 0.170732
v 0.186640 -0.368593 0.161673
v 0.011817 -0.355069 0.149680
v 0.019721 -0.347666 0.161045
v 0.007247 -0.348708 0.143929
v -0.066789 -0.340550 0.150568
v -0.004847 -0.368791 0.154869
v -0.022437 -0.311073 0.159542
v 0.575907 -0.110799 0.159204
v -0.299046 -0.043225 0.172696
v -0.441217 -0.017858 0.212638
v 0.469872 -0.035831 0.150075
v 0.463635 -0.042656 0.150006
v -0.297114 -0.006453 0.154290
v 0.463409 -0.035729 0.145854
v -0.190880 -0.019642 0.152167
v -0.291704 0.011008 0.153197
v -0.249432 0.019642 0.158089
v -0.281763 0.051908 0.159475
v -0.276224 0.061292 0.157044
v 0.646908 0.122226 0.162487
v -0.317217 0.125526 0.163511
v -0.279382 0.129990 0.174273
v 0.564136 0.158280 0.156544
v -0.322906 0.217339 0.166062
v -0.244291 0.342548 0.158831
v 0.390207 0.471780 0.173367
v 0.352171 0.487308 0.161155
v -0.003992 0.547972 0.158871
v 0.228478 0.587733 0.196145
v 0.215385 0.670738 0.165423
v 0.013503 0.689303 0.172675
v 0.252834 0.825298 0.165439
v 0.066639 0.970288 0.165721
v 0.823423 -0.857044 0.175695
v 0.583227 -0.883926 0.184545
v -0.571617 -0.719620 0.157494
v -0.583062 -0.678416 0.188706
v 0.352156 -0.655312 0.166050
v 0.717591 -0.609412 0.190411
v -0.442663 -0.572906 0.186252
v -0.085151 -0.488581 0.161522
v 0.072956 -0.478070 0.174846
v 0.437721 -0.428483 0.160341
v 0.447547 -0.431606 0.150660
v 0.480511 -0.413188 0.149628
v 0.462694 -0.416140 0.155690
v 0.505451 -0.503665 0.192931
v 0.269963 -0.394823 0.156213
v 0.308114 -0.372178 0.161413
v -0.000432 -0.365130 0.160362
v -0.066580 -0.335643 0.157912
v -0.024453 -0.323361 0.168979
v -0.097038 -0.319213 0.152209
v -0.101283 -0.309085 0.153064
v -0.123119 -0.299592 0.149128
v -0.123281 -0.325379 0.169363
v -0.120223 -0.288485 0.153101
v 0.362249 -0.260113 0.161286
v 0.408684 -0.122346 0.175555
v 0.459661 -0.040643 0.163373
v 0.458058 -0.010813 0.162384
v 0.464933 -0.015381 0.160906
v -0.486983 0.071821 0.262198
v -0.267380 0.039815 0.152856
v -0.283367 0.105898 0.166804
v 0.620093 0.122965 0.164854
v -0.433849 0.202130 0.215686
v 0.549424 0.171596 0.157025
v -0.365947 0.184134 0.180729
v 0.536827 0.171481 0.173512
v -0.350237 0.249934 0.164035
v -0.240411 0.304880 0.183467
v -0.224498 0.428685 0.174414
v -0.050524 0.495740 0.164306
v 0.228584 0.611272 0.178497
v 0.231688 0.678923 0.173175
v 0.229905 0.928092 0.189820
v 0.655925 -0.909266 0.179968
v 0.097500 -0.696476 0.165353
v -0.548949 -0.692160 0.181129
v 0.276854 -0.647379 0.159589
v 0.047898 -0.680991 0.174664
v 0.373607 -0.658485 0.164765
v 0.803722 -0.670563 0.185150
v 0.746247 -0.614728 0.173475
v 0.682792 -0.588043 0.221962
v 0.262228 -0.527448 0.158047
v -0.113803 -0.536317 0.177771
v 0.687862 -0.546404 0.175528
v 0.358805 -0.475273 0.157698
v 0.342512 -0.473709 0.188329
v 0.011009 -0.391239 0.159935
v 0.016287 -0.386633 0.161042
v 0.011516 -0.386673 0.155349
v -0.002635 -0.383604 0.155893
v -0.071747 -0.334132 0.154027
v -0.094947 -0.334024 0.159824
v -0.074515 -0.333429 0.155871
v -0.014244 -0.312739 0.161568
v -0.188325 -0.308359 0.164968
v -0.151585 -0.316728 0.155013
v 0.568971 -0.083355 0.175339
v 0.537024 -0.075324 0.172162
v -0.333925 -0.080201 0.168701
v -0.295936 0.042805 0.175462
v -0.270018 0.030189 0.153697
v -0.273948 0.043027 0.153070
v 0.679599 0.107906 0.170882
v 0.606057 0.123935 0.178898
v -0.225284 0.383739 0.199755
v 0.256411 0.532260 0.186619
v 0.000951 0.735984 0.195410
v -0.015391 0.777029 0.173830
v -0.587792 -0.896837 0.169555
v -0.610906 -0.861849 0.182993
v 0.510769 -0.787810 0.187576
v 0.478518 -0.744257 0.218027
v -0.006465 -0.700643 0.166987
v 0.758382 -0.637484 0.176892
v 0.286819 -0.564889 0.166612
v 0.219232 -0.480371 0.183251
v -0.061764 -0.461723 0.162353
v 0.348143 -0.469400 0.163722
v -0.003153 -0.388287 0.167782
v -0.003024 -0.381972 0.172780
v -0.010741 -0.393560 0.174505
v 0.011341 -0.354973 0.169817
v 0.006291 -0.349141 0.172112
v -0.171421 -0.345412 0.189309
v -0.057966 -0.343118 0.176736
v 0.450244 0.010031 0.186475
v 0.711370 0.051329 0.180542
v 0.702971 0.080829 0.186752
v -0.279793 0.162555 0.166608
v -0.333452 0.191764 0.192155
v -0.249029 0.267977 0.178308
v 0.512661 0.171548 0.174757
v 0.499349 0.188951 0.191278
v 0.503250 0.387990 0.183461
v -0.098203 0.391527 0.200432
v 0.247098 0.532960 0.184553
v -0.010121 0.536370 0.180865
v 0.042136 0.524963 0.211521
v 0.253097 0.741812 0.199425
v 0.009181 0.903417 0.190221
v 0.211573 0.953241 0.181645
v 0.171311 0.986205 0.182010
v 0.836983 -0.837840 0.183927
v 0.499610 -0.775416 0.196013
v -0.067407 -0.745469 0.181177
v -0.585478 -0.668047 0.204564
v 0.293621 -0.618933 0.164896
v 0.483817 -0.416211 0.183668
v 0.276267 -0.402758 0.174559
v 0.232763 -0.401718 0.174889
v 0.284284 -0.363843 0.175574
v -0.010056 -0.331434 0.172039
v -0.090189 -0.378257 0.178378
v -0.154046 -0.213345 0.161096
v -0.144784 -0.056543 0.211804
v -0.343678 -0.064635 0.169631
v 0.433684 -0.011611 0.194433
v 0.732612 -0.041832 0.201130
v -0.182087 -0.023322 0.170365
v -0.494654 0.010911 0.188659
v -0.251224 0.056223 0.173080
v -0.191265 0.068907 0.161329
v -0.194422 0.060485 0.158972
v -0.207985 0.103639 0.173885
v -0.198496 0.098757 0.163488
v -0.302006 0.100088 0.181509
v -0.319877 0.133442 0.201298
v -0.238259 0.088765 0.172569
v -0.372036 0.181745 0.182240
v -0.350012 0.202558 0.191225
v 0.511414 0.297174 0.182938
v -0.037260 0.496295 0.171923
v 0.265927 0.530093 0.182169
v 0.127273 0.998674 0.198193
v 0.151222 0.993382 0.182010
v 0.800563 -0.683649 0.225226
v 0.472719 -0.708471 0.188491
v -0.556867 -0.690695 0.192710
v -0.502411 -0.658776 0.197260
v -0.563205 -0.646954 0.214384
v 0.353431 -0.634250 0.171062
v 0.282077 -0.489468 0.174336
v 0.431147 -0.525050 0.188268
v 0.637503 -0.546404 0.220917
v -0.022200 -0.467083 0.179659
v -0.059087 -0.453613 0.180587
v -0.229749 -0.408838 0.198415
v -0.163592 -0.370294 0.190618
v -0.118147 -0.336695 0.173760
v 0.591477 -0.096510 0.200813
v 0.614223 -0.078720 0.237556
v 0.475420 -0.026450 0.174374
v 0.470582 0.002446 0.172343
v 0.712713 0.065541 0.177397
v -0.200953 0.110696 0.175906
v -0.328569 0.154442 0.184615
v -0.456155 0.182750 0.219837
v -0.229085 0.151610 0.182096
v -0.238322 0.239173 0.182304
v -0.340326 0.211892 0.182489
v 0.232312 0.673554 0.228792
v 0.267519 0.780997 0.187299
v 0.603079 -0.895622 0.192794
v -0.111428 -0.816671 0.231042
v 0.847403 -0.773571 0.196138
v 0.484558 -0.732256 0.209942
v -0.591470 -0.705282 0.201533
v -0.021059 -0.678639 0.175980
v 0.004780 -0.667272 0.173778
v 0.799230 -0.662487 0.184825
v 0.329121 -0.595985 0.175315
v -0.095247 -0.645424 0.195113
v 0.312043 -0.579922 0.174555
v 0.331886 -0.531411 0.176602
v 0.281111 -0.484955 0.187024
v 0.131174 -0.469792 0.186376
v -0.257398 -0.415269 0.175161
v -0.003649 -0.391122 0.172645
v 0.423066 -0.425196 0.196076
v 0.260872 -0.346963 0.184033
v 0.181080 -0.322654 0.176033
v -0.105561 -0.361504 0.173044
v -0.307962 -0.051016 0.180131
v -0.326547 -0.021473 0.191548
v -0.290523 -0.006357 0.184764
v -0.183617 0.077008 0.183038
v -0.309483 0.097078 0.197465
v 0.352498 0.424891 0.177829
v 0.275688 0.471684 0.177372
v 0.456405 0.440614 0.212758
v 0.244937 0.895531 0.206689
v 0.091027 0.990921 0.198153
v 0.587760 -0.878561 0.221398
v -0.577993 -0.777781 0.287487
v -0.510852 -0.661464 0.203253
v 0.012038 -0.659930 0.189390
v -0.123786 -0.513754 0.186962
v 0.326727 -0.484228 0.181878
v 0.465058 -0.478954 0.183396
v 0.006353 -0.462743 0.196515
v 0.276191 -0.462768 0.193215
v 0.307184 -0.441252 0.171088
v 0.260027 -0.436055 0.169042
v 0.230365 -0.436188 0.173317
v 0.221327 -0.437934 0.178115
v 0.205369 -0.428135 0.178064
v 0.284983 -0.415348 0.180417
v 0.205801 -0.407324 0.186482
v -0.006554 -0.400367 0.187659
v -0.000384 -0.388982 0.184610
v -0.055788 -0.383230 0.183713
v -0.388081 -0.082489 0.195052
v 0.516671 -0.024803 0.191136
v 0.468293 0.019617 0.183245
v -0.196286 0.139893 0.192028
v -0.200481 0.135710 0.185124
v 0.564945 0.103224 0.178852
v 0.675720 0.127727 0.187762
v 0.544941 0.090792 0.190408
v 0.487400 0.449324 0.196646
v 0.242923 0.505327 0.196863
v 0.023989 0.491444 0.207643
v 0.223758 0.567458 0.210423
v 0.011467 0.677836 0.207124
v 0.272758 0.784234 0.206404
v 0.005633 0.914350 0.231375
v 0.487186 -0.769136 0.212584
v -0.051507 -0.719785 0.214507
v -0.056174 -0.663234 0.195635
v 0.383298 -0.642169 0.200128
v 0.729031 -0.602999 0.197736
v 0.339006 -0.576425 0.185618
v 0.322882 -0.572400 0.183088
v 0.678193 -0.570665 0.204585
v 0.606706 -0.520736 0.199634
v 0.572978 -0.537157 0.199136
v -0.072307 -0.455334 0.191142
v -0.074265 -0.455575 0.183920
v 0.322766 -0.472294 0.193645
v 0.172099 -0.416457 0.182249
v 0.159118 -0.370927 0.179452
v -0.090252 -0.391351 0.198666
v 0.117810 -0.340555 0.183486
v 0.292822 -0.268637 0.199137
v 0.500984 0.002319 0.203509
v 0.561644 0.098131 0.188644
v 0.496732 0.126081 0.185855
v -0.225306 0.221484 0.182346
v -0.221359 0.205547 0.180772
v 0.231113 0.333693 0.203361
v -0.213116 0.399206 0.201499
v -0.127466 0.374233 0.210826
v 0.428257 0.416929 0.207898
v -0.060259 0.433632 0.184751
v -0.004780 0.459558 0.186788
v 0.024900 0.672545 0.202015
v -0.007039 0.870443 0.211931
v -0.439111 -0.907054 0.238091
v 0.474483 -0.697393 0.209299
v 0.724460 -0.610760 0.213105
v 0.381357 -0.591115 0.195005
v 0.381097 -0.516463 0.190911
v 0.594700 -0.508241 0.187073
v 0.251833 -0.474933 0.199418
v -0.086474 -0.459279 0.192265
v -0.067951 -0.464544 0.197797
v 0.158634 -0.413382 0.186962
v 0.159959 -0.406720 0.182874
v -0.065316 -0.393108 0.190503
v -0.180366 -0.379638 0.197920
v 0.138636 -0.382843 0.189910
v -0.052671 -0.341619 0.196128
v 0.097209 -0.294432 0.184030
v 0.202844 -0.252499 0.188067
v 0.152380 -0.169057 0.186946
v -0.124625 -0.192954 0.211820
v -0.148701 -0.160458 0.195506
v 0.683616 -0.041943 0.234058
v 0.520776 -0.005965 0.220276
v 0.494165 0.023218 0.188746
v -0.296343 0.043752 0.212535
v -0.153971 0.063631 0.200891
v 0.502829 0.091574 0.193315
v -0.212417 0.164678 0.187225
v 0.053172 0.551246 0.215991
v 0.029595 0.657939 0.220685
v 0.265679 0.855175 0.240399
v -0.564244 -0.685432 0.201242
v -0.018648 -0.663205 0.203892
v 0.367944 -0.588885 0.193329
v -0.162075 -0.569059 0.215288
v 0.199073 -0.469917 0.191470
v 0.157145 -0.458200 0.193191
v 0.144258 -0.460229 0.190085
v 0.141341 -0.400229 0.190757
v 0.020139 -0.410565 0.190835
v -0.138829 -0.369881 0.200085
v -0.042024 -0.318215 0.220123
v 0.063452 -0.274007 0.194734
v -0.108055 -0.213624 0.209726
v 0.173563 -0.127281 0.193864
v 0.338123 -0.118638 0.205971
v 0.728340 0.025559 0.256535
v 0.450198 0.022464 0.187245
v 0.495330 0.063293 0.207003
v 0.478550 0.059231 0.192385
v 0.467208 0.060230 0.192157
v -0.219981 0.230959 0.207413
v 0.484156 0.288371 0.202468
v -0.233445 0.329859 0.200087
v 0.364958 0.341982 0.212054
v 0.079075 0.389714 0.207294
v 0.011411 0.516117 0.191614
v 0.237921 0.521901 0.190697
v 0.203500 0.964681 0.243141
v -0.508647 -0.871196 0.274679
v -0.183262 -0.849200 0.235988
v 0.542481 -0.816957 0.229812
v 0.525553 -0.779976 0.205282
v 0.504592 -0.771087 0.190559
v -0.045737 -0.717823 0.224431
v -0.003900 -0.695626 0.219847
v -0.009095 -0.698532 0.235531
v 0.379875 -0.625276 0.203862
v 0.493837 -0.527923 0.199259
v 0.189864 -0.465969 0.212581
v -0.230418 -0.490928 0.223281
v 0.097527 -0.460728 0.197253
v 0.372273 -0.458516 0.198773
v -0.084842 -0.459317 0.198606
v -0.115219 -0.462600 0.203749
v 0.123138 -0.451368 0.191455
v 0.098815 -0.442873 0.189952
v 0.116241 -0.445664 0.191219
v 0.425657 -0.434469 0.198696
v 0.178645 -0.430796 0.213031
v 0.032154 -0.418446 0.192507
v -0.014824 -0.424093 0.195338
v 0.268933 -0.260662 0.202133
v 0.068305 -0.081839 0.196504
v 0.549337 -0.018299 0.245295
v -0.325469 -0.009462 0.221254
v 0.577805 0.127973 0.234933
v -0.159398 0.130413 0.198424
v 0.458155 0.091560 0.206945
v 0.635790 0.154714 0.228669
v -0.334092 0.161935 0.221297
v -0.356824 0.186817 0.216869
v -0.382688 0.201949 0.235390
v -0.341319 0.186531 0.213349
v -0.225095 0.272295 0.208285
v 0.470970 0.359725 0.196405
v 0.179394 0.380782 0.220487
v 0.056483 0.466505 0.218421
v 0.227075 0.474209 0.209299
v 0.220342 0.669653 0.215208
v 0.219842 0.647558 0.236296
v 0.037721 0.956496 0.243356
v 0.066715 0.981379 0.239500
v 0.754301 -0.867637 0.241364
v 0.811581 -0.801370 0.244917
v 0.832756 -0.745265 0.212782
v -0.557045 -0.679739 0.227243
v 0.453100 -0.680759 0.226472
v -0.486256 -0.608081 0.204521
v 0.323250 -0.581143 0.222217
v -0.133404 -0.497352 0.207220
v -0.119096 -0.458158 0.212656
v 0.023094 -0.440241 0.193791
v -0.006459 -0.448357 0.200518
v 0.061406 -0.426853 0.199577
v 0.132661 -0.401123 0.212809
v -0.142941 -0.383239 0.198212
v 0.260948 -0.110717 0.215171
v 0.043701 0.026599 0.201988
v -0.315876 -0.005740 0.199497
v 0.439537 0.081091 0.203568
v 0.509413 0.027602 0.205274
v 0.511543 0.042619 0.198926
v 0.447997 0.076314 0.206698
v 0.518057 0.082604 0.204835
v -0.304446 0.095950 0.214400
v -0.469443 0.125387 0.230011
v -0.185352 0.155666 0.197760
v -0.156110 0.268355 0.193817
v -0.178725 0.247572 0.199438
v -0.113122 0.251582 0.208185
v -0.165365 0.285659 0.199445
v -0.150735 0.281893 0.198454
v 0.454716 0.272179 0.202099
v -0.023419 0.287960 0.210752
v 0.082244 0.284250 0.208509
v 0.212950 0.454989 0.219329
v 0.226657 0.486998 0.197458
v 0.167256 0.991613 0.247276
v 0.631490 -0.879902 0.262167
v -0.191377 -0.868477 0.268367
v 0.803701 -0.849707 0.217254
v 0.553089 -0.814520 0.249538
v -0.522757 -0.641846 0.244001
v 0.422804 -0.601282 0.213157
v 0.185042 -0.458726 0.220365
v 0.111781 -0.439172 0.224870
v -0.208396 -0.441162 0.221742
v -0.131449 -0.407543 0.211183
v 0.289118 -0.227368 0.202145
v 0.526099 0.059487 0.202942
v 0.531857 0.066106 0.202430
v 0.533524 0.062145 0.209096
v 0.709033 0.100688 0.223063
v 0.216602 0.484921 0.204810
v 0.245387 0.910680 0.264778
v 0.127112 1.000000 0.226677
v 0.515946 -0.772229 0.217559
v -0.548967 -0.688034 0.296680
v -0.555951 -0.688708 0.238670
v -0.166017 -0.692361 0.257335
v -0.140226 -0.713236 0.268106
v -0.477071 -0.658674 0.243519
v 0.337872 -0.588277 0.246197
v 0.683773 -0.583300 0.243460
v 0.456477 -0.600870 0.217005
v -0.102496 -0.424786 0.210753
v 0.012632 -0.261529 0.228402
v -0.016253 -0.186504 0.219238
v -0.023091 0.017837 0.205710
v 0.219375 -0.031695 0.212099
v 0.131600 0.014353 0.209326
v -0.482812 0.028814 0.237824
v -0.316073 0.018910 0.217312
v 0.039778 0.093259 0.208652
v 0.314243 -0.106450 0.214794
v 0.726857 0.075580 0.293996
v -0.069597 0.059289 0.206426
v 0.452609 0.159521 0.212867
v -0.198674 0.264438 0.215067
v 0.439611 0.201055 0.201387
v 0.439684 0.264499 0.208834
v 0.427405 0.267973 0.201917
v -0.108688 0.273736 0.214795
v -0.180592 0.335757 0.230082
v 0.127601 0.251266 0.218601
v 0.470153 0.425946 0.214845
v 0.210261 0.470774 0.206448
v 0.048983 0.488512 0.208137
v -0.011270 0.691979 0.253455
v -0.017999 0.695893 0.272653
v -0.252762 -0.901527 0.242587
v 0.701192 -0.887848 0.237763
v -0.021949 -0.720925 0.244854
v -0.470920 -0.600920 0.215519
v 0.577909 -0.588345 0.224103
v 0.167659 -0.440776 0.226853
v -0.184703 -0.408132 0.211856
v 0.586701 -0.021114 0.244875
v 0.582126 -0.007991 0.257570
v 0.131386 0.097516 0.214934
v 0.185692 0.072534 0.210206
v 0.309927 0.063822 0.219297
v 0.359635 0.192980 0.219590
v 0.085668 0.143175 0.215746
v -0.110579 0.121692 0.212240
v -0.468881 0.139577 0.246737
v -0.129327 -0.011294 0.226159
v 0.064870 0.225851 0.215006
v -0.410097 0.209065 0.227002
v 0.401083 0.267891 0.210336
v -0.201978 0.329949 0.234350
v -0.211828 0.278914 0.215584
v 0.437368 0.326428 0.216269
v 0.206308 0.275539 0.213245
v 0.339299 0.284271 0.218967
v -0.123320 0.330025 0.231760
v -0.205137 0.349797 0.228410
v 0.201884 0.461559 0.212685
v 0.256996 0.700690 0.254040
v -0.030625 0.767825 0.272687
v 0.248134 0.898974 0.231623
v -0.137269 -0.840659 0.248013
v 0.555243 -0.793927 0.240272
v 0.490080 -0.759283 0.224981
v 0.475991 -0.687853 0.226146
v 0.426725 -0.659507 0.251063
v -0.186496 -0.535484 0.237269
v -0.181357 -0.447368 0.226092
v -0.164683 -0.459661 0.215790
v -0.120293 -0.168915 0.222591
v -0.049062 -0.036643 0.216766
v 0.273185 0.009724 0.221930
v -0.299771 0.071731 0.221174
v -0.316441 0.112519 0.237851
v -0.455354 0.190497 0.236471
v -0.027374 0.263700 0.213981
v 0.447556 0.359785 0.221382
v 0.131933 0.352042 0.227529
v 0.081748 0.458910 0.213325
v 0.063700 0.471245 0.211004
v 0.220110 0.577826 0.293031
v -0.015447 0.866927 0.219375
v -0.326583 -0.903959 0.254783
v 0.510644 -0.758360 0.224081
v -0.562233 -0.654102 0.237266
v 0.501902 -0.606727 0.230374
v 0.381082 -0.583954 0.275803
v -0.330042 -0.575329 0.237848
v -0.173814 -0.507547 0.230852
v -0.083884 -0.197287 0.231724
v -0.096457 -0.168885 0.237147
v -0.388869 -0.042255 0.236959
v -0.437699 0.003917 0.242832
v 0.268932 0.093022 0.220179
v -0.186459 0.328195 0.227295
v -0.211881 0.314507 0.228884
v 0.456104 0.417254 0.221009
v 0.085479 0.441885 0.226518
v 0.103249 0.442111 0.224599
v 0.174626 0.489655 0.252556
v 0.195341 0.544088 0.245932
v 0.018647 0.629343 0.261563
v -0.009191 0.911576 0.289011
v 0.078773 0.988170 0.251660
v 0.471454 -0.705943 0.272024
v 0.469539 -0.680870 0.248857
v -0.533260 -0.674049 0.271123
v 0.437213 -0.675473 0.247737
v 0.731596 -0.637978 0.266456
v 0.732667 -0.621907 0.240599
v -0.467171 -0.658357 0.246118
v 0.632864 -0.571596 0.238938
v -0.218280 -0.507498 0.223365
v -0.204982 -0.490773 0.223884
v 0.053888 -0.400828 0.231855
v -0.102083 -0.028176 0.232880
v 0.310179 0.213735 0.225391
v 0.682565 0.155568 0.261056
v -0.469977 0.163729 0.241597
v -0.434090 0.205618 0.240239
v -0.140104 0.357468 0.226058
v 0.160608 0.412692 0.235815
v 0.190271 0.449433 0.219942
v 0.154655 0.441380 0.232662
v 0.092068 0.505499 0.252604
v 0.076072 0.530204 0.236137
v 0.225605 0.593538 0.297338
v -0.018223 0.668452 0.250155
v -0.471858 -0.880472 0.278765
v -0.099239 -0.795557 0.245993
v 0.817062 -0.773033 0.245169
v -0.037488 -0.733731 0.254414
v 0.484431 -0.726015 0.276474
v 0.147794 -0.443026 0.230296
v 0.101842 -0.415163 0.235439
v 0.067796 -0.353014 0.233302
v -0.022267 -0.264718 0.238553
v 0.724918 0.006840 0.325034
v 0.534239 0.028105 0.257904
v 0.558792 0.102867 0.260987
v 0.620032 0.163131 0.257278
v 0.115242 0.427757 0.227523
v 0.151894 0.421328 0.226285
v 0.270123 0.763602 0.297378
v -0.574133 -0.829499 0.270365
v -0.108560 -0.801091 0.246697
v -0.117593 -0.820888 0.250485
v 0.537667 -0.764843 0.250778
v 0.802761 -0.716057 0.253589
v -0.592495 -0.732171 0.237796
v -0.040000 -0.700333 0.246847
v -0.525402 -0.644112 0.262782
v 0.586383 -0.596618 0.242313
v 0.543947 -0.605921 0.239316
v 0.662046 -0.578231 0.247889
v -0.256145 -0.570234 0.241136
v -0.213301 -0.532923 0.239737
v 0.606597 -0.064743 0.246013
v 0.601480 -0.030204 0.254150
v -0.333431 0.035737 0.255947
v 0.708299 0.137504 0.295278
v -0.482920 0.107474 0.237505
v 0.114074 0.420008 0.231287
v 0.122876 0.421398 0.226583
v 0.102422 0.452387 0.238317
v 0.216047 0.560515 0.225391
v 0.027152 0.633178 0.261067
v 0.253772 0.691758 0.248631
v 0.270259 0.871336 0.244600
v 0.611735 -0.862655 0.275186
v 0.563612 -0.829144 0.254355
v 0.770654 -0.821523 0.267045
v -0.409608 -0.656254 0.284763
v 0.493191 -0.597534 0.285352
v -0.277178 -0.615944 0.266152
v -0.276479 -0.553651 0.241104
v -0.072915 -0.165096 0.240660
v 0.127120 0.429140 0.237354
v 0.103366 0.473069 0.253831
v 0.031477 0.630321 0.277432
v 0.262585 0.676334 0.246269
v 0.268432 0.882298 0.255741
v -0.174205 -0.857240 0.261387
v 0.486122 -0.747017 0.284485
v -0.028326 -0.719455 0.252643
v -0.240717 -0.645522 0.268098
v 0.527795 0.074898 0.268341
v -0.462569 0.100673 0.247334
v 0.667701 0.163595 0.261562
v 0.262352 0.665065 0.253552
v 0.431466 -0.667266 0.262527
v -0.337873 0.081574 0.277862
v -0.460886 0.106186 0.249876
v 0.154599 0.460222 0.253559
v 0.059506 0.584603 0.335396
v -0.020359 0.679087 0.253577
v 0.266850 0.686582 0.251266
v 0.179073 0.983893 0.255384
v 0.709227 -0.874270 0.257805
v 0.782104 -0.711978 0.273656
v -0.367857 -0.645985 0.288089
v -0.272628 -0.591540 0.249313
v 0.666311 -0.580270 0.262076
v 0.736188 0.001649 0.284885
v -0.381721 -0.002256 0.257054
v -0.358851 0.181140 0.259989
v -0.344969 0.146401 0.275082
v -0.438835 0.220812 0.277082
v 0.123147 0.988710 0.264014
v 0.661421 -0.870246 0.274181
v 0.589269 -0.804759 0.288230
v 0.466667 -0.686788 0.260848
v 0.370964 -0.590137 0.277414
v 0.652090 -0.580317 0.267628
v -0.482800 0.052997 0.262056
v 0.529305 0.064743 0.275090
v -0.442938 0.078967 0.269071
v 0.127240 0.480857 0.267104
v 0.103279 0.523053 0.257062
v 0.261449 0.708135 0.304730
v -0.028530 0.812017 0.289595
v 0.078975 0.983060 0.284397
v -0.334912 -0.883094 0.291133
v -0.153839 -0.846562 0.274698
v 0.778683 -0.768449 0.280770
v 0.651809 -0.581184 0.274810
v 0.617455 -0.004714 0.311870
v -0.410258 0.039270 0.276961
v -0.448966 0.087891 0.260916
v -0.469828 0.210170 0.278473
v 0.108272 0.488044 0.258781
v 0.165842 0.529329 0.262222
v -0.022432 0.680283 0.267545
v 0.278910 0.688910 0.269137
v 0.267822 0.867863 0.271303
v -0.244077 -0.879009 0.286758
v 0.720959 -0.853698 0.273719
v -0.115250 -0.771310 0.272620
v 0.495755 -0.756024 0.293139
v 0.475233 -0.688892 0.283678
v 0.622157 -0.595254 0.308977
v -0.462179 0.115963 0.268440
v -0.503242 0.187747 0.287858
v 0.207426 0.562566 0.292820
v 0.245809 0.643146 0.273436
v 0.254507 0.907050 0.281220
v -0.141236 -0.831572 0.272248
v -0.136464 -0.811118 0.265961
v -0.132317 -0.732804 0.277922
v -0.529258 -0.679212 0.277459
v -0.496114 -0.671228 0.308856
v -0.435398 -0.657736 0.273146
v -0.418930 -0.650204 0.301971
v -0.390209 0.043535 0.271513
v -0.429485 0.086521 0.272785
v -0.506372 0.165235 0.291589
v 0.608229 0.162586 0.285374
v 0.134970 0.520471 0.268277
v 0.004180 0.628194 0.281257
v -0.007998 0.647775 0.284050
v 0.228641 0.632449 0.289103
v 0.266603 0.656699 0.292737
v 0.238020 0.916613 0.285628
v 0.599701 -0.846653 0.279119
v -0.125755 -0.775479 0.261656
v 0.528827 -0.767707 0.289415
v 0.619261 -0.026223 0.300113
v 0.589641 0.152512 0.335939
v 0.265815 0.710830 0.285504
v -0.030749 0.802100 0.318397
v -0.007033 0.879822 0.313630
v 0.016730 0.918624 0.325371
v 0.130941 0.992568 0.285172
v 0.579997 -0.795449 0.285091
v -0.147946 -0.760894 0.273901
v -0.253012 -0.689734 0.319157
v 0.449058 -0.667776 0.277946
v 0.704011 -0.633494 0.288821
v -0.455224 0.056040 0.276225
v -0.346115 0.114092 0.278554
v -0.362887 0.199428 0.323946
v 0.111394 0.525011 0.339164
v 0.036908 0.611155 0.319566
v 0.225554 0.921403 0.321881
v -0.223319 -0.867251 0.291144
v -0.475837 -0.862167 0.299268
v -0.177762 -0.848032 0.285501
v -0.206786 -0.809571 0.277705
v -0.210748 -0.823661 0.277145
v -0.151813 -0.749295 0.289870
v -0.484156 -0.650542 0.299620
v -0.401841 0.064171 0.273682
v -0.389102 0.087094 0.282856
v -0.365336 0.094683 0.284469
v 0.680053 0.170939 0.303837
v -0.378545 0.212207 0.323782
v 0.016298 0.616990 0.299122
v 0.272328 0.686006 0.284525
v -0.012778 0.668886 0.284707
v -0.017503 0.696839 0.293473
v 0.265038 0.804417 0.331003
v 0.688578 -0.833731 0.297028
v 0.725347 -0.813398 0.295207
v -0.549642 -0.829501 0.291996
v -0.244498 -0.789247 0.296470
v -0.176467 -0.741751 0.288099
v 0.479557 -0.705829 0.295842
v -0.517505 -0.685945 0.284163
v -0.516506 -0.681316 0.280978
v -0.508364 -0.679316 0.296965
v 0.499288 -0.665899 0.301619
v 0.479100 -0.673823 0.293651
v -0.310342 -0.650374 0.294791
v 0.420340 -0.616999 0.295263
v -0.491605 0.146669 0.302430
v -0.354115 0.180360 0.327930
v 0.676461 0.180089 0.315692
v 0.131320 0.526599 0.365660
v 0.092135 0.536453 0.318728
v 0.278288 0.699693 0.288684
v 0.007922 0.735734 0.297140
v 0.010569 0.751532 0.284249
v 0.004196 0.752713 0.280942
v -0.001072 0.754415 0.295596
v 0.008263 0.759324 0.297582
v 0.001939 0.760985 0.277912
v -0.010525 0.892648 0.313133
v -0.281823 -0.760678 0.305919
v 0.729523 -0.756130 0.308704
v 0.700468 -0.657747 0.299566
v -0.384552 -0.655415 0.289054
v 0.445570 -0.602411 0.319414
v 0.533795 0.084429 0.300941
v 0.721694 0.114227 0.314782
v -0.363178 0.153636 0.335100
v 0.249467 0.646955 0.301044
v 0.599953 -0.814779 0.295886
v 0.720976 -0.695005 0.306696
v -0.533670 -0.683830 0.312775
v -0.273627 -0.665156 0.295909
v -0.430936 -0.650720 0.316917
v 0.549985 0.077328 0.340843
v -0.545954 0.215690 0.349248
v -0.492364 0.240849 0.336009
v -0.006982 0.652996 0.305810
v -0.022456 0.680453 0.302226
v 0.004142 0.775384 0.291256
v -0.006000 0.779524 0.292604
v -0.000857 0.778930 0.289235
v -0.003360 0.789935 0.289703
v 0.238509 0.921149 0.321651
v 0.119028 0.988434 0.313364
v 0.590166 -0.799993 0.315713
v 0.492760 -0.750803 0.299794
v -0.210331 -0.713393 0.307238
v 0.706808 0.157495 0.304235
v 0.653036 0.185487 0.340319
v 0.270249 0.695259 0.307645
v 0.269783 0.676932 0.308562
v 0.004658 0.736124 0.310255
v -0.034217 0.808769 0.330631
v 0.244864 0.914991 0.324841
v 0.154052 0.963787 0.366922
v 0.095434 0.964964 0.375729
v -0.335650 -0.855545 0.305638
v -0.520781 -0.797165 0.323908
v 0.507354 -0.757477 0.307635
v -0.548109 -0.695019 0.308268
v 0.503526 -0.690760 0.316954
v 0.646944 -0.036998 0.299800
v -0.386516 0.135530 0.341871
v -0.018816 0.669134 0.309664
v -0.000725 0.797770 0.300046
v -0.006751 0.798889 0.309702
v 0.536618 -0.766999 0.307916
v -0.285360 -0.726711 0.304027
v 0.498928 -0.613778 0.346458
v 0.682405 0.020347 0.302839
v 0.686185 0.035619 0.304052
v 0.672175 0.017454 0.301392
v 0.687495 0.029101 0.305973
v -0.421828 0.108551 0.310398
v 0.732541 0.162111 0.329544
v 0.623968 0.173473 0.339203
v -0.571461 0.156975 0.329758
v -0.541245 0.179238 0.314727
v 0.256964 0.672700 0.319453
v 0.016366 0.817136 0.355242
v 0.138922 0.965674 0.379374
v -0.414387 -0.829821 0.329440
v 0.684489 -0.801109 0.311910
v -0.290214 -0.667480 0.316710
v -0.454960 -0.663122 0.320693
v 0.621134 -0.611422 0.321818
v 0.664290 0.016254 0.310079
v 0.682054 0.019734 0.311033
v 0.691977 0.050008 0.317607
v -0.582499 0.164013 0.335639
v 0.709059 0.169273 0.320921
v -0.448416 0.239954 0.344613
v 0.237699 0.734813 0.299076
v 0.242841 0.715203 0.313029
v 0.245819 0.738520 0.309027
v 0.236916 0.738811 0.313638
v 0.004820 0.799328 0.312494
v 0.000708 0.907179 0.332656
v -0.475932 -0.829531 0.323467
v 0.519062 -0.698496 0.322526
v 0.700783 -0.727532 0.318837
v -0.335976 -0.709773 0.313495
v -0.298071 -0.684822 0.328703
v 0.551079 -0.672824 0.306655
v 0.572582 -0.692212 0.308405
v 0.556813 -0.676879 0.306332
v 0.574122 -0.684210 0.307237
v 0.591116 -0.693403 0.315620
v 0.522363 -0.683646 0.317545
v 0.541292 -0.667897 0.306849
v 0.687960 -0.682788 0.316671
v 0.568500 -0.604114 0.341886
v 0.599306 0.029057 0.340363
v 0.690436 0.033780 0.314662
v 0.731426 0.058322 0.338152
v -0.471312 0.138927 0.321354
v 0.075437 0.554539 0.332859
v 0.220809 0.610988 0.346632
v 0.259448 0.695736 0.316559
v 0.236277 0.714751 0.312618
v 0.263269 0.734777 0.330221
v 0.250131 0.739170 0.322113
v 0.237124 0.769441 0.312249
v 0.246929 0.765645 0.320624
v 0.244720 0.771090 0.308022
v -0.008368 0.789309 0.369363
v -0.012022 0.815238 0.376600
v 0.561026 -0.760621 0.318934
v 0.602697 -0.702725 0.318824
v 0.529140 -0.641878 0.335924
v 0.654517 0.019957 0.322912
v 0.648910 0.025872 0.322000
v -0.417805 0.133743 0.341427
v -0.008455 0.672881 0.325675
v 0.241025 0.715463 0.325844
v 0.008732 0.722544 0.345350
v 0.233199 0.789181 0.321132
v 0.239993 0.790984 0.320151
v 0.004007 0.900312 0.336648
v 0.585533 -0.784985 0.320663
v 0.684376 -0.747914 0.322097
v -0.536684 -0.702608 0.323755
v 0.502331 -0.608508 0.345414
v 0.615824 0.039228 0.358441
v 0.731874 0.019625 0.333565
v 0.653452 0.032246 0.320177
v 0.694502 0.072407 0.319992
v 0.695078 0.060124 0.321138
v 0.720301 0.104683 0.335653
v 0.732583 0.131569 0.329139
v -0.557862 0.192060 0.344316
v 0.085041 0.537053 0.357256
v 0.234358 0.714351 0.323225
v 0.226570 0.717322 0.333106
v 0.243713 0.747501 0.321423
v 0.232934 0.767338 0.324792
v 0.248460 0.767150 0.328028
v 0.250242 0.776476 0.317565
v 0.246823 0.793480 0.331207
v 0.000290 0.805928 0.329809
v -0.427112 -0.793647 0.340197
v 0.656071 -0.718794 0.324603
v -0.471561 -0.665917 0.329255
v 0.566910 -0.621521 0.339951
v 0.673921 0.027346 0.329651
v 0.648306 0.030282 0.326062
v 0.644597 0.048654 0.336269
v 0.698660 0.081036 0.321892
v 0.713555 0.092334 0.328716
v 0.786215 0.151337 0.374180
v 0.672852 0.187018 0.348824
v 0.219765 0.696888 0.325120
v 0.227939 0.684576 0.328357
v 0.228737 0.699453 0.319249
v 0.237003 0.706325 0.324776
v -0.002221 0.672776 0.367422
v 0.228693 0.739193 0.328771
v 0.229866 0.806012 0.330635
v -0.029250 0.811450 0.367869
v -0.455434 -0.813359 0.334965
v 0.614007 -0.681055 0.335141
v 0.636067 0.030515 0.367807
v 0.731370 0.039067 0.345689
v 0.650213 0.035977 0.340899
v 0.644700 0.037981 0.333910
v 0.689710 0.052607 0.340270
v 0.561279 0.124555 0.338185
v -0.608928 0.146311 0.376888
v 0.717409 0.175961 0.336766
v -0.608183 0.179179 0.377128
v -0.013730 0.714406 0.368501
v 0.013963 0.724242 0.342712
v 0.008060 0.814238 0.328860
v 0.126982 0.976801 0.350415
v -0.394385 -0.705720 0.334230
v -0.496571 -0.690878 0.333320
v -0.393865 -0.667417 0.340493
v 0.698782 0.056480 0.345106
v 0.702105 0.089992 0.327633
v -0.357848 0.216202 0.352769
v 0.057255 0.541187 0.342220
v 0.059632 0.581111 0.341659
v 0.240439 0.680470 0.388133
v 0.235104 0.704659 0.357524
v 0.248431 0.726465 0.382990
v 0.010863 0.811258 0.338265
v 0.237501 0.903102 0.347710
v 0.231951 0.898970 0.353683
v 0.567303 -0.611309 0.347596
v 0.640548 0.046385 0.343059
v 0.713277 0.038074 0.360406
v 0.688284 0.088115 0.360385
v 0.566366 0.104955 0.352178
v 0.768457 0.127893 0.362560
v -0.615745 0.153360 0.370522
v 0.764432 0.190618 0.366503
v -0.346328 0.199544 0.345394
v -0.336189 0.177124 0.357216
v -0.489262 0.248512 0.344962
v -0.504700 0.248532 0.349169
v 0.172600 0.553737 0.352756
v 0.219113 0.673856 0.346566
v 0.230389 0.673422 0.342785
v 0.261344 0.788812 0.346580
v -0.009869 0.758241 0.356776
v 0.011837 0.821822 0.341703
v 0.224880 0.810979 0.342184
v 0.230670 0.816419 0.344161
v -0.464041 -0.780985 0.342504
v -0.492405 -0.776717 0.339481
v -0.447586 -0.710829 0.341830
v -0.504922 -0.727701 0.339651
v 0.519145 -0.620786 0.348800
v 0.692424 0.020898 0.361400
v 0.716398 0.095566 0.360060
v 0.608562 0.161152 0.355457
v 0.673528 0.194989 0.360854
v 0.049739 0.544143 0.344938
v 0.232168 0.733632 0.369386
v 0.235673 0.771774 0.360398
v 0.265858 0.793780 0.355764
v -0.430854 -0.681345 0.347540
v 0.647243 0.043304 0.352058
v -0.358152 0.149421 0.352540
v -0.623828 0.166866 0.384861
v 0.628721 0.179802 0.360303
v 0.702147 0.194152 0.361183
v -0.390798 0.228400 0.377456
v 0.225964 0.640189 0.397012
v 0.222196 0.678755 0.360426
v 0.236595 0.801584 0.353354
v 0.259781 0.810733 0.380195
v 0.226578 0.822072 0.347500
v 0.539233 -0.616468 0.352655
v 0.672242 0.027157 0.369606
v 0.622076 0.056514 0.352199
v 0.729434 0.105909 0.360976
v 0.750081 0.114258 0.358112
v -0.556702 0.153025 0.366704
v 0.596719 0.144514 0.358521
v 0.742434 0.211139 0.373194
v -0.534127 0.236553 0.373869
v 0.032385 0.577816 0.378008
v 0.039000 0.590611 0.377955
v 0.227090 0.679851 0.358006
v 0.220068 0.708555 0.360905
v 0.015970 0.703434 0.368009
v -0.024358 0.798573 0.359056
v -0.003122 0.794788 0.376967
v 0.218760 0.818964 0.359016
v 0.258130 0.815127 0.355757
v 0.009405 0.819027 0.357004
v 0.195724 0.918942 0.380209
v 0.102414 0.970717 0.367207
v 0.668657 0.042040 0.361813
v 0.152862 0.519355 0.370213
v 0.192875 0.542792 0.355041
v 0.184388 0.520568 0.362520
v 0.199312 0.535639 0.361680
v 0.177711 0.547721 0.359305
v 0.187768 0.567029 0.358307
v 0.200252 0.562098 0.361299
v 0.190536 0.576784 0.361466
v 0.000886 0.707790 0.376077
v 0.228266 0.816101 0.356980
v 0.021617 0.898326 0.366848
v 0.643438 0.082043 0.379408
v 0.688439 0.085987 0.372266
v -0.373634 0.143785 0.375918
v 0.587562 0.125714 0.356982
v -0.529183 0.252482 0.382207
v -0.427713 0.253498 0.402849
v 0.032565 0.535586 0.394400
v 0.164024 0.538936 0.363506
v 0.208633 0.751359 0.374907
v 0.258975 0.786058 0.364475
v -0.028943 0.805182 0.379489
v 0.233940 0.795218 0.382063
v 0.014540 0.826422 0.358896
v 0.233095 0.866480 0.383407
v 0.594707 0.081696 0.357445
v -0.545131 0.182879 0.415466
v 0.798270 0.167390 0.392299
v -0.570274 0.181356 0.376715
v -0.557911 0.191416 0.364286
v 0.213634 0.568628 0.377698
v 0.224358 0.711534 0.370881
v -0.005139 0.741966 0.370388
v 0.019695 0.758978 0.371145
v 0.224660 0.815353 0.369533
v 0.218591 0.832321 0.361105
v 0.214409 0.825865 0.366521
v 0.118964 0.968679 0.362426
v 0.696500 0.097522 0.392090
v 0.799108 0.120993 0.404538
v -0.605654 0.146645 0.383866
v -0.329424 0.174669 0.398774
v 0.653407 0.194567 0.389936
v -0.330574 0.203327 0.390456
v -0.555932 0.228550 0.398622
v -0.407565 0.242729 0.394531
v 0.165204 0.507534 0.378660
v 0.074528 0.477984 0.432255
v 0.097860 0.530696 0.374701
v 0.088956 0.506238 0.395879
v 0.175693 0.490349 0.415770
v 0.199500 0.530438 0.385109
v 0.019057 0.823162 0.365874
v 0.219450 0.832640 0.371195
v 0.616009 0.089252 0.383367
v 0.750874 0.102804 0.385710
v 0.597931 0.107006 0.375819
v 0.593005 0.118514 0.384637
v -0.623836 0.153785 0.384732
v 0.603254 0.161803 0.385239
v -0.556790 0.199946 0.377974
v 0.143980 0.499860 0.402709
v 0.195768 0.588258 0.378161
v -0.000285 0.692991 0.378682
v 0.238717 0.751442 0.380145
v -0.013520 0.750621 0.373373
v -0.014159 0.792799 0.369635
v 0.252365 0.785624 0.380901
v 0.262680 0.800818 0.384193
v 0.019036 0.827335 0.373026
v 0.216029 0.834697 0.379748
v 0.023820 0.822525 0.372564
v 0.208486 0.831507 0.378540
v 0.205906 0.838444 0.376076
v 0.210096 0.850604 0.366674
v 0.206694 0.856980 0.373382
v 0.215562 0.838711 0.376018
v 0.012111 0.810615 0.424250
v -0.393123 0.145939 0.387510
v -0.446939 0.160045 0.387314
v -0.491667 0.179486 0.416243
v -0.555687 0.170950 0.377117
v -0.571128 0.168712 0.381264
v -0.573348 0.180479 0.389619
v -0.366430 0.221797 0.400777
v 0.037351 0.560156 0.386887
v 0.219511 0.702062 0.374423
v 0.231988 0.726134 0.388603
v 0.026541 0.741633 0.390500
v 0.252033 0.758897 0.383547
v -0.001875 0.797399 0.405504
v 0.205485 0.827602 0.383499
v 0.209754 0.829889 0.373272
v 0.211688 0.847968 0.381425
v -0.598146 0.153596 0.392887
v -0.340645 0.165692 0.410039
v 0.612497 0.169966 0.393103
v -0.575601 0.177405 0.382642
v 0.639899 0.185277 0.394554
v 0.677803 0.205273 0.403232
v 0.731753 0.225522 0.394946
v 0.749812 0.215493 0.382609
v 0.046773 0.528524 0.396969
v 0.199341 0.555203 0.386186
v 0.216687 0.576070 0.393576
v 0.035352 0.587074 0.393127
v 0.199503 0.591752 0.386040
v 0.022746 0.635909 0.414222
v 0.008528 0.694672 0.390931
v 0.019856 0.694045 0.382254
v 0.032192 0.682672 0.391838
v 0.234104 0.749466 0.382520
v 0.025625 0.806456 0.390640
v 0.017818 0.807034 0.395101
v 0.818712 0.127858 0.428281
v -0.609017 0.177421 0.387437
v -0.500332 0.263987 0.398700
v 0.200469 0.686665 0.397710
v 0.209931 0.690279 0.391262
v 0.187283 0.701959 0.411122
v 0.238945 0.722595 0.396268
v 0.228271 0.707794 0.388447
v 0.224121 0.771001 0.391163
v 0.234174 0.752394 0.384878
v 0.242884 0.748726 0.385032
v 0.257831 0.791506 0.388791
v -0.003753 0.792562 0.438237
v 0.227500 0.814967 0.425197
v 0.205766 0.831352 0.389661
v 0.212344 0.886704 0.399594
v 0.134400 0.952974 0.399993
v 0.123067 0.951768 0.403182
v 0.655387 0.088854 0.399906
v -0.620038 0.163362 0.394028
v -0.598342 0.163519 0.395980
v 0.207408 0.554590 0.394469
v 0.022413 0.547833 0.402186
v 0.199820 0.564317 0.392891
v 0.025539 0.569949 0.407771
v 0.232486 0.665465 0.401327
v 0.215436 0.696257 0.397939
v 0.229297 0.785949 0.393212
v 0.240999 0.796125 0.388765
v 0.201206 0.823593 0.391822
v 0.031944 0.878030 0.403663
v 0.597481 0.122564 0.401352
v -0.617058 0.156603 0.394649
v -0.587365 0.178084 0.443121
v 0.799342 0.200184 0.439776
v 0.781658 0.195207 0.411617
v 0.699124 0.207720 0.399002
v -0.390360 0.240581 0.426058
v -0.528939 0.257739 0.405924
v 0.029376 0.677438 0.400243
v 0.029861 0.674843 0.412516
v 0.221206 0.772302 0.404131
v 0.042250 0.750973 0.401542
v 0.054627 0.764238 0.421926
v 0.232995 0.781100 0.403954
v 0.238082 0.787884 0.410017
v 0.002197 0.793493 0.396983
v 0.234263 0.792421 0.400579
v 0.203788 0.819269 0.406622
v -0.010425 0.812414 0.418204
v 0.246126 0.811316 0.417214
v 0.607685 0.111718 0.420876
v 0.620313 0.187177 0.423548
v -0.561585 0.209419 0.414381
v 0.728049 0.233389 0.419084
v 0.742861 0.232985 0.411317
v -0.540735 0.244270 0.423600
v 0.061490 0.490610 0.427017
v 0.211272 0.535789 0.400536
v 0.053503 0.721353 0.413147
v 0.220466 0.779096 0.399669
v 0.237705 0.787773 0.399560
v 0.028575 0.803644 0.400364
v 0.182940 0.764456 0.415997
v 0.191343 0.813991 0.404006
v -0.006134 0.810016 0.405796
v 0.187532 0.873847 0.434861
v -0.401276 0.190804 0.430559
v 0.603074 0.170327 0.423540
v -0.578900 0.202695 0.410924
v 0.780370 0.211933 0.419915
v -0.464334 0.264537 0.415517
v 0.205912 0.564785 0.415893
v 0.199022 0.596836 0.413527
v 0.039516 0.593395 0.417550
v 0.219904 0.653121 0.417949
v 0.038265 0.661692 0.398544
v 0.214204 0.685944 0.402917
v 0.222082 0.680829 0.402755
v 0.237906 0.678182 0.404712
v 0.175207 0.743238 0.410069
v 0.204385 0.807520 0.416500
v 0.196116 0.819396 0.403024
v 0.107419 0.932474 0.415608
v -0.300490 0.188946 0.424128
v -0.303598 0.177987 0.428179
v -0.512231 0.262378 0.427682
v 0.198941 0.534957 0.426397
v 0.051219 0.646069 0.408610
v 0.056402 0.646353 0.404561
v 0.017515 0.669910 0.415989
v 0.245428 0.786566 0.417196
v 0.197905 0.825579 0.405679
v 0.796406 0.111549 0.426724
v 0.594251 0.134925 0.425419
v 0.821904 0.144988 0.440058
v -0.594461 0.185532 0.435471
v -0.446575 0.276660 0.436860
v 0.114388 0.491108 0.428151
v 0.119835 0.520404 0.402435
v 0.128916 0.530380 0.406980
v 0.089480 0.524987 0.398585
v 0.080490 0.547713 0.409825
v 0.078309 0.522620 0.408998
v 0.023728 0.548454 0.408191
v 0.039857 0.544774 0.409038
v 0.158348 0.553345 0.407266
v 0.159535 0.564472 0.404342
v 0.129792 0.556657 0.424361
v 0.167800 0.563338 0.407848
v 0.216611 0.575754 0.417449
v 0.193477 0.672680 0.412111
v 0.201560 0.673320 0.418868
v 0.032393 0.800075 0.412408
v 0.229208 0.796846 0.415565
v 0.193871 0.826971 0.409773
v -0.481344 0.265244 0.427146
v 0.084823 0.514996 0.423159
v 0.100638 0.507015 0.432047
v 0.075250 0.534035 0.417824
v 0.063761 0.634496 0.416759
v 0.022754 0.631916 0.430862
v 0.228647 0.662595 0.433518
v 0.142290 0.733879 0.419429
v 0.095275 0.734470 0.421503
v 0.014069 0.799953 0.422252
v 0.169588 0.822669 0.423733
v 0.181820 0.823313 0.416254
v 0.204830 0.812862 0.453725
v 0.739736 0.112271 0.424703
v -0.348553 0.189170 0.448231
v -0.549028 0.199022 0.429864
v 0.641201 0.198141 0.431108
v 0.658235 0.219374 0.432531
v 0.789791 0.202693 0.432396
v 0.705705 0.226899 0.435951
v 0.174244 0.484724 0.434672
v 0.197699 0.543516 0.422070
v 0.074114 0.551073 0.415776
v 0.167116 0.575444 0.413784
v 0.168131 0.605798 0.417654
v 0.171613 0.596357 0.421823
v 0.067834 0.692367 0.421808
v 0.219974 0.648752 0.443993
v 0.037607 0.657667 0.429244
v 0.030085 0.664396 0.433344
v 0.215290 0.668211 0.420232
v 0.222385 0.670545 0.433110
v 0.040215 0.720568 0.419701
v 0.045950 0.722477 0.424056
v 0.049650 0.717498 0.419907
v 0.008911 0.789694 0.430898
v 0.070092 0.793706 0.428375
v 0.232320 0.786862 0.418837
v 0.232376 0.800257 0.449919
v 0.185515 0.828368 0.418217
v 0.789839 0.120313 0.453559
v 0.805522 0.163762 0.439973
v -0.561579 0.209632 0.439084
v -0.338817 0.212411 0.430211
v 0.689580 0.225716 0.424211
v -0.420775 0.291986 0.473094
v 0.123199 0.498380 0.430188
v 0.146968 0.519084 0.429874
v 0.076243 0.580486 0.418765
v 0.174656 0.626903 0.428806
v 0.055092 0.600089 0.476388
v 0.067772 0.612303 0.420915
v 0.083109 0.622170 0.417655
v 0.066670 0.629548 0.420737
v 0.050072 0.657049 0.433285
v 0.174154 0.659362 0.426024
v 0.181940 0.668846 0.425374
v 0.039925 0.710548 0.426787
v 0.044630 0.796212 0.434005
v 0.173737 0.827358 0.421550
v -0.581257 0.179055 0.454341
v -0.372516 0.204024 0.434755
v -0.586357 0.240765 0.489921
v -0.505095 0.281332 0.452802
v 0.099003 0.592317 0.432478
v 0.208455 0.559504 0.433002
v 0.162403 0.566339 0.444872
v 0.200565 0.574233 0.430966
v 0.168722 0.633392 0.428417
v 0.060996 0.641313 0.439392
v 0.182612 0.669651 0.434299
v 0.206642 0.657948 0.433892
v 0.057913 0.659638 0.435018
v 0.049504 0.693258 0.428466
v 0.058938 0.691385 0.431403
v 0.143113 0.704328 0.437061
v 0.006403 0.749383 0.426198
v -0.003149 0.762716 0.418628
v 0.002185 0.756018 0.414436
v 0.006720 0.780735 0.433388
v 0.223632 0.784635 0.441974
v 0.165404 0.827834 0.426661
v 0.173841 0.831854 0.426981
v 0.129319 0.864029 0.422631
v 0.149532 0.860150 0.423292
v 0.135001 0.870606 0.424313
v 0.599464 0.163092 0.448172
v -0.317803 0.172207 0.458816
v 0.808399 0.175847 0.444092
v -0.562230 0.204305 0.435725
v 0.770615 0.232528 0.443930
v -0.522271 0.265748 0.459842
v -0.468042 0.280853 0.448794
v -0.435312 0.287886 0.449542
v 0.156088 0.477047 0.433126
v 0.064848 0.489809 0.441730
v 0.195371 0.588929 0.434214
v 0.120242 0.608592 0.429250
v 0.206645 0.632243 0.447334
v 0.212431 0.644406 0.435261
v 0.180327 0.646543 0.434578
v 0.046326 0.649757 0.436273
v 0.049989 0.670881 0.436889
v 0.198104 0.654366 0.441783
v 0.017083 0.689173 0.433162
v 0.033434 0.672740 0.440526
v 0.091854 0.704196 0.429785
v 0.121848 0.746313 0.432226
v 0.019960 0.721283 0.439225
v 0.013012 0.721875 0.432629
v 0.017741 0.776932 0.437483
v 0.163252 0.768423 0.430779
v 0.008511 0.768273 0.446755
v 0.017609 0.804452 0.429978
v 0.064025 0.800278 0.447327
v 0.211499 0.792279 0.445266
v 0.156994 0.842686 0.426469
v -0.004376 0.800927 0.445732
v 0.163245 0.841367 0.432202
v 0.085789 0.843809 0.429966
v 0.086860 0.836728 0.430409
v 0.098901 0.842534 0.427089
v 0.093310 0.849070 0.427296
v 0.149951 0.839310 0.430322
v 0.113888 0.857286 0.428945
v 0.140389 0.864661 0.432426
v 0.119700 0.862009 0.430319
v 0.127143 0.874438 0.456623
v 0.705629 0.141738 0.452937
v 0.609120 0.181708 0.444281
v -0.543949 0.208240 0.446169
v -0.593197 0.194883 0.447110
v -0.287042 0.210886 0.464794
v -0.298547 0.215047 0.460503
v -0.394021 0.233762 0.441379
v 0.755295 0.236503 0.465040
v 0.172816 0.502235 0.453573
v 0.083665 0.541394 0.450015
v 0.135277 0.506478 0.437028
v 0.145074 0.520632 0.437612
v 0.069553 0.589689 0.440901
v 0.126531 0.589344 0.434001
v 0.083290 0.597717 0.448361
v 0.143957 0.632203 0.442213
v 0.103664 0.638893 0.435462
v 0.031139 0.632283 0.453939
v 0.122887 0.686151 0.447190
v 0.131205 0.638880 0.437433
v 0.043537 0.638156 0.441462
v 0.178039 0.658172 0.441547
v 0.017053 0.685552 0.440019
v 0.056077 0.687457 0.438483
v 0.119045 0.715296 0.458364
v 0.068736 0.802145 0.432386
v 0.014751 0.802455 0.435608
v 0.165031 0.826928 0.436806
v 0.157465 0.831537 0.431135
v 0.079730 0.835742 0.427468
v 0.075597 0.834742 0.436895
v 0.095465 0.831042 0.435056
v 0.146104 0.824764 0.434257
v 0.144591 0.852156 0.437755
v 0.093728 0.850184 0.435795
v 0.104857 0.831871 0.438478
v 0.120938 0.861287 0.436268
v 0.623590 0.128639 0.465959
v 0.836816 0.121280 0.489982
v -0.283849 0.183020 0.464475
v 0.641759 0.199045 0.462784
v 0.666438 0.233282 0.464489
v 0.698320 0.247693 0.465693
v 0.719455 0.232615 0.443612
v -0.547835 0.247931 0.459593
v -0.485192 0.275335 0.449395
v 0.124244 0.546036 0.451960
v 0.148696 0.574807 0.462106
v 0.130738 0.663722 0.443215
v 0.211641 0.671074 0.445171
v 0.221205 0.737840 0.440894
v 0.228548 0.738645 0.447290
v 0.110749 0.772166 0.439240
v 0.092800 0.822949 0.438299
v 0.225735 0.789704 0.453829
v 0.078593 0.811260 0.443375
v 0.014473 0.809973 0.450987
v 0.146729 0.835093 0.442093
v 0.088354 0.821212 0.438352
v 0.084360 0.830815 0.440653
v 0.090306 0.832617 0.440821
v 0.095935 0.839711 0.439652
v 0.088661 0.824605 0.443513
v 0.058373 0.828812 0.457885
v -0.349921 0.202821 0.440767
v 0.122858 0.468358 0.447653
v 0.164160 0.478795 0.446025
v 0.123040 0.520585 0.447034
v 0.074332 0.585317 0.450151
v 0.075075 0.624233 0.453614
v 0.169079 0.633437 0.463859
v 0.182269 0.648224 0.452891
v 0.059791 0.640886 0.449248
v 0.056167 0.650111 0.443071
v 0.195788 0.652575 0.452037
v 0.212477 0.692330 0.439853
v 0.220143 0.689321 0.447216
v 0.220937 0.701566 0.439216
v 0.111988 0.701983 0.457852
v 0.208324 0.690786 0.446990
v 0.219211 0.721960 0.450036
v 0.128864 0.715822 0.452755
v 0.213806 0.759784 0.448192
v 0.015579 0.705709 0.443786
v 0.015858 0.769752 0.446342
v 0.032674 0.795853 0.450886
v 0.037586 0.784889 0.454508
v 0.160997 0.795035 0.473725
v 0.091684 0.827755 0.442657
v 0.123368 0.843657 0.446731
v 0.180711 0.811462 0.470207
v 0.151119 0.882094 0.448760
v 0.635970 0.195684 0.463881
v 0.082062 0.474553 0.449533
v 0.146816 0.473150 0.453747
v 0.069575 0.632307 0.471021
v 0.207139 0.631354 0.470757
v 0.052694 0.807267 0.459422
v 0.089411 0.801867 0.461437
v 0.599827 0.152465 0.455941
v -0.591099 0.185200 0.457598
v -0.578253 0.192050 0.459427
v -0.497729 0.218700 0.458596
v -0.526347 0.222202 0.452943
v -0.414988 0.238257 0.461774
v 0.101770 0.571580 0.463573
v 0.101262 0.593473 0.458409
v 0.092619 0.615803 0.459945
v 0.056571 0.625991 0.470717
v 0.129228 0.698690 0.455185
v 0.213503 0.787176 0.461250
v 0.048437 0.797945 0.456772
v 0.607959 0.141354 0.467431
v 0.812363 0.150150 0.460299
v 0.812639 0.154255 0.469542
v 0.803324 0.190005 0.459501
v -0.316509 0.200498 0.481522
v -0.277574 0.193534 0.471955
v -0.316886 0.212112 0.470932
v -0.537397 0.228286 0.466097
v 0.778805 0.224423 0.464389
v -0.571905 0.248884 0.485070
v 0.114748 0.472405 0.457484
v 0.078927 0.489580 0.457130
v 0.182702 0.609269 0.480151
v 0.208792 0.653883 0.457868
v 0.203569 0.674827 0.457089
v 0.221111 0.751406 0.454739
v 0.023130 0.776027 0.463045
v 0.098382 0.782303 0.480072
v 0.076986 0.801756 0.465750
v 0.086660 0.849285 0.462779
v 0.776955 0.131431 0.463017
v 0.759243 0.180592 0.490572
v 0.730437 0.195549 0.494833
v 0.784452 0.196404 0.471396
v 0.785421 0.212945 0.464626
v -0.533632 0.236208 0.472166
v -0.447527 0.242936 0.460868
v -0.453702 0.294987 0.477632
v 0.152919 0.618079 0.466606
v 0.161828 0.636074 0.466608
v 0.140710 0.625201 0.466926
v 0.158420 0.645935 0.457038
v 0.178002 0.633052 0.471428
v 0.119142 0.705490 0.462175
v 0.791033 0.127881 0.461626
v 0.629836 0.145940 0.482583
v -0.298173 0.180223 0.478368
v 0.657734 0.224104 0.471494
v -0.465809 0.245280 0.466518
v 0.707854 0.261703 0.518124
v -0.510044 0.286905 0.485221
v -0.460915 0.286406 0.481767
v 0.158747 0.502254 0.465841
v 0.094198 0.630512 0.475628
v 0.145497 0.700400 0.474486
v 0.156911 0.670655 0.472919
v 0.162767 0.782776 0.486770
v 0.126411 0.810678 0.481634
v 0.795344 0.143945 0.465142
v 0.578562 0.169232 0.506327
v -0.316688 0.186184 0.478978
v 0.645402 0.195766 0.471086
v -0.579829 0.216294 0.512998
v -0.455633 0.259613 0.474856
v -0.548050 0.244371 0.471963
v 0.135177 0.489943 0.467575
v 0.051772 0.599706 0.489094
v 0.114090 0.627475 0.481379
v 0.051237 0.605306 0.494967
v 0.091056 0.778514 0.492410
v 0.118306 0.795536 0.477553
v 0.098392 0.811122 0.499155
v 0.180779 0.808720 0.483626
v 0.085153 0.810145 0.475217
v 0.777520 0.153551 0.474466
v 0.803113 0.151751 0.478834
v 0.806226 0.147377 0.478044
v -0.285581 0.207255 0.478850
v -0.487049 0.236401 0.479957
v -0.528903 0.256270 0.479917
v 0.070561 0.591069 0.483478
v 0.175067 0.603935 0.497121
v 0.106873 0.628734 0.475919
v 0.159859 0.626738 0.478268
v 0.150418 0.655484 0.479594
v 0.196530 0.640107 0.476168
v 0.146586 0.637517 0.474158
v 0.142521 0.692674 0.482883
v 0.143058 0.729470 0.479433
v 0.149393 0.776708 0.481847
v 0.158222 0.779169 0.473004
v 0.180398 0.786649 0.487114
v 0.207999 0.793754 0.473335
v 0.200467 0.803395 0.478038
v 0.837997 0.122143 0.525068
v 0.848074 0.130853 0.517882
v 0.788589 0.189852 0.492503
v -0.536457 0.243185 0.475244
v 0.733226 0.239863 0.488044
v 0.114720 0.583055 0.493733
v 0.151231 0.592240 0.495129
v 0.106404 0.618282 0.499450
v 0.097038 0.637097 0.481120
v 0.104181 0.683369 0.478298
v 0.154644 0.738647 0.483218
v 0.140628 0.786413 0.482773
v 0.839670 0.169160 0.543706
v -0.286979 0.197211 0.484322
v 0.765651 0.249523 0.526194
v -0.502532 0.284901 0.489745
v -0.436050 0.302486 0.501763
v 0.097235 0.726008 0.494274
v 0.112460 0.683905 0.485725
v 0.109623 0.738206 0.486849
v 0.099987 0.772763 0.485749
v 0.116365 0.777684 0.495890
v 0.074172 0.788429 0.496937
v 0.821413 0.149162 0.509155
v 0.790932 0.172785 0.512323
v 0.650067 0.167681 0.480680
v 0.660180 0.172022 0.477323
v 0.579996 0.187061 0.506564
v 0.679376 0.215418 0.502784
v -0.567047 0.224160 0.519879
v 0.783326 0.248091 0.531286
v -0.460337 0.267062 0.491022
v -0.421684 0.284283 0.512890
v 0.065326 0.612682 0.499315
v 0.157595 0.621697 0.488980
v 0.149249 0.750767 0.487846
v 0.139271 0.782156 0.492642
v 0.105982 0.815111 0.492627
v 0.705613 0.208573 0.507446
v -0.301421 0.196993 0.486780
v 0.781559 0.197905 0.491804
v 0.825889 0.194065 0.543149
v 0.594524 0.198975 0.510117
v -0.533751 0.229584 0.526943
v -0.490158 0.251293 0.490693
v -0.485504 0.260258 0.521911
v -0.523140 0.262362 0.493435
v -0.499423 0.296791 0.515084
v -0.451471 0.304114 0.526623
v -0.427664 0.294813 0.517027
v 0.108547 0.638288 0.489640
v 0.167037 0.612862 0.509463
v 0.110981 0.730020 0.495287
v 0.815075 0.137765 0.512551
v 0.841034 0.146568 0.513936
v 0.629417 0.175992 0.508349
v 0.820582 0.156903 0.504724
v 0.787049 0.206993 0.510024
v -0.590088 0.223936 0.509590
v -0.537201 0.240252 0.578726
v -0.504469 0.239931 0.521254
v -0.546088 0.236394 0.536886
v 0.745256 0.264172 0.544248
v -0.489544 0.303518 0.527221
v 0.155469 0.800156 0.498914
v 0.824730 0.128017 0.524654
v 0.741225 0.191611 0.499619
v 0.777669 0.185445 0.487563
v 0.763340 0.193306 0.508551
v -0.494784 0.257855 0.508174
v -0.463882 0.274386 0.518623
v 0.066652 0.591725 0.503587
v 0.156389 0.622705 0.504773
v 0.804986 0.176111 0.545722
v 0.600484 0.194603 0.550647
v -0.566966 0.237094 0.520366
v -0.440953 0.273735 0.534168
v -0.472822 0.293215 0.527443
v -0.468622 0.289045 0.511964
v 0.151010 0.597131 0.511563
v 0.111106 0.615359 0.508126
v 0.104291 0.738564 0.500309
v 0.101773 0.788499 0.499561
v 0.814942 0.162143 0.549666
v 0.840289 0.179279 0.550839
v 0.723057 0.216984 0.514508
v -0.579620 0.244474 0.517012
v 0.841100 0.140869 0.528390
v 0.808128 0.215642 0.572803
v 0.696406 0.238876 0.533730
v -0.586750 0.233882 0.524396
v 0.098031 0.591284 0.511024
v 0.074242 0.600209 0.511820
v 0.580415 0.167136 0.546908
v 0.831889 0.141408 0.528890
v -0.531852 0.267270 0.556790
v -0.460421 0.299494 0.562737
v 0.151654 0.612243 0.514150
v 0.608277 0.158467 0.537570
v 0.783315 0.219192 0.591124
v 0.580478 0.186565 0.558412
v 0.754657 0.243904 0.533030
v -0.503492 0.261052 0.526015
v 0.716477 0.261489 0.563068
v -0.527934 0.285763 0.580419
v 0.578055 0.180007 0.558550
v 0.808595 0.186622 0.545678
v -0.576478 0.224537 0.526881
v 0.706519 0.220790 0.528883
v 0.808482 0.232849 0.572824
v -0.473879 0.270612 0.530325
v -0.504451 0.292783 0.563173
v 0.838660 0.131501 0.532704
v 0.590144 0.195579 0.551059
v 0.748963 0.222558 0.563586
v -0.576902 0.233441 0.529657
v -0.557142 0.239675 0.547521
v -0.467797 0.262728 0.556268
v 0.832995 0.161431 0.550423
v 0.740464 0.227505 0.550767
v 0.742344 0.267469 0.563784
v -0.554768 0.231685 0.574957
v -0.490128 0.303437 0.550795
v 0.764095 0.235786 0.559831
v 0.754496 0.257846 0.564179
v 0.603391 0.176849 0.562103
v 0.736562 0.227200 0.568266
v 0.753672 0.238002 0.543530
v 0.758062 0.236155 0.556519
v -0.557345 0.257483 0.568475
v -0.514627 0.253780 0.554864
v -0.482064 0.296063 0.551948
v 0.593281 0.164820 0.557820
v 0.709261 0.246913 0.566754
v -0.446630 0.284280 0.565814
v 0.823155 0.186723 0.557231
v 0.771404 0.222688 0.574232
v -0.536500 0.267129 0.571857
v -0.485364 0.269149 0.555250
v 0.829917 0.169494 0.559556
v 0.816182 0.176140 0.558575
v -0.564419 0.242661 0.572096
v -0.480416 0.290590 0.578785
v 0.589874 0.186759 0.565396
v 0.796779 0.209728 0.587314
v -0.461330 0.270111 0.574281
v 0.589946 0.176908 0.567563
v 0.764462 0.225657 0.568837
v 0.786573 0.240498 0.584315
v -0.489844 0.274203 0.578369
v 0.739023 0.260415 0.581633
v -0.469443 0.286761 0.581091
v 0.763721 0.229678 0.578052
v 0.800069 0.239536 0.587302
v 0.754680 0.224029 0.588129
v 0.737189 0.242441 0.588074
v -0.561059 0.249625 0.578972
v -0.532122 0.257009 0.577495
v -0.518149 0.258852 0.582890
v -0.546956 0.257942 0.582893
v 0.744629 0.231884 0.594996
v -0.551096 0.240226 0.585118
v 0.809449 0.222599 0.587739
v 0.761142 0.238312 0.595086
v -0.495014 0.279911 0.583457
v -0.472905 0.277407 0.583336
v -0.520893 0.286438 0.590965
v -0.525561 0.268912 0.590840
v -0.511063 0.286173 0.590841
v 0.800354 0.219720 0.596741
v -0.507476 0.276744 0.593246
v 0.794063 0.225751 0.598876
v 0.751810 0.238480 0.599091
vn -0.0649 -0.0019 -0.9979
vn 0.4764 0.1698 -0.8627
vn 0.2405 -0.2498 -0.9379
vn -0.5085 -0.1642 -0.8453
vn -0.0702 0.1368 -0.9881
vn 0.2580 -0.0593 -0.9643
vn 0.1467 0.2775 -0.9495
vn 0.4209 -0.0077 -0.9071
vn 0.2029 -0.1896 -0.9607
vn 0.1488 -0.1562 -0.9765
vn -0.2871 -0.3009 -0.9094
vn -0.3128 -0.3310 -0.8903
vn -0.3798 0.0997 -0.9197
vn -0.1693 -0.1976 -0.9655
vn 0.0209 0.2858 -0.9581
vn -0.1452 0.4942 -0.8571
vn -0.4492 -0.2196 -0.8660
vn -0.5016 0.0109 -0.8650
vn 0.0799 0.3682 -0.9263
vn -0.4137 0.1656 -0.8952
vn -0.1095 -0.4210 -0.9004
vn 0.1377 -0.1116 -0.9842
vn -0.3832 -0.5293 -0.7570
vn -0.0037 -0.1652 -0.9863
vn -0.1552 -0.1991 -0.9676
vn 0.4390 0.0921 -0.8938
vn 0.5262 -0.0251 -0.8500
vn 0.0150 0.6524 -0.7578
vn 0.2293 -0.2925 -0.9284
vn -0.3324 -0.3052 -0.8924
vn -0.5882 -0.0927 -0.8034
vn 0.4192 0.0143 -0.9078
vn -0.1786 0.3954 -0.9010
vn 0.0902 0.7744 -0.6262
vn -0.4723 0.2589 -0.8426
vn 0.1953 -0.0454 -0.9797
vn 0.0933 0.1858 -0.9782
vn -0.2672 -0.4360 -0.8594
vn 0.1361 -0.3062 -0.9422
vn -0.2936 -0.4212 -0.8581
vn 0.1639 -0.2116 -0.9635
vn 0.0950 -0.0549 -0.9940
vn -0.3715 -0.3886 -0.8432
vn -0.0934 0.0218 -0.9954
vn -0.1453 -0.5861 -0.7971
vn -0.4496 -0.0758 -0.8900
vn 0.5786 0.2456 -0.7778
vn 0.3926 0.1820 -0.9015
vn 0.0040 0.7866 -0.6174
vn -0.1634 -0.4933 -0.8544
vn -0.0871 -0.1691 -0.9817
vn -0.0643 -0.0725 -0.9953
vn 0.0702 0.1095 -0.9915
vn 0.2094 -0.4564 -0.8648
vn -0.0966 -0.5955 -0.7975
vn -0.0088 -0.5141 -0.8577
vn -0.0810 -0.0755 -0.9939
vn -0.2393 -0.4399 -0.8656
vn -0.1273 -0.2990 -0.9457
vn -0.1894 -0.4529 -0.8712
vn 0.0016 -0.1584 -0.9874
vn -0.2236 -0.0926 -0.9703
vn 0.0868 0.2253 -0.9704
vn -0.2171 -0.4300 -0.8763
vn 0.2763 -0.1486 -0.9495
vn -0.0658 0.2454 -0.9672
vn 0.6947 0.0702 -0.7159
vn -0.2336 0.0607 -0.9704
vn -0.3379 -0.5698 -0.7491
vn -0.2188 0.6556 -0.7227
vn -0.2025 0.1983 -0.9590
vn 0.0823 0.0737 -0.9939
vn -0.1457 0.5467 -0.8245
vn 0.3250 0.5803 -0.7467
vn 0.4879 -0.0772 -0.8695
vn -0.0716 -0.6137 -0.7863
vn -0.1371 -0.6069 -0.7829
vn 0.1765 -0.5286 -0.8303
vn 0.4622 -0.3070 -0.8319
vn 0.7645 0.0429 -0.6433
vn -0.5142 -0.2384 -0.8239
vn -0.3470 -0.1460 -0.9264
vn -0.3571 0.0060 -0.9340
vn 0.3966 0.1470 -0.9061
vn 0.3012 0.3298 -0.8947
vn 0.1586 -0.0871 -0.9835
vn -0.0140 0.2014 -0.9794
vn 0.0769 0.0086 -0.9970
vn -0.2681 -0.3567 -0.8949
vn -0.0090 0.4671 -0.8842
vn -0.1402 0.1840 -0.9729
vn -0.3702 -0.3700 -0.8521
vn 0.1409 -0.1865 -0.9723
vn 0.0027 -0.0304 -0.9995
vn 0.1552 0.2930 -0.9434
vn 0.5901 0.0015 -0.8074
vn 0.0670 0.6420 -0.7638
vn 0.3878 0.4144 -0.8233
vn -0.4533 -0.1676 -0.8754
vn 0.5763 0.4334 -0.6929
vn -0.4732 0.2279 -0.8509
vn -0.3049 0.3983 -0.8651
vn 0.0447 -0.7702 -0.6362
vn 0.0054 -0.5384 -0.8427
vn -0.0544 -0.0694 -0.9961
vn 0.0771 -0.5283 -0.8455
vn -0.2757 -0.0882 -0.9572
vn -0.5240 -0.1751 -0.8335
vn -0.1178 0.1333 -0.9841
vn 0.0714 -0.0502 -0.9962
vn -0.2104 -0.7440 -0.6341
vn -0.1903 0.0798 -0.9785
vn 0.3745 0.2522 -0.8923
vn -0.3086 -0.7344 -0.6045
vn 0.4627 -0.2539 -0.8494
vn 0.1200 0.2180 -0.9686
vn -0.7538 -0.2526 -0.6066
vn 0.2491 0.2219 -0.9427
vn 0.4768 0.2835 -0.8320
vn -0.6110 -0.3426 -0.7136
vn -0.0525 0.4785 -0.8765
vn -0.6285 0.1595 -0.7613
vn 0.5722 0.4985 -0.6512
vn 0.1159 -0.0954 -0.9887
vn -0.1821 0.5586 -0.8092
vn -0.1807 0.7057 -0.6851
vn -0.1114 0.7697 -0.6286
vn -0.1595 0.7347 -0.6594
vn -0.1060 0.6532 -0.7497
vn -0.3032 -0.7766 -0.5522
vn 0.6924 -0.4639 -0.5526
vn -0.2542 -0.6699 -0.6976
vn -0.1844 -0.7138 -0.6756
vn 0.7802 0.3311 -0.5307
vn 0.4083 -0.5826 -0.7028
vn 0.1805 -0.6669 -0.7230
vn 0.1148 -0.6268 -0.7707
vn -0.2325 -0.5730 -0.7859
vn 0.2274 -0.2363 -0.9447
vn -0.1316 0.2746 -0.9525
vn -0.3105 -0.3428 -0.8866
vn -0.4982 0.0815 -0.8632
vn -0.0080 -0.0457 -0.9989
vn -0.3200 -0.3359 -0.8859
vn -0.5407 0.5137 -0.6662
vn -0.3496 0.1897 -0.9175
vn -0.6357 -0.0829 -0.7674
vn -0.2045 -0.3317 -0.9209
vn 0.1837 -0.0381 -0.9822
vn 0.0701 0.9613 -0.2665
vn 0.0078 0.4777 -0.8785
vn 0.3019 -0.5732 -0.7618
vn -0.3270 0.2562 -0.9097
vn 0.2144 0.4087 -0.8871
vn 0.1683 0.5679 -0.8057
vn -0.8061 -0.1148 -0.5806
vn -0.9131 -0.0407 -0.4058
vn -0.0535 0.8513 -0.5219
vn 0.2362 0.5957 -0.7677
vn -0.0019 0.2342 -0.9722
vn -0.1467 0.5173 -0.8431
vn 0.2708 -0.5245 -0.8072
vn 0.4044 0.6258 -0.6669
vn 0.6294 0.3078 -0.7136
vn -0.1400 -0.8537 -0.5015
vn -0.2945 -0.3991 -0.8683
vn 0.1503 -0.3356 -0.9299
vn -0.1352 -0.9589 -0.2494
vn 0.7496 -0.0696 -0.6583
vn 0.0837 -0.1710 -0.9817
vn -0.2934 -0.4339 -0.8518
vn -0.0493 0.0260 -0.9984
vn 0.2692 0.1007 -0.9578
vn -0.1176 -0.3935 -0.9118
vn -0.5258 -0.0524 -0.8490
vn -0.2666 0.9532 -0.1425
vn -0.3771 -0.0915 -0.9216
vn -0.3132 -0.0757 -0.9467
vn -0.3582 -0.0941 -0.9289
vn -0.7497 -0.2625 -0.6075
vn -0.3845 0.2971 -0.8740
vn 0.7711 0.2453 -0.5876
vn -0.0765 0.3557 -0.9315
vn 0.3262 0.6588 -0.6779
vn 0.2333 0.4661 -0.8534
vn 0.1871 0.5993 -0.7784
vn -0.4467 0.4474 -0.7748
vn 0.6989 0.3920 -0.5983
vn -0.7048 0.1673 -0.6893
vn 0.3815 -0.8830 -0.2734
vn 0.2043 -0.9788 0.0107
vn 0.3530 -0.4954 -0.7937
vn -0.2539 -0.8654 -0.4320
vn -0.2710 -0.8946 -0.3552
vn -0.2158 -0.9756 -0.0397
vn -0.3753 -0.5446 -0.7500
vn -0.1448 -0.9029 -0.4047
vn 0.1052 0.3379 -0.9353
vn 0.3112 0.8620 -0.4002
vn 0.2227 0.7954 -0.5637
vn 0.6901 0.3726 -0.6204
vn -0.1936 0.8971 -0.3970
vn -0.4695 0.5694 -0.6749
vn 0.5706 0.5442 -0.6150
vn 0.0665 0.6571 -0.7508
vn 0.2814 -0.7616 -0.5837
vn -0.0392 -0.7272 -0.6853
vn 0.5788 -0.4692 -0.6670
vn 0.1534 -0.8125 -0.5624
vn -0.1034 -0.1492 -0.9834
vn -0.3066 -0.9277 -0.2131
vn 0.2205 -0.5240 -0.8226
vn -0.2191 -0.6936 -0.6862
vn -0.2884 -0.6078 -0.7399
vn 0.1386 -0.3293 -0.9340
vn -0.3362 0.2576 -0.9059
vn -0.3634 0.4023 -0.8403
vn -0.8651 0.1134 -0.4886
vn -0.9882 0.1521 -0.0207
vn 0.1635 -0.0601 -0.9847
vn -0.4051 0.6141 -0.6773
vn -0.0258 0.6223 -0.7824
vn 0.2325 0.7594 -0.6077
vn 0.5834 0.3945 -0.7099
vn 0.0782 -0.9878 -0.1348
vn -0.6585 -0.4642 -0.5923
vn 0.8766 0.1540 -0.4560
vn 0.2773 -0.9208 -0.2742
vn 0.4538 -0.8520 -0.2611
vn 0.8429 -0.5339 -0.0665
vn -0.5823 -0.1883 -0.7909
vn -0.4850 0.0679 -0.8719
vn -0.0166 -0.3009 -0.9535
vn -0.1119 -0.0317 -0.9932
vn -0.0691 -0.6195 -0.7819
vn 0.2570 0.0483 -0.9652
vn -0.1397 0.3187 -0.9375
vn 0.7859 0.3333 -0.5208
vn 0.3257 0.2696 -0.9062
vn -0.6214 0.2305 -0.7488
vn 0.2265 0.8940 -0.3867
vn 0.4364 0.5801 -0.6878
vn 0.0376 0.0228 -0.9990
vn -0.1444 0.5499 -0.8227
vn -0.8864 0.4622 0.0264
vn 0.1296 0.7509 -0.6476
vn 0.1897 0.5720 -0.7981
vn 0.0306 0.9136 -0.4054
vn -0.2281 0.2855 -0.9308
vn 0.2838 0.3978 -0.8725
vn 0.0433 0.3804 -0.9238
vn -0.2341 -0.8502 -0.4716
vn 0.0687 -0.9942 -0.0830
vn -0.1841 -0.9716 -0.1487
vn 0.9475 -0.2659 -0.1778
vn 0.3828 -0.9216 -0.0649
vn 0.1525 -0.2814 -0.9474
vn 0.1513 -0.0145 -0.9884
vn -0.1857 -0.3622 -0.9134
vn -0.1686 0.3109 -0.9354
vn 0.1742 0.3029 -0.9370
vn -0.0861 0.3760 -0.9226
vn 0.4500 0.4777 -0.7545
vn -0.2555 0.0164 -0.9667
vn 0.5927 0.0606 -0.8031
vn -0.9697 0.2442 -0.0095
vn -0.4454 0.3904 -0.8057
vn 0.0235 0.7278 -0.6854
vn -0.0417 0.0353 -0.9985
vn 0.2101 0.0599 -0.9758
vn 0.1302 0.7189 -0.6828
vn 0.0155 0.7990 -0.6012
vn -0.5383 0.4705 -0.6992
vn -0.7949 0.6031 0.0667
vn 0.4431 0.1569 -0.8826
vn 0.1232 0.4221 -0.8981
vn -0.1139 0.9423 -0.3148
vn 0.0542 -0.9360 -0.3479
vn -0.1896 -0.9563 0.2226
vn 0.4365 -0.8774 -0.1992
vn -0.9744 -0.1974 0.1072
vn 0.2316 -0.4757 0.8486
vn -0.8662 0.0519 -0.4970
vn -0.5433 -0.5304 -0.6508
vn 0.3605 -0.9088 -0.2098
vn -0.0142 -0.9913 -0.1307
vn 0.1169 -0.3346 -0.9351
vn 0.2612 -0.3294 -0.9074
vn -0.3967 0.4836 -0.7802
vn 0.9347 -0.2864 -0.2106
vn 0.9868 -0.0187 -0.1610
vn -0.5173 -0.1300 -0.8459
vn 0.2511 0.4319 -0.8663
vn 0.4039 0.6333 -0.6601
vn -0.7352 0.4435 -0.5126
vn 0.7746 0.4145 -0.4777
vn 0.4749 0.6148 -0.6297
vn -0.4283 0.0351 -0.9030
vn -0.3919 0.4787 -0.7856
vn 0.5743 -0.6002 0.5567
vn 0.1108 -0.7759 -0.6211
vn 0.0467 -0.7381 -0.6731
vn 0.3598 -0.8038 -0.4737
vn -0.0683 -0.6376 -0.7673
vn 0.3133 -0.6117 -0.7264
vn -0.1824 -0.9784 -0.0976
vn -0.4192 -0.1303 -0.8985
vn 0.0240 -0.7672 -0.6409
vn 0.8673 -0.2738 -0.4157
vn 0.9522 0.2395 -0.1895
vn 0.2383 0.3097 -0.9205
vn -0.6893 0.1947 -0.6978
vn 0.2779 0.0602 -0.9587
vn -0.5092 0.4693 0.7215
vn 0.0687 0.0081 0.9976
vn 0.1956 0.5243 0.8288
vn -0.7386 0.0399 0.6729
vn -0.7551 -0.2731 0.5960
vn 0.7423 -0.3755 -0.5550
vn -0.1266 -0.4630 0.8773
vn -0.6093 0.0168 -0.7928
vn -0.4017 0.4601 -0.7918
vn 0.7174 0.3237 -0.6169
vn -0.1846 0.0545 -0.9813
vn -0.2405 -0.5433 -0.8043
vn 0.4476 0.4459 -0.7751
vn 0.0174 0.5301 -0.8477
vn -0.5288 0.4153 -0.7402
vn -0.5567 0.7977 -0.2317
vn 0.6070 0.7253 -0.3248
vn 0.2776 0.8823 -0.3802
vn 0.0202 -0.9500 0.3116
vn -0.1876 -0.9821 0.0160
vn -0.6483 -0.7419 -0.1712
vn 0.7937 -0.5978 -0.1123
vn 0.4268 -0.9031 0.0476
vn 0.1729 -0.9685 -0.1790
vn -0.2415 -0.8933 0.3790
vn 0.0019 -0.9971 -0.0767
vn -0.3179 -0.8226 -0.4715
vn -0.0202 0.3154 0.9487
vn -0.0600 0.0552 0.9967
vn 0.1553 0.3203 0.9345
vn 0.3179 -0.1061 0.9422
vn -0.2962 -0.2151 0.9306
vn 0.0292 -0.3056 0.9517
vn -0.8848 -0.1278 -0.4481
vn 0.0533 -0.7417 0.6687
vn -0.4407 0.7686 0.4638
vn -0.0838 0.5204 -0.8498
vn 0.4010 -0.0116 0.9160
vn -0.2480 -0.1108 0.9624
vn -0.2715 -0.3113 0.9107
vn 0.3401 0.3181 0.8849
vn -0.2797 0.1785 -0.9433
vn 0.1075 -0.3115 -0.9442
vn 0.1238 -0.0857 0.9886
vn 0.1624 -0.0310 -0.9862
vn 0.0965 -0.5260 -0.8450
vn 0.4109 -0.6149 0.6731
vn 0.0264 -0.9739 0.2254
vn -0.1191 0.3840 -0.9156
vn 0.2195 0.7677 -0.6020
vn -0.1328 0.7683 -0.6262
vn -0.4223 0.5507 -0.7200
vn -0.7482 0.6584 -0.0813
vn 0.1239 0.4619 -0.8783
vn -0.4818 0.5370 -0.6925
vn 0.1351 0.0256 -0.9905
vn -0.8711 0.1291 -0.4738
vn -0.2430 0.4677 -0.8498
vn 0.1284 0.9622 -0.2402
vn 0.6236 0.6448 -0.4420
vn 0.0763 -0.9969 -0.0215
vn 0.0444 -0.9985 0.0329
vn -0.1325 -0.6162 0.7763
vn -0.1894 -0.8616 -0.4710
vn -0.3366 -0.9364 -0.0991
vn -0.0343 -0.7585 -0.6507
vn 0.3132 -0.8693 0.3822
vn 0.3553 -0.6955 0.6245
vn 0.1175 0.7843 0.6092
vn -0.1091 0.7909 0.6022
vn -0.2026 0.6905 0.6944
vn -0.7804 0.5194 0.3481
vn -0.9042 -0.1915 0.3818
vn -0.6809 -0.7175 0.1465
vn -0.9233 -0.0520 -0.3805
vn -0.1023 -0.3808 0.9190
vn -0.4563 -0.8203 0.3450
vn 0.1384 -0.6715 0.7280
vn -0.0143 0.1667 -0.9859
vn 0.7487 0.2236 0.6240
vn -0.2560 -0.2284 -0.9393
vn 0.8122 0.5007 0.2995
vn -0.0600 0.3732 -0.9258
vn 0.8302 -0.2218 0.5115
vn -0.8797 -0.4000 0.2572
vn -0.7876 -0.5835 0.1982
vn 0.9405 -0.2853 0.1843
vn -0.6836 0.7280 0.0520
vn 0.3826 0.2069 -0.9005
vn 0.3191 0.8571 -0.4044
vn 0.1417 0.7892 -0.5976
vn 0.2586 0.5220 -0.8128
vn -0.2631 0.6783 -0.6861
vn 0.2757 0.4208 -0.8643
vn -0.6373 0.6829 -0.3571
vn 0.7640 -0.2115 0.6096
vn 0.5545 0.7365 0.3875
vn -0.0755 -0.8114 0.5795
vn 0.4544 0.8495 0.2680
vn 0.8235 0.4177 -0.3839
vn -0.3305 0.9366 -0.1161
vn -0.7543 -0.0417 -0.6552
vn 0.6492 0.6244 0.4342
vn 0.9723 0.0584 0.2262
vn 0.6685 -0.3457 0.6585
vn 0.1612 -0.9760 0.1467
vn -0.3374 -0.9399 0.0517
vn 0.8104 -0.2006 0.5504
vn 0.4888 0.7818 -0.3871
vn 0.0102 -0.8410 -0.5410
vn -0.7929 -0.5966 0.1243
vn 0.7619 0.0140 -0.6475
vn -0.5062 0.8624 -0.0112
vn -0.9468 0.3118 -0.0797
vn -0.6853 0.4206 -0.5945
vn -0.9936 0.0900 -0.0686
vn -0.3155 0.9354 -0.1600
vn -0.3863 -0.8871 -0.2527
vn 0.5707 -0.7754 -0.2704
vn 0.1032 -0.9894 -0.1024
vn 0.3471 -0.9378 -0.0043
vn 0.4408 -0.7934 0.4198
vn 0.1158 -0.8602 0.4966
vn -0.1788 0.9721 0.1520
vn 0.0409 -0.7303 0.6819
vn 0.5530 0.7065 -0.4416
vn -0.0526 -0.0957 -0.9940
vn -0.2760 -0.2238 -0.9347
vn 0.5415 0.1716 -0.8230
vn -0.1941 -0.3322 -0.9230
vn -0.1160 -0.9700 0.2137
vn -0.5608 -0.4677 0.6832
vn 0.3058 0.8663 0.3950
vn 0.0575 -0.5341 -0.8434
vn 0.2933 -0.8403 -0.4560
vn -0.7631 0.3940 -0.5123
vn -0.8612 -0.1301 0.4914
vn -0.2681 -0.8483 0.4566
vn 0.8273 -0.5504 -0.1127
vn 0.3685 0.5976 -0.7121
vn 0.0705 0.4567 -0.8868
vn 0.3019 0.8855 -0.3533
vn -0.6470 0.7444 0.1649
vn 0.4268 0.2384 -0.8723
vn 0.7768 0.4808 -0.4068
vn -0.8734 0.4586 -0.1642
vn -0.5088 -0.6602 0.5525
vn 0.7816 -0.5453 0.3031
vn -0.1141 -0.9517 -0.2850
vn -0.2071 -0.9762 -0.0646
vn 0.3997 0.8110 0.4272
vn 0.2877 -0.9399 0.1838
vn 0.3192 -0.8148 0.4839
vn -0.9200 -0.3287 -0.2135
vn 0.9420 -0.0911 -0.3232
vn -0.3518 0.5851 -0.7307
vn 0.0175 0.9063 -0.4222
vn 0.5669 0.3920 -0.7246
vn 0.8481 0.4445 -0.2885
vn -0.7107 0.7009 -0.0603
vn -0.1340 0.9775 0.1628
vn 0.5670 0.6929 -0.4454
vn -0.8991 -0.3835 -0.2109
vn -0.0406 -0.9282 0.3700
vn -0.1033 0.8322 -0.5448
vn 0.5513 0.7687 -0.3244
vn -0.1943 0.8491 -0.4912
vn 0.3100 0.7128 -0.6291
vn 0.6689 0.7425 -0.0353
vn 0.5138 0.7068 -0.4863
vn -0.6055 0.4279 0.6711
vn 0.6894 0.1361 -0.7115
vn 0.8210 0.3834 -0.4231
vn -0.0941 0.8126 -0.5751
vn 0.3133 -0.9496 -0.0121
vn -0.0868 -0.7364 0.6710
vn -0.0348 -0.9076 0.4185
vn 0.2841 -0.9512 0.1205
vn -0.5834 0.7314 0.3533
vn 0.4210 -0.8233 0.3808
vn 0.7409 -0.4692 0.4806
vn -0.1632 0.8206 -0.5477
vn -0.2143 -0.8453 0.4894
vn -0.8734 0.0139 -0.4867
vn 0.4483 0.0846 -0.8899
vn 0.8947 -0.4383 0.0860
vn 0.5871 0.4261 0.6883
vn -0.7721 -0.6257 -0.1111
vn 0.5804 -0.5461 0.6041
vn 0.8087 -0.1731 -0.5621
vn -0.2488 0.6431 -0.7243
vn 0.2909 0.9514 0.1014
vn -0.8322 0.1184 -0.5417
vn 0.1906 0.5426 -0.8181
vn 0.5219 0.6156 -0.5905
vn -0.3662 0.5806 -0.7272
vn 0.6784 0.7293 -0.0889
vn -0.3645 0.8000 -0.4766
vn -0.3529 0.8716 -0.3403
vn -0.6913 0.6860 -0.2271
vn 0.5337 0.1093 0.8386
vn 0.0797 -0.9869 0.1403
vn -0.4555 -0.8269 0.3297
vn 0.5945 -0.7339 0.3286
vn 0.0347 -0.9334 0.3573
vn 0.3935 0.3020 -0.8683
vn 0.0474 0.6330 -0.7727
vn 0.1222 -0.9288 0.3499
vn 0.9388 0.1601 -0.3049
vn 0.1636 -0.9657 0.2016
vn 0.6962 -0.5812 0.4213
vn 0.6432 0.3153 -0.6978
vn -0.2324 0.0430 -0.9717
vn 0.7116 0.6185 0.3333
vn -0.0551 -0.9682 -0.2441
vn 0.4221 -0.8693 0.2570
vn -0.1253 -0.9718 0.1999
vn -0.9706 -0.1033 0.2176
vn -0.9737 -0.1625 -0.1599
vn 0.6717 0.4923 -0.5537
vn -0.8495 -0.4880 0.2004
vn 0.1732 -0.1938 -0.9656
vn 0.3382 0.1400 -0.9306
vn 0.1803 0.5055 -0.8438
vn 0.5908 0.4868 -0.6434
vn 0.4347 0.5972 -0.6741
vn 0.0130 0.4798 -0.8773
vn -0.1855 0.7144 0.6747
vn 0.4829 0.7626 -0.4304
vn 0.5151 0.4804 -0.7098
vn 0.0429 0.6093 -0.7918
vn -0.3930 0.3719 0.8410
vn 0.5047 0.8075 -0.3052
vn -0.4123 0.8132 -0.4108
vn 0.1712 0.7017 -0.6916
vn 0.3436 -0.9186 0.1953
vn -0.6103 -0.3223 0.7237
vn 0.7140 -0.5430 0.4421
vn -0.8604 -0.4771 -0.1790
vn 0.0158 -0.4356 0.9000
vn 0.7620 -0.4293 0.4848
vn 0.3877 -0.7833 0.4860
vn 0.9932 -0.0288 0.1128
vn -0.0079 -0.9963 -0.0860
vn -0.2096 -0.7799 0.5898
vn -0.2800 0.0750 -0.9571
vn 0.3889 -0.5658 0.7271
vn 0.4117 0.5888 0.6956
vn -0.3262 0.7383 0.5904
vn -0.3955 0.3131 0.8635
vn 0.9777 -0.0283 -0.2081
vn 0.0633 -0.2352 0.9699
vn 0.1034 0.8087 0.5791
vn -0.3928 0.6250 0.6746
vn 0.4202 -0.3360 0.8429
vn -0.3382 -0.4111 0.8465
vn 0.9573 0.0872 -0.2757
vn -0.2013 0.3634 -0.9096
vn 0.1078 0.8854 0.4522
vn 0.0389 0.9292 0.3674
vn 0.4795 0.2409 0.8438
vn -0.2127 0.9610 0.1764
vn 0.5968 0.7966 -0.0964
vn -0.1745 -0.9570 0.2316
vn -0.4300 -0.6546 0.6218
vn 0.3025 -0.9204 0.2477
vn 0.3306 -0.9373 0.1101
vn -0.1296 -0.7010 0.7013
vn 0.6117 -0.6173 0.4947
vn 0.1043 0.3558 -0.9287
vn 0.5256 0.3614 -0.7702
vn 0.4479 -0.7278 0.5193
vn -0.9949 0.0416 -0.0918
vn 0.8671 -0.3433 0.3610
vn -0.2467 -0.6755 -0.6949
vn 0.1118 -0.5026 -0.8573
vn -0.5495 -0.2210 -0.8058
vn -0.8734 -0.2391 0.4244
vn 0.5128 0.6025 -0.6116
vn 0.8525 0.2707 0.4471
vn -0.8980 -0.2260 0.3775
vn -0.0197 -0.9989 -0.0429
vn -0.2669 0.4158 -0.8694
vn -0.1490 0.9332 -0.3271
vn 0.1783 0.4561 -0.8719
vn -0.6464 0.0333 0.7622
vn 0.0229 -0.8939 0.4478
vn -0.7075 -0.6918 0.1440
vn 0.0468 -0.9491 0.3114
vn -0.2646 -0.5499 0.7922
vn -0.2323 -0.8903 0.3916
vn -0.3541 -0.2929 -0.8882
vn 0.4728 0.8324 0.2891
vn 0.4181 -0.8778 -0.2340
vn 0.2474 0.8269 0.5049
vn -0.8076 0.5778 0.1178
vn -0.4574 -0.1928 -0.8681
vn 0.6550 0.0773 0.7517
vn 0.6737 0.5614 -0.4805
vn 0.4706 0.6512 -0.5953
vn 0.1538 0.8588 0.4887
vn 0.9250 -0.3790 -0.0258
vn -0.1751 -0.7360 -0.6539
vn -0.0217 0.8033 -0.5951
vn 0.9920 0.1254 -0.0120
vn 0.2710 0.9344 -0.2312
vn -0.2916 0.8729 -0.3911
vn -0.2535 0.9203 0.2979
vn -0.0954 -0.9533 0.2864
vn -0.1859 -0.6709 0.7179
vn -0.1585 -0.4998 0.8515
vn 0.2457 -0.0673 0.9670
vn -0.1846 -0.9751 0.1230
vn 0.8338 -0.3779 -0.4023
vn 0.3088 -0.7808 0.5431
vn 0.7266 -0.5734 0.3784
vn 0.6234 0.2954 0.7240
vn 0.4796 -0.6596 -0.5788
vn -0.4439 -0.6734 0.5912
vn 0.7738 0.3914 0.4981
vn 0.2228 0.5348 0.8151
vn 0.5491 0.5579 -0.6223
vn -0.1130 0.1743 0.9782
vn 0.5720 0.6208 -0.5361
vn 0.2663 -0.0230 0.9636
vn -0.7607 0.4261 0.4896
vn 0.0652 -0.5172 0.8534
vn -0.4786 -0.8511 0.2157
vn -0.9644 -0.2607 -0.0433
vn -0.6778 -0.7299 0.0882
vn -0.4390 -0.4697 0.7659
vn 0.4423 -0.3138 0.8402
vn -0.0228 -0.0981 -0.9949
vn -0.7603 0.6496 0.0016
vn 0.6595 -0.1042 0.7444
vn -0.2074 0.6289 0.7494
vn -0.2100 -0.8379 0.5038
vn -0.5561 0.6379 -0.5328
vn -0.2992 0.4823 -0.8233
vn 0.8685 0.4401 -0.2280
vn 0.2562 0.9095 0.3273
vn -0.3306 0.5176 0.7891
vn -0.4179 0.8955 -0.1530
vn 0.7180 0.6744 -0.1721
vn -0.2395 -0.1337 0.9617
vn 0.3880 0.3473 0.8537
vn 0.2489 -0.7994 0.5469
vn 0.2293 -0.7570 0.6118
vn 0.0454 -0.7501 0.6597
vn 0.2760 -0.3579 0.8920
vn -0.2220 -0.8040 0.5516
vn -0.3847 -0.9226 -0.0297
vn -0.9183 0.3705 0.1393
vn -0.1184 0.3597 -0.9255
vn -0.1982 0.5163 0.8331
vn 0.1074 -0.4774 0.8721
vn -0.9734 -0.0145 -0.2287
vn -0.4436 -0.6415 0.6258
vn 0.7394 -0.4638 0.4880
vn -0.2463 0.1514 0.9573
vn -0.7402 -0.6679 -0.0779
vn -0.0576 -0.9161 0.3969
vn 0.8558 0.2905 -0.4280
vn -0.8020 -0.0520 0.5951
vn -0.4192 0.4719 0.7756
vn -0.0298 0.7658 0.6423
vn 0.6685 0.7010 0.2483
vn -0.2129 0.6775 0.7040
vn 0.3828 0.8421 -0.3799
vn -0.4699 -0.8400 0.2714
vn 0.2126 -0.6798 0.7019
vn 0.3149 -0.7726 0.5513
vn 0.2539 -0.8983 0.3586
vn 0.8079 -0.3820 -0.4487
vn 0.5969 -0.8023 -0.0010
vn -0.1214 -0.8286 0.5466
vn 0.1764 -0.9718 0.1568
vn -0.2336 0.9707 0.0573
vn -0.6944 0.7106 0.1134
vn 0.3478 0.4268 -0.8348
vn -0.6530 0.2004 0.7303
vn -0.3955 -0.9184 -0.0101
vn -0.0582 0.2510 0.9662
vn 0.0902 -0.2754 0.9571
vn 0.6551 0.2834 0.7004
vn -0.1526 -0.9857 0.0709
vn -0.4251 0.0677 -0.9026
vn -0.2367 0.9224 0.3051
vn 0.4570 0.7819 -0.4240
vn 0.4542 0.8835 -0.1148
vn -0.4673 0.8440 -0.2633
vn 0.5827 -0.7847 -0.2115
vn 0.0074 -0.8802 0.4745
vn -0.0293 -0.7208 0.6925
vn -0.1015 -0.9925 0.0679
vn 0.8337 -0.4233 0.3546
vn 0.4408 0.6452 -0.6240
vn 0.7159 -0.1879 0.6725
vn 0.5309 0.6633 0.5274
vn 0.7576 0.5153 0.4007
vn 0.9299 0.3493 0.1154
vn 0.9935 0.0824 0.0782
vn -0.8789 -0.1228 0.4610
vn -0.9672 -0.0110 -0.2536
vn 0.6323 -0.3851 0.6722
vn 0.2199 -0.6825 0.6971
vn -0.5849 0.6014 -0.5444
vn -0.3036 0.7318 0.6101
vn -0.2326 0.7916 -0.5650
vn 0.7432 0.5494 -0.3819
vn -0.1468 0.9413 -0.3040
vn -0.2643 -0.9514 0.1579
vn -0.0133 -0.9647 0.2631
vn 0.1118 -0.9913 0.0693
vn 0.8256 0.4087 -0.3891
vn 0.1699 0.9800 -0.1038
vn 0.8960 0.1835 -0.4044
vn 0.5623 0.8252 0.0535
vn -0.9896 -0.1221 0.0763
vn -0.7603 -0.6344 -0.1392
vn 0.1982 -0.9802 0.0036
vn -0.0832 0.5341 0.8413
vn 0.2558 -0.9501 -0.1788
vn -0.4966 0.6273 0.5999
vn -0.4048 0.7905 -0.4596
vn 0.1330 0.9664 -0.2197
vn 0.3144 -0.9282 0.1989
vn 0.3227 -0.2081 -0.9233
vn 0.0903 -0.8014 -0.5912
vn 0.7318 -0.6701 0.1244
vn 0.6260 -0.1764 0.7596
vn -0.9971 -0.0759 -0.0021
vn -0.3337 -0.9117 0.2397
vn -0.0826 0.8230 0.5620
vn 0.5569 0.7541 -0.3480
vn -0.0735 -0.9799 0.1855
vn 0.7481 -0.6615 -0.0524
vn 0.6680 0.3149 -0.6743
vn 0.5474 -0.4699 0.6925
vn -0.1686 -0.6683 0.7245
vn -0.5505 0.7136 -0.4332
vn -0.3566 -0.8849 0.2995
vn 0.3685 0.3412 -0.8648
vn 0.6532 0.7509 -0.0971
vn 0.1711 0.9422 -0.2881
vn 0.8394 -0.5406 -0.0555
vn 0.7196 -0.4621 0.5183
vn 0.5827 0.5357 0.6111
vn 0.2665 -0.8546 -0.4456
vn -0.2922 0.1529 0.9441
vn 0.5147 0.0647 0.8550
vn -0.2173 -0.0477 -0.9749
vn -0.3662 0.8102 0.4577
vn -0.2067 0.8757 0.4363
vn -0.6620 0.6208 -0.4200
vn 0.1370 0.9550 -0.2632
vn 0.2259 -0.6229 0.7490
vn 0.4007 -0.2461 -0.8826
vn 0.3313 -0.8872 0.3211
vn 0.1599 0.4623 -0.8722
vn 0.6032 -0.6581 0.4506
vn -0.7419 0.4800 -0.4683
vn -0.0376 0.8841 0.4657
vn 0.0944 0.9190 0.3827
vn -0.5915 0.8050 -0.0467
vn 0.6886 0.7132 -0.1310
vn 0.1495 0.9062 -0.3956
vn -0.7618 -0.5287 0.3743
vn 0.3614 -0.3409 0.8679
vn -0.5101 -0.6280 0.5878
vn 0.1648 -0.9468 -0.2762
vn -0.1955 -0.7685 0.6092
vn 0.3548 -0.7795 0.5162
vn -0.4826 0.8509 -0.2075
vn -0.8666 0.1757 0.4670
vn -0.1578 0.5868 0.7942
vn 0.3127 -0.7742 -0.5503
vn -0.1355 -0.9908 0.0062
vn 0.9398 0.2144 0.2661
vn -0.2824 -0.5700 -0.7716
vn 0.2253 0.9201 0.3204
vn 0.6932 0.6710 -0.2630
vn -0.4434 0.8601 -0.2522
vn -0.6281 0.6804 -0.3777
vn -0.0225 0.9980 -0.0592
vn -0.0975 -0.9781 0.1841
vn -0.1059 -0.7057 0.7005
vn 0.2360 -0.9409 0.2429
vn 0.3426 -0.6578 0.6707
vn 0.1099 -0.3167 0.9421
vn -0.3723 -0.3626 0.8544
vn 0.2189 0.4308 -0.8755
vn -0.9098 0.4108 0.0591
vn 0.9819 0.1554 -0.1079
vn -0.4807 -0.5253 -0.7021
vn 0.9239 -0.2569 0.2837
vn -0.8695 -0.4867 0.0844
vn 0.6285 0.7671 -0.1288
vn -0.2987 0.4062 -0.8636
vn 0.9050 0.3742 -0.2024
vn -0.4130 0.8657 -0.2830
vn 0.5939 0.8045 -0.0094
vn 0.0507 0.4393 -0.8969
vn -0.0069 -0.2105 0.9776
vn 0.8490 -0.0829 -0.5219
vn -0.2026 -0.5396 0.8172
vn 0.4718 -0.3531 0.8079
vn 0.3480 -0.8819 -0.3181
vn 0.1102 -0.4424 -0.8900
vn -0.4525 -0.8613 -0.2312
vn 0.3979 -0.2199 0.8907
vn -0.2607 0.0525 0.9640
vn -0.1083 0.0973 0.9893
vn -0.3196 0.0272 0.9472
vn 0.9604 -0.0591 -0.2724
vn -0.0591 -0.9273 -0.3697
vn 0.7469 -0.3290 0.5779
vn 0.8358 0.5461 0.0568
vn -0.1550 0.9556 -0.2506
vn -0.6032 0.7254 -0.3317
vn -0.0262 0.9969 0.0735
vn -0.0544 -0.9980 0.0328
vn -0.4350 -0.6571 0.6156
vn 0.3348 -0.2318 0.9133
vn -0.3824 -0.3108 0.8701
vn 0.4460 0.4991 -0.7429
vn 0.8638 -0.4898 0.1184
vn -0.1204 -0.0540 0.9913
vn 0.2988 0.3035 0.9048
vn 0.3670 -0.1642 0.9156
vn 0.5084 0.3065 -0.8047
vn 0.7158 0.6514 -0.2517
vn 0.0309 0.1475 0.9886
vn 0.3000 0.3719 0.8784
vn 0.3893 0.4947 -0.7770
vn -0.8451 -0.5309 -0.0636
vn 0.0649 0.6735 0.7363
vn 0.1815 0.5100 0.8408
vn 0.7657 -0.3418 0.5448
vn 0.2276 0.4739 0.8507
vn 0.6273 -0.7668 -0.1361
vn 0.0992 -0.9949 -0.0184
vn -0.4683 -0.2568 0.8454
vn 0.6929 -0.7157 0.0875
vn -0.5345 0.4136 0.7371
vn -0.4148 0.2672 0.8698
vn -0.4438 0.8627 0.2425
vn -0.1457 0.9873 -0.0638
vn -0.6599 0.7454 0.0944
vn -0.0936 0.0217 -0.9954
vn 0.0201 -0.0043 -0.9998
vn 0.1169 -0.2340 -0.9652
vn 0.0969 -0.7649 -0.6368
vn 0.2900 -0.3484 0.8913
vn 0.0957 0.1189 -0.9883
vn 0.1881 0.3412 -0.9210
vn -0.9827 0.1849 -0.0113
vn 0.5076 -0.0071 0.8616
vn 0.4373 0.8872 0.1471
vn -0.4531 -0.2688 0.8500
vn 0.0337 -0.3026 -0.9525
vn -0.5885 0.7878 0.1818
vn 0.0986 0.9826 0.1577
vn -0.0818 0.9965 0.0187
vn 0.0008 0.9951 0.0987
vn -0.3384 0.9250 -0.1727
vn 0.5615 0.8275 0.0066
vn -0.7064 0.6991 -0.1107
vn 0.4505 0.8871 -0.1004
vn -0.0081 -0.6961 -0.7179
vn -0.0499 0.6935 -0.7187
vn 0.0411 -0.5030 0.8633
vn 0.3156 -0.9320 -0.1782
vn 0.3639 -0.9312 -0.0187
vn 0.1725 -0.3276 -0.9289
vn 0.4325 0.0220 0.9014
vn 0.0868 -0.6216 0.7785
vn 0.1726 0.1669 -0.9707
vn 0.1983 0.4582 -0.8664
vn -0.6675 0.7416 -0.0665
vn 0.0529 0.7420 -0.6683
vn -0.4153 0.0983 0.9043
vn 0.2507 -0.8245 -0.5073
vn 0.7560 -0.2904 -0.5866
vn 0.7004 -0.7135 -0.0198
vn 0.5939 -0.7304 0.3374
vn -0.3674 -0.5061 -0.7803
vn 0.7314 0.2039 0.6507
vn -0.3271 0.0214 -0.9447
vn -0.1620 0.9821 0.0957
vn 0.6154 0.7355 -0.2834
vn 0.7698 0.6382 0.0135
vn -0.0295 -0.8882 -0.4585
vn -0.1818 -0.4557 -0.8714
vn 0.0894 -0.8198 -0.5657
vn -0.1963 0.4286 -0.8819
vn -0.2693 0.3528 -0.8961
vn 0.9563 -0.2723 0.1067
vn -0.3252 -0.9315 0.1631
vn -0.1103 -0.0406 0.9931
vn -0.0979 -0.5619 0.8214
vn 0.0726 0.1379 -0.9878
vn -0.9436 0.3011 -0.1375
vn -0.0153 -0.1829 -0.9830
vn 0.6879 0.5828 -0.4326
vn -0.2292 0.2972 -0.9269
vn -0.2290 0.1625 0.9598
vn 0.6808 -0.3054 0.6658
vn 0.1816 -0.9792 0.0901
vn 0.0279 0.9990 -0.0337
vn -0.6139 0.7881 0.0451
vn 0.7496 0.6253 0.2172
vn -0.2693 0.9625 0.0342
vn -0.1690 -0.5328 -0.8292
vn 0.0476 0.1252 -0.9910
vn 0.2564 -0.0949 -0.9619
vn 0.0849 -0.9192 0.3846
vn -0.0146 -0.5427 0.8398
vn -0.5549 -0.7177 0.4206
vn -0.1416 0.5930 -0.7927
vn -0.2273 0.9728 -0.0457
vn 0.9086 0.4007 0.1177
vn -0.9264 -0.2016 -0.3181
vn -0.0942 0.1483 0.9844
vn -0.4213 0.0363 0.9062
vn -0.1197 -0.3558 -0.9269
vn -0.8141 0.5671 -0.1248
vn -0.7347 0.0514 -0.6764
vn -0.3775 0.9137 0.1507
vn 0.3432 0.7518 0.5630
vn 0.7677 0.5535 -0.3230
vn -0.4706 0.8735 0.1247
vn 0.0146 -0.7776 -0.6286
vn 0.2587 -0.5476 -0.7958
vn -0.1551 0.5846 -0.7964
vn -0.1870 0.1116 -0.9760
vn 0.3259 0.1196 -0.9378
vn 0.3957 -0.9130 0.0994
vn 0.0661 -0.9564 -0.2845
vn 0.0571 -0.8850 -0.4621
vn 0.1729 -0.1520 -0.9731
vn -0.8662 -0.4855 -0.1181
vn 0.6214 -0.7818 -0.0515
vn 0.2630 0.2316 0.9366
vn 0.6867 0.5027 -0.5250
vn 0.0763 0.1625 -0.9837
vn -0.0043 0.1044 0.9945
vn -0.6408 -0.0878 0.7627
vn 0.3324 -0.1188 -0.9356
vn -0.1016 0.4524 -0.8860
vn -0.3039 0.6664 0.6808
vn -0.4498 0.5050 -0.7367
vn -0.0006 -0.5630 -0.8264
vn -0.0874 0.7701 -0.6320
vn 0.4360 -0.2896 -0.8521
vn -0.3014 0.0956 -0.9487
vn -0.3082 0.0013 -0.9513
vn 0.1042 0.1872 -0.9768
vn -0.1069 -0.9327 0.3445
vn 0.3178 -0.8340 0.4511
vn 0.2130 -0.2203 -0.9519
vn 0.6269 -0.3720 0.6845
vn 0.8336 0.4596 -0.3064
vn 0.8350 0.3993 -0.3787
vn 0.7522 -0.5860 0.3014
vn -0.3912 -0.2559 -0.8840
vn 0.9201 0.0830 -0.3828
vn -0.7317 -0.1098 0.6728
vn -0.1086 0.7002 -0.7056
vn -0.2332 -0.7939 -0.5616
vn -0.9294 -0.0667 0.3629
vn -0.1243 0.9864 0.1074
vn 0.1163 -0.9835 0.1389
vn 0.0734 -0.9959 0.0538
vn -0.1921 -0.9789 0.0695
vn 0.0859 -0.0946 0.9918
vn -0.6459 -0.7179 0.2597
vn 0.0587 -0.9401 0.3357
vn -0.2647 -0.7200 -0.6415
vn -0.5586 -0.7900 -0.2528
vn 0.7901 0.2925 -0.5387
vn -0.4596 0.3642 0.8100
vn -0.3284 0.9312 0.1580
vn -0.1764 0.9742 0.1408
vn 0.0275 0.9980 0.0561
vn 0.5615 0.8269 -0.0321
vn 0.8327 0.5402 0.1218
vn 0.0644 -0.7669 -0.6385
vn -0.1920 -0.1778 -0.9652
vn 0.0026 -0.1786 -0.9839
vn 0.1809 -0.3989 -0.8990
vn 0.0031 -0.1853 -0.9827
vn 0.2603 -0.6373 -0.7253
vn -0.1910 -0.1053 -0.9759
vn -0.1572 0.8105 -0.5643
vn 0.0495 -0.9400 0.3375
vn 0.3134 -0.2879 -0.9049
vn 0.2116 0.0296 -0.9769
vn 0.2755 -0.9558 -0.1030
vn -0.9079 0.4067 -0.1019
vn -0.5866 -0.7265 -0.3580
vn -0.3359 0.9202 -0.2012
vn 0.8207 0.5402 -0.1862
vn -0.7252 0.4740 -0.4995
vn -0.2492 -0.7493 -0.6136
vn -0.0792 0.5470 -0.8334
vn 0.6667 -0.1361 -0.7328
vn -0.2955 0.0716 -0.9526
vn -0.6155 -0.7568 0.2201
vn 0.3167 -0.5375 0.7815
vn 0.8008 0.4602 -0.3834
vn -0.8641 0.4289 0.2635
vn -0.4347 0.0482 -0.8993
vn -0.7022 0.2166 -0.6783
vn -0.7603 -0.3283 -0.5605
vn -0.0592 -0.1498 -0.9869
vn 0.8617 -0.0443 0.5055
vn -0.5031 0.8612 0.0724
vn -0.4870 0.7985 0.3540
vn -0.4284 0.9013 0.0647
vn -0.8488 0.4789 0.2241
vn -0.4470 0.8531 0.2692
vn 0.3417 -0.7228 -0.6007
vn -0.1963 0.6316 -0.7500
vn -0.1678 0.1411 -0.9757
vn -0.2337 -0.9649 0.1199
vn 0.0721 -0.9797 -0.1872
vn -0.5032 -0.8429 0.1906
vn -0.7043 -0.2063 -0.6793
vn 0.2861 0.0702 -0.9556
vn -0.2955 -0.2395 -0.9248
vn -0.9632 0.2441 -0.1128
vn 0.1063 0.4877 -0.8665
vn 0.0821 0.9905 0.1106
vn -0.5865 0.7995 -0.1295
vn 0.6539 0.5273 -0.5426
vn -0.5683 0.8202 -0.0655
vn -0.2560 0.9504 -0.1765
vn -0.2007 -0.1133 -0.9731
vn 0.1479 -0.7147 -0.6836
vn 0.2925 -0.7882 -0.5415
vn -0.2275 0.4358 -0.8708
vn -0.0755 0.8601 -0.5044
vn -0.1712 0.7802 -0.6016
vn 0.4116 0.1619 -0.8969
vn 0.1726 -0.8625 -0.4758
vn 0.0023 -0.2644 -0.9644
vn -0.0851 -0.3133 -0.9458
vn 0.7218 -0.6186 -0.3104
vn 0.4204 0.4447 -0.7909
vn 0.3715 0.4193 -0.8283
vn -0.1453 0.9839 0.1045
vn -0.2942 0.8486 0.4397
vn 0.2539 -0.8158 -0.5196
vn -0.4062 -0.6138 -0.6769
vn -0.2342 -0.6208 -0.7482
vn -0.4488 -0.2173 -0.8668
vn -0.4200 0.7620 -0.4929
vn 0.0284 -0.9668 0.2539
vn 0.4727 -0.8331 0.2871
vn 0.4622 0.0021 -0.8868
vn -0.1867 -0.8888 0.4184
vn -0.3551 -0.8933 0.2754
vn 0.3427 -0.8865 0.3110
vn 0.0079 0.8450 0.5348
vn -0.5545 0.3515 -0.7543
vn 0.3253 0.7848 -0.5275
vn 0.0386 0.9080 -0.4171
vn 0.3312 -0.9194 -0.2123
vn -0.2157 0.9662 -0.1412
vn -0.1306 0.9737 -0.1869
vn -0.4410 -0.1845 -0.8784
vn -0.3327 -0.1904 -0.9236
vn -0.5095 -0.8233 -0.2502
vn -0.3910 -0.7839 0.4823
vn -0.5559 -0.0598 -0.8291
vn 0.5940 0.4243 -0.6834
vn 0.5494 0.3705 -0.7489
vn 0.1788 0.9456 -0.2719
vn -0.0103 -0.4870 -0.8734
vn -0.3631 0.0360 -0.9310
vn -0.5123 0.0116 -0.8587
vn -0.1316 -0.8955 -0.4252
vn -0.2888 0.8672 -0.4057
vn -0.1382 -0.9773 0.1608
vn 0.2391 -0.8410 -0.4853
vn 0.2409 -0.9443 0.2241
vn -0.7726 -0.3115 0.5532
vn 0.5144 0.8303 -0.2145
vn 0.2090 0.9689 -0.1324
vn -0.6558 0.3904 -0.6462
vn -0.3207 0.9047 0.2806
vn 0.5935 0.8043 0.0304
vn 0.3447 -0.7648 -0.5443
vn 0.5450 -0.7067 -0.4512
vn 0.0095 -0.9473 0.3202
vn -0.6075 -0.3472 -0.7144
vn -0.1566 0.9795 -0.1264
vn -0.2920 0.4649 -0.8358
vn 0.2989 -0.9539 0.0268
vn -0.2240 -0.4582 -0.8602
vn 0.6862 0.1899 -0.7022
vn 0.6952 0.7140 -0.0832
vn 0.8546 0.5096 0.1000
vn -0.2464 0.7994 0.5479
vn -0.2516 0.7273 0.6386
vn -0.3662 0.5762 -0.7307
vn 0.3303 -0.9406 -0.0781
vn 0.5880 -0.4158 -0.6938
vn -0.2614 0.3248 -0.9089
vn 0.3224 0.1969 -0.9259
vn -0.0827 0.2697 -0.9594
vn -0.0090 0.1710 -0.9852
vn 0.4577 -0.7689 -0.4464
vn 0.0847 -0.7527 -0.6529
vn 0.5797 0.6398 -0.5046
vn 0.6203 0.6567 -0.4289
vn -0.1282 -0.9732 -0.1909
vn -0.9867 0.0463 -0.1558
vn -0.5593 0.7471 -0.3592
vn -0.0967 0.9881 -0.1195
vn -0.3776 0.8590 0.3457
vn -0.1897 -0.4866 -0.8528
vn -0.1951 -0.7812 -0.5930
vn -0.1523 -0.8605 -0.4862
vn -0.2141 -0.0258 -0.9765
vn 0.6377 0.1542 -0.7547
vn -0.1593 0.1814 -0.9704
vn 0.2071 -0.9613 0.1816
vn 0.6694 -0.3145 -0.6730
vn -0.4647 -0.3399 -0.8176
vn -0.4995 -0.2891 -0.8167
vn 0.2954 0.4092 -0.8633
vn 0.6998 0.7118 0.0607
vn -0.9000 0.3570 0.2501
vn 0.5122 0.8142 -0.2732
vn 0.1480 -0.6382 -0.7555
vn 0.2754 -0.8944 -0.3523
vn 0.4805 0.1522 -0.8637
vn 0.0728 -0.9849 0.1573
vn 0.0235 -0.9368 0.3490
vn -0.1584 -0.9694 0.1876
vn -0.2152 -0.7959 -0.5659
vn 0.3797 -0.8988 -0.2193
vn 0.8149 0.5345 -0.2241
vn -0.0984 0.9928 0.0681
vn -0.7364 0.5360 -0.4127
vn -0.4778 0.8281 0.2933
vn 0.2494 -0.6506 -0.7173
vn -0.2275 0.0259 -0.9734
vn -0.1293 0.3501 -0.9277
vn 0.0583 0.2701 -0.9611
vn -0.5260 -0.8469 0.0780
vn 0.5638 -0.8104 0.1595
vn -0.6426 -0.3131 -0.6993
vn 0.9485 0.0963 -0.3018
vn -0.5578 0.8156 0.1538
vn -0.4698 -0.8737 -0.1263
vn -0.0955 -0.9751 -0.2003
vn 0.9418 0.2946 -0.1618
vn -0.6879 0.3714 0.6236
vn 0.1043 0.8207 -0.5618
vn -0.1999 0.8696 0.4516
vn -0.1511 0.9377 -0.3127
vn -0.7124 0.0414 -0.7006
vn -0.2952 -0.4391 -0.8486
vn 0.7723 -0.4393 -0.4589
vn 0.0706 -0.6515 -0.7554
vn 0.5033 -0.7899 0.3503
vn -0.1838 0.0509 -0.9816
vn 0.8380 -0.5286 0.1358
vn 0.0538 -0.7043 0.7078
vn 0.4793 -0.8411 0.2506
vn -0.5333 -0.8439 0.0583
vn -0.6818 -0.2546 0.6858
vn -0.8343 0.0890 -0.5441
vn 0.9886 -0.1074 0.1051
vn -0.9132 0.3661 0.1789
vn -0.4920 0.3235 -0.8083
vn -0.3988 0.7649 -0.5059
vn 0.5211 -0.5845 -0.6220
vn -0.1996 0.0857 -0.9761
vn 0.5825 0.1451 -0.7998
vn -0.0613 0.2798 -0.9581
vn 0.5158 0.2613 -0.8159
vn 0.4518 -0.8665 0.2125
vn 0.9069 -0.3145 -0.2805
vn -0.7672 0.4736 0.4325
vn -0.6983 -0.5026 0.5097
vn -0.8176 -0.1457 0.5571
vn -0.5156 -0.1665 -0.8405
vn 0.1806 -0.1721 -0.9684
vn 0.7821 0.5163 0.3488
vn -0.2367 0.9673 0.0911
vn -0.2785 0.9071 -0.3157
vn -0.0009 -0.9820 -0.1887
vn -0.5459 -0.1472 -0.8248
vn 0.5549 -0.3955 -0.7319
vn 0.0627 -0.6624 0.7465
vn 0.3533 -0.9336 0.0601
vn -0.1631 -0.1847 -0.9692
vn -0.1389 0.0274 -0.9899
vn 0.0503 -0.9964 0.0688
vn -0.0968 -0.9835 0.1529
vn 0.1174 -0.9869 0.1108
vn 0.0710 -0.9209 0.3833
vn -0.0256 -0.5172 0.8555
vn 0.1831 -0.9604 0.2100
vn -0.2248 -0.8159 -0.5328
vn 0.7310 -0.4398 -0.5217
vn 0.3235 -0.9361 -0.1384
vn -0.0214 -0.2028 -0.9790
vn -0.7680 0.4667 -0.4387
vn 0.4799 0.7471 0.4600
vn -0.1585 0.9187 0.3618
vn 0.9010 0.2832 -0.3285
vn 0.2051 0.8797 0.4290
vn -0.2057 0.9378 0.2797
vn -0.1997 0.7564 0.6229
vn -0.4989 0.3625 -0.7872
vn -0.2119 0.6844 -0.6977
vn -0.5855 0.3231 -0.7435
vn -0.0620 0.8725 -0.4847
vn 0.1516 0.9693 -0.1935
vn 0.0292 0.9896 0.1409
vn 0.1390 -0.8647 -0.4827
vn -0.3103 0.7926 -0.5249
vn 0.6081 -0.2977 -0.7359
vn -0.8369 -0.5135 0.1895
vn -0.4060 -0.2681 0.8737
vn 0.7346 -0.3155 -0.6006
vn -0.1900 0.7992 -0.5702
vn -0.2866 0.7892 -0.5432
vn -0.1829 -0.2115 -0.9601
vn -0.3405 0.0790 -0.9369
vn -0.1897 0.0473 -0.9807
vn -0.1652 0.2724 -0.9479
vn -0.3940 -0.8180 -0.4190
vn 0.0843 -0.9436 0.3201
vn 0.4882 0.8581 -0.1592
vn -0.8818 -0.0524 0.4687
vn -0.4770 -0.4663 -0.7450
vn -0.4946 -0.6406 0.5874
vn -0.2964 0.9289 0.2220
vn 0.3013 0.9370 -0.1766
vn -0.8232 0.4970 -0.2746
vn 0.7771 0.5927 0.2117
vn -0.2330 -0.6607 -0.7135
vn -0.2528 -0.4878 -0.8355
vn 0.6324 -0.7638 -0.1291
vn -0.6548 -0.7407 0.1506
vn 0.5667 0.2193 -0.7942
vn 0.1110 -0.9796 0.1678
vn 0.3462 -0.9125 0.2179
vn -0.1320 -0.9110 0.3907
vn -0.1428 -0.9896 -0.0148
vn -0.0134 -0.5676 0.8232
vn 0.0177 -0.9563 -0.2917
vn 0.5349 -0.8434 0.0510
vn 0.3879 0.2363 -0.8909
vn -0.7180 0.0143 -0.6959
vn -0.8297 0.5285 -0.1798
vn 0.2104 0.8468 0.4885
vn 0.5154 0.8422 -0.1586
vn -0.5931 0.4542 -0.6648
vn -0.4589 -0.8353 -0.3027
vn 0.4854 -0.3606 -0.7965
vn -0.3170 0.2299 0.9201
vn -0.5697 0.3280 -0.7536
vn -0.9300 -0.3151 0.1893
vn 0.7726 -0.6105 -0.1742
vn -0.1387 -0.1165 0.9835
vn -0.0156 -0.9996 -0.0215
vn -0.2390 0.4468 -0.8621
vn -0.1906 -0.2829 -0.9400
vn -0.1743 -0.0050 -0.9847
vn 0.0487 0.0993 -0.9939
vn -0.3072 0.3178 -0.8970
vn -0.0352 0.2596 -0.9651
vn -0.1310 0.2292 -0.9645
vn 0.0257 0.2558 -0.9664
vn 0.5827 -0.8111 0.0498
vn 0.1098 -0.7109 0.6947
vn 0.9221 -0.1791 0.3429
vn -0.0463 0.4820 -0.8749
vn 0.1962 -0.3330 -0.9223
vn 0.3600 -0.1739 -0.9166
vn -0.9383 0.0649 0.3397
vn -0.6856 -0.5018 -0.5274
vn -0.1302 -0.0679 -0.9892
vn 0.6735 0.1142 -0.7303
vn -0.3648 0.1448 -0.9198
vn -0.4947 0.1650 -0.8533
vn -0.4359 0.1084 -0.8934
vn -0.0176 0.1940 -0.9808
vn 0.4050 -0.6942 0.5950
vn 0.4308 -0.5311 0.7296
vn -0.8997 -0.1306 -0.4166
vn 0.2212 0.0123 -0.9751
vn -0.9479 0.2869 0.1383
vn -0.2803 -0.7164 -0.6389
vn 0.6333 0.2807 0.7212
vn -0.1259 0.9823 0.1388
vn -0.4566 0.8815 0.1205
vn 0.3122 0.5396 0.7819
vn -0.1278 0.9869 0.0984
vn -0.9571 0.1430 0.2518
vn -0.5358 0.2050 -0.8190
vn -0.3464 0.5466 -0.7624
vn 0.3313 0.5918 -0.7348
vn 0.0241 -0.9864 -0.1628
vn 0.1823 -0.4513 -0.8735
vn 0.3157 -0.1291 -0.9400
vn -0.3916 -0.2268 -0.8917
vn 0.0636 -0.0372 -0.9973
vn 0.4333 -0.0311 -0.9007
vn -0.0153 0.2644 -0.9643
vn 0.2984 0.1286 -0.9457
vn -0.2024 -0.0702 -0.9768
vn -0.2836 0.1544 -0.9464
vn -0.0004 0.2272 -0.9738
vn 0.2696 -0.7169 0.6429
vn 0.0957 -0.9756 -0.1975
vn 0.3966 -0.0959 -0.9129
vn 0.9816 0.1710 -0.0844
vn -0.6615 0.7396 0.1245
vn 0.0058 0.8870 0.4616
vn -0.6315 0.7543 -0.1792
vn 0.8210 0.4978 -0.2796
vn -0.3890 0.7560 -0.5265
vn -0.8845 0.4404 -0.1539
vn -0.5896 0.6952 -0.4111
vn 0.3060 0.2936 -0.9056
vn 0.4086 0.8977 0.1648
vn 0.7372 -0.4077 -0.5388
vn -0.0781 -0.9128 -0.4008
vn 0.1149 -0.5125 -0.8510
vn 0.7398 -0.5789 -0.3428
vn 0.5106 -0.7023 -0.4960
vn -0.4890 -0.7824 -0.3858
vn -0.2019 -0.1865 -0.9615
vn 0.3238 0.2080 -0.9230
vn 0.2605 0.2689 -0.9273
vn -0.6004 0.4218 -0.6794
vn -0.0733 -0.9326 0.3535
vn -0.6006 -0.7862 -0.1456
vn -0.3168 -0.9445 0.0870
vn -0.6215 -0.7831 -0.0232
vn 0.0721 -0.2291 0.9707
vn -0.4492 -0.8806 -0.1509
vn -0.8883 -0.4218 0.1819
vn -0.3745 0.5769 -0.7259
vn -0.5006 0.7987 -0.3340
vn -0.7175 0.4219 -0.5543
vn 0.8542 0.1330 -0.5027
vn 0.2952 0.9023 -0.3141
vn -0.2354 0.0466 -0.9708
vn -0.4249 0.5041 -0.7519
vn 0.2173 -0.1084 -0.9701
vn 0.6242 -0.3653 -0.6906
vn -0.1900 0.1098 -0.9756
vn -0.4806 0.3270 -0.8137
vn -0.5657 0.2764 -0.7769
vn 0.6765 -0.1235 -0.7260
vn -0.1279 -0.1938 -0.9727
vn 0.2815 0.1667 -0.9450
vn 0.0221 0.3882 -0.9213
vn -0.5677 -0.0290 -0.8227
vn 0.3059 0.3845 -0.8710
vn -0.2136 -0.8869 0.4096
vn -0.1249 -0.9920 0.0196
vn 0.0881 -0.9958 0.0261
vn -0.8238 -0.5397 -0.1735
vn 0.7987 -0.5977 0.0693
vn -0.3727 -0.9089 -0.1874
vn 0.5284 -0.0928 0.8439
vn -0.2034 0.9766 0.0695
vn 0.1579 0.1745 -0.9719
vn -0.4248 -0.8993 0.1041
vn 0.1331 0.0876 0.9872
vn -0.0558 0.9691 -0.2401
vn -0.2241 0.8293 -0.5118
vn 0.2050 0.6685 -0.7149
vn 0.5055 0.8482 -0.1581
vn -0.5411 -0.0390 -0.8400
vn -0.9401 0.2876 -0.1829
vn 0.9241 0.3395 -0.1755
vn -0.7201 -0.3743 -0.5843
vn 0.2063 -0.7742 -0.5984
vn -0.3412 0.3021 -0.8901
vn -0.7521 -0.0882 -0.6531
vn -0.3946 -0.4778 -0.7848
vn 0.6521 -0.1706 -0.7387
vn -0.4788 0.4535 -0.7517
vn 0.5783 -0.8158 0.0049
vn 0.1114 -0.0308 0.9933
vn 0.2391 -0.9710 -0.0012
vn -0.3564 0.9258 0.1261
vn 0.4269 0.7374 -0.5235
vn -0.6128 0.7171 -0.3321
vn 0.6501 0.3428 -0.6781
vn -0.6683 0.2614 -0.6965
vn -0.5681 -0.0958 -0.8174
vn -0.4387 -0.2716 -0.8566
vn 0.1548 0.2781 -0.9480
vn 0.4257 -0.8594 -0.2831
vn 0.1159 -0.7719 0.6251
vn 0.3951 0.6118 0.6853
vn 0.8621 -0.5062 -0.0244
vn 0.2131 0.2630 0.9410
vn 0.0354 -0.9994 -0.0055
vn -0.4143 0.6774 0.6079
vn -0.0398 0.7916 0.6098
vn 0.1332 0.5396 0.8313
vn 0.5636 0.6915 -0.4519
vn 0.9725 0.0511 -0.2272
vn 0.3420 0.8441 -0.4129
vn -0.8904 0.4304 0.1483
vn 0.0099 -0.3844 -0.9231
vn -0.3408 -0.1365 0.9302
vn -0.1692 -0.5831 -0.7946
vn 0.7743 0.2617 -0.5762
vn -0.5808 0.0214 -0.8137
vn -0.8888 0.4539 -0.0630
vn -0.3212 -0.7487 0.5799
vn 0.5882 -0.7976 -0.1339
vn -0.9660 0.2428 -0.0893
vn -0.0463 0.5538 0.8314
vn -0.3415 0.5496 0.7625
vn 0.0441 0.8937 -0.4464
vn 0.1961 0.1924 -0.9615
vn -0.0227 0.0909 -0.9956
vn 0.6520 -0.1213 0.7485
vn 0.7168 0.2679 -0.6438
vn -0.8089 -0.0481 -0.5859
vn -0.9111 -0.3755 0.1702
vn 0.2102 -0.9364 -0.2810
vn -0.9521 0.1399 0.2720
vn 0.8383 -0.5260 0.1436
vn -0.5814 0.4896 0.6498
vn -0.4558 0.8620 0.2217
vn -0.9586 0.1694 0.2290
vn 0.9648 0.1897 -0.1822
vn -0.7200 -0.2641 -0.6418
vn 0.6830 -0.6692 -0.2928
vn -0.6579 -0.3557 -0.6638
vn 0.6276 -0.0507 -0.7768
vn -0.6852 0.2123 -0.6967
vn -0.8616 0.1028 -0.4971
vn -0.0216 0.2270 -0.9737
vn 0.5634 0.3227 -0.7606
vn 0.2099 -0.3042 0.9292
vn 0.9037 -0.0689 -0.4226
vn -0.1920 0.4297 0.8823
vn 0.4777 0.4195 0.7719
vn -0.4837 0.7255 0.4895
vn 0.0677 0.9662 0.2486
vn -0.7799 0.6210 -0.0785
vn 0.2243 0.9271 -0.3002
vn 0.4710 0.8616 -0.1893
vn -0.3127 0.7230 -0.6161
vn -0.6370 -0.7509 0.1744
vn 0.0505 -0.8087 -0.5860
vn 0.6359 0.0167 -0.7716
vn 0.1648 0.2470 0.9549
vn 0.7130 0.1329 -0.6884
vn -0.6087 0.3059 -0.7321
vn 0.6751 0.3030 -0.6726
vn -0.8633 0.5046 -0.0140
vn 0.5495 -0.8339 -0.0520
vn 0.1841 -0.5031 0.8444
vn -0.4935 -0.5189 0.6980
vn -0.5551 -0.7061 0.4396
vn -0.0460 -0.4730 0.8799
vn -0.9558 -0.1014 0.2760
vn 0.7748 0.1148 -0.6217
vn 0.3023 -0.2649 0.9157
vn 0.0992 0.4997 0.8605
vn -0.1064 0.9524 0.2857
vn 0.7527 0.5628 -0.3416
vn 0.3913 0.5912 -0.7053
vn 0.9525 0.2743 -0.1325
vn 0.1435 0.8806 0.4516
vn -0.6052 -0.6614 -0.4429
vn -0.4143 0.3798 0.8271
vn 0.1467 0.2606 -0.9542
vn -0.2277 -0.0658 -0.9715
vn -0.8989 -0.0539 -0.4349
vn -0.9817 0.1600 0.1034
vn 0.6808 -0.2643 -0.6831
vn -0.1634 0.3372 -0.9272
vn -0.2037 0.4042 -0.8917
vn 0.0906 0.3192 -0.9433
vn -0.5703 -0.7162 0.4022
vn 0.6495 -0.7560 -0.0819
vn 0.1803 -0.9558 0.2322
vn 0.8837 -0.1591 -0.4401
vn 0.6560 -0.6700 -0.3475
vn -0.6916 -0.6722 -0.2641
vn -0.6376 0.6071 0.4741
vn -0.1075 0.9659 0.2354
vn -0.8957 -0.0492 0.4420
vn -0.4895 0.8325 -0.2596
vn 0.6943 -0.7137 -0.0928
vn 0.2805 -0.5899 0.7572
vn 0.4967 -0.7057 -0.5052
vn -0.7689 -0.3429 0.5397
vn -0.2074 -0.9495 0.2354
vn 0.7653 -0.1600 -0.6235
vn -0.5591 -0.3248 -0.7629
vn -0.8805 0.3890 0.2710
vn 0.0669 0.3424 -0.9372
vn -0.8428 -0.4102 0.3485
vn -0.3938 -0.9155 -0.0822
vn 0.1077 0.0395 0.9934
vn 0.0789 -0.8974 -0.4340
vn -0.6690 -0.5909 0.4509
vn 0.9705 0.0419 0.2375
vn 0.7752 0.6194 -0.1242
vn -0.2827 0.4089 -0.8677
vn -0.9640 0.2257 0.1404
vn 0.2950 -0.6046 -0.7399
vn 0.5860 -0.6229 -0.5183
vn 0.7276 0.1840 -0.6609
vn 0.0670 0.2012 -0.9772
vn -0.0068 -0.9980 -0.0623
vn 0.7200 0.4932 -0.4881
vn 0.8114 0.3012 0.5009
vn 0.2165 -0.8787 -0.4254
vn 0.1788 0.4312 0.8844
vn -0.7653 0.5537 -0.3284
vn -0.3564 0.9320 -0.0660
vn 0.5235 0.8184 -0.2370
vn 0.0536 -0.9985 0.0097
vn -0.6046 -0.7910 0.0937
vn 0.7121 -0.6386 -0.2917
vn 0.0773 -0.9965 0.0326
vn -0.6924 0.7215 -0.0007
vn 0.7388 0.3199 -0.5932
vn -0.7657 0.4408 0.4684
vn -0.9031 0.4130 -0.1173
vn 0.4898 0.2585 -0.8326
vn 0.2924 -0.9561 0.0187
vn -0.0658 0.1154 0.9911
vn -0.3897 0.1219 0.9129
vn -0.7594 -0.6357 -0.1385
vn 0.0739 0.2106 0.9748
vn -0.4648 0.8167 0.3421
vn -0.1477 0.9377 0.3144
vn -0.7693 0.5665 0.2955
vn -0.3784 0.9040 0.1991
vn -0.2251 0.8533 0.4704
vn -0.1064 -0.9931 -0.0490
vn -0.7560 -0.6545 -0.0075
vn 0.1358 -0.9252 0.3544
vn -0.3752 -0.0745 0.9239
vn -0.0058 -1.0000 0.0001
vn -0.9553 0.2724 -0.1150
vn -0.4673 -0.8783 0.1010
vn 0.7703 0.0049 -0.6377
vn -0.6536 -0.0595 -0.7545
vn -0.6775 -0.0252 -0.7351
vn 0.3059 0.3292 -0.8934
vn 0.0569 -0.9844 -0.1662
vn 0.2218 -0.9751 0.0063
vn -0.0215 -0.2756 0.9610
vn 0.1044 0.0075 0.9945
vn -0.4213 -0.0785 0.9035
vn 0.2854 0.9488 -0.1358
vn -0.6134 0.2131 0.7605
vn -0.6273 -0.6726 0.3924
vn -0.4742 0.7358 -0.4834
vn -0.6699 0.7415 -0.0370
vn 0.0087 0.9402 0.3406
vn -0.3185 0.5073 -0.8007
vn 0.8096 0.5309 0.2503
vn 0.0197 -0.9995 0.0258
vn -0.2368 0.9026 0.3595
vn -0.4784 0.8754 0.0695
vn -0.5397 -0.7557 -0.3710
vn 0.5769 -0.7320 -0.3625
vn 0.3472 -0.9331 -0.0940
vn -0.5371 -0.0460 -0.8423
vn 0.6970 -0.2335 -0.6780
vn 0.7916 0.1993 -0.5776
vn -0.5126 0.3264 -0.7942
vn 0.6626 -0.6921 -0.2865
vn 0.3307 0.9035 0.2728
vn 0.6933 0.0463 -0.7192
vn 0.2029 -0.7129 -0.6713
vn -0.6751 0.1545 -0.7214
vn -0.5008 -0.4144 -0.7600
vn -0.9530 0.1099 -0.2825
vn 0.5865 0.1140 -0.8019
vn 0.0137 0.3469 -0.9378
vn 0.1208 0.2369 -0.9640
vn 0.0926 -0.9957 -0.0034
vn 0.5880 0.7050 0.3965
vn -0.0123 0.9616 0.2743
vn 0.4583 0.8201 -0.3425
vn -0.3625 0.1276 0.9232
vn 0.0065 -0.9979 -0.0651
vn -0.6108 -0.2088 -0.7638
vn -0.4541 -0.8796 -0.1415
vn 0.8027 0.2065 -0.5595
vn -0.8260 0.2503 -0.5051
vn -0.8577 0.3908 -0.3341
vn 0.0085 -0.9991 -0.0406
vn -0.5032 0.8363 -0.2176
vn -0.7762 -0.1207 0.6189
vn -0.6883 0.5168 0.5091
vn 0.9678 -0.2081 0.1415
vn -0.6329 0.7544 0.1742
vn -0.8359 0.4735 -0.2776
vn -0.1777 0.9743 -0.1383
vn 0.1672 0.9859 0.0007
vn -0.1630 -0.2805 -0.9459
vn -0.8624 0.0183 -0.5058
vn 0.7203 0.1908 -0.6669
vn 0.6666 0.0313 -0.7448
vn -0.8569 0.3661 -0.3629
vn 0.4315 -0.0055 -0.9021
vn 0.4071 0.3408 -0.8474
vn -0.7390 0.5075 0.4430
vn 0.8617 0.3534 -0.3641
vn 0.1646 0.9475 0.2743
vn -0.5678 0.7129 0.4114
vn 0.6016 -0.3060 -0.7379
vn -0.4862 -0.8376 -0.2490
vn -0.8001 0.0894 -0.5931
vn -0.5520 0.2940 -0.7803
vn 0.8580 0.3321 -0.3918
vn -0.7107 0.6465 0.2774
vn -0.8589 0.3746 -0.3493
vn 0.5910 -0.8051 -0.0503
vn 0.1559 -0.5430 -0.8251
vn -0.7795 0.0886 0.6201
vn -0.6087 0.6896 0.3924
vn -0.2399 0.9162 0.3211
vn 0.9020 0.4318 -0.0002
vn -0.3310 0.8997 0.2845
vn -0.8514 0.3692 0.3727
vn 0.9421 0.2553 0.2173
vn 0.4083 0.9059 0.1121
vn -0.3686 -0.1967 -0.9085
vn -0.7524 -0.1107 -0.6493
vn -0.0129 -0.9133 0.4071
vn 0.7561 0.3624 -0.5449
vn -0.8594 -0.1948 -0.4727
vn -0.9838 0.1765 0.0320
vn -0.2578 -0.9638 0.0682
vn -0.4147 -0.8989 0.1414
vn 0.8290 -0.5568 -0.0530
vn -0.8674 -0.1096 0.4854
vn 0.9424 0.0966 0.3204
vn -0.7259 0.6501 0.2246
vn 0.5245 -0.4235 -0.7386
vn -0.4909 0.8689 0.0640
vn -0.5542 0.3020 -0.7757
vn -0.7846 0.4982 -0.3691
vn -0.5488 -0.4981 -0.6714
vn -0.8432 0.2999 -0.4461
vn -0.5850 0.2467 -0.7726
vn 0.1587 0.9201 -0.3581
vn -0.8983 -0.0658 0.4344
vn 0.9663 -0.1601 0.2017
vn -0.9057 -0.0198 -0.4234
vn 0.0571 -0.7766 -0.6274
vn 0.8408 0.3824 0.3831
vn -0.4765 0.7889 0.3881
vn 0.2098 -0.8621 -0.4614
vn 0.2358 -0.5944 -0.7688
vn -0.0982 -0.7213 -0.6856
vn 0.8483 0.2206 -0.4814
vn -0.7137 0.5604 0.4202
vn -0.2660 0.4597 -0.8473
vn -0.0696 0.5301 -0.8451
vn -0.6617 0.6589 0.3579
vn 0.1668 0.9450 0.2814
vn -0.2068 -0.8767 0.4343
vn 0.6729 -0.5900 -0.4461
vn -0.7206 0.4235 -0.5490
vn -0.8112 0.1118 -0.5739
vn -0.8516 -0.2685 -0.4501
vn -0.7701 -0.1613 -0.6172
vn 0.7913 0.4982 -0.3543
vn -0.3545 0.2310 -0.9061
vn 0.5851 0.2412 -0.7743
vn 0.5063 0.2880 -0.8129
vn 0.5766 -0.8087 -0.1158
vn -0.0476 0.9847 0.1676
vn -0.4299 0.8918 0.1412
vn 0.7058 0.4849 -0.5165
vn -0.0554 0.9893 0.1351
vn 0.3997 -0.0565 -0.9149
vn -0.5004 -0.8658 -0.0078
vn -0.1284 -0.9661 0.2239
vn -0.8576 -0.3281 -0.3961
vn 0.5923 -0.1353 -0.7943
vn 0.0073 0.4569 -0.8895
vn -0.0663 -0.9940 -0.0865
vn 0.6512 0.7510 -0.1088
vn 0.0288 -0.8796 -0.4749
vn -0.2546 -0.7893 -0.5587
vn -0.2897 -0.9122 -0.2896
vn 0.4713 -0.8617 -0.1879
vn -0.6561 -0.7268 0.2035
vn -0.8269 -0.3553 -0.4358
vn 0.8903 0.2516 -0.3795
vn -0.6971 0.2558 -0.6698
vn -0.9929 -0.0766 0.0909
vn -0.9759 0.2167 -0.0273
vn 0.9850 0.1539 0.0776
vn 0.9361 0.3202 0.1458
vn 0.8594 0.4142 -0.2997
vn -0.0554 -0.9652 -0.2554
vn -0.4310 -0.8745 0.2223
vn 0.8310 0.5005 -0.2427
vn 0.9103 0.1535 -0.3844
vn -0.6005 -0.0826 -0.7953
vn -0.4009 0.1963 -0.8949
vn -0.1880 -0.9787 -0.0826
vn 0.2913 -0.8778 -0.3802
vn -0.0334 -0.9358 -0.3509
vn -0.8047 0.4846 0.3430
vn 0.1312 0.9911 0.0232
vn 0.3031 0.9208 -0.2454
vn -0.5679 0.7127 0.4116
vn -0.2548 -0.7893 -0.5587
vn -0.9554 -0.1032 -0.2767
vn -0.0553 0.9893 0.1350
vn 0.4869 0.1111 -0.8663
vn -0.7924 -0.3886 -0.4702
vn -0.9943 0.1008 0.0362
vn 0.8739 0.2274 -0.4296
vn 0.7576 0.2520 -0.6021
vn -0.3751 0.1675 -0.9117
vn 0.2445 0.3882 -0.8885
vn 0.1146 0.6973 -0.7076
vn 0.9065 0.2422 -0.3459
vn 0.1359 0.9709 0.1971
vn -0.9593 0.1613 0.2320
vn -0.5718 0.7984 -0.1887
vn 0.5990 -0.2801 -0.7502
vn -0.6197 -0.0716 0.7816
vn -0.4933 -0.0187 0.8697
vn -0.9136 0.1406 0.3815
vn 0.7585 -0.3202 -0.5676
vn 0.2688 -0.9569 0.1099
vn -0.6426 -0.6184 -0.4524
vn 0.7644 0.3996 -0.5059
vn -0.7335 0.3707 -0.5696
vn -0.9655 -0.1323 -0.2241
vn -0.9762 -0.0985 -0.1931
vn -0.0696 -0.9942 0.0825
vn 0.6487 -0.7607 0.0235
vn 0.0156 0.9982 0.0578
vn -0.3650 0.8870 0.2828
vn -0.5051 0.7234 -0.4707
vn -0.5242 -0.6308 -0.5720
vn -0.7726 -0.0816 -0.6296
vn 0.4216 0.7238 -0.5462
vn -0.6319 0.7369 -0.2401
vn -0.9788 -0.1709 -0.1131
vn 0.6865 0.4266 -0.5889
vn -0.8775 0.3908 -0.2778
vn 0.9273 0.3406 -0.1551
vn 0.2575 -0.2471 -0.9341
vn 0.4335 -0.1782 -0.8833
vn 0.9139 0.1335 -0.3834
vn 0.4667 -0.0088 -0.8844
vn 0.5540 -0.1191 -0.8240
vn -0.4724 0.7661 0.4357
vn 0.4402 0.8805 -0.1759
vn 0.9798 0.0274 0.1979
vn 0.3256 -0.7476 -0.5789
vn 0.0910 -0.9793 -0.1807
vn -0.4926 -0.3656 -0.7897
vn -0.5326 -0.2891 -0.7954
vn 0.2010 -0.8831 0.4239
vn -0.0758 -0.8815 0.4661
vn -0.9574 0.2062 0.2020
vn -0.4787 0.3919 -0.7857
vn 0.4556 0.1738 -0.8731
vn -0.7445 0.2635 -0.6134
vn -0.4426 0.4146 -0.7951
vn 0.0457 0.4467 -0.8935
vn -0.4060 0.5718 -0.7129
vn 0.2644 -0.9587 -0.1048
vn 0.9481 0.2276 0.2219
vn -0.1867 0.9817 0.0373
vn -0.7945 0.5596 -0.2357
vn 0.0336 0.9994 0.0104
vn 0.7613 -0.4521 -0.4649
vn -0.0734 -0.9277 0.3660
vn -0.8804 0.2346 -0.4122
vn 0.9207 0.3144 -0.2311
vn -0.7792 0.4657 0.4195
vn -0.8133 -0.5544 -0.1765
vn 0.7101 0.1937 -0.6770
vn -0.1493 0.6388 -0.7547
vn 0.1665 -0.9823 -0.0855
vn -0.9177 -0.0526 0.3937
vn 0.6459 0.2512 0.7209
vn -0.2705 0.8199 0.5045
vn -0.1889 0.9816 0.0264
vn 0.2186 0.8778 -0.4262
vn -0.2349 0.4224 -0.8754
vn 0.1988 0.5075 -0.8384
vn 0.0005 0.5779 -0.8161
vn -0.0256 -0.9858 -0.1658
vn 0.9155 -0.3989 -0.0519
vn -0.1089 0.1025 -0.9888
vn 0.8465 -0.5174 0.1250
vn 0.2357 0.9619 -0.1387
vn -0.9718 -0.0437 0.2315
vn -0.7944 0.5225 0.3098
vn -0.6838 -0.6036 -0.4100
vn 0.0740 0.9829 -0.1688
vn 0.2476 0.9260 -0.2850
vn 0.5373 0.1992 -0.8195
vn 0.0301 -0.9712 0.2364
vn -0.5797 0.7855 -0.2164
vn 0.8520 0.4911 -0.1816
vn 0.7317 0.0463 -0.6801
vn 0.9434 0.1552 -0.2931
vn 0.9223 0.1178 -0.3680
vn -0.3852 -0.5468 -0.7434
vn -0.4220 0.0067 -0.9066
vn -0.8764 -0.2743 0.3958
vn 0.7588 -0.6505 -0.0315
vn 0.7347 -0.4932 -0.4658
vn -0.8031 -0.5871 0.1015
vn -0.7190 -0.2568 -0.6459
vn -0.9120 0.2552 -0.3210
vn 0.6820 0.1430 -0.7172
vn -0.9881 -0.1177 0.0986
vn -0.1917 0.7361 -0.6492
vn 0.3326 0.0974 -0.9380
vn -0.2880 -0.9289 0.2329
vn -0.0986 -0.9935 0.0576
vn 0.8060 0.5287 -0.2661
vn -0.8899 -0.1297 -0.4373
vn -0.7649 0.2431 -0.5966
vn 0.8476 -0.1445 -0.5105
vn 0.7473 0.5115 -0.4242
vn -0.1166 -0.5936 -0.7963
vn -0.5777 -0.6185 -0.5326
vn -0.1169 0.4643 -0.8779
vn 0.1740 0.3521 -0.9197
vn 0.7922 -0.5102 -0.3347
vn 0.9212 0.2444 -0.3028
vn -0.3282 0.9434 0.0479
vn -0.4748 -0.8680 0.1453
vn -0.7929 0.5517 -0.2587
vn -0.7824 0.5049 -0.3644
vn 0.9290 0.3696 0.0208
vn 0.4825 -0.0414 -0.8749
vn -0.3001 0.3667 -0.8806
vn 0.4505 0.1622 -0.8779
vn -0.9902 0.1397 -0.0049
vn -0.2861 -0.9569 0.0502
vn -0.6228 0.4803 0.6176
vn -0.6553 0.7138 0.2471
vn -0.4370 0.7496 0.4971
vn -0.6615 0.5386 0.5218
vn -0.2131 0.9177 -0.3352
vn 0.9929 -0.1068 0.0523
vn -0.5028 -0.8445 -0.1842
vn -0.6382 0.1345 -0.7580
vn -0.8249 -0.4882 0.2849
vn 0.9022 0.3060 -0.3041
vn -0.9516 0.2644 0.1569
vn 0.8404 0.1163 -0.5294
vn -0.9072 0.4071 -0.1062
vn 0.6294 -0.4477 -0.6352
vn 0.5396 -0.2267 -0.8108
vn 0.5254 -0.2578 -0.8109
vn -0.2897 -0.2734 -0.9172
vn -0.1453 -0.5769 -0.8038
vn 0.1947 -0.9581 -0.2099
vn 0.9821 -0.0623 0.1777
vn -0.9905 -0.0189 -0.1365
vn -0.6317 0.7107 -0.3096
vn 0.6209 0.1309 -0.7729
vn -0.0750 -0.9441 -0.3210
vn -0.0133 -0.8569 -0.5153
vn -0.5285 -0.7769 0.3421
vn 0.9728 0.1712 -0.1557
vn -0.8049 -0.3511 -0.4783
vn 0.8137 0.1444 -0.5631
vn -0.3945 0.3425 -0.8527
vn -0.0780 -0.9967 -0.0245
vn -0.9091 0.1842 0.3736
vn 0.9330 -0.0144 -0.3596
vn -0.8763 0.3654 0.3139
vn 0.9542 0.1233 0.2725
vn 0.5143 0.8085 -0.2862
vn -0.1003 -0.8194 -0.5643
vn 0.1553 -0.8409 -0.5185
vn 0.4458 -0.8951 0.0046
vn -0.7659 -0.1644 -0.6216
vn 0.9711 0.1614 0.1755
vn 0.7997 -0.2834 -0.5293
vn 0.1666 0.3511 -0.9214
vn 0.4343 -0.8758 -0.2105
vn -0.5951 -0.6726 0.4399
vn -0.9715 0.1533 0.1805
vn 0.9106 -0.3275 -0.2521
vn -0.7128 0.6514 0.2600
vn -0.7441 0.6364 0.2031
vn 0.9694 0.1648 -0.1822
vn -0.4521 -0.2355 -0.8603
vn 0.6854 0.1842 -0.7045
vn -0.3633 0.1698 -0.9161
vn -0.8597 0.1940 -0.4725
vn 0.7197 0.1735 -0.6723
vn 0.3304 0.2144 -0.9192
vn 0.3730 -0.9278 -0.0007
vn 0.1326 -0.9907 -0.0310
vn -0.3733 -0.9123 0.1685
vn -0.9341 -0.1075 0.3405
vn 0.7198 0.6941 -0.0104
vn 0.1680 0.9853 -0.0309
vn 0.6987 0.2112 -0.6835
vn 0.9013 0.2234 -0.3711
vn -0.6690 0.6768 0.3072
vn -0.7718 -0.2086 -0.6007
vn 0.1329 -0.3507 -0.9270
vn -0.5011 0.3270 -0.8012
vn 0.2554 0.2019 -0.9455
vn -0.9622 0.2642 0.0658
vn 0.4044 -0.8678 -0.2888
vn -0.5382 0.6018 0.5901
vn -0.7370 0.6072 0.2969
vn 0.7414 0.6710 -0.0092
vn 0.3112 0.9482 -0.0634
vn -0.6010 0.1297 -0.7886
vn -0.6457 0.3422 -0.6826
vn -0.5281 -0.6998 0.4810
vn -0.7526 -0.5512 0.3603
vn 0.8847 0.4636 -0.0482
vn -0.8727 0.4167 0.2544
vn 0.9762 0.2155 -0.0234
vn -0.2664 -0.2062 -0.9415
vn -0.3318 0.1777 -0.9265
vn 0.3207 0.2714 -0.9075
vn 0.2878 0.2331 -0.9289
vn -0.5922 0.3460 -0.7277
vn 0.9192 -0.3673 -0.1420
vn -0.2254 0.9710 -0.0797
vn 0.0629 0.9746 -0.2149
vn -0.9833 -0.0433 0.1765
vn -0.1409 0.9785 0.1507
vn -0.6531 0.4239 -0.6275
vn -0.4084 0.8872 -0.2148
vn 0.3172 -0.9388 0.1339
vn -0.8873 -0.1614 -0.4320
vn -0.3107 -0.9013 0.3019
vn 0.8730 0.4637 -0.1511
vn 0.8294 -0.2912 -0.4768
vn 0.9719 -0.0105 -0.2353
vn -0.7325 0.2542 -0.6315
vn 0.9617 -0.2599 -0.0870
vn 0.5830 -0.1376 -0.8008
vn -0.4186 -0.2572 -0.8710
vn -0.9255 0.3722 -0.0700
vn 0.7145 0.1491 -0.6835
vn 0.8324 0.1009 -0.5450
vn -0.0596 -0.4926 -0.8682
vn 0.1899 -0.2122 -0.9586
vn -0.3328 -0.1301 -0.9340
vn 0.9907 0.1194 0.0647
vn -0.6104 0.0554 -0.7901
vn -0.5443 0.2866 -0.7884
vn -0.5787 0.4920 -0.6504
vn -0.6969 0.2934 -0.6544
vn 0.6990 0.0106 -0.7150
vn -0.3905 0.3461 -0.8530
vn -0.2744 0.7085 -0.6502
vn 0.6819 -0.7301 -0.0441
vn -0.9470 -0.3210 -0.0073
vn -0.3275 -0.2539 -0.9101
vn -0.1847 -0.6727 0.7165
vn -0.9636 0.1674 0.2083
vn 0.9717 0.0731 -0.2244
vn -0.9139 -0.0875 0.3965
vn -0.9529 -0.1044 -0.2849
vn -0.8256 -0.2816 -0.4889
vn -0.1890 -0.2987 -0.9354
vn 0.3525 0.3779 -0.8561
vn 0.2716 0.5278 -0.8048
vn -0.0216 0.6751 -0.7374
vn -0.2537 0.9440 -0.2107
vn -0.4951 0.7327 -0.4669
vn -0.6892 0.6196 -0.3756
vn 0.4903 0.8662 0.0970
vn -0.0783 0.9850 -0.1539
vn 0.8252 -0.0883 -0.5579
vn 0.9195 0.3308 -0.2124
vn -0.0386 -0.1848 -0.9820
vn 0.2590 -0.4775 -0.8396
vn -0.8264 0.2268 -0.5154
vn 0.0513 0.2497 -0.9670
vn 0.1650 0.0341 -0.9857
vn 0.9559 0.2567 -0.1427
vn 0.8703 0.3785 -0.3151
vn -0.2136 0.3770 -0.9012
vn 0.3828 0.7724 -0.5068
vn 0.1891 0.5715 -0.7985
vn -0.1338 0.7372 -0.6623
vn -0.0853 0.7167 -0.6921
vn 0.8003 -0.5964 -0.0621
vn -0.0267 -0.8805 0.4733
vn 0.4452 -0.1384 -0.8847
vn 0.9724 -0.0850 -0.2173
vn 0.0265 -0.0994 -0.9947
vn -0.1815 -0.2375 -0.9543
vn 0.9827 -0.0511 0.1780
vn -0.8884 0.0043 -0.4591
vn -0.9216 0.3008 -0.2455
vn 0.9751 0.1808 0.1282
vn 0.0737 0.7280 -0.6816
vn -0.2201 -0.9752 -0.0217
vn -0.1896 -0.9817 -0.0207
vn -0.9035 -0.2788 0.3255
vn 0.2950 0.9553 0.0190
vn 0.3124 0.9395 0.1408
vn 0.1328 -0.9826 -0.1296
vn -0.2687 -0.9520 -0.1468
vn -0.7680 0.2356 -0.5956
vn -0.8202 0.5662 0.0815
vn -0.9566 0.2382 -0.1676
vn 0.8770 0.3840 0.2890
vn -0.7385 -0.3400 -0.5823
vn 0.0265 -0.0992 -0.9947
vn 0.9061 0.0888 0.4137
vn 0.2344 -0.2087 -0.9495
vn -0.6132 -0.1712 -0.7712
vn 0.8404 0.2403 0.4858
vn 0.8135 0.0883 0.5749
vn -0.3916 0.2086 -0.8962
vn 0.7882 0.6123 -0.0624
vn 0.1377 -0.9897 -0.0392
vn -0.5072 -0.8560 0.0996
vn -0.1352 -0.9862 0.0955
vn 0.8866 0.4344 -0.1591
vn 0.5130 -0.7492 -0.4189
vn -0.2082 0.7401 -0.6394
vn -0.5043 -0.8634 -0.0139
vn 0.6384 -0.7658 -0.0774
vn -0.2589 -0.7908 0.5547
vn -0.7890 -0.1219 -0.6022
vn -0.9717 0.0635 0.2275
vn -0.0156 -0.4939 -0.8694
vn 0.9682 0.0628 -0.2422
vn 0.9228 0.1397 0.3589
vn -0.8762 0.3360 0.3456
vn -0.8450 -0.2017 -0.4953
vn -0.8451 -0.2017 -0.4950
vn -0.9528 -0.1044 -0.2851
vn 0.2606 -0.6960 -0.6691
vn -0.9157 0.4018 -0.0004
vn -0.4426 0.3457 -0.8274
vn -0.1674 0.1894 -0.9675
vn -0.7789 0.5652 -0.2718
vn -0.3949 0.4795 -0.7836
vn -0.4224 0.6971 -0.5793
vn 0.3027 0.7125 -0.6330
vn 0.1566 0.6432 -0.7495
vn 0.0474 -0.9543 -0.2951
vn 0.9850 -0.1423 -0.0975
vn 0.2915 0.9515 -0.0981
vn 0.1938 -0.7907 -0.5807
vn -0.6490 -0.1411 -0.7476
vn 0.2550 -0.9651 0.0594
vn 0.9026 0.4305 0.0026
vn -0.9428 0.2312 -0.2401
vn -0.1661 -0.4158 -0.8942
vn -0.0755 -0.4573 -0.8861
vn 0.0351 -0.0201 -0.9992
vn 0.6255 0.0695 0.7772
vn 0.9225 -0.3594 0.1407
vn -0.2083 0.9462 -0.2475
vn -0.5088 -0.8440 0.1699
vn -0.9531 0.2761 -0.1242
vn -0.1681 0.3520 -0.9208
vn 0.5309 0.7753 0.3423
vn -0.4526 0.8189 -0.3530
vn -0.4898 -0.6397 -0.5923
vn -0.0874 -0.3526 -0.9317
vn -0.8451 -0.2016 -0.4952
vn 0.9682 0.0628 -0.2421
vn -0.2610 0.5563 0.7889
vn 0.3505 0.8359 0.4225
vn 0.8102 0.5731 0.1231
vn -0.8159 -0.3958 -0.4216
vn 0.9905 0.1275 -0.0517
vn 0.7352 0.3092 -0.6032
vn 0.8815 0.4693 0.0528
vn 0.9205 0.3869 -0.0539
vn 0.0240 -0.9991 -0.0352
vn 0.3226 -0.9465 0.0018
vn -0.7318 -0.4824 0.4814
vn 0.0309 0.9225 -0.3848
vn 0.2469 -0.9005 -0.3580
vn 0.1041 -0.6045 -0.7898
vn 0.7510 0.5355 0.3864
vn -0.9639 0.1963 -0.1797
vn 0.7834 0.0443 -0.6199
vn -0.4329 -0.2101 -0.8766
vn -0.8475 0.4435 -0.2917
vn -0.7702 0.4112 -0.4877
vn 0.1128 -0.9885 -0.1012
vn -0.5300 -0.7450 0.4050
vn -0.9888 0.0011 0.1493
vn 0.8372 -0.5364 -0.1067
vn -0.9702 -0.2277 0.0822
vn -0.8425 0.3131 -0.4383
vn -0.8292 0.3928 -0.3977
vn 0.8039 -0.0759 -0.5899
vn 0.7256 -0.4203 -0.5449
vn 0.7834 -0.5643 -0.2604
vn 0.9592 -0.2642 -0.1007
vn 0.1112 -0.7994 -0.5904
vn -0.3956 -0.6041 -0.6917
vn 0.1280 -0.1062 -0.9861
vn 0.9908 0.0683 0.1171
vn 0.9116 -0.1047 0.3975
vn 0.8112 0.4021 -0.4247
vn -0.3452 0.9385 0.0096
vn -0.4965 0.8661 0.0585
vn 0.4179 0.8989 -0.1317
vn 0.5645 0.2944 -0.7712
vn 0.8818 0.4544 -0.1259
vn 0.9635 0.2674 0.0111
vn -0.8709 0.4601 0.1730
vn -0.9818 -0.1170 -0.1497
vn 0.1486 -0.8441 -0.5152
vn -0.4685 -0.6371 -0.6120
vn 0.1850 0.1725 -0.9675
vn 0.2795 -0.4707 -0.8369
vn -0.2470 -0.6633 -0.7065
vn 0.9876 -0.1268 0.0922
vn 0.7475 0.0574 0.6617
vn 0.8995 0.0353 0.4356
vn 0.7577 -0.0533 -0.6505
vn 0.6096 -0.0942 -0.7871
vn 0.3540 -0.0193 -0.9350
vn 0.7105 0.0882 -0.6982
vn -0.9049 0.1630 -0.3933
vn -0.2383 -0.9582 -0.1583
vn -0.8422 0.3323 -0.4245
vn -0.9962 0.0138 0.0862
vn -0.0565 -0.7775 -0.6263
vn -0.0635 0.9948 -0.0799
vn 0.8233 0.2720 0.4982
vn 0.9528 -0.0616 -0.2973
vn 0.3764 -0.0382 -0.9257
vn 0.3832 0.0525 -0.9222
vn -0.7888 0.4284 -0.4406
vn -0.5801 0.6248 -0.5226
vn 0.4682 0.3399 -0.8157
vn 0.4835 0.7203 -0.4974
vn 0.6881 -0.6016 -0.4058
vn 0.0511 -0.9873 0.1504
vn -0.4579 -0.8661 0.2007
vn 0.8485 -0.5266 -0.0517
vn -0.4275 0.8742 -0.2303
vn -0.6688 -0.7376 -0.0932
vn -0.3104 0.9260 0.2151
vn -0.3704 -0.9065 -0.2029
vn -0.8567 -0.0220 -0.5154
vn 0.7033 0.6888 0.1757
vn -0.8397 -0.3038 -0.4502
vn -0.8975 -0.1891 -0.3985
vn -0.6846 0.3476 0.6407
vn 0.9447 0.0206 -0.3272
vn 0.9761 0.1918 -0.1018
vn 0.5811 0.0132 -0.8137
vn 0.8551 -0.0578 -0.5152
vn 0.4278 -0.1587 -0.8899
vn 0.3975 -0.9076 -0.1353
vn 0.8690 -0.3672 -0.3318
vn 0.1295 -0.9163 -0.3789
vn 0.4847 0.7975 -0.3591
vn 0.3025 0.8705 0.3883
vn 0.3128 0.9447 -0.0983
vn 0.7032 0.6165 0.3541
vn -0.6821 0.5121 -0.5220
vn -0.9192 0.0534 -0.3902
vn 0.8275 0.2245 -0.5146
vn -0.9780 -0.0693 -0.1968
vn -0.4715 -0.7092 -0.5241
vn -0.7383 0.0324 -0.6737
vn 0.5934 -0.1606 -0.7887
vn -0.6241 0.1622 0.7643
vn 0.4066 -0.1240 -0.9051
vn -0.9104 0.1927 0.3661
vn 0.7462 0.2587 -0.6133
vn 0.7088 0.4586 -0.5360
vn -0.3079 -0.9510 0.0294
vn -0.1147 -0.9843 0.1343
vn 0.7141 -0.5640 -0.4147
vn 0.7789 -0.5608 -0.2806
vn 0.4846 -0.8736 -0.0447
vn -0.7308 0.5211 0.4409
vn 0.5805 0.4545 -0.6756
vn 0.3383 -0.0864 -0.9371
vn 0.9499 0.2967 -0.0983
vn 0.9052 0.3428 0.2512
vn 0.9857 0.1686 0.0081
vn 0.9916 -0.1246 0.0343
vn -0.5524 0.5117 -0.6580
vn -0.0901 0.9652 -0.2456
vn 0.3461 -0.0546 -0.9366
vn 0.5460 -0.0265 -0.8374
vn 0.4800 0.5870 -0.6520
vn 0.2471 0.7680 -0.5908
vn 0.4113 0.7264 -0.5506
vn -0.9243 -0.1696 0.3418
vn -0.6178 0.6607 -0.4263
vn 0.4678 0.6133 -0.6364
vn -0.5635 -0.1290 -0.8160
vn -0.9515 0.1416 -0.2730
vn -0.4995 0.7008 0.5093
vn 0.5768 -0.2793 -0.7676
vn -0.0538 0.7187 -0.6933
vn -0.0372 -0.9975 0.0602
vn 0.7688 -0.5882 -0.2510
vn -0.4850 0.8731 0.0492
vn -0.8631 0.2786 0.4212
vn 0.8501 0.1030 -0.5164
vn -0.9514 -0.2922 -0.0977
vn 0.9806 0.1430 0.1340
vn 0.7377 0.2626 0.6220
vn 0.2530 -0.1840 -0.9498
vn 0.7257 0.0864 -0.6826
vn 0.4653 -0.0448 -0.8840
vn 0.9339 -0.1872 -0.3046
vn -0.7134 0.3209 -0.6230
vn 0.2405 0.7271 -0.6431
vn 0.6267 0.3775 -0.6817
vn -0.8561 0.1610 0.4911
vn 0.9023 0.4246 0.0740
vn -0.8553 -0.4643 -0.2299
vn -0.7406 -0.3052 -0.5987
vn 0.8919 -0.1146 -0.4374
vn -0.8685 0.4457 0.2171
vn -0.4700 0.3811 0.7961
vn -0.3321 0.2516 0.9091
vn -0.8883 0.4546 0.0652
vn -0.7392 0.0703 0.6698
vn -0.6778 0.1078 0.7273
vn -0.6929 0.5192 -0.5003
vn -0.4089 0.7397 -0.5345
vn -0.7953 0.4221 0.4352
vn -0.1091 0.9859 -0.1269
vn 0.1977 0.3678 -0.9086
vn 0.8428 0.3111 -0.4392
vn -0.8239 0.1075 -0.5564
vn -0.8464 0.1837 0.4998
vn -0.9952 0.0885 -0.0420
vn -0.7319 -0.4480 -0.5135
vn -0.7655 -0.4641 -0.4457
vn 0.7685 0.2718 0.5792
vn 0.8065 -0.1945 -0.5584
vn -0.0817 0.9642 -0.2523
vn -0.0826 0.5508 -0.8305
vn 0.1490 -0.1341 -0.9797
vn -0.9067 0.1842 -0.3793
vn -0.7959 -0.0283 0.6047
vn 0.8582 0.3436 -0.3814
vn 0.1192 0.5941 -0.7955
vn 0.7796 -0.6196 0.0915
vn -0.8741 -0.2294 0.4281
vn -0.1791 0.9130 -0.3666
vn -0.9836 -0.1077 0.1444
vn -0.4967 -0.2849 -0.8198
vn 0.6021 0.7171 0.3511
vn 0.3349 0.7945 -0.5065
vn -0.6168 0.7152 -0.3288
vn 0.8801 0.4556 0.1337
vn -0.7743 0.6104 -0.1668
vn -0.0220 -0.8922 -0.4511
vn -0.9602 0.2793 -0.0074
vn 0.1219 -0.2952 -0.9476
vn -0.9753 0.1027 -0.1957
vn -0.5740 0.6844 -0.4496
vn -0.7693 0.3242 -0.5505
vn -0.8704 0.2211 -0.4399
vn -0.9495 0.2922 -0.1144
vn 0.0001 -0.9391 -0.3436
vn 0.2567 -0.9663 -0.0176
vn -0.9391 0.1968 0.2817
vn -0.7943 0.5552 0.2466
vn 0.8911 0.2783 -0.3586
vn -0.6454 0.5037 -0.5742
vn -0.6895 0.3388 -0.6402
vn -0.8278 0.1147 -0.5491
vn -0.4661 -0.2406 -0.8514
vn -0.7367 -0.3883 -0.5536
vn 0.9992 -0.0242 -0.0311
vn -0.0619 -0.2723 -0.9602
vn -0.9975 -0.0099 0.0693
vn 0.7690 -0.0291 -0.6385
vn -0.5292 0.2257 -0.8179
vn 0.9569 0.1985 -0.2119
vn 0.9307 0.3109 -0.1924
vn -0.8808 0.4718 -0.0411
vn -0.0568 -0.9753 -0.2134
vn 0.6257 -0.6894 -0.3650
vn 0.8115 -0.5841 0.0186
vn -0.8695 0.3242 0.3726
vn 0.4526 0.6193 -0.6416
vn 0.1922 0.9809 -0.0299
vn -0.4590 0.6184 -0.6379
vn -0.4006 0.1273 -0.9074
vn 0.9384 0.1660 -0.3031
vn -0.3189 0.0932 -0.9432
vn 0.8843 0.3396 -0.3204
vn 0.9098 0.2330 -0.3434
vn 0.9222 0.3627 -0.1337
vn -0.7514 0.6580 -0.0493
vn 0.8287 0.5596 -0.0090
vn 0.9745 -0.0957 -0.2030
vn -0.4748 0.5951 -0.6484
vn -0.8219 0.2257 -0.5229
vn -0.9641 0.2098 -0.1626
vn -0.2293 -0.9382 0.2592
vn 0.1219 -0.9837 0.1320
vn 0.1029 -0.9877 0.1175
vn 0.0376 -0.9707 -0.2373
vn 0.8365 -0.5376 -0.1063
vn -0.5130 0.8583 0.0090
vn 0.7442 0.2436 -0.6220
vn -0.0296 0.0126 -0.9995
vn 0.0998 -0.9949 -0.0141
vn 0.5814 -0.2751 -0.7657
vn -0.9163 0.3055 -0.2590
vn -0.6780 0.6518 -0.3397
vn -0.2151 0.6535 -0.7257
vn 0.0744 -0.9911 0.1104
vn 0.7468 -0.5088 -0.4283
vn 0.9623 0.2142 -0.1674
vn -0.4162 -0.9093 0.0058
vn 0.7530 0.5393 -0.3770
vn -0.3772 -0.8672 -0.3253
vn -0.5033 0.4875 -0.7135
vn 0.9709 -0.0945 0.2202
vn 0.3251 -0.5012 -0.8019
vn 0.7377 -0.3713 -0.5638
vn 0.4050 0.7695 -0.4939
vn 0.2875 0.7895 -0.5422
vn 0.8965 -0.3942 0.2023
vn 0.8885 0.4377 0.1378
vn 0.0894 -0.3085 0.9470
vn -0.0291 0.0128 -0.9995
vn 0.6021 0.7171 0.3512
vn 0.0421 -0.9447 -0.3253
vn 0.6491 0.5408 0.5350
vn -0.0522 -0.9587 0.2796
vn 0.5066 0.8511 -0.1381
vn 0.9981 0.0038 -0.0608
vn -0.7858 0.6183 0.0147
vn -0.6418 0.6392 0.4236
vn -0.8838 0.1361 0.4477
vn -0.9539 -0.2791 -0.1107
vn -0.2033 -0.1505 -0.9675
vn 0.8821 -0.0607 -0.4672
vn 0.8804 0.1541 0.4486
vn 0.9184 -0.2193 -0.3293
vn 0.9664 0.1179 -0.2285
vn -0.6638 0.3618 -0.6546
vn 0.9511 0.2814 -0.1277
vn 0.2877 -0.9517 -0.1076
vn -0.4369 -0.8588 0.2676
vn 0.4180 -0.8660 -0.2743
vn -0.0721 -0.8755 -0.4778
vn 0.0903 -0.2406 -0.9664
vn -0.4378 0.8175 -0.3742
vn 0.9353 0.3205 0.1499
vn -0.5737 -0.6655 -0.4774
vn -0.6210 -0.1454 -0.7702
vn 0.9693 0.2415 -0.0464
vn 0.4840 0.7839 -0.3890
vn -0.0474 0.5868 -0.8084
vn -0.4006 -0.8858 0.2342
vn -0.7849 -0.2722 0.5566
vn -0.4735 0.4882 0.7331
vn 0.3841 0.7930 -0.4730
vn -0.2167 0.9508 -0.2213
vn -0.8826 0.2649 -0.3883
vn -0.7709 0.0921 -0.6303
vn -0.2711 -0.9391 -0.2110
vn 0.3128 -0.5163 -0.7973
vn 0.9824 0.1006 -0.1575
vn 0.8026 0.5015 -0.3229
vn -0.5137 0.7563 -0.4052
vn -0.2196 0.5373 0.8143
vn 0.6958 0.2439 0.6756
vn 0.8663 0.4893 0.1003
vn -0.9877 -0.1412 0.0665
vn 0.0908 -0.7495 -0.6558
vn 0.0665 0.0838 -0.9943
vn -0.0839 -0.1985 -0.9765
vn 0.8226 0.2819 -0.4939
vn -0.0931 0.0573 -0.9940
vn 0.4881 -0.1961 -0.8505
vn -0.2204 -0.1990 -0.9549
vn -0.7790 -0.1955 -0.5957
vn -0.1002 0.0710 -0.9924
vn -0.5082 0.2689 -0.8182
vn -0.8138 0.0897 -0.5742
vn 0.8374 0.1181 -0.5337
vn -0.9101 0.0808 -0.4064
vn 0.8675 0.2720 -0.4164
vn 0.5875 0.6810 -0.4370
vn 0.1813 -0.8718 -0.4552
vn 0.9664 0.1307 0.2213
vn 0.3898 -0.8236 -0.4120
vn 0.3052 0.2503 -0.9188
vn 0.0371 -0.0233 -0.9990
vn 0.7314 -0.2439 -0.6369
vn -0.9182 0.0182 -0.3956
vn -0.6947 -0.7079 -0.1278
vn -0.7406 -0.2517 0.6230
vn -0.6914 -0.6048 0.3951
vn -0.3640 0.9074 0.2101
vn -0.0214 0.9676 -0.2517
vn -0.4423 0.8903 -0.1079
vn 0.9377 0.2041 -0.2812
vn -0.9612 0.0260 0.2747
vn 0.9244 0.0988 0.3684
vn -0.6142 -0.5290 -0.5855
vn 0.6072 -0.7611 0.2281
vn -0.7537 0.5204 -0.4014
vn -0.6086 0.4154 -0.6760
vn 0.1473 -0.9764 -0.1581
vn -0.3757 -0.8696 0.3203
vn -0.0250 -0.9781 0.2067
vn 0.6019 -0.7975 -0.0414
vn -0.2710 0.4722 0.8388
vn 0.5799 0.2935 0.7600
vn 0.7137 -0.3387 0.6131
vn 0.9460 -0.0328 0.3226
vn 0.7444 0.6677 -0.0084
vn 0.4364 0.8973 -0.0664
vn -0.4796 0.8349 -0.2699
vn -0.7154 0.6875 -0.1245
vn -0.9893 0.0711 0.1276
vn 0.7892 -0.6136 0.0251
vn -0.6797 -0.5063 -0.5307
vn -0.7499 -0.2653 -0.6060
vn -0.8841 0.3952 -0.2492
vn -0.8280 -0.1062 -0.5506
vn -0.5091 0.6906 -0.5137
vn -0.1101 -0.9847 -0.1351
vn 0.9830 -0.1644 -0.0814
vn -0.8570 -0.3131 0.4093
vn 0.8547 0.4462 0.2652
vn 0.6833 0.6312 0.3671
vn 0.6572 0.7158 0.2360
vn -0.9921 -0.0958 -0.0814
vn -0.1398 -0.9607 0.2397
vn 0.2649 -0.9558 -0.1278
vn -0.4594 -0.8882 0.0071
vn -0.6782 0.6727 -0.2960
vn -0.5141 0.3269 -0.7930
vn 0.9055 0.2434 -0.3477
vn 0.1586 0.5468 -0.8221
vn -0.2697 -0.9442 -0.1890
vn 0.0679 -0.9859 0.1531
vn -0.3129 -0.9251 -0.2153
vn 0.8957 -0.3960 0.2022
vn 0.9045 0.2497 -0.3458
vn -0.4805 0.4005 0.7802
vn 0.4188 -0.8968 -0.1429
vn -0.5489 0.8313 -0.0868
vn 0.7494 0.6372 0.1800
vn -0.2148 0.9678 0.1310
vn 0.9881 -0.1285 0.0844
vn -0.8351 0.5100 0.2062
vn 0.7190 0.6248 0.3043
vn 0.8072 0.3035 0.5063
vn -0.9245 -0.0941 0.3693
vn -0.2355 -0.3059 0.9225
vn 0.3576 -0.9094 0.2121
vn -0.8394 -0.1257 0.5289
vn -0.7246 0.1159 -0.6794
vn -0.9420 0.1816 -0.2823
vn -0.6740 0.3730 -0.6377
vn 0.3851 0.8412 -0.3796
vn -0.3003 0.6666 -0.6822
vn -0.9313 -0.0395 0.3622
vn -0.5864 0.8005 0.1241
vn 0.9333 -0.2715 0.2351
vn -0.7514 0.5715 0.3298
vn 0.7247 -0.6843 0.0809
vn -0.0173 -0.9661 -0.2576
vn -0.0303 -0.9959 0.0857
vn 0.9763 0.2063 0.0661
vn -0.1850 0.6484 -0.7385
vn -0.0527 0.3228 -0.9450
vn 0.6632 -0.7315 0.1584
vn -0.7053 0.4012 0.5845
vn 0.8902 0.4461 -0.0922
vn -0.1039 0.7871 0.6080
vn -0.5804 0.0181 0.8142
vn -0.4826 0.8541 0.1936
vn -0.7283 0.4613 -0.5068
vn 0.9515 0.2919 0.0971
vn -0.9549 0.2967 0.0077
vn 0.9939 0.1090 -0.0154
vn 0.9820 0.1523 -0.1114
vn -0.6033 -0.5406 0.5864
vn 0.9070 -0.3988 -0.1349
vn -0.5863 0.7178 0.3755
vn -0.9552 -0.2329 0.1826
vn 0.9088 0.4032 -0.1069
vn 0.0085 -0.9964 -0.0845
vn 0.9886 0.0837 0.1249
vn -0.6872 0.7242 -0.0584
vn -0.4029 0.3193 0.8577
vn 0.9345 0.2460 -0.2574
vn 0.8858 -0.0345 0.4627
vn -0.5596 -0.8182 -0.1322
vn -0.5337 -0.5719 0.6230
vn -0.4548 0.1866 -0.8708
vn -0.9813 0.1899 0.0327
vn 0.9721 0.2019 -0.1196
vn 0.2581 0.6990 -0.6669
vn 0.4709 -0.8752 0.1107
vn 0.7482 -0.0909 0.6572
vn -0.7743 0.6162 0.1444
vn -0.3714 0.9285 -0.0059
vn -0.5054 0.7780 0.3733
vn -0.9079 0.3830 -0.1707
vn 0.8402 0.2531 0.4796
vn -0.6187 0.0984 0.7794
vn -0.1234 -0.9561 0.2659
vn -0.6686 0.1253 0.7330
vn 0.0570 -0.9928 -0.1056
vn 0.4134 -0.5030 -0.7590
vn -0.8100 -0.0239 -0.5860
vn 0.5781 0.7631 -0.2891
vn -0.7861 -0.6081 0.1109
vn -0.7862 0.3891 0.4800
vn -0.2154 -0.9404 0.2630
vn -0.5994 -0.7872 -0.1449
vn 0.6284 0.0459 -0.7766
vn -0.5345 0.3037 -0.7887
vn 0.6717 0.6464 -0.3618
vn -0.6663 0.3725 -0.6459
vn 0.1426 -0.9810 -0.1318
vn -0.9159 0.2964 0.2706
vn 0.5279 -0.8342 -0.1598
vn 0.1498 -0.9841 -0.0959
vn -0.9203 -0.3912 0.0034
vn -0.7966 0.0009 0.6046
vn 0.1899 0.5311 0.8257
vn -0.6989 0.3201 0.6396
vn 0.9229 0.3802 0.0606
vn 0.5963 0.6280 0.5000
vn 0.1844 -0.9648 0.1875
vn -0.6008 0.0045 0.7994
vn -0.3938 -0.9043 0.1649
vn -0.7323 0.6791 -0.0507
vn 0.6822 0.7162 -0.1470
vn 0.4249 0.7926 -0.4373
vn 0.9791 0.1480 0.1395
vn 0.9669 -0.2363 0.0962
vn -0.6990 -0.5669 0.4359
vn 0.8708 0.4917 0.0029
vn -0.0525 0.9883 -0.1434
vn 0.9363 0.2644 -0.2311
vn 0.9641 -0.1002 0.2460
vn 0.5836 0.7159 0.3833
vn -0.9281 0.1533 0.3392
vn 0.9941 -0.0155 -0.1077
vn -0.6815 0.3828 -0.6237
vn -0.3650 0.9075 -0.2078
vn -0.2869 0.9470 0.1445
vn 0.4131 0.7983 -0.4382
vn -0.0657 0.9809 -0.1833
vn 0.7298 -0.1562 0.6656
vn 0.6492 -0.7344 0.1978
vn 0.7022 -0.6956 0.1517
vn 0.5625 -0.8257 0.0421
vn -0.7570 -0.5907 0.2795
vn 0.0945 -0.9735 -0.2081
vn 0.9304 0.2626 0.2556
vn -0.8162 0.0778 0.5725
vn -0.8141 0.5566 0.1658
vn -0.4644 0.7652 0.4458
vn 0.6872 0.3157 0.6543
vn -0.8380 -0.4420 0.3200
vn -0.0898 -0.9923 0.0854
vn 0.0084 -0.9679 -0.2514
vn 0.2706 -0.9211 0.2801
vn 0.6746 -0.3293 -0.6606
vn 0.8572 0.3344 -0.3916
vn 0.5902 0.5836 -0.5577
vn 0.9562 0.2919 0.0217
vn -0.5512 0.6379 -0.5378
vn 0.4099 0.9057 -0.1081
vn 0.1440 0.9669 -0.2107
vn -0.3721 -0.9078 0.1935
vn -0.6243 0.0281 0.7807
vn -0.2141 -0.9622 0.1681
vn -0.1828 0.4358 0.8813
vn -0.8242 0.2746 -0.4953
vn -0.6863 -0.1319 -0.7153
vn 0.9207 0.3903 0.0054
vn -0.9365 0.2648 0.2299
vn -0.8662 0.4504 0.2165
vn -0.9906 -0.0776 0.1127
vn 0.3871 -0.9080 -0.1603
vn 0.8652 0.3578 -0.3513
vn -0.7577 0.3207 -0.5683
vn -0.3978 0.3966 -0.8273
vn 0.5311 0.8367 -0.1337
vn 0.4710 0.8815 0.0339
vn 0.9890 -0.1205 -0.0852
vn -0.5305 0.7163 0.4533
vn -0.4086 0.8472 0.3396
vn -0.7074 -0.6965 -0.1204
vn -0.3992 -0.9127 0.0872
vn -0.8916 -0.0454 0.4506
vn 0.1286 -0.9905 -0.0491
vn 0.1267 -0.9738 0.1887
vn 0.7763 0.4812 0.4072
vn -0.8014 0.1556 -0.5776
vn -0.5613 0.7710 0.3010
vn 0.9187 -0.2417 0.3125
vn 0.9730 0.0270 -0.2293
vn -0.9233 0.3396 -0.1796
vn -0.0973 0.5091 0.8552
vn 0.0241 -0.9972 0.0705
vn -0.0045 0.9924 0.1233
vn -0.6851 0.6489 0.3310
vn -0.9161 0.0826 -0.3924
vn -0.8640 -0.2291 -0.4483
vn 0.1664 0.8684 0.4670
vn 0.7667 0.5478 0.3347
vn 0.6850 0.1809 0.7058
vn -0.0803 -0.9632 0.2565
vn -0.1349 -0.8307 0.5402
vn -0.6454 0.4632 -0.6074
vn -0.9490 0.3144 -0.0231
vn -1.0000 0.0079 -0.0028
vn 0.5865 0.7921 -0.1691
vn 0.7797 -0.2908 0.5545
vn -0.4857 -0.7918 0.3704
vn 0.2651 -0.9428 0.2022
vn -0.3111 0.9295 -0.1982
vn 0.5956 0.3119 0.7403
vn 0.9839 0.1073 -0.1428
vn -0.5349 0.7670 -0.3544
vn 0.8040 0.5896 -0.0768
vn -0.6027 0.7844 -0.1464
vn 0.4285 0.9027 -0.0384
vn -0.3054 0.8977 0.3175
vn 0.5175 -0.7896 0.3298
vn 0.9101 -0.1343 0.3920
vn 0.7831 -0.5912 -0.1929
vn 0.5538 -0.8323 0.0256
vn 0.8398 -0.5091 0.1886
vn -0.7456 0.1957 0.6370
vn 0.9714 0.1356 -0.1947
vn -0.6810 -0.7038 0.2022
vn 0.6083 0.4761 -0.6351
vn 0.1692 -0.4227 -0.8903
vn 0.7370 -0.0197 -0.6757
vn -0.9567 0.2469 -0.1543
vn 0.8195 0.3625 -0.4439
vn -0.6738 -0.6100 -0.4171
vn 0.8846 0.4501 -0.1221
vn -0.7894 0.5831 -0.1920
vn -0.0625 0.6272 0.7764
vn -0.4657 0.8825 0.0661
vn -0.1748 0.4274 0.8870
vn 0.1208 0.5765 0.8081
vn -0.5585 -0.6657 0.4948
vn 0.7548 -0.6497 -0.0905
vn -0.8145 -0.4278 0.3918
vn -0.3352 0.6099 0.7181
vn -0.6351 0.7434 0.2100
vn -0.5571 0.2634 -0.7876
vn -0.9804 0.0982 -0.1706
vn 0.7447 -0.2027 0.6358
vn 0.6571 -0.6303 0.4134
vn 0.9181 0.3765 -0.1239
vn 0.5989 0.8005 -0.0232
vn -0.2694 0.9416 0.2019
vn -0.5776 0.7774 0.2491
vn -0.5800 0.1911 0.7919
vn -0.9322 0.1515 -0.3288
vn -0.8076 0.4836 0.3374
vn -0.9400 0.0766 0.3324
vn -0.2572 -0.9591 0.1183
vn 0.9648 0.1942 0.1772
vn -0.9531 0.2590 -0.1564
vn -0.5953 0.8035 -0.0051
vn 0.3272 0.9044 0.2740
vn -0.3004 0.9509 0.0748
vn 0.1282 0.5703 0.8114
vn -0.4604 0.8038 0.3767
vn 0.1653 -0.6210 -0.7662
vn -0.1732 -0.0858 -0.9811
vn 0.5651 -0.1874 -0.8035
vn 0.3993 -0.5947 0.6978
vn 0.5822 -0.8003 0.1433
vn 0.1358 0.8723 0.4697
vn 0.2029 0.9788 0.0288
vn -0.8303 0.5509 0.0845
vn 0.9132 -0.1765 0.3674
vn 0.4405 0.7294 0.5234
vn -0.4924 0.7586 0.4266
vn 0.6202 0.1474 0.7705
vn 0.9653 0.0748 -0.2502
vn 0.3971 0.8183 -0.4157
vn 0.9782 0.1984 0.0617
vn 0.4441 0.5885 0.6757
vn 0.1459 0.8357 0.5294
vn -0.1344 0.9651 -0.2250
vn -0.0937 -0.3467 -0.9333
vn -0.4269 -0.0398 -0.9034
vn 0.1886 0.1278 -0.9737
vn -0.2266 0.6287 0.7439
vn -0.6111 -0.7887 0.0670
vn 0.4662 -0.8808 -0.0833
vn -0.6096 0.7834 0.1208
vn -0.9580 0.2802 -0.0613
vn -0.7055 -0.2354 -0.6685
vn 0.2095 0.9595 -0.1882
vn 0.8262 0.0681 0.5593
vn -0.9737 0.2219 0.0516
vn 0.4992 0.7725 0.3925
vn 0.5069 0.0390 0.8611
vn -0.8542 0.4367 0.2822
vn -0.0272 -0.9407 0.3380
vn 0.4635 -0.8127 0.3531
vn -0.9436 -0.2828 0.1722
vn -0.9978 -0.0633 0.0200
vn 0.7675 0.5067 -0.3926
vn -0.7448 0.6531 0.1369
vn -0.0741 0.9870 0.1423
vn 0.2907 0.8413 0.4558
vn -0.5236 0.2787 0.8051
vn -0.0442 0.2810 -0.9587
vn -0.4879 0.3284 0.8088
vn -0.8178 -0.4763 0.3229
vn -0.1343 -0.8972 0.4208
vn 0.7949 0.6031 -0.0666
vn -0.0593 0.7406 0.6693
vn -0.8125 0.5744 0.0995
vn 0.1442 -0.8864 0.4398
vn 0.0661 -0.8724 0.4842
vn 0.8098 -0.3421 -0.4766
vn -0.9306 0.2608 -0.2567
vn 0.7927 0.5549 0.2523
vn 0.6409 0.7483 0.1713
vn 0.7239 0.6340 0.2720
vn 0.4635 0.8815 0.0897
vn -0.1255 0.9805 0.1512
vn 0.7393 0.6724 -0.0375
vn -0.5453 0.4546 -0.7042
vn 0.6309 0.7671 -0.1163
vn -0.3967 0.9179 -0.0076
vn 0.4511 -0.1159 -0.8849
vn -0.0478 0.4018 -0.9145
vn -0.1298 -0.9120 0.3892
vn 0.8489 -0.4007 0.3447
vn 0.8723 0.4685 -0.1398
vn 0.9996 -0.0242 -0.0144
vn -0.3647 0.9269 0.0887
vn 0.4812 0.8532 0.2011
vn 0.6826 0.2845 0.6732
vn 0.1945 -0.6331 0.7492
vn 0.2920 -0.9564 -0.0060
vn -0.7853 -0.5916 0.1828
vn -0.2844 0.6578 -0.6974
vn -0.4992 0.6427 -0.5811
vn -0.9932 0.1162 -0.0094
vn 0.7244 0.6128 -0.3158
vn 0.9140 0.2616 -0.3100
vn -0.5979 0.7619 0.2492
vn 0.8096 0.5700 -0.1404
vn 0.2139 0.9703 0.1126
vn -0.1013 -0.2649 -0.9589
vn -0.4782 0.2482 -0.8425
vn -0.8893 -0.1213 0.4409
vn -0.1091 0.5724 0.8127
vn -0.8520 0.4136 0.3210
vn -0.8094 -0.5078 0.2951
vn -0.9201 0.1396 -0.3658
vn 0.7976 -0.1250 0.5901
vn -0.4289 0.7607 0.4872
vn -0.2657 -0.9029 0.3378
vn 0.8108 0.4936 -0.3144
vn -0.6329 0.7121 -0.3039
vn -0.1950 0.7040 0.6829
vn 0.0775 0.4217 -0.9034
vn 0.1588 0.5708 -0.8056
vn -0.3563 0.8380 0.4132
vn 0.5319 0.1173 -0.8386
vn -0.0777 -0.9899 0.1182
vn -0.4974 0.3550 0.7916
vn -0.8193 -0.2731 -0.5041
vn 0.3531 0.8706 0.3426
vn 0.8959 0.4178 0.1513
vn 0.2747 0.8523 0.4450
vn -0.9941 -0.0671 0.0851
vn 0.7841 -0.2527 0.5669
vn 0.7616 -0.3910 0.5167
vn -0.9863 0.0589 -0.1543
vn -0.6952 -0.7172 0.0480
vn 0.9374 0.3469 -0.0311
vn -0.9305 -0.3342 0.1498
vn 0.6560 0.6868 -0.3129
vn 0.3705 0.7827 -0.5001
vn -0.9849 0.1707 0.0295
vn 0.7480 0.2792 -0.6022
vn -0.4758 0.8406 0.2589
vn -0.5672 0.8113 0.1418
vn -0.3660 0.8178 0.4441
vn -0.4625 -0.1499 -0.8739
vn 0.2893 -0.2121 -0.9334
vn 0.3717 0.3533 -0.8585
vn -0.2647 0.3408 -0.9021
vn 0.3198 0.5441 -0.7757
vn 0.9884 0.1480 -0.0337
vn -0.3964 -0.9173 0.0388
vn 0.2794 -0.7312 0.6223
vn -0.7930 -0.3978 -0.4615
vn 0.1425 -0.9439 0.2979
vn 0.4303 -0.9005 0.0626
vn 0.9742 -0.1514 -0.1671
vn -0.6913 0.4847 -0.5359
vn -0.0791 0.7563 -0.6494
vn 0.9176 -0.0707 -0.3913
vn 0.8687 0.4214 0.2604
vn 0.6030 0.6575 0.4517
vn -0.0212 0.9080 0.4185
vn 0.5935 0.6561 0.4662
vn 0.4306 0.7743 0.4637
vn 0.1953 -0.2397 -0.9510
vn 0.5167 0.2432 -0.8209
vn -0.6002 0.0170 -0.7997
vn -0.2814 0.2790 0.9181
vn -0.5624 0.3364 0.7553
vn -0.4312 -0.8122 -0.3928
vn -0.5948 -0.7999 0.0801
vn -0.9875 0.0559 0.1474
vn 0.1745 -0.9022 0.3945
vn 0.7985 0.5257 0.2933
vn -0.3806 0.7546 0.5346
vn -0.6853 0.4966 0.5327
vn 0.4575 -0.7900 0.4081
vn -0.6407 -0.6276 0.4424
vn 0.6540 0.6024 -0.4576
vn 0.0405 0.5688 -0.8215
vn 0.0614 0.8488 -0.5251
vn -0.8370 0.5172 0.1785
vn -0.6063 0.5647 0.5599
vn 0.7336 0.5810 0.3525
vn 0.5031 0.8244 0.2591
vn 0.4343 0.7464 0.5043
vn 0.0313 0.9609 0.2753
vn -0.1757 0.8457 0.5040
vn 0.2186 -0.1418 -0.9655
vn 0.0821 0.6154 -0.7840
vn -0.5446 -0.2943 0.7854
vn 0.1730 0.9777 -0.1188
vn 0.7072 0.6690 0.2287
vn -0.9722 0.2342 0.0031
vn 0.3320 0.9329 0.1393
vn 0.5259 0.2730 0.8055
vn -0.2554 -0.9508 0.1752
vn -0.3844 0.7515 -0.5362
vn 0.9896 0.0928 -0.1099
vn -0.6378 0.6443 0.4220
vn 0.3912 -0.8056 -0.4450
vn -0.4300 -0.3231 -0.8431
vn -0.7294 -0.0177 -0.6839
vn 0.6571 0.3744 -0.6543
vn -0.0778 0.4632 -0.8828
vn 0.7357 -0.6711 0.0914
vn -0.9127 -0.3290 0.2422
vn 0.2559 -0.8578 0.4457
vn -0.1270 -0.6453 0.7533
vn 0.7945 0.2793 -0.5393
vn -0.7835 0.5199 -0.3403
vn -0.9796 0.1347 -0.1490
vn 0.6919 0.5964 0.4069
vn -0.4205 0.6048 0.6763
vn -0.7520 0.0431 -0.6577
vn 0.2936 -0.2806 -0.9138
vn 0.5545 0.0411 -0.8311
vn -0.8349 -0.0405 -0.5490
vn 0.7466 0.0508 -0.6633
vn -0.7826 0.1312 -0.6085
vn 0.1694 -0.9462 0.2757
vn 0.6078 -0.7929 -0.0442
vn -0.9801 0.0353 0.1951
vn -0.7858 -0.5894 -0.1872
vn -0.3303 0.9412 0.0708
vn 0.9534 0.2894 0.0854
vn 0.6839 0.5047 0.5269
vn 0.1223 0.9570 0.2632
vn 0.6215 -0.0816 0.7791
vn 0.7059 -0.2493 0.6630
vn -0.3653 -0.4329 0.8241
vn 0.6670 -0.7212 0.1871
vn 0.3672 -0.8834 0.2913
vn 0.9976 0.0696 0.0073
vn -0.5483 0.7837 -0.2918
vn -0.9096 0.3541 -0.2172
vn 0.8441 0.2866 0.4531
vn -0.7579 0.6330 -0.1580
vn 0.7475 0.3181 -0.5831
vn -0.0826 0.7832 0.6162
vn 0.5073 -0.6467 -0.5696
vn -0.3561 0.8381 0.4132
vn 0.5618 -0.7887 -0.2495
vn 0.3519 -0.7231 -0.5944
vn -0.7137 0.3663 -0.5971
vn -0.5132 0.5248 -0.6791
vn -0.4979 -0.4860 0.7182
vn -0.3833 0.2713 0.8829
vn 0.1562 -0.9484 0.2761
vn 0.8184 0.5491 -0.1695
vn -0.9873 -0.1537 -0.0402
vn -0.8221 0.4694 -0.3221
vn 0.3035 0.7736 0.5562
vn -0.6346 0.3547 0.6867
vn -0.2474 -0.9358 0.2511
vn -0.2574 -0.8815 0.3958
vn -0.7264 -0.6858 -0.0437
vn -0.9879 0.1300 -0.0851
vn -0.4555 0.6690 0.5873
vn 0.7680 0.5036 0.3957
vn -0.5689 -0.2724 -0.7760
vn -0.1662 0.8299 -0.5326
vn 0.4017 -0.9101 0.1019
vn 0.4331 -0.8920 0.1295
vn 0.3588 -0.9255 0.1214
vn -0.5846 0.4746 0.6581
vn 0.9352 0.3541 0.0048
vn 0.6152 0.7575 0.2184
vn -0.9564 0.1483 0.2515
vn 0.2793 0.8474 0.4517
vn -0.6525 0.2991 0.6962
vn -0.7343 -0.6105 0.2968
vn 0.5289 -0.6020 0.5982
vn 0.1992 -0.1903 0.9613
vn 0.7781 0.4896 -0.3934
vn 0.8351 0.5497 -0.0237
vn -0.4780 0.6730 0.5644
vn -0.7697 0.5755 0.2763
vn 0.4825 0.8678 -0.1188
vn -0.8703 -0.2350 -0.4328
vn 0.7315 0.2789 -0.6222
vn 0.9122 0.0044 -0.4098
vn -0.4987 -0.2492 0.8302
vn 0.4986 -0.8440 0.1977
vn 0.8880 -0.4454 0.1142
vn -0.8942 -0.4054 0.1899
vn 0.5400 -0.8415 0.0151
vn -0.5194 -0.8074 0.2798
vn -0.0468 0.9960 0.0757
vn -0.7653 0.2413 0.5967
vn -0.6167 0.4669 0.6338
vn -0.0038 -0.4867 0.8736
vn 0.8071 0.3603 -0.4677
vn 0.9546 0.0895 -0.2841
vn -0.0676 0.8533 -0.5170
vn 0.4583 0.2993 0.8369
vn 0.2935 0.8059 0.5141
vn -0.4086 0.8161 0.4087
vn 0.5030 -0.5833 -0.6378
vn -0.1758 0.8456 0.5041
vn 0.3518 -0.7233 -0.5942
vn -0.1881 0.8769 0.4423
vn 0.3242 -0.5388 -0.7776
vn 0.8656 0.2545 -0.4313
vn 0.0825 -0.9192 0.3852
vn 0.8454 -0.3214 0.4267
vn 0.0910 -0.9673 0.2366
vn -0.2998 0.9533 -0.0351
vn -0.4678 0.7464 0.4733
vn 0.1880 -0.2272 0.9555
vn 0.6421 -0.3508 0.6817
vn 0.5575 0.4770 0.6794
vn -0.0968 0.9873 0.1260
vn -0.9450 -0.0922 0.3139
vn 0.2845 -0.0270 0.9583
vn 0.1730 -0.9048 0.3890
vn 0.6142 0.6600 0.4325
vn -0.5301 0.3705 0.7627
vn 0.2873 0.3646 0.8857
vn 0.4717 0.0912 0.8770
vn -0.3350 0.6510 0.6812
vn -0.8538 -0.1275 0.5047
vn -0.0345 -0.9993 0.0131
vn -0.7813 -0.6168 0.0957
vn -0.2371 -0.2741 0.9320
vn -0.1812 -0.6323 0.7532
vn 0.3880 0.7902 -0.4744
vn -0.6354 0.2873 0.7167
vn 0.0040 0.7891 0.6143
vn 0.4796 0.8045 0.3505
vn 0.8614 -0.4248 -0.2784
vn 0.8869 0.1940 -0.4192
vn -0.4558 0.6891 -0.5634
vn 0.5732 -0.8193 0.0131
vn -0.8604 -0.2161 0.4614
vn 0.8766 0.4785 -0.0503
vn -0.1692 -0.8099 0.5616
vn 0.0340 0.1227 0.9919
vn -0.2549 -0.3630 0.8962
vn -0.4946 -0.8691 0.0029
vn -0.6024 -0.4997 0.6225
vn 0.3409 -0.9270 0.1562
vn -0.5936 -0.5825 -0.5553
vn 0.3165 0.1212 -0.9408
vn 0.3085 -0.9465 -0.0949
vn -0.0914 -0.9495 0.3001
vn 0.1571 -0.0927 0.9832
vn -0.2665 -0.7608 -0.5918
vn 0.1494 0.6364 0.7568
vn -0.3560 0.9292 0.0991
vn -0.3821 -0.3726 0.8457
vn -0.4291 -0.8937 -0.1309
vn -0.2765 -0.8808 0.3843
vn 0.2161 -0.6176 0.7563
vn 0.7649 -0.2935 0.5735
vn -0.5431 0.0988 0.8338
vn -0.1377 0.7779 0.6132
vn -0.0811 0.7494 0.6571
vn -0.3565 0.6111 0.7067
vn -0.8198 -0.3291 0.4687
vn -0.1130 -0.8057 0.5815
vn -0.9286 -0.3657 0.0633
vn 0.8577 0.1391 -0.4949
vn 0.0256 0.8369 -0.5467
vn -0.8828 0.4158 -0.2187
vn 0.2565 0.6390 0.7252
vn 0.4402 0.8090 -0.3896
vn -0.7090 -0.4936 -0.5037
vn 0.3239 -0.5387 -0.7778
vn -0.8802 0.1316 -0.4559
vn -0.5851 0.0086 0.8109
vn 0.7734 0.6312 0.0583
vn 0.5425 0.8203 -0.1811
vn 0.2812 0.6191 0.7333
vn -0.3347 -0.4582 0.8234
vn -0.3474 0.2730 0.8971
vn -0.2317 -0.7806 -0.5805
vn -0.3061 0.2453 0.9198
vn -0.9476 0.2937 0.1254
vn -0.8854 0.4360 0.1609
vn 0.9669 0.1949 0.1647
vn 0.5905 0.3088 0.7456
vn 0.2767 0.7824 0.5579
vn -0.7822 0.5183 0.3459
vn -0.1880 0.8769 0.4424
vn -0.9608 0.1449 -0.2364
vn 0.4989 0.6934 -0.5200
vn 0.5310 -0.7180 0.4499
vn -0.6840 -0.7195 0.1200
vn -0.8413 0.4928 0.2221
vn -0.8941 -0.4229 0.1474
vn 0.0402 0.9937 -0.1047
vn 0.1644 0.9176 -0.3619
vn 0.2267 -0.2282 0.9468
vn -0.1605 -0.5691 0.8065
vn 0.0441 -0.9700 0.2391
vn 0.5352 -0.4580 0.7098
vn -0.9400 -0.3407 0.0182
vn 0.1001 -0.8906 -0.4436
vn 0.8040 -0.0424 0.5931
vn 0.2978 0.2828 0.9118
vn 0.2856 0.8945 0.3439
vn 0.6392 0.1247 0.7589
vn 0.9791 -0.0869 0.1837
vn 0.5441 0.6405 -0.5420
vn 0.4530 0.7622 -0.4625
vn 0.8227 0.5612 -0.0910
vn 0.2907 0.2609 0.9205
vn 0.4637 0.6284 0.6246
vn 0.8203 0.4600 0.3400
vn 0.8599 -0.3344 -0.3857
vn 0.1273 -0.8654 0.4846
vn -0.3103 -0.6966 0.6468
vn -0.9969 -0.0752 -0.0238
vn -0.7111 0.6971 -0.0913
vn 0.9508 0.2774 0.1377
vn 0.5602 0.2268 0.7967
vn 0.5536 -0.2569 -0.7922
vn -0.4404 0.3240 0.8373
vn -0.1240 -0.9225 0.3655
vn -0.3935 -0.6590 0.6409
vn 0.2387 -0.8141 0.5294
vn -0.3776 -0.4574 0.8051
vn -0.0474 -0.3944 0.9177
vn 0.4651 0.5057 -0.7266
vn 0.8137 0.3243 -0.4825
vn 0.1044 0.1831 0.9775
vn 0.3599 -0.4562 0.8138
vn 0.0205 0.2669 0.9635
vn -0.7673 0.4678 0.4387
vn -0.9708 -0.0552 -0.2335
vn 0.2796 0.9527 0.1191
vn 0.9336 0.3119 -0.1763
vn 0.8286 0.3987 -0.3930
vn 0.6828 0.6112 -0.4002
vn 0.2006 0.5866 -0.7847
vn 0.9514 -0.3063 -0.0313
vn 0.1102 -0.6825 0.7225
vn -0.1532 0.1499 0.9768
vn 0.3037 0.3045 0.9028
vn 0.4110 0.2074 0.8877
vn 0.8042 0.4861 0.3421
vn 0.2813 -0.6838 0.6732
vn 0.5217 0.6285 0.5769
vn 0.7789 0.5584 0.2854
vn -0.1046 -0.4990 -0.8603
vn 0.1284 0.3643 0.9224
vn -0.7521 -0.3826 0.5366
vn 0.9778 0.1157 0.1745
vn 0.6862 -0.5736 0.4474
vn 0.2236 -0.2938 0.9294
vn 0.3058 0.2072 0.9293
vn -0.2958 0.6958 0.6546
vn 0.0865 0.7124 0.6964
vn 0.6336 0.4431 0.6341
vn 0.8982 0.2371 0.3701
vn 0.0894 0.7535 0.6513
vn -0.9903 0.0466 -0.1308
vn 0.3003 -0.9132 0.2757
vn -0.7400 -0.4202 0.5252
vn -0.8602 0.3279 0.3905
vn 0.9911 0.0085 0.1325
vn -0.8550 0.4766 0.2045
vn 0.4431 0.1530 0.8833
vn 0.7498 -0.1328 -0.6482
vn 0.3939 0.0331 0.9185
vn 0.1802 0.7962 0.5776
vn -0.0940 0.5903 0.8017
vn 0.5476 -0.3022 0.7803
vn -0.8644 -0.4403 0.2428
vn 0.3219 -0.4938 0.8078
vn 0.9298 0.2955 -0.2193
vn 0.9681 0.1378 -0.2095
vn 0.8884 0.2758 -0.3671
vn 0.8083 0.1685 0.5641
vn 0.6288 0.0729 0.7742
vn 0.5970 0.1735 0.7832
vn -0.7343 0.1111 0.6697
vn -0.8450 0.2096 0.4919
vn 0.8809 0.1954 0.4311
vn 0.3257 0.3480 0.8791
vn 0.6767 0.2438 0.6947
vn -0.5974 0.4847 0.6389
vn -0.7306 0.3989 0.5542
vn 0.0512 0.6268 0.7775
vn -0.9397 -0.2870 -0.1859
vn 0.9978 -0.0003 -0.0669
vn -0.8725 0.3350 -0.3558
vn 0.9361 0.2931 -0.1945
vn 0.0913 0.6894 -0.7186
vn -0.0204 -0.9410 0.3379
vn -0.5704 -0.6284 0.5290
vn -0.8328 -0.4004 0.3822
vn 0.8124 -0.5533 -0.1843
vn -0.9060 0.3753 0.1956
vn -0.9999 -0.0107 0.0043
vn -0.0147 0.9950 -0.0986
vn -0.7977 0.5921 0.1144
vn -0.1707 -0.1081 0.9794
vn -0.3897 0.7036 0.5942
vn -0.4901 0.5234 0.6971
vn -0.1458 -0.7292 0.6686
vn 0.1757 0.5354 0.8261
vn 0.2715 -0.9611 -0.0506
vn 0.3718 -0.4584 -0.8072
vn -0.5263 0.3984 0.7512
vn 0.2366 -0.3731 0.8971
vn -0.2397 0.5319 0.8122
vn -0.2338 0.4071 0.8830
vn -0.7202 -0.6580 0.2201
vn -0.2201 -0.6310 0.7439
vn -0.8017 -0.2312 0.5511
vn -0.7052 -0.5089 0.4936
vn 0.1063 -0.3339 0.9366
vn 0.9148 0.2321 -0.3305
vn 0.2987 0.7920 -0.5324
vn -0.8392 0.2794 0.4665
vn -0.2758 0.7467 0.6053
vn -0.5124 0.4737 0.7163
vn -0.9381 0.2581 0.2311
vn -0.9072 -0.3836 -0.1728
vn -0.6214 -0.7791 -0.0825
vn -0.9511 0.1206 -0.2842
vn -0.2137 -0.9104 0.3543
vn -0.7808 -0.6247 0.0117
vn -0.1275 0.9236 -0.3614
vn -0.0808 -0.9244 0.3727
vn -0.9687 0.2408 -0.0600
vn 0.4227 0.5869 0.6905
vn 0.3960 -0.7048 -0.5886
vn -0.2790 0.7099 0.6467
vn 0.1306 -0.0238 0.9912
vn 0.2708 0.0357 0.9620
vn -0.3832 -0.1218 0.9156
vn -0.4001 -0.2482 0.8822
vn 0.8214 -0.5440 0.1713
vn 0.8766 0.1172 0.4666
vn 0.0143 -0.5387 0.8424
vn 0.2187 -0.9747 -0.0469
vn -0.3011 -0.9425 0.1454
vn -0.9452 -0.1100 0.3074
vn 0.7923 -0.0660 0.6066
vn 0.8173 -0.0707 0.5718
vn -0.9155 -0.0097 0.4021
vn 0.9922 -0.1184 0.0397
vn -0.0409 -0.3632 0.9308
vn 0.1683 0.9058 -0.3888
vn -0.4724 0.4707 0.7452
vn 0.8500 0.3658 0.3791
vn 0.8137 0.4581 0.3578
vn -0.1697 0.5483 0.8189
vn -0.2794 0.4964 0.8219
vn 0.5984 0.5770 0.5558
vn 0.9892 -0.0962 0.1105
vn 0.5383 -0.7800 0.3192
vn 0.0844 -0.7723 0.6296
vn 0.1409 -0.7186 0.6810
vn -0.6289 0.6431 -0.4369
vn -0.1046 -0.6253 0.7734
vn 0.7926 0.5937 0.1388
vn 0.4958 0.8683 0.0172
vn -0.0293 0.1285 0.9913
vn 0.2287 0.1259 0.9653
vn -0.0062 -0.6918 0.7221
vn -0.2814 -0.4650 0.8394
vn 0.7085 -0.6447 0.2870
vn 0.7697 -0.3713 0.5193
vn 0.1397 0.2711 0.9524
vn 0.3345 -0.6470 0.6852
vn -0.2022 0.4398 0.8750
vn -0.1992 0.1081 0.9740
vn 0.1248 -0.9146 0.3846
vn 0.2957 0.2159 0.9306
vn 0.0511 0.8302 0.5551
vn 0.1100 0.8422 0.5279
vn 0.2720 0.2563 0.9275
vn -0.1831 -0.2166 0.9589
vn -0.3548 -0.5572 0.7507
vn 0.5973 0.7235 0.3460
vn 0.6793 -0.2188 0.7005
vn 0.1779 -0.6040 0.7769
vn -0.6043 0.0073 0.7967
vn -0.0898 0.5138 0.8532
vn 0.2929 -0.4551 0.8409
vn 0.7181 0.3660 0.5920
vn 0.3961 -0.5659 -0.7231
vn -0.5572 0.3512 0.7525
vn 0.5090 -0.1501 0.8476
vn 0.2146 -0.2660 0.9398
vn 0.6999 0.3457 -0.6250
vn -0.5429 0.2940 0.7867
vn 0.4050 0.0647 0.9120
vn 0.6289 0.6419 0.4386
vn -0.5729 -0.1822 0.7991
vn -0.7661 -0.1285 0.6298
vn 0.2623 0.9242 -0.2777
vn -0.9716 0.2348 0.0283
vn -0.1735 0.8627 -0.4749
vn -0.0345 0.0830 0.9959
vn -0.7951 0.0093 0.6064
vn -0.3345 0.1358 0.9326
vn 0.0970 -0.0191 0.9951
vn 0.6383 0.0181 0.7696
vn -0.3839 0.8528 0.3540
vn 0.0587 0.3408 0.9383
vn 0.9093 0.3929 -0.1371
vn -0.1454 0.7467 0.6490
vn -0.9394 -0.2374 -0.2472
vn -0.7150 0.6262 -0.3110
vn 0.2076 -0.9278 0.3099
vn -0.6943 -0.4815 0.5349
vn 0.8872 0.4349 0.1542
vn 0.4206 0.2159 0.8812
vn 0.1492 0.3853 0.9106
vn -0.1627 0.1392 0.9768
vn 0.3379 -0.0132 0.9411
vn 0.0286 -0.8236 0.5664
vn -0.2521 -0.9215 0.2955
vn -0.0546 0.2315 0.9713
vn 0.4250 -0.5996 0.6781
vn -0.1784 -0.6625 0.7276
vn -0.1875 0.6556 0.7315
vn 0.3953 -0.3782 0.8371
vn 0.1721 0.4746 0.8632
vn 0.7651 -0.3623 -0.5323
vn 0.0924 -0.1223 -0.9882
vn -0.6046 -0.6967 0.3862
vn -0.3901 -0.9204 0.0280
vn 0.1129 -0.5972 -0.7941
vn -0.0250 0.5941 0.8040
vn 0.3236 -0.2160 0.9212
vn -0.3577 0.1205 0.9260
vn -0.7247 -0.3207 0.6099
vn 0.4544 -0.6518 0.6071
vn -0.3620 -0.5116 0.7792
vn 0.3086 -0.3362 0.8898
vn -0.6939 -0.4537 0.5591
vn -0.1082 -0.3485 0.9310
vn -0.2215 0.9199 0.3237
vn 0.9464 0.2846 0.1529
vn 0.7614 0.6466 -0.0459
vn 0.4488 -0.0599 0.8916
vn -0.2343 0.1370 0.9625
vn 0.1811 0.1567 0.9709
vn 0.7750 0.0424 0.6306
vn 0.8169 0.1198 0.5642
vn -0.3350 0.7043 0.6259
vn -0.9307 0.0054 0.3658
vn 0.8477 -0.2091 -0.4874
vn -0.3942 -0.4584 0.7965
vn -0.8382 -0.2486 0.4854
vn 0.7189 -0.6925 -0.0602
vn 0.9279 -0.1783 0.3275
vn -0.9402 -0.2972 0.1663
vn 0.3316 0.4143 0.8476
vn 0.3974 0.2104 0.8932
vn 0.7951 -0.4898 0.3578
vn 0.6622 0.1722 0.7293
vn -0.1776 -0.5696 0.8025
vn -0.2047 -0.4250 0.8818
vn 0.0251 -0.9108 0.4120
vn 0.3062 -0.6297 0.7140
vn 0.4569 -0.6183 0.6395
vn -0.0776 -0.9156 0.3945
vn 0.6134 0.5198 0.5946
vn 0.7227 -0.2702 0.6362
vn -0.5831 0.5815 0.5673
vn -0.9910 -0.0862 -0.1025
vn -0.3252 0.1051 0.9398
vn 0.3223 0.5591 0.7639
vn -0.3656 -0.0135 0.9307
vn 0.0546 -0.8052 -0.5905
vn -0.8965 -0.2658 0.3546
vn 0.9271 -0.3182 0.1980
vn -0.5803 -0.6924 0.4288
vn -0.6481 -0.4088 0.6425
vn 0.8659 0.0626 0.4964
vn 0.9678 -0.1645 0.1908
vn -0.6191 -0.2267 0.7519
vn 0.4986 -0.2776 0.8212
vn -0.4826 -0.4470 0.7532
vn 0.6676 0.4147 0.6184
vn -0.6772 -0.0613 0.7333
vn 0.0343 0.8933 -0.4482
vn 0.9001 0.1438 0.4113
vn -0.4115 0.1033 0.9055
vn -0.0499 0.3203 0.9460
vn 0.8148 0.1300 0.5650
vn -0.8733 0.1094 0.4748
vn -0.1529 0.4412 0.8843
vn -0.0190 0.3843 0.9230
vn 0.3327 0.8078 0.4867
vn 0.9517 0.1319 0.2771
vn 0.8624 -0.4876 -0.1362
vn -0.8938 -0.4474 -0.0296
vn 0.9540 0.1241 -0.2729
vn -0.5103 0.8038 -0.3058
vn 0.6101 -0.7324 0.3024
vn -0.6795 -0.7314 0.0580
vn -0.3871 0.8936 -0.2274
vn -0.6889 -0.7106 0.1429
vn -0.1494 -0.5206 0.8406
vn 0.0844 0.9210 -0.3803
vn -0.1814 0.8478 0.4983
vn 0.5980 -0.3602 0.7160
vn -0.0317 -0.9068 0.4203
vn 0.2712 -0.9623 -0.0199
vn 0.2936 0.0276 0.9555
vn 0.1003 -0.4088 0.9071
vn 0.3850 -0.8863 0.2574
vn 0.0332 0.3537 0.9348
vn 0.1018 0.9948 0.0100
vn 0.5232 -0.4720 0.7096
vn -0.9470 0.1736 -0.2702
vn -0.1996 -0.9103 -0.3626
vn 0.7142 -0.2504 -0.6537
vn -0.1534 0.0840 0.9846
vn -0.5351 -0.4415 0.7202
vn 0.0363 0.2113 0.9768
vn -0.0922 0.2741 0.9573
vn -0.1827 -0.4416 0.8784
vn 0.5736 -0.1867 0.7976
vn 0.4038 -0.3177 0.8579
vn 0.9803 0.1913 0.0501
vn 0.6868 -0.2535 0.6812
vn 0.5714 -0.3735 0.7307
vn -0.5323 -0.4448 0.7202
vn -0.7443 0.1925 0.6395
vn -0.2941 -0.2332 0.9269
vn -0.8104 -0.1729 0.5598
vn 0.8159 0.3704 0.4440
vn -0.3794 0.8748 -0.3012
vn 0.5332 0.1263 0.8365
vn -0.7649 0.6416 0.0569
vn 0.4874 0.0658 0.8707
vn -0.3528 0.4017 0.8451
vn -0.8970 0.0829 0.4343
vn -0.5961 0.4865 0.6388
vn -0.3372 0.3821 0.8604
vn 0.1560 0.6093 0.7774
vn 0.6824 -0.7234 -0.1054
vn 0.8611 0.4881 -0.1423
vn -0.0361 -0.9371 0.3472
vn 0.1110 -0.4033 0.9083
vn -0.9055 -0.3957 -0.1535
vn 0.0426 -0.3193 0.9467
vn 0.0421 -0.1354 0.9899
vn -0.2400 -0.7246 0.6460
vn 0.9135 0.4067 -0.0055
vn 0.4729 0.8748 -0.1058
vn 0.5451 0.8240 0.1543
vn -0.0554 0.2016 0.9779
vn 0.5178 0.1299 0.8456
vn 0.7269 0.6307 0.2718
vn 0.2770 0.5997 0.7507
vn 0.3649 -0.8629 0.3497
vn -0.2564 0.9662 0.0255
vn -0.9708 0.0700 -0.2297
vn -0.4178 0.1983 0.8866
vn 0.2060 0.5410 0.8154
vn -0.2359 -0.6102 0.7563
vn 0.3621 0.5807 0.7291
vn 0.3515 0.7738 -0.5270
vn -0.3922 -0.8624 -0.3200
vn -0.1814 0.5388 0.8226
vn -0.0779 0.4260 0.9014
vn -0.4159 -0.6457 0.6404
vn -0.2495 -0.6413 0.7256
vn -0.0559 -0.5572 0.8285
vn 0.9282 0.0353 0.3703
vn 0.3875 -0.0838 0.9180
vn 0.4043 0.0313 0.9141
vn 0.2206 0.7948 -0.5653
vn 0.5321 -0.0127 0.8466
vn -0.7678 0.2263 0.5994
vn 0.1603 0.5055 0.8478
vn -0.8514 -0.3541 -0.3869
vn -0.8675 -0.2600 -0.4240
vn -0.4230 -0.5087 0.7498
vn -0.6140 -0.5332 0.5820
vn -0.6601 -0.5669 0.4929
vn -0.9905 0.0054 0.1371
vn 0.0808 -0.3947 0.9153
vn 0.6934 0.7078 0.1346
vn -0.2811 -0.0639 0.9576
vn -0.1189 -0.8666 0.4847
vn 0.2209 -0.7782 0.5878
vn 0.8567 -0.1843 0.4817
vn -0.6095 0.7596 -0.2270
vn -0.9435 -0.2553 -0.2114
vn 0.1018 0.8364 0.5386
vn -0.4953 0.4976 -0.7121
vn -0.1801 0.0191 -0.9835
vn -0.2535 0.2980 0.9203
vn -0.5301 -0.8472 -0.0349
vn 0.4842 -0.1976 0.8523
vn 0.9955 0.0870 -0.0366
vn 0.7686 0.5211 -0.3710
vn -0.2154 0.2574 0.9420
vn 0.8649 0.2795 0.4170
vn -0.8556 0.0063 0.5176
vn 0.4286 0.0973 0.8982
vn 0.6140 -0.0401 0.7883
vn 0.7330 0.0886 0.6744
vn 0.0914 0.3560 0.9300
vn 0.4255 0.4652 0.7762
vn -0.4957 0.3641 0.7885
vn -0.6116 0.2211 0.7597
vn 0.8997 -0.3470 -0.2648
vn -0.8790 0.4141 -0.2366
vn 0.7276 0.6646 -0.1699
vn 0.4737 0.8544 -0.2136
vn 0.7998 -0.4716 0.3714
vn 0.0960 -0.9190 0.3824
vn 0.7925 -0.6052 -0.0756
vn -0.9087 -0.1692 0.3817
vn -0.1090 -0.1414 0.9839
vn 0.3489 -0.7017 0.6213
vn 0.1688 0.7698 0.6156
vn 0.0923 0.9354 0.3413
vn 0.1711 -0.4610 0.8708
vn -0.1145 -0.1959 -0.9739
vn 0.1563 0.5724 0.8050
vn -0.5611 -0.4093 0.7195
vn -0.7053 -0.0723 0.7052
vn 0.1313 -0.5275 0.8394
vn 0.4352 -0.1560 0.8867
vn 0.6127 -0.7379 0.2830
vn -0.8447 -0.0978 0.5262
vn -0.9145 -0.3450 0.2115
vn -0.2654 -0.2270 0.9370
vn -0.6981 -0.1510 0.6999
vn 0.1658 -0.0795 0.9829
vn 0.2961 -0.3290 0.8967
vn -0.2597 -0.4192 0.8699
vn 0.9166 0.3988 0.0288
vn 0.9234 0.3829 0.0252
vn -0.0420 -0.0033 0.9991
vn -0.0219 0.9396 -0.3415
vn -0.4411 0.6468 0.6222
vn 0.8314 -0.0268 0.5550
vn -0.4509 0.2357 0.8609
vn 0.6773 0.0018 0.7357
vn -0.0325 0.9885 -0.1476
vn 0.2006 0.9537 -0.2238
vn 0.7742 0.5256 0.3525
vn -0.8357 -0.5100 0.2035
vn -0.8945 -0.1076 -0.4339
vn -0.7171 0.6907 0.0937
vn -0.3734 0.9232 0.0905
vn -0.4208 -0.4104 0.8090
vn -0.1532 -0.6529 0.7418
vn -0.0455 0.3930 0.9184
vn 0.2344 0.6809 0.6938
vn -0.1018 -0.9381 0.3311
vn -0.0998 -0.9945 0.0313
vn -0.4827 0.3626 0.7972
vn -0.2482 0.2992 0.9213
vn -0.7792 -0.1963 0.5953
vn -0.6520 -0.5092 0.5618
vn -0.0176 -0.8466 0.5319
vn -0.6820 -0.3309 0.6522
vn -0.2863 -0.3922 0.8742
vn 0.7731 0.3915 -0.4991
vn -0.1910 -0.4399 0.8775
vn 0.9557 0.1938 0.2216
vn -0.8269 0.5097 -0.2374
vn -0.4010 -0.0637 0.9139
vn -0.1255 0.0779 0.9890
vn 0.3875 0.4860 0.7834
vn 0.7297 -0.4600 -0.5058
vn 0.8661 -0.1810 -0.4659
vn -0.3725 -0.9169 0.1433
vn 0.7276 -0.6855 0.0250
vn 0.9163 0.0759 0.3932
vn -0.9958 0.0609 0.0685
vn -0.6097 0.7926 0.0113
vn 0.4553 -0.8117 0.3659
vn 0.5855 -0.3966 0.7071
vn 0.7771 0.6255 -0.0700
vn -0.5179 -0.5266 0.6742
vn 0.3579 0.4009 0.8433
vn -0.6147 -0.2731 0.7400
vn -0.1937 -0.0152 0.9809
vn 0.0738 -0.8482 0.5245
vn 0.0129 -0.5986 0.8010
vn -0.6367 0.0877 0.7661
vn -0.4729 0.3699 0.7997
vn -0.0554 0.4229 0.9045
vn -0.0964 -0.4225 0.9012
vn 0.0204 -0.1444 0.9893
vn 0.7290 0.4431 0.5218
vn 0.4585 -0.4681 0.7554
vn 0.5120 -0.5496 0.6601
vn 0.9484 -0.1746 0.2647
vn -0.7362 -0.1098 0.6678
vn 0.9751 0.2014 0.0925
vn -0.1509 0.3055 0.9402
vn 0.3719 0.0719 0.9255
vn -0.0402 0.4975 0.8665
vn 0.9270 0.3169 -0.2005
vn -0.3484 0.9240 -0.1577
vn -0.6024 -0.7320 0.3182
vn -0.7919 -0.0424 0.6092
vn 0.0991 0.9768 -0.1897
vn 0.9526 -0.1482 0.2656
vn 0.6681 -0.2453 0.7025
vn 0.1018 -0.3742 0.9218
vn -0.1034 0.4495 0.8873
vn -0.0144 -0.6652 0.7465
vn 0.1295 0.5203 0.8441
vn -0.0277 0.2928 0.9558
vn 0.0605 0.1370 0.9887
vn 0.1463 0.4690 0.8710
vn 0.3184 0.7697 0.5533
vn 0.1770 0.0433 0.9832
vn 0.1225 0.0763 0.9895
vn 0.1254 0.1098 0.9860
vn -0.0680 0.5132 0.8556
vn -0.9333 -0.3300 0.1416
vn 0.1538 0.4954 0.8549
vn -0.1362 -0.8184 0.5582
vn -0.5533 -0.4971 0.6684
vn 0.1474 -0.3741 0.9156
vn -0.4819 -0.2599 0.8368
vn -0.5128 -0.2402 0.8242
vn -0.1854 0.6569 0.7308
vn 0.4728 0.7652 -0.4370
vn 0.0093 0.5308 0.8475
vn 0.5501 0.4403 0.7096
vn 0.1738 0.2135 0.9614
vn -0.2536 0.2240 0.9410
vn 0.9228 -0.0932 0.3738
vn -0.7784 -0.5193 -0.3528
vn 0.9852 -0.0579 -0.1612
vn -0.8146 0.5670 -0.1220
vn -0.3612 -0.7777 0.5145
vn 0.7767 -0.6071 -0.1678
vn 0.0370 0.7139 0.6993
vn -0.6337 -0.5784 0.5137
vn 0.4523 0.8913 -0.0326
vn -0.1312 0.3796 0.9158
vn -0.1198 0.9451 -0.3041
vn 0.6143 0.5837 0.5310
vn -0.3394 0.4190 0.8422
vn -0.0347 0.3970 0.9172
vn 0.0074 -0.8979 -0.4401
vn 0.2462 -0.9161 0.3164
vn -0.0060 -0.1892 0.9819
vn 0.2045 0.3284 0.9222
vn 0.3617 0.4793 0.7997
vn 0.2409 0.5523 0.7981
vn 0.3442 0.1822 0.9211
vn 0.2314 -0.1770 0.9566
vn -0.7375 -0.1945 0.6467
vn -0.5588 0.8143 0.1569
vn 0.3066 0.0537 0.9503
vn -0.6668 -0.2456 0.7036
vn -0.6879 -0.1642 0.7070
vn 0.1058 0.1148 0.9877
vn -0.3038 0.4790 0.8236
vn 0.0978 0.4991 0.8610
vn -0.3420 0.2122 0.9154
vn -0.0129 0.2378 0.9712
vn -0.3016 0.0250 0.9531
vn -0.5665 -0.8234 -0.0332
vn -0.7942 0.1385 -0.5916
vn -0.0507 -0.8909 0.4514
vn -0.9124 -0.3622 0.1909
vn 0.6720 0.6681 0.3195
vn -0.0825 0.6394 0.7644
vn -0.0595 0.2531 0.9656
vn -0.3235 0.3593 0.8754
vn 0.0836 -0.5488 0.8318
vn 0.3470 -0.8778 0.3302
vn -0.1087 -0.9869 -0.1193
vn 0.4999 0.6871 0.5273
vn 0.2068 0.0458 0.9773
vn 0.1790 0.5971 0.7819
vn -0.1335 0.5691 0.8114
vn 0.0026 0.1186 0.9929
vn -0.6395 -0.6017 0.4785
vn 0.2385 0.0534 0.9697
vn -0.1978 -0.1155 0.9734
vn -0.0484 -0.0758 0.9959
vn -0.6076 -0.3549 0.7106
vn -0.8096 -0.1250 0.5735
vn 0.3659 -0.8770 0.3113
vn -0.6904 -0.4705 0.5496
vn -0.5337 -0.0652 0.8432
vn 0.8694 -0.0624 0.4901
vn -0.6443 -0.0057 0.7648
vn -0.1683 0.3821 0.9087
vn -0.5213 -0.1563 0.8389
vn -0.8548 -0.1541 0.4955
vn -0.7661 -0.5259 -0.3695
vn 0.9839 0.0288 -0.1765
vn -0.5404 -0.8198 0.1894
vn -0.0661 0.7096 0.7015
vn 0.1790 0.8712 0.4572
vn 0.5045 0.0267 0.8630
vn -0.1978 -0.9130 0.3568
vn -0.1849 -0.7788 0.5994
vn -0.1288 -0.2703 0.9541
vn 0.5939 0.4818 0.6443
vn -0.2547 -0.1474 0.9557
vn 0.0428 0.3339 0.9416
vn -0.4927 -0.3311 0.8048
vn 0.0359 -0.8405 0.5406
vn -0.5555 -0.3942 0.7321
vn -0.1488 -0.1081 0.9829
vn 0.3402 -0.1950 0.9199
vn 0.9902 0.1211 -0.0695
vn 0.3790 -0.1410 0.9146
vn -0.3382 0.0675 0.9386
vn -0.3545 0.0593 0.9332
vn 0.2420 -0.1880 0.9519
vn -0.5695 -0.2393 0.7864
vn 0.2866 0.0508 0.9567
vn -0.7998 0.0945 0.5928
vn -0.1490 0.2430 0.9585
vn -0.3496 -0.1251 0.9285
vn -0.2139 0.2869 0.9338
vn 0.4270 0.0564 0.9025
vn 0.6966 0.7155 0.0528
vn -0.3527 -0.7567 0.5505
vn 0.5585 -0.8094 -0.1816
vn -0.8135 -0.4495 0.3690
vn -0.7565 -0.4488 0.4757
vn 0.2250 -0.7231 0.6531
vn 0.6393 -0.6321 -0.4379
vn 0.7976 -0.5939 -0.1052
vn 0.7344 0.1557 0.6606
vn -0.6874 -0.5751 0.4435
vn -0.1058 -0.4237 0.8996
vn -0.1454 -0.9071 0.3951
vn -0.1527 0.2462 0.9571
vn 0.0583 -0.2295 0.9716
vn 0.1527 -0.3724 0.9154
vn -0.1811 -0.9536 -0.2404
vn 0.2881 -0.5155 0.8070
vn 0.0312 0.0889 0.9956
vn -0.1347 -0.4277 0.8938
vn -0.2045 -0.6642 0.7190
vn 0.2301 -0.3593 0.9044
vn 0.4010 0.7533 0.5213
vn -0.3066 -0.0346 0.9512
vn 0.0988 0.2750 0.9564
vn -0.0607 -0.1341 0.9891
vn 0.0615 -0.0427 0.9972
vn -0.4007 -0.6370 0.6585
vn 0.7108 -0.4702 0.5232
vn -0.6580 0.7463 -0.0999
vn -0.3249 -0.0167 0.9456
vn 0.3633 -0.1466 0.9200
vn -0.0759 0.9122 -0.4026
vn 0.8583 0.4389 0.2659
vn 0.3172 0.8867 0.3365
vn 0.4155 0.9020 -0.1176
vn 0.4782 0.5675 0.6703
vn -0.6457 -0.0291 0.7630
vn 0.5224 -0.0327 0.8521
vn 0.3347 -0.1306 0.9332
vn -0.0641 0.1955 0.9786
vn 0.1632 0.3759 0.9122
vn 0.7883 -0.5828 -0.1976
vn 0.9196 -0.2630 -0.2918
vn -0.7171 0.6965 0.0239
vn -0.5785 0.8157 -0.0035
vn 0.4252 -0.7339 0.5297
vn 0.7040 -0.2924 0.6472
vn 0.8749 0.2622 0.4071
vn -0.8733 -0.2860 0.3944
vn -0.4222 -0.8919 0.1620
vn -0.8143 0.3913 0.4287
vn -0.8090 0.2932 0.5095
vn 0.6246 -0.2796 0.7291
vn 0.0894 -0.5773 0.8116
vn 0.0316 0.1085 0.9936
vn 0.1204 0.0486 0.9915
vn -0.1968 -0.7857 0.5864
vn 0.5595 0.6030 0.5686
vn -0.0575 0.2643 0.9627
vn -0.0995 -0.0813 0.9917
vn -0.0045 -0.0857 0.9963
vn 0.5502 -0.4584 0.6979
vn -0.2265 -0.2995 0.9268
vn -0.8645 0.3757 0.3338
vn -0.3939 0.0108 0.9191
vn -0.0270 -0.2899 0.9567
vn 0.0636 0.4429 0.8943
vn 0.9636 0.2673 -0.0035
vn -0.9260 0.3079 0.2185
vn -0.0874 -0.1179 0.9892
vn -0.0324 -0.1199 0.9923
vn 0.4377 -0.0804 0.8955
vn -0.2029 -0.0997 0.9741
vn 0.2158 -0.3497 0.9117
vn -0.2643 -0.4125 0.8718
vn 0.2138 -0.0215 0.9766
vn 0.1273 0.1555 0.9796
vn -0.1086 0.0753 0.9912
vn 0.2679 0.1812 0.9463
vn 0.0018 0.3448 0.9387
vn 0.3490 0.9335 0.0824
vn -0.1598 -0.8417 0.5158
vn 0.4785 -0.8555 0.1979
vn 0.5849 -0.6275 0.5139
vn -0.7817 -0.0619 0.6206
vn 0.0776 0.9919 -0.1004
vn 0.0608 0.9691 0.2392
vn 0.0763 -0.4810 0.8734
vn -0.2688 -0.7653 0.5848
vn -0.2671 0.2117 0.9401
vn 0.0887 0.3514 0.9320
vn 0.0992 -0.0770 0.9921
vn -0.3261 0.1971 0.9246
vn -0.2817 0.4252 0.8601
vn -0.7688 0.5976 0.2277
vn 0.8834 0.3955 -0.2514
vn 0.6488 -0.1878 0.7374
vn 0.7407 0.6663 -0.0861
vn -0.0106 0.9965 0.0832
vn -0.4567 -0.7882 0.4126
vn -0.6358 0.7359 0.2330
vn -0.6970 0.6909 0.1919
vn 0.3736 0.5905 0.7154
vn 0.0816 0.5500 0.8312
vn -0.0874 0.9851 0.1479
vn -0.8412 0.0884 0.5334
vn 0.5552 0.7822 0.2827
vn -0.0880 0.5856 0.8058
vn 0.1507 0.1370 0.9790
vn 0.4005 0.2600 0.8786
vn 0.4803 0.1376 0.8663
vn 0.0978 0.0221 0.9950
vn -0.1321 -0.0675 0.9889
vn -0.0851 -0.1021 0.9911
vn -0.7039 -0.5296 0.4733
vn 0.7804 -0.2995 0.5489
vn -0.0076 -0.1169 0.9931
vn 0.1428 -0.1014 0.9845
vn 0.9750 0.1915 -0.1124
vn 0.1972 0.0848 0.9767
vn -0.1429 -0.0214 0.9895
vn 0.2004 -0.1845 0.9622
vn -0.1344 0.0546 0.9894
vn -0.0352 -0.1320 0.9906
vn -0.1164 -0.0674 0.9909
vn -0.1667 -0.3015 0.9388
vn 0.0356 -0.1569 0.9870
vn -0.0534 0.0236 0.9983
vn 0.5022 0.1120 0.8574
vn 0.3283 0.2850 0.9006
vn -0.3134 0.0178 0.9495
vn -0.8965 0.0571 -0.4394
vn -0.9973 -0.0664 -0.0309
vn 0.2749 -0.9354 0.2224
vn 0.1561 -0.9036 0.3988
vn 0.7447 -0.6607 0.0942
vn -0.4662 0.5788 0.6690
vn -0.2301 0.6588 0.7162
vn 0.2938 0.2302 0.9277
vn -0.1167 0.4136 0.9030
vn -0.4651 -0.6292 0.6227
vn -0.3540 -0.7210 0.5956
vn -0.0355 -0.0574 0.9977
vn -0.0097 -0.0927 0.9956
vn 0.0819 -0.0250 0.9963
vn 0.1514 -0.0004 0.9885
vn -0.0378 -0.0387 0.9985
vn 0.3033 0.0502 0.9516
vn -0.9574 -0.1731 -0.2309
vn -0.4474 0.0474 0.8931
vn -0.0416 0.0363 0.9985
vn 0.0659 0.9976 -0.0195
vn 0.2328 -0.0195 0.9723
vn -0.1170 -0.0216 0.9929
vn -0.4085 -0.1350 0.9027
vn -0.4750 -0.0692 0.8772
vn -0.0341 0.2853 0.9578
vn 0.0352 0.0892 0.9954
vn 0.1122 0.0514 0.9924
vn -0.3559 0.2885 0.8889
vn 0.1166 0.3716 0.9210
vn 0.8743 0.1201 -0.4703
vn -0.9962 -0.0715 -0.0488
vn 0.8246 0.5464 -0.1466
vn 0.5154 -0.8382 -0.1783
vn -0.7776 -0.1250 0.6161
vn -0.5086 -0.7866 0.3500
vn -0.8299 -0.5191 0.2044
vn -0.7075 -0.6327 0.3147
vn 0.3447 -0.0079 0.9387
vn -0.1103 -0.3043 0.9462
vn 0.1545 -0.1400 0.9780
vn -0.5971 -0.1566 0.7867
vn 0.2789 0.1102 0.9540
vn -0.0218 -0.0198 0.9996
vn 0.9530 0.0242 0.3021
vn 0.8831 0.2689 0.3845
vn -0.6758 0.6264 -0.3884
vn 0.0627 0.0626 0.9961
vn -0.0052 -0.0217 0.9998
vn -0.1011 -0.1215 0.9874
vn -0.3598 -0.0575 0.9313
vn 0.1995 0.3858 0.9008
vn 0.8386 -0.5122 0.1857
vn -0.9239 0.2765 -0.2646
vn 0.0225 -0.9321 0.3614
vn -0.1868 -0.8741 0.4484
vn -0.7244 0.4443 0.5271
vn -0.0334 0.9561 0.2913
vn -0.1024 0.9371 0.3336
vn -0.2153 0.5538 0.8043
vn 0.2004 0.1847 0.9622
vn -0.4884 -0.3350 0.8057
vn -0.3509 -0.1449 0.9251
vn -0.0154 -0.6339 0.7733
vn -0.3867 -0.6117 0.6901
vn -0.0375 -0.0271 0.9989
vn 0.2823 -0.4594 0.8422
vn -0.6028 -0.2032 0.7716
vn -0.0137 0.1261 0.9919
vn -0.1476 0.2001 0.9686
vn -0.4755 -0.1064 0.8733
vn 0.5460 -0.2797 0.7897
vn 0.7281 -0.5091 0.4591
vn -0.0977 -0.8768 -0.4708
vn -0.7840 0.6200 0.0304
vn -0.3662 0.9264 0.0879
vn -0.9447 -0.2928 0.1476
vn -0.5942 -0.7801 -0.1961
vn -0.7545 0.0781 0.6516
vn -0.6349 -0.7622 -0.1263
vn 0.5912 0.5770 0.5635
vn 0.5999 0.7350 0.3161
vn -0.2757 0.8120 0.5144
vn -0.4487 0.6264 0.6373
vn -0.1774 0.2623 0.9485
vn -0.0707 0.1893 0.9794
vn -0.3072 -0.4158 0.8560
vn 0.0402 0.0944 0.9947
vn 0.0371 0.0205 0.9991
vn 0.5896 0.7378 -0.3287
vn -0.8118 0.0039 -0.5839
vn -0.2634 0.9262 -0.2697
vn 0.1627 0.4234 0.8912
vn 0.0907 0.1475 0.9849
vn 0.0743 0.3750 0.9240
vn 0.4298 -0.4814 0.7639
vn -0.5553 -0.0850 0.8273
vn -0.6954 -0.2500 0.6737
vn 0.9733 -0.2090 0.0947
vn -0.8575 -0.2966 -0.4203
vn -0.1713 -0.8130 0.5565
vn 0.6574 -0.6207 0.4272
vn 0.7813 -0.0279 0.6235
vn 0.6837 -0.4986 0.5329
vn -0.9708 -0.2367 0.0383
vn -0.0113 -0.4055 0.9140
vn 0.0758 -0.0895 0.9931
vn 0.2767 0.1758 0.9447
vn -0.0260 -0.0175 0.9995
vn 0.5204 -0.7330 0.4381
vn -0.7780 -0.3740 0.5048
vn -0.7365 0.6640 -0.1290
vn -0.3054 0.9281 -0.2130
vn -0.1753 -0.1161 0.9776
vn 0.0083 0.3327 0.9430
vn 0.9966 -0.0538 0.0616
vn -0.6439 -0.4898 0.5877
vn 0.5495 -0.4722 0.6892
vn 0.7901 -0.4757 0.3866
vn -0.5280 -0.8253 0.2001
vn 0.7635 0.3028 0.5704
vn -0.9501 0.1156 0.2899
vn 0.1512 0.5443 0.8251
vn -0.3470 0.8407 0.4158
vn -0.2752 0.9210 0.2757
vn -0.1238 0.9210 0.3694
vn 0.6301 0.7764 -0.0148
vn -0.1692 0.4214 0.8909
vn -0.1327 0.3503 0.9272
vn -0.7182 -0.4541 0.5272
vn -0.7820 -0.4043 0.4743
vn 0.6440 -0.3157 0.6968
vn 0.8446 0.4089 -0.3457
vn -0.6178 0.5983 0.5103
vn -0.0188 0.1759 0.9842
vn 0.0332 0.3210 0.9465
vn -0.9189 -0.2403 0.3128
vn 0.6745 -0.7379 0.0245
vn 0.5530 -0.7538 -0.3549
vn 0.4170 0.3508 -0.8385
vn 0.9699 0.0367 -0.2408
vn -0.3765 -0.6545 0.6557
vn -0.6884 -0.5361 0.4887
vn 0.5071 -0.4216 0.7517
vn -0.1285 0.9675 0.2176
vn 0.0542 0.9985 -0.0006
vn 0.1122 0.4961 0.8610
vn -0.0594 0.2882 0.9557
vn 0.0567 0.0369 0.9977
vn -0.0067 -0.7243 0.6895
vn -0.6477 -0.3432 0.6803
vn -0.3023 -0.9101 -0.2833
vn 0.6786 -0.1064 -0.7267
vn 0.9251 0.3790 -0.0224
vn 0.4172 -0.8792 -0.2302
vn -0.8476 -0.5228 0.0906
vn 0.3865 0.0262 0.9219
vn 0.3573 0.4812 0.8005
vn -0.9013 0.4327 -0.0211
vn -0.5243 0.3657 0.7690
vn 0.2331 0.8995 -0.3694
vn 0.6986 -0.5395 -0.4700
vn -0.8259 -0.1851 0.5326
vn 0.5315 -0.1095 0.8399
vn -0.8861 -0.1954 0.4204
vn 0.4254 -0.4477 0.7865
vn -0.8018 -0.5844 -0.1244
vn -0.8073 0.1854 -0.5603
vn 0.6760 0.2109 -0.7061
vn 0.5548 0.8221 0.1278
vn 0.2294 -0.7724 0.5923
vn 0.6239 0.2798 0.7297
vn -0.1287 0.4838 0.8657
vn -0.1677 0.4816 0.8602
vn 0.6852 0.3247 0.6520
vn 0.9559 -0.2708 0.1135
vn 0.1118 -0.4572 0.8823
vn 0.8015 0.5978 0.0127
vn 0.9369 0.2077 0.2813
vn -0.0164 0.9428 -0.3330
vn -0.0268 0.9996 0.0133
vn 0.0504 -0.7070 0.7054
vn -0.7533 -0.5211 0.4013
vn -0.6854 -0.7110 -0.1573
vn -0.6269 0.1074 0.7716
vn -0.1121 0.9457 0.3051
vn -0.6907 -0.3520 0.6317
vn -0.9272 -0.1460 0.3448
vn -0.2315 0.3434 0.9102
vn 0.2926 0.5180 0.8038
vn -0.5351 -0.5226 0.6638
vn 0.9491 0.2338 0.2109
vn -0.9818 0.1895 -0.0116
vn -0.4407 0.8793 0.1804
vn 0.0261 -0.7090 0.7048
vn 0.5275 -0.6414 0.5571
vn 0.5660 -0.0991 0.8184
vn 0.1604 0.9036 0.3972
vn -0.8549 -0.4158 0.3103
vn 0.0087 -0.2514 0.9678
vn 0.2959 0.6603 0.6903
vn -0.4417 0.7278 -0.5246
vn -0.3254 -0.0684 0.9431
vn 0.5065 -0.6055 0.6139
vn -0.9789 -0.0011 0.2044
vn 0.9644 0.1022 -0.2438
vn 0.9878 0.0751 0.1367
vn 0.1672 -0.7280 0.6649
vn 0.3192 -0.5858 0.7449
vn 0.1108 -0.4904 0.8644
vn -0.5420 -0.8395 0.0370
vn -0.8582 -0.2358 0.4559
vn 0.2217 0.8408 0.4939
vn -0.7916 -0.6097 0.0416
vn -0.6548 0.3167 -0.6862
vn 0.6868 -0.7016 0.1900
vn 0.4994 -0.8385 -0.2181
vn 0.7918 0.6107 -0.0103
vn 0.5444 -0.1421 0.8267
vn 0.4074 0.0547 0.9116
vn 0.3134 0.2911 0.9039
vn -0.2051 0.8777 0.4331
vn -0.4413 0.8116 0.3828
vn 0.0610 0.9891 -0.1338
vn 0.1035 0.9924 -0.0670
vn 0.1514 -0.1734 0.9731
vn -0.4062 -0.3896 0.8266
vn -0.6513 -0.3224 -0.6870
vn -0.4843 0.8574 -0.1742
vn 0.0667 -0.7590 0.6477
vn -0.6735 -0.7212 -0.1624
vn -0.9000 -0.4278 0.0834
vn 0.8266 -0.5451 -0.1399
vn 0.7829 -0.6022 0.1559
vn 0.5768 0.8168 0.0091
vn -0.3657 -0.4062 0.8374
vn 0.0635 -0.5088 0.8586
vn -0.3919 -0.9199 0.0133
vn -0.6066 -0.5547 0.5694
vn -0.6513 0.7544 0.0823
vn 0.0854 0.9915 -0.0985
vn -0.9822 -0.1873 -0.0138
vn -0.9793 0.1016 0.1751
vn -0.5877 0.7477 0.3092
vn 0.0556 0.9942 0.0917
vn -0.6538 -0.7325 0.1898
vn 0.0286 -0.5351 0.8443
vn 0.3147 0.3281 0.8907
vn -0.5667 0.2181 0.7945
vn 0.5434 0.4703 0.6954
vn -0.2323 -0.1112 0.9663
vn 0.7619 -0.0736 0.6435
vn 0.7470 0.5795 -0.3258
vn -0.2437 -0.9662 0.0846
vn -0.3257 -0.8933 -0.3097
vn 0.4363 0.8519 0.2897
vn 0.2437 -0.4576 0.8551
vn -0.1946 -0.6643 0.7217
vn 0.2651 -0.1311 0.9553
vn 0.1838 -0.3121 0.9321
vn 0.1597 0.1621 0.9738
vn 0.0962 -0.4043 0.9096
vn -0.2709 0.7918 0.5473
vn -0.0172 -0.1021 0.9946
vn 0.0108 -0.5897 0.8075
vn 0.2878 -0.4405 0.8504
vn 0.5550 0.7209 -0.4152
vn 0.4901 0.8075 -0.3281
vn -0.3012 -0.9258 -0.2283
vn 0.9612 -0.2718 0.0473
vn -0.9619 -0.2560 -0.0965
vn -0.9937 -0.1003 0.0506
vn 0.9868 0.1007 0.1272
vn 0.1479 -0.4913 0.8583
vn 0.3630 -0.3528 0.8624
vn -0.5031 -0.4941 0.7091
vn 0.2534 -0.1531 0.9552
vn -0.0409 -0.5788 0.8144
vn -0.8252 -0.1371 0.5480
vn -0.2789 0.8973 0.3422
vn -0.6613 -0.0161 0.7500
vn -0.7244 0.6411 0.2533
vn -0.4108 -0.1193 0.9039
vn -0.5706 0.0665 0.8185
vn -0.0084 0.3143 0.9493
vn -0.5005 -0.5530 0.6661
vn -0.5124 -0.8414 -0.1716
vn 0.9633 0.0432 -0.2648
vn 0.1800 0.9340 -0.3085
vn -0.0203 -0.9433 -0.3314
vn -0.6991 -0.7140 -0.0368
vn 0.9389 0.3369 0.0707
vn -0.1750 0.8526 0.4924
vn -0.8040 -0.0746 0.5900
vn 0.3236 -0.1746 0.9299
vn 0.9301 0.2834 0.2336
vn -0.9672 -0.0846 0.2394
vn -0.0377 0.2940 0.9551
vn -0.9827 -0.0517 0.1781
vn 0.2148 0.0169 0.9765
vn 0.3976 -0.0784 0.9142
vn 0.4402 0.3485 0.8275
vn -0.0235 0.8459 0.5327
vn -0.4347 0.2051 0.8769
vn -0.9538 0.2349 0.1875
vn 0.9709 0.0307 -0.2376
vn 0.8315 -0.5549 0.0252
vn 0.6969 -0.7009 0.1522
vn -0.9344 -0.3546 0.0345
vn 0.4529 0.2598 0.8528
vn -0.4083 0.8045 0.4314
vn 0.2350 0.7224 0.6503
vn -0.0296 0.9222 0.3857
vn -0.7321 -0.1942 0.6529
vn -0.6532 0.6137 -0.4435
vn -0.2455 0.7805 -0.5749
vn -0.8431 -0.5089 0.1736
vn -0.9192 0.1800 0.3502
vn -0.7394 -0.3034 0.6011
vn 0.8844 0.0506 0.4640
vn 0.1057 0.3434 0.9332
vn 0.1614 -0.5057 0.8475
vn 0.3126 0.9253 0.2146
vn -0.0219 0.9775 0.2098
vn -0.3695 -0.6116 0.6996
vn -0.7147 -0.4299 0.5517
vn 0.2442 -0.1280 0.9612
vn 0.4942 0.4647 -0.7347
vn -0.1597 0.9817 -0.1037
vn 0.7678 0.2636 0.5840
vn 0.8286 -0.2306 0.5102
vn 0.8159 0.5686 0.1044
vn -0.9455 0.3241 0.0296
vn 0.7876 0.5173 0.3347
vn 0.4815 0.7986 0.3610
vn -0.4074 0.7818 0.4720
vn 0.1583 -0.3200 0.9341
vn -0.4269 -0.2824 0.8591
vn -0.4124 -0.6181 0.6692
vn -0.7529 0.3949 0.5264
vn -0.4341 0.0872 0.8966
vn 0.0497 -0.8225 0.5666
vn 0.2938 -0.8768 0.3806
vn -0.9294 -0.2870 0.2321
vn -0.2603 -0.8083 0.5280
vn 0.7273 -0.6608 0.1856
vn -0.3512 -0.7655 0.5392
vn 0.1190 -0.2077 0.9709
vn -0.3550 -0.1286 0.9260
vn -0.6229 0.5134 0.5902
vn -0.3545 -0.2876 0.8898
vn 0.3623 0.4764 0.8011
vn -0.5128 -0.6494 0.5615
vn 0.5648 0.3672 -0.7391
vn -0.4830 0.8735 -0.0617
vn -0.4451 -0.5389 -0.7151
vn -0.5607 0.3630 -0.7442
vn 0.8418 -0.3103 0.4417
vn -0.8615 -0.3666 0.3513
vn 0.1948 0.8721 0.4488
vn 0.0594 -0.4183 0.9064
vn 0.1529 -0.2957 0.9430
vn 0.2220 0.8050 0.5501
vn -0.4287 0.9022 0.0469
vn 0.3882 0.3407 0.8563
vn 0.4338 0.7608 0.4827
vn -0.5958 0.7694 -0.2302
vn -0.9386 0.2835 0.1965
vn -0.8167 -0.0098 0.5770
vn -0.6460 0.1567 -0.7470
vn 0.3397 0.8041 -0.4879
vn 0.2198 0.9323 -0.2873
vn 0.2424 -0.2475 0.9381
vn -0.5888 0.7273 0.3527
vn -0.6375 -0.4904 0.5941
vn 0.7129 -0.5577 0.4253
vn -0.5650 -0.7077 0.4243
vn -0.5842 0.4882 0.6483
vn -0.2132 -0.4973 0.8410
vn -0.2126 0.0637 0.9751
vn 0.2845 0.0430 0.9577
vn 0.2461 -0.2783 0.9285
vn 0.1601 -0.0063 0.9871
vn -0.2272 -0.5208 0.8229
vn 0.0226 0.6061 0.7951
vn -0.0535 -0.1542 0.9866
vn -0.4309 -0.5990 0.6750
vn -0.3890 -0.4254 0.8171
vn -0.0296 0.4592 0.8879
vn -0.1829 -0.3075 0.9338
vn 0.2879 0.2985 0.9100
vn 0.1181 0.8203 0.5596
vn -0.4823 -0.6429 0.5951
vn -0.9312 0.3539 -0.0875
vn 0.8508 0.2906 0.4378
vn -0.2861 -0.9015 0.3247
vn -0.6467 -0.4777 -0.5946
vn 0.8447 -0.4983 0.1953
vn 0.8942 0.0230 0.4471
vn 0.4729 0.7221 0.5048
vn 0.9767 -0.1035 0.1880
vn -0.9849 -0.0524 -0.1650
vn 0.5864 0.4480 0.6748
vn -0.7300 0.4038 0.5514
vn -0.2657 0.2132 0.9402
vn 0.6490 -0.4483 0.6146
vn -0.6072 0.7608 0.2291
vn -0.3168 -0.2881 0.9037
vn 0.0185 0.4261 0.9045
vn -0.2870 -0.6477 0.7057
vn 0.4340 0.8625 -0.2604
vn 0.9515 -0.1354 -0.2763
vn -0.1385 -0.8722 0.4691
vn -0.9517 -0.1829 0.2467
vn -0.8906 0.4547 0.0028
vn 0.5322 0.7042 0.4700
vn 0.6489 -0.2354 0.7235
vn -0.2477 -0.5649 0.7871
vn -0.6222 0.4138 0.6646
vn -0.1536 -0.2500 0.9560
vn 0.1467 -0.0902 0.9851
vn -0.5371 0.2341 0.8104
vn -0.1302 0.7169 0.6850
vn -0.3459 -0.2077 0.9150
vn 0.8104 -0.4002 0.4280
vn 0.6380 -0.2357 0.7330
vn -0.0463 -0.2301 0.9721
vn -0.9197 0.1731 0.3526
vn 0.7661 -0.6350 -0.0991
vn 0.7657 -0.2302 -0.6005
vn -0.6802 0.6108 -0.4053
vn -0.0842 -0.9182 -0.3870
vn 0.2264 0.6738 0.7034
vn 0.9634 -0.1411 0.2277
vn -0.0610 -0.3984 0.9152
vn 0.2499 0.2810 0.9266
vn -0.9890 0.0868 -0.1199
vn -0.9237 -0.1531 0.3512
vn -0.9014 -0.4252 0.0825
vn 0.7419 -0.6605 0.1155
vn 0.1045 -0.1400 0.9846
vn 0.0318 -0.1168 0.9926
vn -0.2653 0.8160 0.5136
vn 0.2557 -0.2491 0.9341
vn -0.3431 0.6947 -0.6323
vn 0.9797 -0.0674 0.1888
vn 0.7113 -0.2768 0.6461
vn -0.3406 -0.4737 0.8122
vn 0.3010 0.0666 0.9513
vn 0.7463 -0.0128 -0.6655
vn -0.0535 0.9472 -0.3163
vn 0.8747 0.0136 0.4844
vn -0.1453 0.6523 0.7439
vn -0.0243 0.1097 0.9937
vn -0.8306 0.2324 0.5061
vn -0.9245 -0.2863 0.2516
vn 0.8619 -0.0684 0.5025
vn 0.3350 -0.5830 0.7402
vn -0.7046 0.7044 0.0859
vn -0.0820 -0.3473 0.9342
vn 0.0493 -0.1547 0.9867
vn -0.2446 -0.1578 0.9567
vn 0.8386 -0.0434 0.5430
vn 0.3540 0.7727 -0.5269
vn 0.9225 0.3857 0.0165
vn -0.5611 0.8195 -0.1171
vn -0.7907 0.5429 0.2829
vn -0.2736 -0.9536 -0.1257
vn 0.1837 0.7741 -0.6058
vn -0.4584 0.8684 -0.1890
vn -0.8949 -0.1608 0.4164
vn -0.7424 0.5605 0.3669
vn -0.2269 -0.7858 0.5753
vn 0.1361 0.9378 0.3194
vn 0.1617 -0.2564 0.9530
vn -0.2642 0.3258 0.9078
vn 0.1015 0.5696 0.8157
vn -0.4054 0.6838 0.6066
vn 0.3002 -0.3889 0.8710
vn 0.4989 0.8219 -0.2749
vn -0.2616 -0.5821 -0.7699
vn -0.8348 -0.2863 -0.4703
vn 0.8883 -0.0234 0.4587
vn -0.9067 0.1658 -0.3878
vn 0.8949 -0.0443 0.4440
vn -0.8823 -0.2909 0.3700
vn 0.5627 0.6094 0.5586
vn 0.4586 0.6876 0.5629
vn 0.2514 0.0215 0.9676
vn 0.6337 0.7265 0.2656
vn 0.3861 0.0583 0.9206
vn 0.3661 -0.9274 0.0761
vn -0.5235 0.0966 0.8465
vn 0.6555 -0.3906 -0.6464
vn -0.7192 -0.3706 -0.5877
vn 0.5758 0.5421 -0.6120
vn 0.7921 0.4087 -0.4534
vn 0.9170 -0.2083 -0.3402
vn 0.0200 0.9080 -0.4185
vn -0.4162 0.7046 -0.5747
vn 0.6201 -0.7440 -0.2491
vn 0.7233 0.6905 -0.0118
vn -0.5274 0.8363 0.1497
vn 0.9523 -0.3050 -0.0118
vn 0.9880 0.1546 0.0047
vn -0.2179 -0.9214 0.3219
vn 0.7611 -0.4397 0.4768
vn -0.0114 -0.9717 -0.2359
vn -0.0473 -0.1247 0.9911
vn -0.2474 -0.1701 0.9539
vn 0.0046 -0.0468 0.9989
vn -0.2771 0.0415 0.9599
vn -0.1742 -0.3911 0.9037
vn 0.2659 -0.5871 0.7646
vn 0.4725 -0.8811 0.0182
vn -0.6783 0.7340 0.0342
vn -0.2292 0.9177 -0.3246
vn -0.6641 -0.3652 -0.6523
vn -0.9766 0.1695 -0.1327
vn -0.9988 -0.0088 0.0479
vn 0.9669 -0.2531 0.0333
vn -0.0303 0.1902 0.9813
vn 0.2796 0.8542 -0.4383
vn 0.6221 -0.7675 -0.1547
vn -0.9075 0.4191 -0.0283
vn -0.4427 0.8927 -0.0849
vn -0.1219 0.8578 -0.4993
vn 0.2806 0.9276 -0.2466
vn 0.8766 -0.3796 0.2958
vn 0.3960 0.4258 -0.8135
vn -0.9222 -0.3165 -0.2224
vn 0.7269 0.6682 0.1588
vn -0.1364 -0.8847 0.4458
vn 0.1681 -0.3530 0.9204
vn 0.0372 -0.1774 0.9834
vn 0.1392 -0.1087 0.9843
vn 0.4349 -0.8664 -0.2453
vn 0.4233 -0.7317 -0.5343
vn 0.1571 -0.7387 0.6554
vn -0.8152 0.4652 0.3451
vn 0.2261 0.7442 -0.6285
vn -0.7133 0.6049 -0.3538
vn -0.9120 0.2122 -0.3511
vn -0.9820 -0.0780 -0.1718
vn -0.6224 0.4550 -0.6369
vn 0.9284 0.2965 0.2240
vn -0.3137 0.6518 0.6905
vn -0.8420 -0.4883 0.2292
vn 0.3248 -0.9456 -0.0169
vn 0.4995 -0.5991 0.6258
vn 0.8763 0.4670 0.1180
vn 0.7043 -0.7001 0.1174
vn 0.5968 0.6507 0.4695
vn -0.1317 0.9220 0.3642
vn -0.0121 0.7360 0.6769
vn -0.0561 -0.5008 -0.8638
vn 0.2228 -0.1028 -0.9694
vn 0.2390 -0.6255 -0.7427
vn 0.7925 -0.3789 -0.4779
vn 0.0046 -0.2772 -0.9608
vn 0.1891 0.1864 -0.9641
vn 0.5897 0.1753 -0.7884
vn 0.9340 -0.2260 -0.2767
vn 0.3849 0.4744 0.7917
vn -0.6893 -0.6797 -0.2505
vn -0.7998 0.4681 0.3758
vn 0.0433 -0.8693 0.4924
vn 0.2401 -0.9652 0.1036
vn 0.2559 -0.9396 0.2273
vn -0.6288 0.0772 0.7738
vn -0.5957 0.7445 -0.3015
vn 0.1914 0.8749 -0.4448
vn -0.7215 -0.6923 -0.0122
vn 0.0427 -0.4627 -0.8855
vn 0.8602 0.0045 0.5100
vn 0.9322 -0.2758 0.2343
vn -0.9552 -0.1703 0.2419
vn -0.6953 -0.7159 0.0646
vn 0.0573 -0.8960 0.4404
vn 0.8406 0.3189 0.4378
vn -0.4242 -0.2557 0.8687
vn 0.1466 -0.8415 0.5199
vn 0.8336 0.2836 -0.4739
vn -0.4923 0.8657 0.0907
vn -0.8631 0.5015 -0.0595
vn 0.9771 0.0340 -0.2099
vn -0.8581 0.4679 -0.2115
vn 0.9016 0.1905 0.3883
vn -0.9093 0.0266 0.4153
vn -0.8680 -0.4934 -0.0560
vn -0.0323 -0.7653 0.6429
vn 0.8513 -0.2642 0.4533
vn 0.0610 0.8574 0.5111
vn 0.2525 -0.9428 0.2175
vn 0.6616 -0.5891 -0.4639
vn -0.0315 -0.9436 0.3295
vn 0.7697 -0.5559 -0.3139
vn -0.4854 0.8640 -0.1333
vn 0.7598 0.5635 -0.3242
vn -0.7736 0.5767 -0.2627
vn 0.4340 0.8378 -0.3312
vn -0.0470 -0.8324 -0.5521
vn -0.3683 -0.8874 -0.2773
vn 0.0805 -0.8468 -0.5257
vn 0.0427 -0.7832 -0.6203
vn 0.5003 -0.8101 -0.3056
vn 0.8949 -0.4150 -0.1644
vn -0.8976 -0.2619 0.3545
vn -0.4623 -0.8775 0.1276
vn -0.4282 -0.7277 0.5359
vn 0.2536 -0.9528 -0.1672
vn -0.8469 -0.4212 0.3247
vn -0.9664 -0.1637 0.1980
vn -0.8584 -0.5088 0.0648
vn -0.8428 0.5331 -0.0741
vn -0.9347 0.3067 -0.1795
vn -0.1271 -0.8753 -0.4666
vn 0.9635 -0.0899 -0.2521
vn -0.8040 -0.0493 0.5926
vn -0.5902 0.7720 0.2360
vn -0.3466 0.0172 0.9378
vn -0.5230 0.0970 0.8468
vn 0.2242 -0.6504 0.7257
vn 0.9705 0.0219 0.2402
vn -0.0360 -0.9713 -0.2352
vn -0.8886 -0.3864 -0.2471
vn -0.9667 -0.2100 0.1462
vn 0.7197 -0.6704 0.1805
vn 0.9832 -0.0299 0.1803
vn -0.1310 -0.4106 0.9023
vn 0.2831 -0.9590 0.0128
vn -0.9542 -0.0291 0.2977
vn -0.4825 0.5622 0.6717
vn -0.0663 -0.8840 0.4628
vn -0.1503 -0.8674 0.4744
vn -0.0530 -0.8354 0.5470
vn -0.4648 -0.6136 0.6383
vn 0.4040 -0.1633 0.9001
vn -0.9264 -0.2817 -0.2498
vn 0.5275 0.8410 0.1202
vn -0.9927 -0.1055 0.0585
vn -0.2613 0.8692 0.4198
vn -0.9440 0.0148 0.3297
vn -0.7817 0.1405 0.6076
vn 0.4217 0.1980 0.8848
vn -0.0129 -0.9998 0.0147
vn 0.9505 -0.0524 0.3061
vn 0.0189 0.7448 0.6670
vn -0.2523 -0.6626 -0.7052
vn 0.2399 -0.5833 0.7760
vn 0.2704 -0.9409 0.2037
vn -0.5625 0.8117 -0.1570
vn -0.1148 0.4885 0.8650
vn -0.4333 0.8777 -0.2046
vn -0.2803 0.8621 -0.4222
vn -0.1795 0.8750 -0.4497
vn 0.5620 0.5572 -0.6113
vn -0.7867 -0.6152 0.0521
vn 0.9807 -0.1763 -0.0842
vn 0.9862 -0.0033 -0.1654
vn -0.8411 0.5386 -0.0499
vn 0.9575 0.0545 -0.2832
vn -0.9354 -0.3364 0.1088
vn -0.3559 0.5061 0.7856
vn 0.4026 0.8122 0.4222
vn -0.2088 0.3917 0.8961
vn -0.7398 0.1654 -0.6521
vn -0.8699 -0.4891 -0.0636
vn 0.3580 -0.4136 -0.8371
vn 0.8472 -0.3700 -0.3812
vn -0.2371 0.8286 0.5072
vn -0.2201 0.9395 -0.2625
vn 0.4305 0.5708 0.6992
vn -0.3246 0.8221 0.4677
vn 0.6227 0.1911 0.7588
vn 0.1605 -0.0591 0.9853
vn -0.6135 0.3001 0.7305
vn -0.7214 0.0722 -0.6887
vn 0.8559 0.3620 0.3693
vn 0.1205 0.3795 0.9173
vn 0.5930 -0.7532 0.2845
vn -0.6506 -0.7012 0.2917
vn 0.5679 0.7029 0.4284
vn 0.4758 -0.7438 -0.4694
vn 0.6682 0.4985 0.5523
vn 0.2715 0.7055 0.6546
vn -0.0137 0.6853 0.7281
vn 0.0297 -0.9017 0.4314
vn -0.5784 0.2221 0.7849
vn 0.1977 0.1132 0.9737
vn 0.8738 0.2726 -0.4027
vn -0.9378 -0.3061 -0.1637
vn 0.9574 -0.2869 -0.0337
vn -0.8637 0.1643 0.4765
vn 0.9072 -0.3785 0.1838
vn -0.3188 0.6304 0.7078
vn -0.0035 0.5682 -0.8229
vn -0.0936 -0.9947 -0.0423
vn 0.7389 -0.6701 -0.0705
vn -0.6629 0.4807 0.5741
vn -0.9782 -0.1359 0.1572
vn -0.3453 -0.4378 0.8301
vn -0.5142 -0.8293 0.2189
vn 0.5320 0.8419 0.0907
vn 0.3164 0.8895 -0.3297
vn -0.3047 0.8616 -0.4059
vn 0.7715 0.6290 0.0952
vn -0.4756 0.8647 -0.1616
vn 0.7986 0.5427 0.2602
vn 0.4633 0.8023 0.3764
vn -0.7208 -0.0522 0.6912
vn -0.6682 -0.0415 0.7428
vn -0.5271 -0.2615 0.8085
vn 0.5359 -0.0286 0.8438
vn -0.3184 -0.9393 -0.1276
vn -0.1061 -0.9937 0.0368
vn -0.8561 -0.4647 -0.2260
vn -0.4671 -0.7559 -0.4587
vn -0.4348 0.8743 0.2159
vn 0.6688 0.6679 0.3266
vn -0.5915 -0.7138 0.3749
vn -0.5257 0.8287 -0.1918
vn -0.7831 0.6204 -0.0436
vn -0.2546 0.9456 -0.2028
vn 0.1777 0.9351 -0.3066
vn -0.6866 0.6873 -0.2372
vn -0.8255 -0.5594 -0.0748
vn 0.8858 -0.4633 -0.0260
vn -0.4665 0.0919 0.8797
vn -0.9114 0.3876 0.1386
vn 0.7004 -0.4992 -0.5101
vn -0.4160 -0.9091 0.0236
vn 0.6897 -0.1929 0.6979
vn 0.7335 -0.2196 0.6432
vn 0.1593 0.9836 0.0844
vn 0.5704 0.4442 0.6909
vn -0.1084 -0.5256 0.8438
vn -0.8581 0.4992 -0.1201
vn -0.6699 0.6946 -0.2623
vn 0.7383 0.5357 -0.4098
vn 0.0248 0.9254 -0.3781
vn 0.8494 -0.4239 -0.3143
vn 0.9788 0.0393 0.2008
vn -0.9519 -0.1524 0.2657
vn 0.8021 -0.5811 0.1378
vn 0.5153 0.5467 0.6600
vn 0.0993 0.7196 0.6873
vn 0.2861 0.8240 0.4891
vn 0.8370 0.4735 0.2741
vn 0.5390 -0.1674 0.8255
vn -0.5173 -0.6980 -0.4952
vn 0.5173 -0.7671 -0.3794
vn -0.2644 0.5975 0.7570
vn 0.8351 -0.0111 -0.5500
vn 0.6127 -0.7325 -0.2968
vn -0.4479 0.8658 -0.2231
vn 0.9258 -0.3383 0.1685
vn 0.5798 0.7837 0.2229
vn -0.2951 0.4589 0.8380
vn -0.7232 0.4230 0.5459
vn 0.5874 -0.7849 0.1970
vn -0.3284 -0.8007 0.5010
vn 0.3025 -0.9530 -0.0172
vn -0.9702 -0.1989 0.1383
vn 0.8994 0.3946 -0.1880
vn -0.9558 -0.2428 -0.1661
vn -0.1084 0.8641 -0.4915
vn 0.0108 -0.6891 -0.7245
vn -0.1852 0.4110 0.8926
vn 0.2785 -0.6322 0.7231
vn 0.2109 0.2688 0.9398
vn 0.3450 -0.2378 0.9080
vn 0.7623 0.5005 0.4104
vn -0.6307 -0.3114 0.7108
vn 0.2598 -0.3925 0.8823
vn -0.1869 0.3536 0.9165
vn 0.0814 -0.1039 0.9912
vn 0.1803 -0.3996 0.8988
vn -0.8457 0.0849 0.5269
vn 0.9589 0.1025 0.2645
vn 0.0838 0.7499 0.6562
vn 0.0070 0.8401 0.5424
vn 0.0372 -0.9869 -0.1572
vn -0.6091 -0.7669 -0.2020
vn -0.1174 -0.9773 0.1765
vn 0.0597 0.9472 -0.3149
vn 0.6025 0.7968 -0.0445
vn 0.3535 0.8938 -0.2759
vn 0.9820 0.1815 0.0529
vn 0.3974 0.4886 0.7767
vn -0.9056 -0.4160 0.0827
vn 0.9171 0.0242 0.3979
vn 0.4757 0.0414 0.8786
vn -0.4380 0.0488 0.8977
vn 0.3613 -0.9324 -0.0107
vn 0.4484 0.0170 0.8937
vn 0.4488 -0.4808 0.7533
vn 0.4838 0.6693 0.5639
vn -0.1822 -0.7039 0.6865
vn -0.5579 -0.3064 0.7713
vn 0.2166 -0.6332 0.7430
vn -0.5512 0.8119 -0.1923
vn -0.5738 0.7305 -0.3703
vn 0.7176 0.6599 -0.2227
vn 0.2363 0.4812 -0.8442
vn 0.7233 -0.6858 0.0806
vn 0.9954 -0.0871 0.0395
vn 0.8550 0.0272 0.5180
vn -0.9453 -0.0031 0.3262
vn -0.2334 -0.2537 0.9387
vn -0.9759 0.0735 0.2054
vn -0.4956 0.0236 0.8682
vn 0.8086 -0.5881 -0.0171
vn 0.5702 0.7264 0.3837
vn -0.0141 0.6253 0.7802
vn -0.2647 0.8206 0.5064
vn 0.1317 0.9109 0.3911
vn -0.7262 0.4158 -0.5474
vn 0.1577 0.9351 0.3174
vn 0.6326 0.2158 -0.7438
vn 0.2939 -0.5735 -0.7647
vn -0.1976 -0.3685 0.9084
vn -0.4714 -0.8237 -0.3150
vn 0.7637 0.2688 0.5869
vn -0.2191 -0.9747 0.0443
vn 0.3180 -0.7897 0.5246
vn 0.9663 0.2273 -0.1205
vn -0.7735 -0.6213 0.1253
vn -0.0514 0.9918 0.1172
vn -0.0712 0.8420 -0.5348
vn 0.6100 0.7808 -0.1352
vn -0.1098 0.9910 -0.0763
vn -0.8350 0.5471 0.0584
vn -0.2181 -0.1224 0.9682
vn -0.8730 -0.0178 0.4874
vn -0.7361 -0.6622 0.1405
vn 0.8335 0.1508 0.5315
vn -0.2720 -0.2261 0.9353
vn 0.9718 0.1807 -0.1517
vn -0.0548 0.6782 -0.7328
vn -0.2891 0.2585 0.9217
vn -0.5882 0.7868 -0.1869
vn -0.9848 -0.0864 0.1505
vn 0.0446 -0.9990 -0.0028
vn 0.4143 -0.4489 0.7917
vn 0.1096 -0.8232 0.5570
vn 0.0829 0.4599 0.8841
vn -0.8746 0.4386 -0.2066
vn -0.2484 0.9345 -0.2549
vn -0.2677 0.0066 0.9635
vn 0.7909 -0.0884 0.6055
vn -0.8454 0.3111 -0.4341
vn 0.7520 0.2475 0.6109
vn 0.0078 -0.1154 0.9933
vn 0.8945 0.4440 -0.0517
vn -0.2995 0.8523 0.4288
vn -0.2819 0.9410 0.1870
vn 0.3104 -0.0731 -0.9478
vn -0.6176 -0.4983 -0.6085
vn 0.9373 0.1519 -0.3137
vn 0.6250 0.1904 0.7570
vn -0.3111 -0.6734 -0.6707
vn -0.8573 0.2070 -0.4715
vn -0.0542 -0.3968 -0.9163
vn -0.5697 -0.0399 -0.8209
vn 0.1603 -0.7828 -0.6013
vn 0.9292 -0.1354 -0.3439
vn -0.5253 -0.8505 -0.0268
vn 0.2753 -0.5609 0.7808
vn -0.6134 -0.4422 0.6544
vn 0.2383 -0.9508 0.1982
vn -0.9695 0.1873 -0.1580
vn -0.0605 -0.9648 0.2559
vn 0.9673 0.1365 -0.2139
vn -0.2399 0.6063 0.7582
vn 0.5173 0.8457 -0.1312
vn -0.6680 0.7380 -0.0958
vn -0.1488 0.9513 -0.2701
vn 0.0593 0.8905 -0.4511
vn 0.1425 -0.8970 -0.4184
vn -0.8220 -0.4366 0.3655
vn 0.9778 0.0665 0.1986
vn -0.2880 0.0297 0.9572
vn 0.8553 -0.5112 0.0846
vn 0.8762 -0.4785 0.0576
vn -0.9161 0.0301 0.3998
vn -0.4700 0.3947 0.7895
vn -0.9952 -0.0245 0.0946
vn -0.2514 0.9086 0.3334
vn -0.0139 0.6253 0.7802
vn -0.4670 -0.1143 -0.8768
vn 0.8267 -0.3664 0.4270
vn -0.5537 0.1764 0.8139
vn 0.0778 0.0352 0.9963
vn 0.9948 0.0887 0.0500
vn 0.4653 -0.0727 -0.8822
vn 0.7840 -0.1077 -0.6114
vn 0.3818 -0.1672 0.9090
vn -0.6816 -0.3097 0.6629
vn 0.1137 -0.2469 0.9624
vn 0.2753 -0.9612 -0.0187
vn -0.5185 -0.7294 -0.4463
vn -0.2158 0.0370 0.9757
vn -0.7899 0.1837 0.5850
vn -0.5787 -0.6253 -0.5235
vn 0.9695 -0.1586 0.1868
vn -0.1869 0.1291 0.9739
vn 0.0378 0.1309 0.9907
vn -0.0163 -0.7101 0.7039
vn -0.1077 0.3046 0.9464
vn 0.5000 -0.7662 0.4036
vn -0.2706 -0.7591 -0.5921
vn 0.4576 -0.8877 0.0503
vn 0.0029 0.4656 0.8850
vn 0.1003 -0.6555 0.7485
vn -0.6636 0.7231 -0.1917
vn 0.0252 -0.8577 0.5136
vn -0.7524 0.6106 0.2471
vn 0.6677 0.7319 -0.1361
vn 0.1943 0.9809 -0.0125
vn 0.6852 0.5216 0.5083
vn 0.1613 0.9776 -0.1350
vn 0.7372 -0.3373 0.5855
vn 0.6045 0.3468 -0.7172
vn -0.0817 0.5571 -0.8264
vn -0.8349 0.0161 -0.5502
vn 0.9161 -0.1518 -0.3712
vn 0.0993 -0.1544 0.9830
vn 0.6294 -0.1069 -0.7697
vn 0.1633 0.2500 0.9544
vn -0.2814 -0.2163 0.9349
vn -0.6716 0.4406 0.5957
vn 0.0301 -0.3497 0.9364
vn -0.0138 -0.0814 0.9966
vn -0.0581 0.6941 0.7176
vn -0.8485 0.2534 0.4646
vn -0.7827 -0.3782 0.4944
vn 0.1639 0.2623 0.9510
vn -0.1488 0.4848 0.8618
vn 0.6779 -0.4653 0.5691
vn 0.9670 -0.2093 -0.1452
vn -0.4214 -0.5105 -0.7496
vn -0.2920 -0.9124 0.2867
vn 0.5120 0.1426 0.8471
vn 0.9194 0.2120 -0.3313
vn -0.1266 0.5745 0.8086
vn -0.3654 -0.3871 -0.8465
vn -0.9415 0.3262 0.0849
vn 0.3753 -0.8410 -0.3896
vn -0.0611 0.3750 0.9250
vn 0.2121 -0.7934 -0.5705
vn -0.2091 -0.7716 0.6008
vn 0.7100 -0.6789 -0.1868
vn 0.7016 -0.7116 -0.0373
vn -0.6683 0.7121 0.2153
vn -0.5889 0.7974 -0.1317
vn -0.0902 0.9391 -0.3317
vn -0.0033 0.9703 -0.2417
vn -0.3134 0.9493 0.0229
vn 0.0012 0.9564 -0.2921
vn -0.2462 0.3097 -0.9184
vn -0.3593 0.2919 -0.8864
vn 0.1727 -0.1402 0.9749
vn 0.7788 0.5228 -0.3468
vn -0.1933 -0.0685 -0.9788
vn 0.9953 -0.0957 -0.0110
vn -0.0559 -0.1357 0.9892
vn 0.2679 -0.3503 0.8975
vn 0.7784 -0.2747 0.5645
vn 0.5867 -0.7621 -0.2740
vn -0.0322 0.9549 0.2953
vn -0.9415 0.3261 0.0849
vn -0.4444 -0.0824 -0.8920
vn 0.2968 0.9020 0.3136
vn 0.9312 -0.3552 -0.0819
vn -0.0027 0.5346 -0.8451
vn -0.0267 -0.9994 -0.0241
vn -0.4443 -0.0823 -0.8921
vn 0.2341 0.4739 -0.8489
vn -0.5174 0.3366 0.7867
vn -0.3722 0.6594 0.6531
vn 0.0190 -0.9988 -0.0450
vn 0.5522 -0.7653 0.3308
vn -0.1017 0.4506 -0.8869
vn 0.6711 -0.1060 -0.7338
vn 0.6898 0.5718 -0.4440
vn -0.6060 0.7909 -0.0855
vn -0.5767 0.7100 0.4040
vn 0.1532 0.8801 0.4493
vn 0.1311 0.3134 0.9405
vn -0.5226 0.7794 0.3457
vn -0.2953 0.1676 -0.9406
vn 0.9254 -0.3590 0.1213
vn -0.5274 0.1570 -0.8350
vn -0.6320 -0.2535 0.7324
vn -0.9118 0.3373 -0.2341
vn -0.9997 0.0236 -0.0014
vn 0.6463 0.3791 0.6623
vn -0.9780 -0.1300 -0.1634
vn -0.4075 -0.0275 0.9128
vn 0.7832 -0.5156 0.3475
vn 0.4904 0.2088 -0.8461
vn 0.4592 -0.5365 -0.7080
vn -0.1617 -0.6708 -0.7238
vn 0.6542 -0.7306 -0.1956
vn -0.0061 -0.3728 -0.9279
vn 0.2266 0.8077 0.5443
vn 0.2600 0.5029 0.8243
vn -0.2920 0.9521 0.0909
vn -0.4030 -0.8187 0.4089
vn 0.2989 -0.8382 0.4561
vn -0.0484 0.9306 0.3628
vn 0.8497 -0.2884 0.4414
vn -0.5097 0.8176 0.2678
vn 0.1076 -0.8778 -0.4668
vn -0.9542 -0.2982 0.0241
vn -0.6510 -0.2503 0.7166
vn 0.2405 0.3105 0.9196
vn 0.0852 -0.8168 0.5706
vn -0.0379 -0.5999 0.7992
vn 0.3491 -0.6384 0.6860
vn 0.3465 0.0511 -0.9367
vn 0.3285 -0.0326 -0.9439
vn 0.3556 0.4624 -0.8122
vn -0.1947 0.8489 0.4913
vn 0.5972 -0.3483 0.7226
vn 0.0170 -0.8366 0.5476
vn 0.0432 -0.2762 -0.9601
vn -0.5873 -0.7567 0.2871
vn 0.7516 0.6568 -0.0609
vn 0.9541 0.1479 -0.2603
vn 0.6489 0.7608 -0.0055
vn -0.4615 0.2914 0.8379
vn 0.9785 -0.1347 0.1560
vn -0.3142 0.8259 0.4682
vn 0.5281 -0.5495 0.6474
vn 0.7175 0.6822 -0.1406
vn -0.1599 0.9869 -0.0192
vn -0.1005 -0.7244 0.6820
vn -0.4640 -0.3678 0.8059
vn 0.7950 -0.4862 0.3627
vn 0.3527 0.4381 0.8269
vn -0.3243 0.2642 0.9083
vn -0.0230 -0.1377 0.9902
vn -0.2033 -0.7885 0.5805
vn 0.1257 -0.6084 -0.7836
vn 0.1927 -0.8227 -0.5349
vn -0.3075 0.4318 0.8480
vn -0.1695 -0.5855 0.7928
vn -0.2194 -0.6429 0.7338
vn -0.1918 -0.7027 0.6852
vn 0.8667 0.4811 0.1321
vn 0.9697 0.2383 -0.0538
vn -0.4654 -0.7779 0.4223
vn -0.0227 -0.6593 0.7515
vn -0.4794 0.8194 -0.3143
vn -0.1081 0.0897 -0.9901
vn 0.9075 0.3319 -0.2575
vn -0.2060 0.5773 -0.7901
vn 0.3746 0.0236 -0.9269
vn -0.3472 0.8760 0.3349
vn -0.0148 -0.0444 0.9989
vn -0.3685 -0.6160 0.6962
vn 0.2785 -0.7223 0.6330
vn 0.1855 -0.7961 0.5761
vn -0.8294 0.5251 0.1909
vn 0.3556 -0.6295 0.6909
vn -0.3011 0.9505 -0.0767
vn -0.2854 0.9467 -0.1493
vn -0.4211 0.8527 -0.3090
vn 0.4452 -0.3498 0.8242
vn -0.1637 0.9165 -0.3651
vn -0.4580 0.1141 -0.8816
vn 0.9832 0.1564 0.0937
vn 0.4155 -0.8487 0.3272
vn 0.0509 0.9209 0.3864
vn -0.4598 -0.3339 0.8229
vn -0.9412 -0.3124 -0.1287
vn -0.4474 -0.4707 0.7605
vn -0.4572 0.5297 0.7144
vn -0.2297 -0.9207 0.3157
vn -0.2918 -0.8437 0.4506
vn 0.1882 0.7337 0.6529
vn 0.0728 -0.4105 0.9090
vn -0.7115 -0.6905 0.1301
vn 0.5204 0.8475 -0.1042
vn -0.7770 0.0243 0.6290
vn -0.5276 -0.7423 0.4130
vn 0.0542 -0.8289 -0.5568
vn -0.1780 0.6146 0.7685
vn 0.2418 0.7935 0.5584
vn -0.2306 0.8182 0.5267
vn -0.0964 -0.6662 0.7395
vn -0.3993 -0.8104 0.4288
vn -0.8351 0.0384 0.5488
vn 0.5164 0.6722 0.5306
vn 0.6535 -0.5960 0.4665
vn -0.7777 0.5929 0.2088
vn -0.4531 -0.7320 0.5088
vn 0.5551 -0.7854 0.2739
vn 0.1974 -0.6183 -0.7608
vn -0.0300 0.8580 0.5128
vn 0.1892 -0.1587 0.9690
vn 0.1847 0.7023 0.6875
vn -0.3595 -0.0768 0.9300
vn -0.7681 -0.0690 0.6366
vn -0.8220 0.1517 -0.5489
vn -0.9259 -0.3593 -0.1169
vn 0.2283 -0.0207 -0.9734
vn 0.3848 -0.6478 0.6575
vn 0.5913 -0.2771 0.7573
vn 0.4901 0.4951 0.7175
vn 0.2185 -0.8611 0.4592
vn 0.9793 -0.1768 0.0987
vn -0.1268 0.9165 0.3794
vn -0.7785 -0.1945 0.5968
vn 0.5148 0.8002 -0.3078
vn -0.0477 -0.6450 0.7626
vn 0.4088 -0.6488 0.6418
vn -0.0503 0.8791 0.4740
vn -0.8580 0.1039 0.5030
vn -0.1081 0.1087 -0.9882
vn 0.9609 -0.2735 0.0433
vn -0.3359 -0.6646 -0.6674
vn 0.9499 -0.3126 0.0008
vn 0.4888 -0.0476 0.8711
vn -0.1181 0.9926 0.0296
vn -0.0307 0.9752 -0.2192
vn 0.2482 0.9673 -0.0521
vn -0.9469 -0.0741 0.3129
vn 0.9746 0.0127 -0.2235
vn 0.7715 0.0164 -0.6360
vn -0.8188 -0.2539 -0.5149
vn 0.7394 -0.4971 0.4540
vn -0.3608 -0.1844 0.9142
vn -0.3197 0.8750 0.3636
vn -0.8410 -0.2447 0.4826
vn 0.5507 -0.1007 0.8286
vn 0.0310 -0.2237 0.9742
vn -0.8595 0.4734 -0.1928
vn -0.6234 -0.2862 0.7277
vn 0.6855 -0.4781 0.5491
vn 0.4386 0.8902 -0.1232
vn -0.0654 -0.9395 0.3362
vn 0.9344 0.0406 0.3539
vn -0.3120 0.6900 0.6531
vn -0.1925 0.9693 0.1533
vn -0.3415 -0.0125 0.9398
vn -0.0811 -0.8982 0.4320
vn -0.0091 0.9819 0.1891
vn -0.0691 -0.7187 0.6919
vn -0.0586 0.1040 0.9928
vn 0.7281 -0.4898 0.4796
vn 0.2867 0.9483 0.1362
vn -0.2816 0.9569 -0.0714
vn -0.2305 -0.9723 0.0395
vn 0.5897 -0.6548 0.4727
vn 0.3062 -0.9290 0.2080
vn -0.9938 0.0635 -0.0916
vn -0.6334 0.7485 -0.1962
vn -0.0193 0.9983 0.0556
vn 0.7205 0.6444 0.2562
vn 0.2506 0.1222 0.9604
vn 0.4880 0.0911 0.8681
vn 0.9005 -0.0371 0.4334
vn -0.8310 0.1700 0.5297
vn 0.5885 0.8061 0.0628
vn 0.8724 0.0914 0.4802
vn 0.5043 -0.8549 0.1216
vn 0.6256 -0.7799 -0.0179
vn -0.9244 -0.3687 0.0978
vn 0.5354 -0.5407 0.6488
vn 0.7493 -0.5554 0.3608
vn -0.7071 -0.6031 -0.3691
vn 0.4970 0.8341 -0.2392
vn -0.0190 0.9970 -0.0750
vn 0.2061 0.1755 0.9627
vn -0.6324 -0.3519 0.6901
vn -0.3880 -0.8310 0.3987
vn -0.0288 0.1958 0.9802
vn 0.1833 -0.9090 0.3742
vn 0.4532 -0.7913 0.4104
vn 0.1636 -0.9714 0.1722
vn -0.4621 -0.7447 0.4816
vn -0.0066 0.8822 0.4708
vn -0.8564 -0.0620 0.5126
vn 0.4750 0.7869 0.3940
vn 0.7018 0.4599 0.5440
vn 0.4707 -0.8388 0.2737
vn 0.0608 0.9971 -0.0462
vn 0.1824 0.9654 -0.1863
vn 0.2836 -0.6266 0.7259
vn -0.1143 0.7288 0.6751
vn -0.0409 -0.0674 0.9969
vn -0.0582 -0.0967 0.9936
vn -0.4111 -0.7615 0.5011
vn 0.8942 0.2776 0.3513
vn -0.1980 -0.8436 0.4992
vn -0.2088 0.9144 0.3467
vn 0.5401 0.5738 0.6157
vn 0.8537 -0.5194 -0.0374
vn -0.8280 -0.1766 0.5322
vn -0.7849 0.1612 0.5983
vn -0.0383 -0.6094 0.7920
vn -0.3074 0.0238 0.9513
vn -0.7207 -0.6591 0.2149
vn -0.3594 0.5051 0.7847
vn -0.7486 0.6475 -0.1427
vn 0.2052 0.9121 0.3550
vn 0.1041 0.2619 0.9595
vn 0.4067 -0.8146 0.4134
vn -0.6145 -0.3292 0.7170
vn -0.7311 0.5404 0.4164
vn 0.3259 0.9454 -0.0095
vn 0.5661 -0.8097 0.1546
vn -0.5474 0.7551 0.3609
vn -0.7309 0.6512 0.2043
vn -0.8809 -0.0685 0.4682
vn -0.6379 0.6281 0.4456
vn -0.0083 -0.5927 0.8054
vn -0.3366 -0.8037 0.4907
vn 0.8965 0.4395 -0.0559
vn 0.3004 -0.9538 0.0041
vn -0.2663 0.9413 0.2073
vn 0.2058 -0.1839 0.9612
vn -0.2818 0.9288 0.2407
vn -0.3087 -0.9167 0.2538
vn 0.0703 0.2143 0.9742
vn -0.8704 -0.3052 -0.3864
vn 0.0463 -0.9975 0.0537
vn 0.4705 -0.7958 0.3812
vn -0.3716 -0.8721 0.3183
vn 0.2314 0.9587 0.1656
vn -0.3052 -0.8954 0.3242
vn 0.0213 0.9864 0.1630
vn -0.4586 0.7420 0.4890
vn 0.8181 0.5710 0.0677
vn 0.6780 -0.0659 0.7321
vn -0.4181 -0.8616 0.2880
vn 0.8248 0.5152 0.2329
vn 0.6699 0.7345 0.1085
vn -0.7123 0.7012 -0.0293
vn 0.6264 -0.7009 0.3410
vn 0.3441 0.9353 0.0824
vn -0.0561 -0.8240 0.5638
vn -0.8054 -0.0492 0.5908
vn 0.8076 0.0606 0.5866
vn 0.0022 0.6232 0.7821
vn -0.6365 -0.6558 0.4059
vn -0.6628 0.6868 0.2983
vn 0.1032 -0.9842 0.1439
vn 0.2942 -0.3105 0.9039
vn -0.4645 -0.0186 0.8854
vn -0.9788 -0.1725 0.1106
vn -0.0699 0.7202 0.6902
vn -0.0660 0.5320 0.8442
vn 0.1368 -0.8856 0.4439
vn 0.4270 -0.6566 0.6217
vn -0.1609 -0.2354 0.9585
vn -0.0735 0.3644 0.9284
vn -0.3539 0.7780 0.5191
vn 0.1861 -0.8129 0.5518
vn -0.0568 0.7498 0.6592
vn 0.2969 0.3904 0.8714
vn 0.9849 -0.0876 0.1495
vn 0.4072 0.7820 0.4718
vn 0.1870 -0.8733 0.4499
vn -0.6203 -0.0103 0.7843
vn -0.7772 0.2830 0.5620
vn 0.1653 -0.2567 0.9522
vn 0.1858 -0.8295 0.5267
vn -0.1219 0.5485 0.8272
vn -0.5112 -0.4434 0.7363
vn -0.1170 -0.3659 0.9233
vn 0.9024 -0.0923 0.4209
vn 0.7684 0.1182 0.6290
vn 0.3460 0.3229 0.8809
vn 0.1754 -0.2872 0.9417
vn -0.3633 0.6265 0.6896
vn -0.4996 -0.2426 0.8316
vn 0.2193 0.6984 0.6813
vn 0.3617 -0.3299 0.8720
vn 0.3311 -0.1287 0.9348
vn -0.0896 0.1200 0.9887
vn 0.0046 0.1002 0.9950
vt 0.757386 0.059119
vt 0.749332 0.063493
vt 0.750739 0.060074
vt 0.759889 0.055280
vt 0.758519 0.062360
vt 0.748377 0.066091
vt 0.756641 0.071738
vt 0.749386 0.069210
vt 0.751427 0.055421
vt 0.745309 0.063204
vt 0.763010 0.055800
vt 0.442420 0.460394
vt 0.442412 0.468556
vt 0.439705 0.462759
vt 0.764601 0.058237
vt 0.770398 0.059206
vt 0.477035 0.233006
vt 0.473829 0.233563
vt 0.470897 0.229806
vt 0.469120 0.234159
vt 0.465045 0.237389
vt 0.761768 0.069392
vt 0.471857 0.236598
vt 0.749913 0.050282
vt 0.747927 0.056344
vt 0.753669 0.046655
vt 0.739653 0.059860
vt 0.743626 0.067219
vt 0.740680 0.067086
vt 0.439135 0.459757
vt 0.747661 0.069330
vt 0.189996 0.961723
vt 0.189326 0.952742
vt 0.191018 0.955965
vt 0.766167 0.062186
vt 0.764685 0.075291
vt 0.744472 0.054251
vt 0.761686 0.050661
vt 0.439532 0.454628
vt 0.445651 0.463057
vt 0.745140 0.075581
vt 0.196965 0.953183
vt 0.194629 0.958759
vt 0.476291 0.239339
vt 0.194107 0.952012
vt 0.191306 0.946653
vt 0.749504 0.075236
vt 0.755819 0.074424
vt 0.750381 0.044394
vt 0.739468 0.050301
vt 0.738123 0.056182
vt 0.733293 0.054755
vt 0.743492 0.060257
vt 0.446414 0.448578
vt 0.440403 0.451024
vt 0.445195 0.465777
vt 0.447542 0.468156
vt 0.740158 0.073387
vt 0.746402 0.078106
vt 0.760833 0.077809
vt 0.031632 0.552849
vt 0.048437 0.544153
vt 0.037408 0.557899
vt 0.036376 0.566144
vt 0.024749 0.561729
vt 0.746207 0.042255
vt 0.744485 0.047684
vt 0.741328 0.047438
vt 0.751938 0.042378
vt 0.756784 0.041883
vt 0.757562 0.038480
vt 0.762999 0.048236
vt 0.681300 0.087049
vt 0.723364 0.070359
vt 0.681834 0.098579
vt 0.714881 0.062441
vt 0.731285 0.067915
vt 0.733011 0.083557
vt 0.735928 0.069591
vt 0.455536 0.470683
vt 0.455339 0.466211
vt 0.174588 0.946627
vt 0.180798 0.947056
vt 0.187136 0.949294
vt 0.186720 0.955155
vt 0.190254 0.943127
vt 0.737679 0.078358
vt 0.200681 0.949237
vt 0.475377 0.244049
vt 0.756617 0.078062
vt 0.026119 0.570869
vt 0.679621 0.080189
vt 0.733294 0.046399
vt 0.730147 0.050819
vt 0.727738 0.053933
vt 0.655480 0.104243
vt 0.727302 0.060366
vt 0.442450 0.441467
vt 0.451466 0.454458
vt 0.450258 0.460082
vt 0.083454 0.564791
vt 0.084552 0.580098
vt 0.737042 0.074237
vt 0.447800 0.463960
vt 0.739156 0.075297
vt 0.187119 0.937154
vt 0.178933 0.939678
vt 0.195027 0.938880
vt 0.102516 0.577154
vt 0.180393 0.935792
vt 0.186139 0.933749
vt 0.780531 0.653269
vt 0.784249 0.644647
vt 0.786595 0.650889
vt 0.202471 0.941739
vt 0.193198 0.930160
vt 0.179446 0.927760
vt 0.191419 0.926024
vt 0.775753 0.645270
vt 0.186612 0.926158
vt 0.021587 0.558254
vt 0.565023 0.641153
vt 0.562894 0.628747
vt 0.577893 0.637366
vt 0.553798 0.644119
vt 0.544956 0.651184
vt 0.898933 0.941922
vt 0.868729 0.973704
vt 0.870589 0.942746
vt 0.524228 0.445236
vt 0.488355 0.448566
vt 0.515368 0.430816
vt 0.652834 0.094695
vt 0.072333 0.551523
vt 0.036764 0.573871
vt 0.741679 0.040615
vt 0.668207 0.120404
vt 0.720318 0.054661
vt 0.494726 0.461232
vt 0.449423 0.447158
vt 0.521556 0.479586
vt 0.120456 0.860929
vt 0.120772 0.840274
vt 0.126274 0.827283
vt 0.061902 0.582164
vt 0.167061 0.937359
vt 0.172316 0.941586
vt 0.176259 0.943243
vt 0.747069 0.082469
vt 0.177246 0.937493
vt 0.191102 0.933847
vt 0.471029 0.248904
vt 0.476574 0.250615
vt 0.466252 0.253293
vt 0.463518 0.244887
vt 0.761715 0.083394
vt 0.188864 0.919245
vt 0.029881 0.546681
vt 0.019692 0.574554
vt 0.044113 0.538086
vt 0.735645 0.045268
vt 0.738784 0.041171
vt 0.031746 0.582614
vt 0.727239 0.046536
vt 0.748282 0.034738
vt 0.750700 0.030198
vt 0.446827 0.443169
vt 0.469661 0.439351
vt 0.468120 0.465753
vt 0.450906 0.443044
vt 0.766459 0.669225
vt 0.766039 0.690591
vt 0.453548 0.459815
vt 0.459254 0.463480
vt 0.676726 0.124749
vt 0.083613 0.557550
vt 0.463870 0.468134
vt 0.164493 0.938958
vt 0.173836 0.938462
vt 0.174178 0.941954
vt 0.746070 0.092296
vt 0.731656 0.102821
vt 0.173219 0.933199
vt 0.102971 0.856912
vt 0.747559 0.087554
vt 0.172836 0.925781
vt 0.178003 0.921027
vt 0.757653 0.086120
vt 0.182235 0.922927
vt 0.183995 0.921848
vt 0.782505 0.636060
vt 0.184407 0.919669
vt 0.194581 0.922717
vt 0.097225 0.585885
vt 0.556123 0.650970
vt 0.760677 0.701515
vt 0.774603 0.697438
vt 0.682085 0.069918
vt 0.794435 0.678509
vt 0.459353 0.443606
vt 0.454610 0.442422
vt 0.454418 0.448552
vt 0.457636 0.448937
vt 0.451988 0.448865
vt 0.457046 0.455609
vt 0.117951 0.820765
vt 0.114517 0.811610
vt 0.460217 0.455004
vt 0.461736 0.463791
vt 0.458291 0.458869
vt 0.165722 0.934499
vt 0.878580 0.985986
vt 0.791104 0.644976
vt 0.106066 0.868075
vt 0.474204 0.254950
vt 0.196812 0.930566
vt 0.202101 0.929665
vt 0.182308 0.918294
vt 0.792344 0.632513
vt 0.985616 0.672965
vt 0.971292 0.644775
vt 0.980367 0.645162
vt 0.017162 0.561507
vt 0.015320 0.573319
vt 0.469681 0.432734
vt 0.729736 0.041353
vt 0.737899 0.033220
vt 0.730992 0.037803
vt 0.455306 0.439120
vt 0.710926 0.054920
vt 0.465763 0.470661
vt 0.175671 0.940879
vt 0.871978 0.988772
vt 0.471606 0.252866
vt 0.754684 0.089376
vt 0.083201 0.591331
vt 0.190297 0.914898
vt 0.970258 0.640705
vt 0.979414 0.635803
vt 0.987233 0.636808
vt 0.973680 0.638654
vt 0.781054 0.700421
vt 0.771507 0.707898
vt 0.146452 0.124442
vt 0.161350 0.126247
vt 0.153373 0.130131
vt 0.787673 0.697069
vt 0.496011 0.424557
vt 0.128836 0.116409
vt 0.158277 0.111344
vt 0.735069 0.035323
vt 0.461588 0.431434
vt 0.755526 0.027467
vt 0.445283 0.435044
vt 0.453266 0.434402
vt 0.759617 0.677974
vt 0.979843 0.688066
vt 0.981011 0.681343
vt 0.987233 0.690623
vt 0.682181 0.127745
vt 0.168854 0.925254
vt 0.175318 0.921591
vt 0.101296 0.832205
vt 0.880029 0.994296
vt 0.477035 0.259627
vt 0.099461 0.866627
vt 0.195530 0.919532
vt 0.794927 0.625186
vt 0.019239 0.551848
vt 0.547903 0.655648
vt 0.025131 0.580883
vt 0.743811 0.025976
vt 0.716986 0.051233
vt 0.721010 0.045120
vt 0.097017 0.105966
vt 0.095823 0.097557
vt 0.107926 0.108027
vt 0.103825 0.099599
vt 0.148810 0.097594
vt 0.449495 0.434549
vt 0.118234 0.096262
vt 0.099252 0.092234
vt 0.043427 0.591800
vt 0.112376 0.828252
vt 0.973361 0.686999
vt 0.888387 0.984847
vt 0.718117 0.118411
vt 0.736700 0.116700
vt 0.099303 0.843864
vt 0.469224 0.255548
vt 0.179983 0.914249
vt 0.458628 0.256906
vt 0.455281 0.251774
vt 0.868729 0.994110
vt 0.463388 0.258190
vt 0.761070 0.088150
vt 0.094421 0.858801
vt 0.206654 0.918883
vt 0.196885 0.911090
vt 0.148108 0.130348
vt 0.774791 0.711564
vt 0.019562 0.535581
vt 0.016685 0.583929
vt 0.740809 0.028250
vt 0.443050 0.429657
vt 0.119333 0.113272
vt 0.124246 0.106576
vt 0.456690 0.431735
vt 0.137134 0.101176
vt 0.112382 0.085432
vt 0.107649 0.817213
vt 0.113775 0.809992
vt 0.055922 0.590922
vt 0.899593 0.985059
vt 0.805103 0.663637
vt 0.176498 0.914323
vt 0.947289 0.666930
vt 0.754658 0.095630
vt 0.453772 0.255990
vt 0.089520 0.848256
vt 0.089996 0.833520
vt 0.464605 0.261880
vt 0.759643 0.090477
vt 0.772725 0.635247
vt 0.184329 0.908580
vt 0.200768 0.918315
vt 0.084914 0.853495
vt 0.968563 0.637056
vt 0.582574 0.646179
vt 0.554309 0.660115
vt 0.515074 0.422084
vt 0.153163 0.135612
vt 0.788219 0.701312
vt 0.545363 0.663799
vt 0.132686 0.793288
vt 0.128038 0.800533
vt 0.128743 0.788230
vt 0.903743 0.945574
vt 0.910758 0.938598
vt 0.098707 0.112613
vt 0.724728 0.042376
vt 0.747344 0.023968
vt 0.745970 0.028404
vt 0.453341 0.430668
vt 0.085276 0.086542
vt 0.804511 0.666199
vt 0.800699 0.680551
vt 0.172077 0.918588
vt 0.207108 0.925848
vt 0.197949 0.914700
vt 0.955768 0.647049
vt 0.095171 0.603984
vt 0.083840 0.830545
vt 0.087178 0.857112
vt 0.077723 0.861358
vt 0.107647 0.590321
vt 0.134241 0.800138
vt 0.108134 0.117532
vt 0.460542 0.424907
vt 0.468479 0.422445
vt 0.451425 0.425463
vt 0.446605 0.424389
vt 0.663794 0.077174
vt 0.448083 0.427647
vt 0.125342 0.121182
vt 0.795520 0.693135
vt 0.038767 0.597339
vt 0.126261 0.089324
vt 0.088027 0.094272
vt 0.120151 0.070795
vt 0.297240 0.956774
vt 0.299306 0.968655
vt 0.290789 0.968503
vt 0.300382 0.956089
vt 0.308091 0.957265
vt 0.805816 0.674653
vt 0.311171 0.966576
vt 0.750870 0.652057
vt 0.693728 0.135614
vt 0.111151 0.810844
vt 0.059785 0.600325
vt 0.139409 0.068574
vt 0.124346 0.063749
vt 0.149871 0.048171
vt 0.138982 0.048506
vt 0.033445 0.005616
vt 0.030197 0.006503
vt 0.029549 0.003696
vt 0.803981 0.639433
vt 0.890438 0.994886
vt 0.090453 0.819068
vt 0.472501 0.266498
vt 0.082947 0.869587
vt 0.099299 0.877909
vt 0.190034 0.909051
vt 0.082205 0.851675
vt 0.076534 0.859589
vt 0.582901 0.654144
vt 0.144701 0.133276
vt 0.548732 0.659966
vt 0.796684 0.697643
vt 0.012354 0.581434
vt 0.442444 0.422932
vt 0.728847 0.039240
vt 0.750934 0.021465
vt 0.454397 0.425936
vt 0.027573 0.392386
vt 0.035148 0.396337
vt 0.013660 0.403056
vt 0.988426 0.186546
vt 0.999987 0.199300
vt 0.984809 0.193660
vt 0.230298 0.481570
vt 0.238696 0.474324
vt 0.249687 0.475654
vt 0.902249 0.978490
vt 0.971662 0.206630
vt 0.292598 0.954648
vt 0.099309 0.082352
vt 0.303604 0.976889
vt 0.055928 0.333257
vt 0.051165 0.317068
vt 0.056693 0.310865
vt 0.028861 0.890037
vt 0.032497 0.899202
vt 0.017046 0.893194
vt 0.052973 0.310365
vt 0.015135 0.910069
vt 0.007175 0.905719
vt 0.312944 0.976148
vt 0.048714 0.315285
vt 0.034801 0.918668
vt 0.082233 0.818833
vt 0.174399 0.912085
vt 0.763499 0.094999
vt 0.777286 0.611823
vt 0.190869 0.906331
vt 0.199997 0.914784
vt 0.786540 0.621007
vt 0.205506 0.915722
vt 0.196375 0.905949
vt 0.214792 0.897084
vt 0.966522 0.627078
vt 0.116706 0.599367
vt 0.111577 0.598450
vt 0.487992 0.413959
vt 0.120573 0.131493
vt 0.138294 0.791959
vt 0.449970 0.422795
vt 0.709175 0.778051
vt 0.690552 0.774061
vt 0.694821 0.759991
vt 0.457162 0.424326
vt 0.754293 0.018921
vt 0.723835 0.039269
vt 0.734518 0.026123
vt 0.996936 0.170118
vt 0.999987 0.174416
vt 0.048609 0.385897
vt 0.237413 0.493433
vt 0.229729 0.492493
vt 0.072574 0.403056
vt 0.074463 0.401473
vt 0.081632 0.401873
vt 0.078978 0.398124
vt 0.084818 0.106015
vt 0.246074 0.467735
vt 0.230929 0.474716
vt 0.080379 0.394491
vt 0.256374 0.461653
vt 0.250321 0.461489
vt 0.974494 0.199218
vt 0.131519 0.077251
vt 0.296066 0.980028
vt 0.019310 0.881448
vt 0.027902 0.887344
vt 0.022591 0.886078
vt 0.684577 0.406810
vt 0.684075 0.413733
vt 0.676858 0.396654
vt 0.108590 0.069523
vt 0.690042 0.405446
vt 0.309374 0.977475
vt 0.048066 0.328478
vt 0.313205 0.960679
vt 0.156265 0.089651
vt 0.042937 0.308089
vt 0.006566 0.913450
vt 0.032524 0.011467
vt 0.038265 0.013364
vt 0.030619 0.021683
vt 0.029549 0.017982
vt 0.017185 0.926327
vt 0.744543 0.121928
vt 0.456073 0.262490
vt 0.451775 0.257568
vt 0.464627 0.268036
vt 0.791935 0.617111
vt 0.223737 0.903604
vt 0.963059 0.641841
vt 0.026003 0.385473
vt 0.142295 0.794564
vt 0.989722 0.172258
vt 0.728762 0.030870
vt 0.984326 0.178232
vt 0.020743 0.598558
vt 0.251464 0.487158
vt 0.240834 0.497443
vt 0.070017 0.397828
vt 0.980570 0.184853
vt 0.975949 0.187174
vt 0.977338 0.192233
vt 0.971874 0.198329
vt 0.233177 0.467880
vt 0.023052 0.357605
vt 0.022599 0.353782
vt 0.025328 0.354677
vt 0.022098 0.349029
vt 0.019391 0.345224
vt 0.687938 0.413106
vt 0.047805 0.316454
vt 0.049207 0.319913
vt 0.032607 0.013671
vt 0.042616 0.909859
vt 0.176240 0.910679
vt 0.179327 0.906822
vt 0.476105 0.271378
vt 0.476717 0.274183
vt 0.072818 0.866824
vt 0.204536 0.898736
vt 0.952646 0.641583
vt 0.098748 0.119032
vt 0.464178 0.418592
vt 0.450312 0.419123
vt 0.113996 0.128847
vt 0.446776 0.419059
vt 0.745123 0.020563
vt 0.031688 0.383004
vt 0.145264 0.792822
vt 0.979094 0.183465
vt 0.035747 0.371400
vt 0.031595 0.366710
vt 0.036565 0.359171
vt 0.027685 0.360125
vt 0.236455 0.465066
vt 0.243375 0.461736
vt 0.275712 0.972210
vt 0.027987 0.355275
vt 0.013282 0.887425
vt 0.072980 0.091195
vt 0.049380 0.334926
vt 0.322616 0.962642
vt 0.024651 0.004727
vt 0.019697 0.010204
vt 0.021653 0.007136
vt 0.965396 0.686606
vt 0.015278 0.929446
vt 0.083940 0.603213
vt 0.031141 0.930085
vt 0.765456 0.092666
vt 0.767199 0.098680
vt 0.179303 0.902592
vt 0.465345 0.275034
vt 0.472834 0.291322
vt 0.465974 0.287754
vt 0.212430 0.893719
vt 0.550103 0.664417
vt 0.127555 0.808881
vt 0.141574 0.809789
vt 0.032816 0.521438
vt 0.457382 0.418326
vt 0.453629 0.417462
vt 0.987528 0.166288
vt 0.998568 0.165669
vt 0.460993 0.413514
vt 0.737845 0.021814
vt 0.086173 0.113637
vt 0.809745 0.700301
vt 0.034037 0.379854
vt 0.043315 0.380058
vt 0.974188 0.184164
vt 0.027917 0.605160
vt 0.074020 0.386437
vt 0.291255 0.950439
vt 0.288855 0.952252
vt 0.681125 0.420028
vt 0.679437 0.414238
vt 0.004395 0.907597
vt 0.019981 0.004691
vt 0.009526 0.060347
vt 0.012755 0.057318
vt 0.012522 0.062725
vt 0.330353 0.965893
vt 0.176015 0.908454
vt 0.174138 0.905529
vt 0.015096 0.937065
vt 0.008362 0.936976
vt 0.075647 0.836209
vt 0.070631 0.826517
vt 0.075394 0.842964
vt 0.191234 0.900921
vt 0.806052 0.628220
vt 0.104347 0.609820
vt 0.222019 0.891329
vt 0.104869 0.124708
vt 0.560327 0.664070
vt 0.503158 0.413453
vt 0.515022 0.412380
vt 0.467745 0.413677
vt 0.991042 0.163403
vt 0.026975 0.383416
vt 0.740847 0.021105
vt 0.145320 0.795081
vt 0.056105 0.388234
vt 0.247831 0.496322
vt 0.731546 0.027812
vt 0.058982 0.394434
vt 0.918694 0.959194
vt 0.972614 0.174394
vt 0.971619 0.192778
vt 0.949294 0.975295
vt 0.953974 0.978681
vt 0.943102 0.982131
vt 0.014826 0.877615
vt 0.316674 0.982130
vt 0.051093 0.341953
vt 0.682574 0.419618
vt 0.082613 0.074612
vt 0.010017 0.064901
vt 0.007124 0.062246
vt 0.012751 0.065050
vt 0.025510 0.001019
vt 0.729561 0.133184
vt 0.724510 0.127270
vt 0.007136 0.954070
vt 0.117200 0.041612
vt 0.128303 0.036859
vt 0.452957 0.270654
vt 0.459955 0.277305
vt 0.795317 0.603993
vt 0.068587 0.864640
vt 0.218576 0.890891
vt 0.229589 0.901163
vt 0.581917 0.662166
vt 0.151047 0.149254
vt 0.784642 0.718437
vt 0.443757 0.418319
vt 0.751951 0.016500
vt 0.753831 0.014246
vt 0.747221 0.017212
vt 0.042705 0.373248
vt 0.048360 0.381647
vt 0.669729 0.060440
vt 0.810708 0.697023
vt 0.714473 0.047002
vt 0.715232 0.039149
vt 0.970250 0.189712
vt 0.962510 0.189639
vt 0.963031 0.197217
vt 0.959384 0.200516
vt 0.032104 0.603104
vt 0.238085 0.460054
vt 0.008466 0.886745
vt 0.924796 0.974615
vt 0.003077 0.903004
vt 0.908607 0.976470
vt 0.048386 0.338590
vt 0.678359 0.424820
vt 0.000649 0.902729
vt 0.313972 0.948041
vt 0.039123 0.336077
vt 0.021822 0.002044
vt 0.019697 0.000724
vt 0.725087 0.132458
vt 0.078643 0.614294
vt 0.018482 0.935347
vt 0.047013 0.930318
vt 0.183612 0.897786
vt 0.068874 0.840915
vt 0.026851 0.935937
vt 0.036869 0.933969
vt 0.193037 0.892128
vt 0.071020 0.852192
vt 0.071645 0.880091
vt 0.804442 0.609315
vt 0.149939 0.832811
vt 0.551241 0.669513
vt 0.749504 0.009681
vt 0.027116 0.378977
vt 0.445832 0.418040
vt 0.746924 0.013307
vt 0.739320 0.017693
vt 0.982846 0.169942
vt 0.975111 0.169814
vt 0.727142 0.026676
vt 0.061019 0.387515
vt 0.733293 0.022399
vt 0.017516 0.371060
vt 0.949090 0.311414
vt 0.947923 0.306569
vt 0.950449 0.308244
vt 0.047666 0.614489
vt 0.950912 0.309542
vt 0.054262 0.006194
vt 0.057397 0.002986
vt 0.056586 0.011974
vt 0.576831 0.745654
vt 0.575278 0.741638
vt 0.579762 0.739142
vt 0.058568 0.622011
vt 0.949867 0.680821
vt 0.075113 0.819815
vt 0.211838 0.942972
vt 0.227813 0.914176
vt 0.224704 0.925990
vt 0.230534 0.902058
vt 0.461533 0.288563
vt 0.957728 0.632367
vt 0.226969 0.884766
vt 0.096624 0.123914
vt 0.515602 0.408228
vt 0.450653 0.413297
vt 0.446070 0.415773
vt 0.740753 0.013956
vt 0.736684 0.016969
vt 0.055990 0.383937
vt 0.045729 0.352066
vt 0.149623 0.794461
vt 0.975347 0.162682
vt 0.966568 0.162737
vt 0.073245 0.106025
vt 0.813281 0.682972
vt 0.011462 0.869734
vt 0.234650 0.458885
vt 0.968149 0.192925
vt 0.238810 0.455680
vt 0.048382 0.347656
vt 0.953570 0.306003
vt 0.033145 0.338197
vt 0.040305 0.343574
vt 0.676858 0.432393
vt 0.053145 0.009395
vt 0.572328 0.744003
vt 0.574972 0.739249
vt 0.096164 0.062850
vt 0.947984 0.692593
vt 0.739195 0.134863
vt 0.807479 0.630126
vt 0.461143 0.302292
vt 0.211826 0.891490
vt 0.483656 0.409238
vt 0.131230 0.833562
vt 0.518775 0.406492
vt 0.089085 0.121159
vt 0.454798 0.412710
vt 0.579645 0.669330
vt 0.582773 0.666333
vt 0.551489 0.677594
vt 0.550746 0.684983
vt 0.661854 0.062024
vt 0.060360 0.383272
vt 0.062083 0.377678
vt 0.949798 0.968688
vt 0.969620 0.192366
vt 0.947408 0.311753
vt 0.949987 0.303602
vt 0.044375 0.343062
vt 0.946480 0.320149
vt 0.051846 0.008712
vt 0.048013 0.003302
vt 0.051368 0.000547
vt 0.051021 0.012104
vt 0.574233 0.747735
vt 0.578856 0.734605
vt 0.571717 0.742040
vt 0.019132 0.946914
vt 0.052295 0.915101
vt 0.803217 0.617096
vt 0.063582 0.863367
vt 0.963969 0.624572
vt 0.222032 0.887817
vt 0.139116 0.156032
vt 0.508090 0.398650
vt 0.558744 0.670105
vt 0.573346 0.669494
vt 0.160399 0.780442
vt 0.138721 0.783372
vt 0.445767 0.409863
vt 0.755101 0.012225
vt 0.578760 0.674163
vt 0.015250 0.597326
vt 0.718089 0.027313
vt 0.152627 0.796552
vt 0.947262 0.969997
vt 0.048013 0.012755
vt 0.570902 0.737295
vt 0.575046 0.734887
vt 0.567573 0.745262
vt 0.730206 0.146886
vt 0.935928 0.675476
vt 0.069496 0.814345
vt 0.458441 0.280365
vt 0.095695 0.614161
vt 0.455101 0.290840
vt 0.032302 0.941712
vt 0.198326 0.886149
vt 0.460391 0.298059
vt 0.218913 0.888521
vt 0.519708 0.399882
vt 0.566263 0.677442
vt 0.682311 0.774260
vt 0.676543 0.752653
vt 0.068010 0.120505
vt 0.162739 0.785677
vt 0.743107 0.010821
vt 0.744671 0.010330
vt 0.237916 0.453156
vt 0.233244 0.456160
vt 0.229729 0.446102
vt 0.059048 0.377260
vt 0.294965 0.932010
vt 0.934509 0.966437
vt 0.943758 0.306801
vt 0.969347 0.308498
vt 0.070503 0.084470
vt 0.173880 0.899826
vt 0.083818 0.056471
vt 0.077826 0.619765
vt 0.217754 0.953620
vt 0.235286 0.908070
vt 0.192121 0.886712
vt 0.132959 0.728144
vt 0.135926 0.718924
vt 0.140304 0.727561
vt 0.813473 0.617972
vt 0.054870 0.868342
vt 0.221065 0.877469
vt 0.111824 0.624419
vt 0.220578 0.885076
vt 0.118383 0.605228
vt 0.223715 0.883928
vt 0.461612 0.404759
vt 0.456438 0.404625
vt 0.560581 0.680110
vt 0.573601 0.678316
vt 0.510797 0.387428
vt 0.518951 0.394396
vt 0.552715 0.685048
vt 0.918728 0.965066
vt 0.044911 0.346177
vt 0.942403 0.306828
vt 0.575835 0.752746
vt 0.581625 0.756087
vt 0.569017 0.764290
vt 0.067529 0.095032
vt 0.559516 0.756255
vt 0.567859 0.766324
vt 0.569761 0.738275
vt 0.566378 0.750676
vt 0.327880 0.926141
vt 0.256362 0.934888
vt 0.265891 0.929907
vt 0.269062 0.939941
vt 0.061984 0.614970
vt 0.168841 0.894369
vt 0.176922 0.892016
vt 0.187290 0.885343
vt 0.060101 0.837666
vt 0.020435 0.951619
vt 0.127394 0.722771
vt 0.049873 0.950094
vt 0.074292 0.130738
vt 0.449429 0.405957
vt 0.006092 0.594284
vt 0.577915 0.678479
vt 0.582309 0.682963
vt 0.582901 0.692488
vt 0.735082 0.011983
vt 0.742091 0.005948
vt 0.731847 0.013477
vt 0.730466 0.013497
vt 0.726337 0.015378
vt 0.159886 0.793240
vt 0.944064 0.302396
vt 0.947722 0.301443
vt 0.040167 0.339650
vt 0.957268 0.293095
vt 0.577463 0.747709
vt 0.575980 0.747036
vt 0.270405 0.942956
vt 0.255683 0.948934
vt 0.451376 0.349110
vt 0.448016 0.345932
vt 0.456162 0.350494
vt 0.261127 0.942872
vt 0.449463 0.343416
vt 0.066590 0.072140
vt 0.735564 0.149233
vt 0.225044 0.946840
vt 0.023044 0.949851
vt 0.056139 0.857586
vt 0.938681 0.646141
vt 0.811408 0.705028
vt 0.568474 0.682293
vt 0.736942 0.011366
vt 0.676355 0.046522
vt 0.744304 0.005504
vt 0.024376 0.609502
vt 0.956663 0.280565
vt 0.958276 0.288569
vt 0.948168 0.274671
vt 0.940450 0.305547
vt 0.946974 0.963156
vt 0.936499 0.320086
vt 0.934599 0.952280
vt 0.557932 0.762577
vt 0.059496 0.096201
vt 0.924107 0.960312
vt 0.255835 0.930034
vt 0.261501 0.922491
vt 0.441545 0.343903
vt 0.926735 0.669516
vt 0.937612 0.658833
vt 0.187431 0.881852
vt 0.084768 0.051338
vt 0.230720 0.885259
vt 0.771612 0.608158
vt 0.107559 0.620835
vt 0.803047 0.602774
vt 0.149211 0.837515
vt 0.131023 0.846658
vt 0.088489 0.139993
vt 0.559001 0.686695
vt 0.950814 0.282510
vt 0.275712 0.924683
vt 0.036031 0.612834
vt 0.937530 0.303278
vt 0.253823 0.769123
vt 0.243617 0.761505
vt 0.251616 0.765670
vt 0.060870 0.103922
vt 0.963077 0.266102
vt 0.965929 0.261098
vt 0.973706 0.266673
vt 0.564779 0.783154
vt 0.969553 0.306131
vt 0.976937 0.268601
vt 0.979580 0.261658
vt 0.455006 0.353976
vt 0.560266 0.739100
vt 0.559045 0.748265
vt 0.270405 0.961638
vt 0.182241 0.879167
vt 0.124571 0.728537
vt 0.109018 0.035658
vt 0.054179 0.864869
vt 0.819959 0.600644
vt 0.673313 0.055001
vt 0.872828 0.441863
vt 0.859441 0.420894
vt 0.868741 0.428842
vt 0.861366 0.417584
vt 0.729167 0.011586
vt 0.974478 0.944495
vt 0.927924 0.954111
vt 0.318506 0.937741
vt 0.556649 0.755153
vt 0.120304 0.730286
vt 0.125806 0.730266
vt 0.240580 0.894714
vt 0.086217 0.621532
vt 0.132409 0.018345
vt 0.139309 0.849388
vt 0.112266 0.148172
vt 0.168528 0.798151
vt 0.016372 0.995535
vt 0.018793 0.994959
vt 0.017789 0.998438
vt 0.020029 0.997442
vt 0.745427 0.000619
vt 0.737895 0.006567
vt 0.044195 0.995077
vt 0.044572 0.999987
vt 0.715700 0.019875
vt 0.920299 0.963447
vt 0.015650 0.615705
vt 0.949592 0.951344
vt 0.946056 0.296048
vt 0.235288 0.765828
vt 0.241253 0.753827
vt 0.975208 0.278788
vt 0.460661 0.354145
vt 0.552707 0.752253
vt 0.440926 0.356028
vt 0.447326 0.339977
vt 0.244377 0.924596
vt 0.072433 0.063433
vt 0.118429 0.724906
vt 0.119765 0.717100
vt 0.934780 0.655588
vt 0.808221 0.599312
vt 0.459925 0.398254
vt 0.873503 0.445148
vt 0.877666 0.443010
vt 0.751630 0.005120
vt 0.008201 0.613361
vt 0.864258 0.412573
vt 0.662641 0.053814
vt 0.022537 0.990476
vt 0.921375 0.950035
vt 0.254508 0.920099
vt 0.060927 0.082649
vt 0.241608 0.929064
vt 0.243621 0.904382
vt 0.925980 0.662756
vt 0.049875 0.851160
vt 0.115579 0.622190
vt 0.073082 0.123499
vt 0.449284 0.395671
vt 0.443835 0.396923
vt 0.668647 0.766248
vt 0.000041 0.611710
vt 0.667681 0.749981
vt 0.016473 0.984820
vt 0.725559 0.010325
vt 0.045918 0.990233
vt 0.721932 0.618615
vt 0.736755 0.611590
vt 0.747024 0.616522
vt 0.979580 0.317877
vt 0.449531 0.363919
vt 0.548296 0.744531
vt 0.978475 0.278857
vt 0.468136 0.340989
vt 0.164493 0.877621
vt 0.059799 0.072112
vt 0.242029 0.909391
vt 0.124577 0.711199
vt 0.099564 0.624473
vt 0.340733 0.872438
vt 0.338671 0.862827
vt 0.348394 0.868683
vt 0.945489 0.760195
vt 0.952924 0.741935
vt 0.963341 0.741486
vt 0.120842 0.628739
vt 0.121463 0.157735
vt 0.485237 0.388198
vt 0.568657 0.696894
vt 0.728391 0.006743
vt 0.089179 0.751467
vt 0.085081 0.746557
vt 0.088643 0.744699
vt 0.081178 0.741626
vt 0.086124 0.742842
vt 0.027803 0.622935
vt 0.298845 0.923209
vt 0.252563 0.758187
vt 0.243976 0.757022
vt 0.970793 0.292861
vt 0.474917 0.344964
vt 0.247527 0.945570
vt 0.118547 0.708191
vt 0.115412 0.704950
vt 0.050175 0.068246
vt 0.074396 0.625245
vt 0.097453 0.027605
vt 0.048905 0.954070
vt 0.658469 0.058777
vt 0.027686 0.985606
vt 0.093335 0.748220
vt 0.923458 0.965213
vt 0.953303 0.288433
vt 0.089560 0.742710
vt 0.091013 0.745145
vt 0.722080 0.611020
vt 0.975072 0.283298
vt 0.034303 0.953161
vt 0.033072 0.967864
vt 0.028555 0.955219
vt 0.543975 0.756699
vt 0.440142 0.364016
vt 0.429226 0.361841
vt 0.436635 0.372434
vt 0.101177 0.739410
vt 0.101693 0.733441
vt 0.112137 0.733772
vt 0.052240 0.625112
vt 0.972766 0.306021
vt 0.435859 0.356293
vt 0.426696 0.352570
vt 0.046497 0.807247
vt 0.051042 0.833730
vt 0.048364 0.064375
vt 0.946770 0.739478
vt 0.361392 0.856781
vt 0.358472 0.870041
vt 0.821418 0.725169
vt 0.654103 0.760253
vt 0.445471 0.390486
vt 0.083717 0.740194
vt 0.950535 0.286981
vt 0.075965 0.739121
vt 0.077050 0.735666
vt 0.091063 0.740726
vt 0.097091 0.743250
vt 0.096788 0.745712
vt 0.035861 0.625381
vt 0.250234 0.751932
vt 0.437842 0.375464
vt 0.441510 0.373964
vt 0.042186 0.630694
vt 0.060117 0.101370
vt 0.544654 0.734605
vt 0.459161 0.369296
vt 0.471911 0.358209
vt 0.469811 0.355205
vt 0.445754 0.371960
vt 0.748715 0.596536
vt 0.979191 0.308362
vt 0.976984 0.282778
vt 0.104415 0.725318
vt 0.250428 0.919012
vt 0.115556 0.724547
vt 0.243123 0.934452
vt 0.221961 0.962075
vt 0.080531 0.046323
vt 0.982131 0.919631
vt 0.960674 0.910746
vt 0.978862 0.910100
vt 0.172310 0.604857
vt 0.193065 0.604707
vt 0.200621 0.607042
vt 0.923765 0.004440
vt 0.916405 0.006324
vt 0.913441 0.001637
vt 0.455997 0.389803
vt 0.014529 0.626588
vt 0.094219 0.752541
vt 0.014930 0.977906
vt 0.025640 0.977735
vt 0.441568 0.386696
vt 0.442569 0.381039
vt 0.059069 0.112502
vt 0.439396 0.378154
vt 0.442671 0.378472
vt 0.098487 0.741280
vt 0.951777 0.291096
vt 0.024921 0.956227
vt 0.099358 0.726594
vt 0.973701 0.301796
vt 0.242322 0.944670
vt 0.246402 0.905141
vt 0.113644 0.718750
vt 0.116144 0.712392
vt 0.093586 0.034190
vt 0.958315 0.909455
vt 0.960044 0.903492
vt 0.928200 0.647655
vt 0.123121 0.011241
vt 0.116298 0.628394
vt 0.193285 0.610853
vt 0.179706 0.599979
vt 0.478385 0.383670
vt 0.888596 0.435122
vt 0.869514 0.399161
vt 0.878719 0.404558
vt 0.910757 0.013746
vt 0.447797 0.378790
vt 0.936213 0.018879
vt 0.079362 0.735314
vt 0.910834 0.025267
vt 0.042238 0.976291
vt 0.731870 0.606471
vt 0.000418 0.970082
vt 0.000624 0.962553
vt 0.009699 0.970611
vt 0.095924 0.732624
vt 0.742242 0.581696
vt 0.737502 0.585583
vt 0.727753 0.581119
vt 0.246626 0.750643
vt 0.023088 0.957687
vt 0.927750 0.945067
vt 0.252032 0.917675
vt 0.053735 0.079039
vt 0.249331 0.911413
vt 0.036085 0.075352
vt 0.245990 0.901825
vt 0.918437 0.661090
vt 0.045274 0.856461
vt 0.102804 0.635441
vt 0.821418 0.597551
vt 0.165768 0.609578
vt 0.163181 0.605430
vt 0.209273 0.615377
vt 0.156345 0.598317
vt 0.201714 0.598553
vt 0.785759 0.729583
vt 0.183891 0.834437
vt 0.171663 0.794200
vt 0.082557 0.733345
vt 0.075178 0.730893
vt 0.936070 0.028585
vt 0.736093 0.602966
vt 0.025257 0.965106
vt 0.945679 0.947961
vt 0.010622 0.967604
vt 0.090404 0.730625
vt 0.253823 0.748214
vt 0.016656 0.632909
vt 0.478965 0.357438
vt 0.926311 0.941664
vt 0.253837 0.914270
vt 0.110155 0.706517
vt 0.113579 0.713392
vt 0.927924 0.657444
vt 0.939439 0.899214
vt 0.954566 0.890076
vt 0.118886 0.004697
vt 0.940048 0.756557
vt 0.140435 0.597201
vt 0.220147 0.583477
vt 0.226002 0.603384
vt 0.167559 0.839303
vt 0.899584 0.433278
vt 0.496246 0.373926
vt 0.063852 0.734214
vt 0.065590 0.724695
vt 0.662394 0.741608
vt 0.721932 0.591915
vt 0.732147 0.596864
vt 0.287331 0.928051
vt 0.085238 0.731503
vt 0.738969 0.600809
vt 0.082814 0.729501
vt 0.089481 0.726881
vt 0.251413 0.741962
vt 0.236838 0.746406
vt 0.010940 0.960749
vt 0.052713 0.093224
vt 0.053099 0.086882
vt 0.234889 0.952665
vt 0.253413 0.902353
vt 0.064763 0.638961
vt 0.045872 0.876694
vt 0.043224 0.867830
vt 0.179983 0.616751
vt 0.221558 0.614570
vt 0.188524 0.593651
vt 0.204034 0.578471
vt 0.234922 0.589433
vt 0.170944 0.800182
vt 0.898510 0.009503
vt 0.885366 0.020683
vt 0.891179 0.024795
vt 0.058063 0.127034
vt 0.633025 0.731736
vt 0.666531 0.735591
vt 0.459531 0.372475
vt 0.949001 0.942206
vt 0.912059 0.062458
vt 0.466360 0.371057
vt 0.082344 0.726709
vt 0.252109 0.746477
vt 0.030451 0.639505
vt 0.104127 0.708749
vt 0.033158 0.072006
vt 0.378126 0.871359
vt 0.197788 0.618789
vt 0.174824 0.592590
vt 0.248095 0.622593
vt 0.186231 0.580857
vt 0.212059 0.551122
vt 0.270197 0.527391
vt 0.134828 0.172483
vt 0.819399 0.821418
vt 0.795013 0.811456
vt 0.814740 0.812454
vt 0.574567 0.706624
vt 0.511870 0.368448
vt 0.735112 0.593545
vt 0.484418 0.359904
vt 0.252260 0.748653
vt 0.937002 0.937050
vt 0.003295 0.961302
vt 0.478450 0.349955
vt 0.003090 0.953161
vt 0.049592 0.096980
vt 0.929995 0.939712
vt 0.093230 0.713888
vt 0.922369 0.077998
vt 0.017866 0.676181
vt 0.249623 0.961250
vt 0.054029 0.082969
vt 0.073323 0.032524
vt 0.140389 0.863760
vt 0.097519 0.165361
vt 0.789410 0.803847
vt 0.648554 0.000619
vt 0.485959 0.368268
vt 0.169997 0.786697
vt 0.647872 0.757076
vt 0.741709 0.596545
vt 0.743573 0.597333
vt 0.050555 0.635595
vt 0.109977 0.715786
vt 0.250630 0.900300
vt 0.786110 0.817119
vt 0.804436 0.829554
vt 0.783728 0.823781
vt 0.970588 0.893959
vt 0.038757 0.863335
vt 0.379572 0.860121
vt 0.385088 0.860094
vt 0.345158 0.855523
vt 0.453437 0.717094
vt 0.440374 0.730479
vt 0.449888 0.716039
vt 0.449110 0.694885
vt 0.441669 0.722298
vt 0.441929 0.705396
vt 0.213655 0.619220
vt 0.138627 0.592352
vt 0.152065 0.586885
vt 0.123944 0.180975
vt 0.863081 0.036979
vt 0.873893 0.387877
vt 0.880103 0.042766
vt 0.635509 0.754601
vt 0.052689 0.118525
vt 0.050850 0.101566
vt 0.029107 0.065667
vt 0.027839 0.841038
vt 0.390692 0.868465
vt 0.960451 0.720461
vt 0.449833 0.684854
vt 0.175048 0.620380
vt 0.154642 0.613059
vt 0.139654 0.589819
vt 0.263675 0.624007
vt 0.185998 0.555201
vt 0.165631 0.872806
vt 0.664635 0.727784
vt 0.608024 0.718138
vt 0.491475 0.364967
vt 0.974478 0.920759
vt 0.592154 0.974238
vt 0.594249 0.961462
vt 0.598255 0.971753
vt 0.736378 0.597420
vt 0.051369 0.110911
vt 0.051829 0.106934
vt 0.616064 0.977029
vt 0.616064 0.960239
vt 0.039413 0.101289
vt 0.924855 0.936972
vt 0.253314 0.909658
vt 0.243016 0.952960
vt 0.786357 0.833685
vt 0.776650 0.828198
vt 0.090478 0.023943
vt 0.776132 0.837018
vt 0.767895 0.837227
vt 0.095437 0.018174
vt 0.453517 0.684408
vt 0.165527 0.623923
vt 0.000633 0.647951
vt 0.007457 0.646550
vt 0.004865 0.647532
vt 0.174720 0.582913
vt 0.211082 0.531845
vt 0.048139 0.140527
vt 0.895885 0.427886
vt 0.797466 0.791766
vt 0.820143 0.803858
vt 0.051020 0.125134
vt 0.641564 0.766404
vt 0.883798 0.073126
vt 0.026040 0.098037
vt 0.244711 0.951649
vt 0.903187 0.079770
vt 0.973278 0.885573
vt 0.921144 0.640126
vt 0.023061 0.855491
vt 0.028962 0.868707
vt 0.967581 0.730879
vt 0.446642 0.736057
vt 0.463717 0.717884
vt 0.246336 0.626998
vt 0.010355 0.623213
vt 0.011302 0.637666
vt 0.158094 0.583329
vt 0.264816 0.567257
vt 0.144317 0.189094
vt 0.861025 0.032570
vt 0.187571 0.773223
vt 0.038411 0.115266
vt 0.048251 0.104935
vt 0.052069 0.636180
vt 0.052596 0.641856
vt 0.889859 0.081263
vt 0.794614 0.816524
vt 0.039644 0.052755
vt 0.942893 0.621467
vt 0.117643 0.001993
vt 0.344822 0.853200
vt 0.462242 0.692737
vt 0.148112 0.615275
vt 0.007658 0.616449
vt 0.748748 0.835835
vt 0.760352 0.833108
vt 0.753710 0.837658
vt 0.747759 0.834359
vt 0.773573 0.824976
vt 0.857324 0.030251
vt 0.886171 0.400441
vt 0.867131 0.062923
vt 0.182181 0.794790
vt 0.644247 0.761839
vt 0.495893 0.351830
vt 0.921153 0.932926
vt 0.931497 0.928924
vt 0.023373 0.066175
vt 0.895429 0.083312
vt 0.909465 0.082593
vt 0.448148 0.670769
vt 0.766562 0.823755
vt 0.778051 0.816797
vt 0.015306 0.647951
vt 0.175417 0.571904
vt 0.172098 0.559035
vt 0.050212 0.130396
vt 0.403118 0.000714
vt 0.413519 0.002699
vt 0.415697 0.007670
vt 0.609009 0.949812
vt 0.008972 0.076277
vt 0.097571 0.702988
vt 0.879095 0.079615
vt 0.058848 0.646452
vt 0.371352 0.854541
vt 0.938398 0.143494
vt 0.926206 0.167773
vt 0.935340 0.144235
vt 0.922045 0.125299
vt 0.149464 0.617027
vt 0.140654 0.608762
vt 0.439216 0.651313
vt 0.146616 0.579936
vt 0.789938 0.791597
vt 0.782014 0.814372
vt 0.409525 0.009629
vt 0.187395 0.802562
vt 0.068792 0.707289
vt 0.920241 0.930504
vt 0.886133 0.085440
vt 0.901134 0.086615
vt 0.936598 0.713172
vt 0.956829 0.711914
vt 0.365644 0.847533
vt 0.383651 0.848055
vt 0.459676 0.664107
vt 0.454835 0.663459
vt 0.445889 0.660182
vt 0.754619 0.854430
vt 0.738003 0.836739
vt 0.744527 0.824490
vt 0.139635 0.582730
vt 0.166302 0.572584
vt 0.901576 0.422542
vt 0.390858 0.002327
vt 0.392772 0.006636
vt 0.865885 0.074407
vt 0.082152 0.646172
vt 0.392565 0.857333
vt 0.102298 0.000488
vt 0.350844 0.845145
vt 0.137486 0.622233
vt 0.449469 0.666207
vt 0.254898 0.627543
vt 0.149025 0.571357
vt 0.444145 0.598652
vt 0.437285 0.601760
vt 0.414586 0.583237
vt 0.244831 0.505176
vt 0.467579 0.596838
vt 0.450338 0.600529
vt 0.855105 0.040546
vt 0.400939 0.010288
vt 0.965009 0.925049
vt 0.947533 0.924341
vt 0.088516 0.912443
vt 0.087671 0.910944
vt 0.095814 0.904936
vt 0.244340 0.960048
vt 0.013916 0.056901
vt 0.921661 0.084225
vt 0.089645 0.014450
vt 0.342793 0.847236
vt 0.129129 0.636646
vt 0.934135 0.158595
vt 0.935672 0.163846
vt 0.722645 0.852202
vt 0.167698 0.549371
vt 0.289537 0.610689
vt 0.203495 0.504957
vt 0.869816 0.000214
vt 0.852010 0.050721
vt 0.076567 0.904396
vt 0.067177 0.903036
vt 0.076322 0.895817
vt 0.376689 0.053587
vt 0.386173 0.059823
vt 0.377501 0.065101
vt 0.053377 0.655096
vt 0.874786 0.084984
vt 0.792374 0.848465
vt 0.092263 0.656459
vt 0.475764 0.707516
vt 0.923841 0.161929
vt 0.927816 0.138030
vt 0.742929 0.567563
vt 0.753817 0.563308
vt 0.753817 0.599482
vt 0.449604 0.663702
vt 0.394438 0.889247
vt 0.411299 0.909252
vt 0.393740 0.915769
vt 0.088482 0.161155
vt 0.111336 0.171463
vt 0.078017 0.162379
vt 0.392461 0.010214
vt 0.403921 0.012412
vt 0.091638 0.888555
vt 0.247536 0.964274
vt 0.868244 0.079597
vt 0.042809 0.036719
vt 0.020116 0.880091
vt 0.356086 0.830392
vt 0.476150 0.686469
vt 0.159554 0.565937
vt 0.227670 0.500458
vt 0.451988 0.619855
vt 0.194878 0.847698
vt 0.847976 0.046703
vt 0.379699 0.008613
vt 0.008833 0.091363
vt 0.851466 0.062194
vt 0.578394 0.976652
vt 0.581259 0.942778
vt 0.635417 0.766355
vt 0.634480 0.760820
vt 0.854819 0.074426
vt 0.093204 0.696669
vt 0.050588 0.669670
vt 0.024817 0.049657
vt 0.026405 0.863933
vt 0.456367 0.737236
vt 0.133838 0.618874
vt 0.718865 0.883717
vt 0.729735 0.892846
vt 0.451718 0.661438
vt 0.439473 0.644208
vt 0.449300 0.658803
vt 0.182355 0.521634
vt 0.766958 0.803164
vt 0.189188 0.824630
vt 0.858877 0.007730
vt 0.420773 0.014360
vt 0.892853 0.384434
vt 0.198362 0.796730
vt 0.596670 0.955038
vt 0.000574 0.066233
vt 0.372667 0.046333
vt 0.489085 0.314746
vt 0.783630 0.865100
vt 0.770701 0.845899
vt 0.432405 0.659106
vt 0.443872 0.673456
vt 0.436795 0.675234
vt 0.274769 0.680190
vt 0.274933 0.669129
vt 0.279333 0.696420
vt 0.305389 0.683425
vt 0.299171 0.685400
vt 0.299722 0.675346
vt 0.150734 0.533526
vt 0.414530 0.930228
vt 0.400145 0.951519
vt 0.480192 0.592998
vt 0.484096 0.613797
vt 0.444304 0.642015
vt 0.899417 0.406817
vt 0.849518 0.056334
vt 0.591773 0.951845
vt 0.063339 0.680453
vt 0.086290 0.686343
vt 0.065524 0.910945
vt 0.068257 0.912969
vt 0.853145 0.077110
vt 0.437123 0.126220
vt 0.447868 0.127597
vt 0.453522 0.145839
vt 0.378164 0.836037
vt 0.958268 0.139910
vt 0.427881 0.676012
vt 0.427881 0.654688
vt 0.456608 0.656059
vt 0.303773 0.675670
vt 0.451335 0.654751
vt 0.450698 0.657814
vt 0.427324 0.485890
vt 0.421658 0.468144
vt 0.454076 0.475415
vt 0.160638 0.514810
vt 0.907816 0.424328
vt 0.921391 0.445148
vt 0.396229 0.014452
vt 0.121327 0.197844
vt 0.852320 0.036211
vt 0.847061 0.024990
vt 0.414747 0.019316
vt 0.064863 0.914194
vt 0.068951 0.915391
vt 0.080211 0.913786
vt 0.072135 0.906523
vt 0.058949 0.901166
vt 0.070320 0.891310
vt 0.066447 0.896756
vt 0.879177 0.091379
vt 0.035844 0.040326
vt 0.019204 0.843981
vt 0.899050 0.095473
vt 0.461015 0.171650
vt 0.458828 0.145152
vt 0.467567 0.163471
vt 0.464223 0.177112
vt 0.476891 0.169564
vt 0.947730 0.328140
vt 0.940783 0.332051
vt 0.944717 0.322202
vt 0.963479 0.715210
vt 0.967870 0.717973
vt 0.972827 0.720428
vt 0.126209 0.666352
vt 0.490078 0.701756
vt 0.279333 0.666619
vt 0.452343 0.658013
vt 0.442797 0.648148
vt 0.449466 0.651768
vt 0.287001 0.690543
vt 0.293834 0.693869
vt 0.749525 0.818877
vt 0.137369 0.575740
vt 0.130309 0.571362
vt 0.415255 0.499877
vt 0.411788 0.477527
vt 0.426604 0.443770
vt 0.163296 0.503661
vt 0.419583 0.864661
vt 0.204206 0.467391
vt 0.494249 0.583237
vt 0.388395 0.012572
vt 0.098234 0.172158
vt 0.565615 0.954226
vt 0.596653 0.947388
vt 0.060268 0.912217
vt 0.605494 0.942750
vt 0.938668 0.919823
vt 0.090945 0.685979
vt 0.936213 0.102568
vt 0.952357 0.700686
vt 0.386841 0.845987
vt 0.984104 0.718153
vt 0.466831 0.861533
vt 0.458279 0.880091
vt 0.458279 0.833051
vt 0.124538 0.627543
vt 0.131119 0.619095
vt 0.127303 0.620085
vt 0.452620 0.655884
vt 0.452625 0.653313
vt 0.451529 0.652279
vt 0.419270 0.511305
vt 0.443798 0.505000
vt 0.450054 0.514637
vt 0.421680 0.896706
vt 0.083114 0.169185
vt 0.403051 0.015232
vt 0.119312 0.185347
vt 0.789537 0.772230
vt 0.845258 0.042605
vt 0.059777 0.928075
vt 0.060702 0.930862
vt 0.048516 0.931096
vt 0.601365 0.761653
vt 0.508402 0.322479
vt 0.960669 0.920985
vt 0.061692 0.909956
vt 0.809047 0.818422
vt 0.381689 0.050568
vt 0.047136 0.675515
vt 0.919903 0.095656
vt 0.960807 0.324309
vt 0.937729 0.327666
vt 0.104842 0.664762
vt 0.694123 0.872047
vt 0.702610 0.892454
vt 0.690894 0.884626
vt 0.713174 0.816797
vt 0.453835 0.650583
vt 0.445684 0.649389
vt 0.725359 0.824538
vt 0.443362 0.644371
vt 0.323465 0.681497
vt 0.324819 0.684979
vt 0.320366 0.682518
vt 0.318748 0.687462
vt 0.320232 0.685381
vt 0.318923 0.684071
vt 0.450635 0.497105
vt 0.430734 0.504343
vt 0.426542 0.499813
vt 0.196276 0.023752
vt 0.202478 0.023254
vt 0.216834 0.056122
vt 0.216834 0.001545
vt 0.576523 0.616116
vt 0.534031 0.620051
vt 0.516114 0.617672
vt 0.504922 0.626462
vt 0.475075 0.642445
vt 0.462589 0.650502
vt 0.762756 0.792070
vt 0.845097 0.011920
vt 0.847550 0.060355
vt 0.049721 0.903200
vt 0.058454 0.905061
vt 0.057302 0.912149
vt 0.431350 0.093524
vt 0.701883 0.884008
vt 0.463333 0.653780
vt 0.456139 0.649305
vt 0.443593 0.647428
vt 0.319609 0.678135
vt 0.316157 0.683959
vt 0.311720 0.681023
vt 0.315242 0.680533
vt 0.588710 0.331703
vt 0.586209 0.321398
vt 0.598413 0.344379
vt 0.411364 0.456432
vt 0.423943 0.436544
vt 0.390934 0.476226
vt 0.391485 0.442145
vt 0.388825 0.402803
vt 0.552038 0.620638
vt 0.536347 0.624900
vt 0.830375 0.003004
vt 0.846374 0.053041
vt 0.373552 0.024675
vt 0.354200 0.023111
vt 0.060571 0.925878
vt 0.055012 0.918285
vt 0.583394 0.942278
vt 0.062319 0.919113
vt 0.958533 0.130100
vt 0.954309 0.126367
vt 0.954309 0.098615
vt 0.801169 0.841122
vt 0.388924 0.057287
vt 0.388588 0.070608
vt 0.413437 0.071202
vt 0.962909 0.091122
vt 0.962158 0.084827
vt 0.459862 0.119443
vt 0.412677 0.866815
vt 0.786765 0.862223
vt 0.952147 0.330743
vt 0.946645 0.335381
vt 0.970257 0.714545
vt 0.495480 0.706258
vt 0.482080 0.712089
vt 0.688433 0.877474
vt 0.320290 0.668920
vt 0.307207 0.669659
vt 0.315340 0.658811
vt 0.312025 0.676314
vt 0.309027 0.679336
vt 0.187349 0.002694
vt 0.192343 0.000275
vt 0.493786 0.635409
vt 0.056474 0.706838
vt 0.061224 0.698462
vt 0.061224 0.707899
vt 0.370391 0.385261
vt 0.365668 0.373170
vt 0.387342 0.379397
vt 0.380863 0.361145
vt 0.058114 0.684923
vt 0.398796 0.021086
vt 0.607674 0.729196
vt 0.059030 0.916744
vt 0.847588 0.075534
vt 0.095532 0.916711
vt 0.485318 0.308120
vt 0.801065 0.852014
vt 0.467370 0.146075
vt 0.425813 0.858547
vt 0.435492 0.858199
vt 0.456627 0.872438
vt 0.399817 0.844842
vt 0.932340 0.335202
vt 0.931392 0.326464
vt 0.930275 0.333938
vt 0.917093 0.312835
vt 0.119229 0.667995
vt 0.672565 0.884479
vt 0.684694 0.860972
vt 0.505791 0.673805
vt 0.474814 0.657353
vt 0.310161 0.657365
vt 0.302659 0.664901
vt 0.710392 0.834009
vt 0.369439 0.409062
vt 0.691402 0.446784
vt 0.683568 0.464711
vt 0.687633 0.440298
vt 0.703616 0.457211
vt 0.698752 0.462175
vt 0.724455 0.457783
vt 0.720831 0.449480
vt 0.389739 0.016503
vt 0.383277 0.015005
vt 0.045674 0.155869
vt 0.798344 0.779029
vt 0.808954 0.778271
vt 0.171621 0.874989
vt 0.836068 0.036006
vt 0.207356 0.805477
vt 0.603954 0.939706
vt 0.947428 0.915853
vt 0.475558 0.301157
vt 0.982131 0.876611
vt 0.979190 0.324187
vt 0.375408 0.826165
vt 0.963229 0.338139
vt 0.007569 0.852735
vt 0.384553 0.837600
vt 0.669473 0.842968
vt 0.693305 0.849609
vt 0.666073 0.847944
vt 0.972858 0.707734
vt 0.321995 0.654464
vt 0.704162 0.873178
vt 0.708900 0.881845
vt 0.704508 0.848557
vt 0.722165 0.886658
vt 0.289187 0.677717
vt 0.416897 0.509218
vt 0.398821 0.516543
vt 0.384569 0.509964
vt 0.608278 0.335158
vt 0.614723 0.335284
vt 0.380367 0.407669
vt 0.678754 0.452750
vt 0.765091 0.301582
vt 0.755652 0.324951
vt 0.754525 0.304205
vt 0.352843 0.389406
vt 0.361040 0.362294
vt 0.751058 0.323138
vt 0.736613 0.297623
vt 0.920836 0.424156
vt 0.069040 0.171429
vt 0.091712 0.182397
vt 0.380092 0.018504
vt 0.759214 0.794850
vt 0.197314 0.860794
vt 0.845878 0.060655
vt 0.573462 0.938479
vt 0.048516 0.901170
vt 0.054039 0.898130
vt 0.095724 0.926666
vt 0.968100 0.119569
vt 0.897395 0.099985
vt 0.381857 0.832883
vt 0.941979 0.346941
vt 0.939331 0.342359
vt 0.677284 0.858713
vt 0.975935 0.717193
vt 0.675952 0.844644
vt 0.689242 0.843471
vt 0.961901 0.703163
vt 0.976274 0.709702
vt 0.975624 0.701257
vt 0.984682 0.694644
vt 0.483670 0.652641
vt 0.320219 0.648803
vt 0.475568 0.653795
vt 0.710590 0.876583
vt 0.712955 0.846886
vt 0.710587 0.843613
vt 0.576743 0.337513
vt 0.582433 0.340604
vt 0.555554 0.635698
vt 0.539710 0.637406
vt 0.711894 0.473663
vt 0.915382 0.393816
vt 0.841645 0.059856
vt 0.524228 0.356612
vt 0.079333 0.919759
vt 0.835400 0.063478
vt 0.810129 0.831041
vt 0.052909 0.674055
vt 0.951012 0.351031
vt 0.984682 0.125299
vt 0.632557 0.312529
vt 0.622425 0.342686
vt 0.370732 0.462709
vt 0.362475 0.415791
vt 0.354090 0.399372
vt 0.700564 0.474964
vt 0.200100 0.839659
vt 0.416108 0.028922
vt 0.830435 0.056810
vt 0.080176 0.925840
vt 0.706869 0.816952
vt 0.702548 0.821418
vt 0.707391 0.812932
vt 0.091493 0.930010
vt 0.686383 0.819420
vt 0.387011 0.050675
vt 0.395092 0.056290
vt 0.405043 0.060761
vt 0.417092 0.852833
vt 0.585515 0.328765
vt 0.573776 0.328000
vt 0.570853 0.308417
vt 0.948361 0.694644
vt 0.933330 0.340854
vt 0.928190 0.338041
vt 0.924784 0.332129
vt 0.687797 0.862590
vt 0.481214 0.651372
vt 0.706733 0.864590
vt 0.404437 0.521553
vt 0.446566 0.934979
vt 0.367442 0.433402
vt 0.345032 0.387025
vt 0.384350 0.019133
vt 0.201190 0.869531
vt 0.195626 0.815764
vt 0.377081 0.043752
vt 0.411938 0.059650
vt 0.421898 0.063343
vt 0.419004 0.853601
vt 0.689612 0.856676
vt 0.970956 0.697086
vt 0.707943 0.842357
vt 0.311410 0.650079
vt 0.438224 0.939389
vt 0.352972 0.415827
vt 0.780602 0.296452
vt 0.377748 0.024393
vt 0.808001 0.767520
vt 0.741735 0.802025
vt 0.199058 0.813317
vt 0.377645 0.037226
vt 0.607575 0.929939
vt 0.498051 0.319477
vt 0.383083 0.044947
vt 0.481912 0.148634
vt 0.424178 0.853350
vt 0.798801 0.866670
vt 0.685810 0.857826
vt 0.689912 0.836842
vt 0.307262 0.652306
vt 0.389935 0.523501
vt 0.607831 0.341597
vt 0.369455 0.448331
vt 0.345162 0.399674
vt 0.526330 0.634136
vt 0.745832 0.328361
vt 0.403278 0.029858
vt 0.068116 0.932801
vt 0.051614 0.886006
vt 0.416017 0.055459
vt 0.229589 0.497443
vt 0.218694 0.490340
vt 0.218245 0.464929
vt 0.205960 0.467759
vt 0.029441 0.031482
vt 0.467926 0.132611
vt 0.349413 0.814361
vt 0.093078 0.682298
vt 0.402201 0.832706
vt 0.938542 0.355530
vt 0.924584 0.333049
vt 0.931714 0.361001
vt 0.931746 0.365331
vt 0.930081 0.361645
vt 0.495803 0.661986
vt 0.698917 0.853063
vt 0.321790 0.641883
vt 0.596855 0.350286
vt 0.380172 0.494735
vt 0.437017 0.874683
vt 0.727105 0.462613
vt 0.733783 0.440668
vt 0.917372 0.409240
vt 0.391800 0.023546
vt 0.381376 0.023964
vt 0.430599 0.034772
vt 0.417799 0.035370
vt 0.377594 0.028655
vt 0.065844 0.934409
vt 0.732253 0.802508
vt 0.710127 0.798574
vt 0.396554 0.051891
vt 0.436528 0.075200
vt 0.483556 0.135223
vt 0.487808 0.292172
vt 0.050356 0.681192
vt 0.414572 0.832475
vt 0.566519 0.326814
vt 0.565889 0.331598
vt 0.331629 0.643048
vt 0.328669 0.640728
vt 0.938074 0.360065
vt 0.963377 0.698807
vt 0.695024 0.860214
vt 0.312408 0.643123
vt 0.699395 0.860797
vt 0.931161 0.373368
vt 0.922300 0.383302
vt 0.917093 0.385485
vt 0.591985 0.350161
vt 0.636028 0.337270
vt 0.714009 0.301621
vt 0.671033 0.454780
vt 0.914094 0.749068
vt 0.884941 0.751266
vt 0.889837 0.711277
vt 0.923458 0.739199
vt 0.708670 0.504192
vt 0.693443 0.505605
vt 0.596326 0.721928
vt 0.595458 0.666107
vt 0.756023 0.781182
vt 0.743870 0.793000
vt 0.073953 0.932636
vt 0.087807 0.935118
vt 0.603997 0.926197
vt 0.849336 0.806002
vt 0.836045 0.833731
vt 0.837962 0.809417
vt 0.452158 0.092363
vt 0.487512 0.152332
vt 0.111380 0.564008
vt 0.106351 0.562248
vt 0.107499 0.545210
vt 0.921419 0.335064
vt 0.923725 0.336931
vt 0.933594 0.358543
vt 0.031700 0.133346
vt 0.036951 0.122282
vt 0.043367 0.122270
vt 0.322798 0.637963
vt 0.310249 0.639941
vt 0.296756 0.657813
vt 0.920879 0.385063
vt 0.918375 0.389109
vt 0.964626 0.444935
vt 0.969026 0.446299
vt 0.965282 0.458024
vt 0.607147 0.349631
vt 0.342526 0.407149
vt 0.733202 0.463363
vt 0.761485 0.345409
vt 0.028356 0.165097
vt 0.792033 0.754217
vt 0.029670 0.147666
vt 0.000575 0.752541
vt 0.411846 0.040069
vt 0.220176 0.820498
vt 0.876975 0.828043
vt 0.868403 0.837900
vt 0.732265 0.798791
vt 0.930390 0.109693
vt 0.419432 0.842005
vt 0.919029 0.340892
vt 0.119726 0.568082
vt 0.126675 0.572880
vt 0.119316 0.573972
vt 0.930334 0.357699
vt 0.293351 0.623795
vt 0.557961 0.336551
vt 0.574839 0.355266
vt 0.621673 0.350537
vt 0.674067 0.478932
vt 0.071652 0.195023
vt 0.885193 0.797433
vt 0.885051 0.857720
vt 0.064441 0.939591
vt 0.714420 0.795253
vt 0.090941 0.937721
vt 0.402940 0.049327
vt 0.098314 0.931194
vt 0.193488 0.454973
vt 0.979580 0.335585
vt 0.496662 0.163217
vt 0.497834 0.179845
vt 0.372558 0.805040
vt 0.378478 0.812401
vt 0.928419 0.349179
vt 0.946914 0.197702
vt 0.031719 0.127179
vt 0.031609 0.120334
vt 0.030234 0.115688
vt 0.033226 0.122463
vt 0.558775 0.346647
vt 0.920981 0.385359
vt 0.455574 0.888118
vt 0.341275 0.378340
vt 0.342729 0.361190
vt 0.726312 0.473018
vt 0.742633 0.338739
vt 0.926009 0.407072
vt 0.408148 0.047276
vt 0.383112 0.036549
vt 0.595737 0.922095
vt 0.395840 0.046575
vt 0.441989 0.077595
vt 0.047085 0.683665
vt 0.381957 0.809659
vt 0.120831 0.542723
vt 0.922315 0.343724
vt 0.120384 0.562753
vt 0.508334 0.690116
vt 0.945684 0.367555
vt 0.968450 0.442458
vt 0.972815 0.443109
vt 0.150335 0.004187
vt 0.146826 0.000919
vt 0.149208 0.001701
vt 0.971695 0.436258
vt 0.973038 0.439011
vt 0.147055 0.002892
vt 0.972923 0.436615
vt 0.146324 0.003861
vt 0.607078 0.362090
vt 0.354844 0.445668
vt 0.346748 0.448907
vt 0.756179 0.347845
vt 0.087757 0.203856
vt 0.761413 0.777494
vt 0.385242 0.028817
vt 0.391458 0.035255
vt 0.382155 0.030780
vt 0.564528 0.946953
vt 0.060229 0.943202
vt 0.430807 0.054025
vt 0.863976 0.854042
vt 0.814582 0.855099
vt 0.496567 0.132330
vt 0.470821 0.124232
vt 0.970682 0.351753
vt 0.561961 0.331062
vt 0.557991 0.333640
vt 0.662359 0.869412
vt 0.127516 0.565478
vt 0.949635 0.356139
vt 0.024948 0.131791
vt 0.023707 0.129358
vt 0.569432 0.356892
vt 0.576005 0.365131
vt 0.147681 0.004882
vt 0.147408 0.005756
vt 0.586858 0.364870
vt 0.617402 0.357622
vt 0.923446 0.679812
vt 0.714916 0.510940
vt 0.737289 0.780355
vt 0.716334 0.931279
vt 0.710567 0.926301
vt 0.721930 0.927464
vt 0.114248 0.677854
vt 0.930111 0.350719
vt 0.670389 0.858733
vt 0.021886 0.121666
vt 0.397021 0.526779
vt 0.376529 0.519568
vt 0.343554 0.417226
vt 0.335375 0.414708
vt 0.709977 0.319318
vt 0.884941 0.653218
vt 0.671285 0.506110
vt 0.111300 0.210598
vt 0.203514 0.450564
vt 0.214738 0.455846
vt 0.466710 0.098807
vt 0.112436 0.808663
vt 0.110491 0.786842
vt 0.117775 0.805253
vt 0.076016 0.799011
vt 0.004713 0.114895
vt 0.002233 0.117417
vt 0.000225 0.113700
vt 0.931645 0.353636
vt 0.536236 0.728567
vt 0.150384 0.009200
vt 0.975095 0.441363
vt 0.388947 0.525322
vt 0.615498 0.364663
vt 0.342213 0.433952
vt 0.747357 0.454162
vt 0.762210 0.452098
vt 0.612237 0.166062
vt 0.605516 0.187706
vt 0.590335 0.199546
vt 0.120322 0.259862
vt 0.570794 0.928444
vt 0.431843 0.043173
vt 0.908884 0.344981
vt 0.845200 0.845594
vt 0.578636 0.272950
vt 0.588949 0.292176
vt 0.553747 0.276024
vt 0.810430 0.862192
vt 0.521893 0.136481
vt 0.719448 0.936391
vt 0.709923 0.935199
vt 0.112303 0.680312
vt 0.131376 0.672145
vt 0.022035 0.133037
vt 0.498309 0.633529
vt 0.930581 0.390301
vt 0.603263 0.368623
vt 0.603890 0.362861
vt 0.738640 0.468655
vt 0.702319 0.333075
vt 0.243768 0.045097
vt 0.218200 0.086580
vt 0.240002 0.000059
vt 0.677144 0.524565
vt 0.099489 0.941624
vt 0.442520 0.063035
vt 0.186750 0.454624
vt 0.193315 0.445571
vt 0.398156 0.808837
vt 0.713095 0.954863
vt 0.557256 0.330718
vt 0.128066 0.682526
vt 0.254261 0.000712
vt 0.272956 0.046908
vt 0.254261 0.076530
vt 0.549435 0.380979
vt 0.149268 0.001822
vt 0.163998 0.010138
vt 0.977087 0.444073
vt 0.364830 0.520667
vt 0.362238 0.501861
vt 0.642809 0.343120
vt 0.459139 0.898361
vt 0.334545 0.393163
vt 0.722168 0.489902
vt 0.750167 0.765818
vt 0.091063 0.960431
vt 0.849872 0.858730
vt 0.828646 0.845796
vt 0.822376 0.855264
vt 0.205239 0.447504
vt 0.457184 0.078331
vt 0.809395 0.875650
vt 0.557134 0.314623
vt 0.014101 0.123009
vt 0.005212 0.127260
vt 0.501800 0.639206
vt 0.157267 0.016793
vt 0.981053 0.461221
vt 0.632678 0.357624
vt 0.333436 0.429645
vt 0.331419 0.397088
vt 0.333714 0.382587
vt 0.049695 0.178810
vt 0.037399 0.174204
vt 0.742406 0.772150
vt 0.447246 0.023849
vt 0.228581 0.438933
vt 0.223525 0.431720
vt 0.130392 0.543703
vt 0.926647 0.351218
vt 0.018730 0.134435
vt 0.014225 0.125661
vt 0.288645 0.613391
vt 0.944731 0.361982
vt 0.975236 0.466722
vt 0.364668 0.509973
vt 0.353735 0.476804
vt 0.334747 0.421236
vt 0.695165 0.299255
vt 0.331019 0.390382
vt 0.740325 0.475664
vt 0.566993 0.927153
vt 0.447420 0.041404
vt 0.852908 0.335026
vt 0.859683 0.346934
vt 0.848812 0.330524
vt 0.229589 0.419348
vt 0.576105 0.920803
vt 0.094566 0.953443
vt 0.216555 0.440165
vt 0.136832 0.556468
vt 0.013471 0.135655
vt 0.287225 0.622826
vt 0.983406 0.446473
vt 0.982065 0.448551
vt 0.628180 0.363374
vt 0.331868 0.413230
vt 0.709537 0.527991
vt 0.702326 0.539071
vt 0.455667 0.070401
vt 0.383657 0.802083
vt 0.982346 0.450175
vt 0.588908 0.382182
vt 0.354059 0.495344
vt 0.338818 0.471155
vt 0.329113 0.395279
vt 0.323707 0.389300
vt 0.701471 0.316128
vt 0.330659 0.368809
vt 0.760842 0.471620
vt 0.717187 0.351377
vt 0.746231 0.376757
vt 0.597991 0.216052
vt 0.558662 0.235613
vt 0.452634 0.017118
vt 0.705699 0.953399
vt 0.696343 0.944144
vt 0.010676 0.126631
vt 0.135192 0.560140
vt 0.127513 0.683665
vt 0.010324 0.128878
vt 0.983406 0.477035
vt 0.157617 0.020318
vt 0.155249 0.020935
vt 0.367750 0.525523
vt 0.695624 0.319737
vt 0.253504 0.080849
vt 0.217942 0.841876
vt 0.126274 0.787694
vt 0.287001 0.617506
vt 0.288253 0.619846
vt 0.016580 0.155831
vt 0.528990 0.676143
vt 0.574615 0.375647
vt 0.159136 0.022245
vt 0.160827 0.020785
vt 0.461852 0.920869
vt 0.336392 0.432231
vt 0.330738 0.424879
vt 0.850160 0.325198
vt 0.574728 0.926851
vt 0.213867 0.431462
vt 0.588107 0.911442
vt 0.919327 0.620598
vt 0.936597 0.598554
vt 0.946417 0.606778
vt 0.545971 0.317777
vt 0.699485 0.906706
vt 0.007828 0.128959
vt 0.000225 0.188773
vt 0.533430 0.700257
vt 0.027129 0.805773
vt 0.000768 0.792302
vt 0.027737 0.773827
vt 0.163515 0.026981
vt 0.606528 0.365568
vt 0.622866 0.368972
vt 0.665029 0.346417
vt 0.321478 0.361145
vt 0.747225 0.492128
vt 0.216266 0.859178
vt 0.552553 0.188636
vt 0.222688 0.833674
vt 0.795168 0.739276
vt 0.231599 0.824859
vt 0.457719 0.048027
vt 0.106392 0.528083
vt 0.101952 0.539890
vt 0.051550 0.802179
vt 0.064607 0.777768
vt 0.002990 0.129845
vt 0.033437 0.808663
vt 0.038260 0.799193
vt 0.046997 0.804932
vt 0.012755 0.002424
vt 0.010735 0.000655
vt 0.012409 0.000590
vt 0.010735 0.003826
vt 0.036704 0.797612
vt 0.028941 0.807562
vt 0.945233 0.386002
vt 0.147717 0.055585
vt 0.156004 0.050730
vt 0.156414 0.054255
vt 0.468106 0.876191
vt 0.323998 0.404694
vt 0.687913 0.317436
vt 0.698653 0.337544
vt 0.780602 0.461145
vt 0.765436 0.482046
vt 0.677335 0.548325
vt 0.204972 0.104361
vt 0.201642 0.062789
vt 0.565087 0.920255
vt 0.073020 0.964274
vt 0.936722 0.590660
vt 0.927704 0.593366
vt 0.486307 0.108319
vt 0.131056 0.527710
vt 0.509350 0.170429
vt 0.527775 0.144819
vt 0.520655 0.161087
vt 0.005743 0.130226
vt 0.061907 0.019967
vt 0.060710 0.022298
vt 0.058651 0.018370
vt 0.063775 0.021387
vt 0.947043 0.365943
vt 0.570996 0.381839
vt 0.587158 0.386508
vt 0.168474 0.030580
vt 0.153937 0.033442
vt 0.612364 0.373516
vt 0.353950 0.509202
vt 0.312068 0.411047
vt 0.516668 0.955004
vt 0.521570 0.959903
vt 0.518183 0.985094
vt 0.769891 0.490940
vt 0.775600 0.377294
vt 0.771544 0.736198
vt 0.846029 0.312046
vt 0.851958 0.315638
vt 0.576045 0.262843
vt 0.478676 0.095893
vt 0.717159 0.970062
vt 0.681238 0.926142
vt 0.136577 0.549584
vt 0.068657 0.008928
vt 0.068836 0.006155
vt 0.070152 0.003984
vt 0.067118 0.007354
vt 0.067118 0.000680
vt 0.070133 0.000798
vt 0.062840 0.023402
vt 0.058651 0.029336
vt 0.035374 0.803232
vt 0.031260 0.806817
vt 0.687525 0.910106
vt 0.692239 0.907022
vt 0.948090 0.368534
vt 0.609001 0.375148
vt 0.335239 0.453241
vt 0.468106 0.915582
vt 0.318509 0.384610
vt 0.683926 0.319905
vt 0.682560 0.329878
vt 0.689269 0.339558
vt 0.696311 0.355017
vt 0.081739 0.963825
vt 0.824971 0.854499
vt 0.933203 0.627901
vt 0.920892 0.624890
vt 0.541018 0.307180
vt 0.001260 0.146357
vt 0.686697 0.907202
vt 0.553951 0.733375
vt 0.611045 0.331629
vt 0.600211 0.314834
vt 0.603404 0.308675
vt 0.610394 0.312130
vt 0.576944 0.381143
vt 0.160686 0.051391
vt 0.323509 0.430681
vt 0.661277 0.296452
vt 0.769138 0.496533
vt 0.721740 0.374707
vt 0.755461 0.526264
vt 0.723649 0.540207
vt 0.222385 0.100773
vt 0.720432 0.556307
vt 0.094132 0.232097
vt 0.221454 0.416303
vt 0.580438 0.911407
vt 0.923987 0.577812
vt 0.493641 0.117147
vt 0.504230 0.130274
vt 0.119099 0.515856
vt 0.706215 0.977658
vt 0.546097 0.322138
vt 0.539266 0.310252
vt 0.137753 0.550013
vt 0.134699 0.544718
vt 0.184039 0.012690
vt 0.168278 0.037608
vt 0.151013 0.059219
vt 0.153656 0.067185
vt 0.146324 0.074370
vt 0.662076 0.363130
vt 0.323100 0.416243
vt 0.522994 0.984283
vt 0.696279 0.349466
vt 0.698490 0.559633
vt 0.754337 0.752977
vt 0.463555 0.022709
vt 0.925022 0.568576
vt 0.926961 0.562463
vt 0.816310 0.870216
vt 0.480946 0.085586
vt 0.538460 0.329183
vt 0.042702 0.792546
vt 0.772494 0.490870
vt 0.208137 0.112174
vt 0.241624 0.113772
vt 0.076190 0.221862
vt 0.838836 0.322817
vt 0.225718 0.406670
vt 0.571423 0.915005
vt 0.551530 0.265471
vt 0.492294 0.102659
vt 0.133546 0.541915
vt 0.135025 0.535544
vt 0.134228 0.543131
vt 0.102157 0.766732
vt 0.047251 0.790194
vt 0.052121 0.779318
vt 0.045532 0.785636
vt 0.580184 0.384233
vt 0.344731 0.494440
vt 0.683941 0.318218
vt 0.672206 0.317306
vt 0.672837 0.328544
vt 0.688908 0.346320
vt 0.521525 0.988346
vt 0.523681 0.994886
vt 0.516668 0.989092
vt 0.472975 0.028815
vt 0.535105 0.245140
vt 0.583656 0.393078
vt 0.162480 0.059135
vt 0.174017 0.040451
vt 0.330139 0.464567
vt 0.281152 0.028918
vt 0.297551 0.000686
vt 0.293483 0.012496
vt 0.680502 0.317993
vt 0.537105 0.956991
vt 0.773707 0.497286
vt 0.695727 0.363337
vt 0.583089 0.749094
vt 0.226503 0.874989
vt 0.571030 0.912760
vt 0.924537 0.554336
vt 0.910300 0.599172
vt 0.208467 0.955887
vt 0.205841 0.953928
vt 0.203731 0.949494
vt 0.201844 0.950740
vt 0.503163 0.638557
vt 0.679667 0.916220
vt 0.599623 0.388867
vt 0.612995 0.384814
vt 0.528690 0.986739
vt 0.524120 0.985601
vt 0.073059 0.517400
vt 0.085561 0.521508
vt 0.078527 0.527532
vt 0.780602 0.499386
vt 0.175725 0.092566
vt 0.183426 0.120613
vt 0.574544 0.778051
vt 0.563526 0.210461
vt 0.901338 0.585980
vt 0.693754 0.948289
vt 0.171974 0.041738
vt 0.161539 0.091836
vt 0.335418 0.503883
vt 0.331921 0.488926
vt 0.274927 0.040028
vt 0.276814 0.026232
vt 0.288224 0.028828
vt 0.685372 0.359315
vt 0.775914 0.507714
vt 0.701505 0.379974
vt 0.765999 0.513489
vt 0.052715 0.205977
vt 0.852088 0.880656
vt 0.489174 0.062090
vt 0.824909 0.881993
vt 0.818192 0.882335
vt 0.504544 0.109973
vt 0.537062 0.299883
vt 0.514075 0.636906
vt 0.191918 0.041952
vt 0.170806 0.069989
vt 0.640278 0.375064
vt 0.322140 0.438395
vt 0.293470 0.022746
vt 0.311808 0.426570
vt 0.667334 0.323271
vt 0.673683 0.341734
vt 0.675824 0.353291
vt 0.554840 0.979819
vt 0.529550 0.983748
vt 0.784513 0.731866
vt 0.534262 0.279756
vt 0.210047 0.960022
vt 0.217443 0.958270
vt 0.199669 0.975526
vt 0.679778 0.937206
vt 0.047780 0.780983
vt 0.534782 0.684475
vt 0.557504 0.698857
vt 0.281884 0.281167
vt 0.281884 0.321425
vt 0.270998 0.305143
vt 0.952073 0.376941
vt 0.174677 0.047437
vt 0.637594 0.384490
vt 0.312370 0.392720
vt 0.530546 0.980709
vt 0.682229 0.367170
vt 0.774985 0.517736
vt 0.755826 0.412297
vt 0.328931 0.360965
vt 0.291623 0.343874
vt 0.289437 0.309277
vt 0.234200 0.850426
vt 0.493020 0.046482
vt 0.902160 0.574551
vt 0.485682 0.058479
vt 0.536658 0.302457
vt 0.531935 0.155295
vt 0.274485 0.431117
vt 0.274485 0.391611
vt 0.288262 0.404011
vt 0.064707 0.762348
vt 0.550910 0.713069
vt 0.265681 0.301733
vt 0.594164 0.322235
vt 0.586577 0.395061
vt 0.176971 0.046123
vt 0.670210 0.333591
vt 0.540773 0.982333
vt 0.750033 0.419536
vt 0.849043 0.303430
vt 0.546323 0.214376
vt 0.870036 0.877478
vt 0.813526 0.892705
vt 0.518873 0.336730
vt 0.599435 0.397965
vt 0.325703 0.454294
vt 0.325209 0.461881
vt 0.660096 0.323012
vt 0.046329 0.529330
vt 0.046490 0.515898
vt 0.687063 0.381356
vt 0.780283 0.539452
vt 0.768213 0.522640
vt 0.704482 0.406872
vt 0.730177 0.412977
vt 0.835388 0.300591
vt 0.098588 0.256635
vt 0.019017 0.230242
vt 0.500774 0.024534
vt 0.911623 0.621911
vt 0.060800 0.769686
vt 0.060415 0.764863
vt 0.605633 0.392753
vt 0.311842 0.460431
vt 0.660819 0.312755
vt 0.542413 0.971587
vt 0.537141 0.979456
vt 0.094358 0.510281
vt 0.774487 0.544352
vt 0.760138 0.529080
vt 0.247446 0.833204
vt 0.241811 0.827434
vt 0.843474 0.861746
vt 0.676012 0.909166
vt 0.658277 0.918486
vt 0.661952 0.906010
vt 0.900846 0.616045
vt 0.916631 0.658155
vt 0.915962 0.643789
vt 0.676808 0.939143
vt 0.664563 0.916623
vt 0.639021 0.293834
vt 0.639241 0.302481
vt 0.176959 0.050721
vt 0.179289 0.053276
vt 0.662530 0.373452
vt 0.308557 0.448265
vt 0.666180 0.332091
vt 0.057142 0.508686
vt 0.071573 0.507597
vt 0.110496 0.513340
vt 0.771662 0.526179
vt 0.732220 0.421880
vt 0.746974 0.546041
vt 0.900052 0.566727
vt 0.490314 0.072177
vt 0.498935 0.090517
vt 0.136585 0.516212
vt 0.683181 0.961271
vt 0.676016 0.955411
vt 0.545374 0.127102
vt 0.597448 0.402493
vt 0.183971 0.055246
vt 0.181044 0.056225
vt 0.636347 0.395039
vt 0.275875 0.049002
vt 0.669122 0.350561
vt 0.671774 0.357026
vt 0.772567 0.552953
vt 0.838514 0.895397
vt 0.137753 0.499114
vt 0.532891 0.290804
vt 0.559715 0.737236
vt 0.549351 0.415851
vt 0.538940 0.411477
vt 0.593889 0.298408
vt 0.604828 0.298498
vt 0.309252 0.432474
vt 0.287277 0.705263
vt 0.296581 0.701411
vt 0.295334 0.704879
vt 0.296350 0.699598
vt 0.509225 0.841343
vt 0.478991 0.826884
vt 0.488416 0.823280
vt 0.543922 0.974514
vt 0.036144 0.489231
vt 0.680776 0.392488
vt 0.060271 0.493610
vt 0.075223 0.495900
vt 0.097516 0.493233
vt 0.767494 0.526892
vt 0.763951 0.546594
vt 0.764883 0.561780
vt 0.705763 0.574071
vt 0.816092 0.305699
vt 0.211944 0.967553
vt 0.628251 0.280986
vt 0.589240 0.397838
vt 0.302601 0.444666
vt 0.291452 0.039081
vt 0.307090 0.409361
vt 0.316075 0.701852
vt 0.305181 0.399912
vt 0.303384 0.394837
vt 0.302425 0.384720
vt 0.026512 0.505065
vt 0.730817 0.430885
vt 0.732820 0.439161
vt 0.241040 0.132688
vt 0.502744 0.082151
vt 0.512894 0.109629
vt 0.533115 0.125535
vt 0.906270 0.626615
vt 0.547588 0.135044
vt 0.583654 0.406411
vt 0.614902 0.402681
vt 0.492812 0.839819
vt 0.476967 0.866029
vt 0.467756 0.869287
vt 0.477586 0.852587
vt 0.552459 0.970893
vt 0.112681 0.501079
vt 0.121062 0.506458
vt 0.767502 0.531416
vt 0.761771 0.550418
vt 0.712599 0.421283
vt 0.728328 0.433165
vt 0.744755 0.559544
vt 0.172781 0.122500
vt 0.181198 0.141249
vt 0.155855 0.129955
vt 0.195611 0.133501
vt 0.305067 0.301889
vt 0.259823 0.125627
vt 0.815272 0.322133
vt 0.897339 0.556019
vt 0.590022 0.400311
vt 0.524646 0.737245
vt 0.533752 0.754525
vt 0.522108 0.765297
vt 0.292734 0.708010
vt 0.536217 0.747479
vt 0.531527 0.729040
vt 0.490212 0.873347
vt 0.536010 0.742353
vt 0.024772 0.514711
vt 0.319126 0.698466
vt 0.316729 0.712975
vt 0.035166 0.475179
vt 0.075433 0.490761
vt 0.699178 0.412289
vt 0.159066 0.140008
vt 0.164269 0.141735
vt 0.155923 0.142736
vt 0.233476 0.140445
vt 0.238604 0.859774
vt 0.233087 0.861774
vt 0.000142 0.367342
vt 0.000142 0.319692
vt 0.004511 0.323385
vt 0.488977 0.021126
vt 0.689079 0.975023
vt 0.911249 0.642681
vt 0.180377 0.060435
vt 0.181798 0.058119
vt 0.183625 0.059623
vt 0.316425 0.486264
vt 0.307628 0.423879
vt 0.290524 0.709578
vt 0.302220 0.410581
vt 0.303153 0.401481
vt 0.301854 0.404227
vt 0.495029 0.847549
vt 0.482273 0.877223
vt 0.326230 0.701709
vt 0.475160 0.884352
vt 0.330266 0.687300
vt 0.338884 0.660540
vt 0.762508 0.542157
vt 0.166528 0.148102
vt 0.293936 0.294750
vt 0.064909 0.236239
vt 0.050382 0.231698
vt 0.816842 0.283059
vt 0.889288 0.593806
vt 0.517741 0.290007
vt 0.553994 0.140770
vt 0.545163 0.159828
vt 0.336158 0.926009
vt 0.327669 0.919969
vt 0.341796 0.911200
vt 0.591108 0.403345
vt 0.592863 0.402722
vt 0.184595 0.064676
vt 0.180410 0.080481
vt 0.506556 0.854498
vt 0.535753 0.756622
vt 0.534675 0.760042
vt 0.539075 0.759050
vt 0.537637 0.759585
vt 0.539494 0.761233
vt 0.538011 0.763645
vt 0.538426 0.755011
vt 0.537149 0.749919
vt 0.480206 0.861945
vt 0.089468 0.489244
vt 0.110392 0.497069
vt 0.755147 0.552806
vt 0.133604 0.496894
vt 0.129341 0.501956
vt 0.142736 0.495421
vt 0.723177 0.581625
vt 0.196124 0.144350
vt 0.220810 0.137552
vt 0.542859 0.205951
vt 0.890173 0.574180
vt 0.913869 0.646041
vt 0.589278 0.730548
vt 0.629795 0.278134
vt 0.179197 0.065712
vt 0.654237 0.389326
vt 0.302753 0.431677
vt 0.539858 0.757244
vt 0.025443 0.031242
vt 0.027621 0.030047
vt 0.024756 0.035714
vt 0.504179 0.867040
vt 0.495117 0.862249
vt 0.358091 0.643368
vt 0.340971 0.661085
vt 0.750308 0.559254
vt 0.530718 0.259030
vt 0.521482 0.084447
vt 0.179484 0.069871
vt 0.302392 0.027585
vt 0.299973 0.425268
vt 0.501915 0.862725
vt 0.546685 0.763306
vt 0.548463 0.765297
vt 0.024756 0.021280
vt 0.031887 0.029763
vt 0.026780 0.025317
vt 0.502170 0.844738
vt 0.064714 0.015571
vt 0.060627 0.016581
vt 0.065050 0.009920
vt 0.064907 0.006211
vt 0.295402 0.719768
vt 0.501166 0.877976
vt 0.368661 0.634029
vt 0.365660 0.644457
vt 0.374529 0.634553
vt 0.716574 0.429915
vt 0.721196 0.435592
vt 0.855211 0.264468
vt 0.838576 0.251483
vt 0.859683 0.248262
vt 0.846473 0.267691
vt 0.853110 0.269044
vt 0.849086 0.276544
vt 0.021600 0.198121
vt 0.858162 0.884709
vt 0.523409 0.092167
vt 0.192271 0.985281
vt 0.594940 0.406752
vt 0.511380 0.849397
vt 0.288597 0.715685
vt 0.020628 0.049771
vt 0.020706 0.058673
vt 0.017262 0.053838
vt 0.484732 0.862330
vt 0.484011 0.859879
vt 0.039513 0.469485
vt 0.129313 0.490116
vt 0.333088 0.335026
vt 0.081970 0.269432
vt 0.884791 0.895397
vt 0.651320 0.902809
vt 0.665005 0.892191
vt 0.522567 0.277022
vt 0.674825 0.886574
vt 0.645327 0.889305
vt 0.662452 0.883493
vt 0.343108 0.897900
vt 0.639147 0.284075
vt 0.647469 0.287320
vt 0.587359 0.409662
vt 0.596722 0.411970
vt 0.601510 0.414946
vt 0.608810 0.419192
vt 0.511985 0.828487
vt 0.516137 0.843506
vt 0.503107 0.874398
vt 0.026464 0.022915
vt 0.027764 0.019946
vt 0.018499 0.049990
vt 0.340519 0.694356
vt 0.357007 0.654896
vt 0.712619 0.427936
vt 0.724111 0.442597
vt 0.159780 0.150256
vt 0.500608 0.072158
vt 0.677166 0.960342
vt 0.911053 0.654146
vt 0.666975 0.939549
vt 0.538292 0.419349
vt 0.209181 0.047059
vt 0.625958 0.411485
vt 0.286876 0.064933
vt 0.289554 0.454414
vt 0.299163 0.435906
vt 0.521876 0.850298
vt 0.521812 0.835664
vt 0.060514 0.007778
vt 0.057852 0.009030
vt 0.024234 0.052171
vt 0.057852 0.012505
vt 0.024234 0.057493
vt 0.337769 0.704102
vt 0.343454 0.680492
vt 0.348872 0.664020
vt 0.357971 0.657867
vt 0.365357 0.652460
vt 0.371641 0.651042
vt 0.064033 0.758794
vt 0.563980 0.421389
vt 0.638519 0.266420
vt 0.597499 0.409543
vt 0.659350 0.291596
vt 0.661121 0.310150
vt 0.194464 0.075344
vt 0.299074 0.441452
vt 0.518307 0.864911
vt 0.062409 0.006242
vt 0.061029 0.005093
vt 0.334452 0.706990
vt 0.349689 0.667112
vt 0.352714 0.667114
vt 0.377751 0.656559
vt 0.116116 0.483038
vt 0.150141 0.483682
vt 0.388169 0.617515
vt 0.390120 0.625541
vt 0.173018 0.154208
vt 0.831463 0.258909
vt 0.017857 0.352709
vt 0.014355 0.302314
vt 0.832319 0.268190
vt 0.036377 0.224913
vt 0.515384 0.266343
vt 0.529185 0.088230
vt 0.639889 0.884104
vt 0.220660 0.989783
vt 0.677648 0.966087
vt 0.321461 0.925906
vt 0.910767 0.656393
vt 0.182803 0.075757
vt 0.318009 0.513500
vt 0.673461 0.403008
vt 0.491819 0.889777
vt 0.480799 0.889799
vt 0.031170 0.471008
vt 0.045069 0.469801
vt 0.344749 0.684428
vt 0.344675 0.681473
vt 0.348302 0.678871
vt 0.349374 0.673062
vt 0.351824 0.688311
vt 0.833841 0.252985
vt 0.838282 0.266272
vt 0.535246 0.208942
vt 0.892886 0.625505
vt 0.681689 0.977983
vt 0.899893 0.640306
vt 0.552862 0.164342
vt 0.551700 0.155051
vt 0.675464 0.962249
vt 0.626830 0.265622
vt 0.564818 0.430669
vt 0.181514 0.078512
vt 0.522928 0.879454
vt 0.033868 0.467786
vt 0.342267 0.696487
vt 0.086670 0.481862
vt 0.365860 0.688385
vt 0.112304 0.479361
vt 0.392848 0.656375
vt 0.398019 0.627766
vt 0.055562 0.237797
vt 0.245620 0.874793
vt 0.534738 0.217443
vt 0.534673 0.221224
vt 0.802230 0.313884
vt 0.496149 0.059450
vt 0.883227 0.611649
vt 0.544840 0.427251
vt 0.616938 0.417988
vt 0.657687 0.406581
vt 0.299028 0.056537
vt 0.284466 0.735389
vt 0.296523 0.420553
vt 0.304053 0.723479
vt 0.038711 0.464025
vt 0.043779 0.462639
vt 0.372392 0.688033
vt 0.378126 0.668908
vt 0.396063 0.616614
vt 0.160411 0.160576
vt 0.216800 0.151431
vt 0.247675 0.180346
vt 0.507742 0.033253
vt 0.536325 0.098767
vt 0.901997 0.645324
vt 0.331767 0.872506
vt 0.618001 0.258501
vt 0.477739 0.894731
vt 0.036974 0.463124
vt 0.046283 0.464637
vt 0.345317 0.704477
vt 0.340275 0.312387
vt 0.844461 0.235709
vt 0.859156 0.237205
vt 0.830615 0.266541
vt 0.509049 0.074428
vt 0.642766 0.895122
vt 0.029336 0.519119
vt 0.001023 0.558666
vt 0.002472 0.526639
vt 0.569892 0.442836
vt 0.287765 0.442229
vt 0.295057 0.728408
vt 0.320323 0.713854
vt 0.351863 0.710099
vt 0.387297 0.687364
vt 0.376436 0.710080
vt 0.177690 0.488300
vt 0.870918 0.574970
vt 0.674224 0.967224
vt 0.895355 0.638292
vt 0.596146 0.266559
vt 0.542871 0.437526
vt 0.301786 0.504724
vt 0.661299 0.401247
vt 0.293344 0.444633
vt 0.501019 0.894885
vt 0.336527 0.706766
vt 0.053709 0.463354
vt 0.065835 0.468261
vt 0.074845 0.470425
vt 0.071946 0.467256
vt 0.082561 0.469092
vt 0.094487 0.466831
vt 0.144630 0.468919
vt 0.279723 0.275106
vt 0.290368 0.265694
vt 0.142855 0.643611
vt 0.135690 0.644125
vt 0.135690 0.623824
vt 0.665788 0.934493
vt 0.639310 0.932019
vt 0.674459 0.970095
vt 0.891633 0.639993
vt 0.555460 0.143764
vt 0.890931 0.654464
vt 0.667517 0.281510
vt 0.672416 0.299708
vt 0.316162 0.516116
vt 0.308771 0.511706
vt 0.290842 0.430992
vt 0.291549 0.426673
vt 0.499859 0.889069
vt 0.329210 0.712339
vt 0.333750 0.711237
vt 0.045994 0.462419
vt 0.050101 0.454775
vt 0.141308 0.707654
vt 0.122657 0.688525
vt 0.158748 0.685648
vt 0.083703 0.466631
vt 0.087730 0.467007
vt 0.406853 0.633901
vt 0.259097 0.169666
vt 0.513550 0.229058
vt 0.637472 0.894571
vt 0.673491 0.972880
vt 0.673105 0.971384
vt 0.670780 0.971308
vt 0.560033 0.162629
vt 0.199053 0.989783
vt 0.884411 0.634096
vt 0.542860 0.107713
vt 0.885918 0.644991
vt 0.557430 0.435151
vt 0.663942 0.275934
vt 0.284496 0.076536
vt 0.530864 0.844868
vt 0.530945 0.842807
vt 0.505508 0.897391
vt 0.475085 0.897948
vt 0.331910 0.718371
vt 0.047819 0.446842
vt 0.048786 0.461215
vt 0.057245 0.460688
vt 0.087985 0.464501
vt 0.097250 0.465328
vt 0.811627 0.273618
vt 0.803828 0.281652
vt 0.508364 0.040172
vt 0.517726 0.055220
vt 0.873707 0.597387
vt 0.619175 0.251738
vt 0.663483 0.257396
vt 0.671069 0.266942
vt 0.674842 0.299377
vt 0.520499 0.884272
vt 0.506044 0.887737
vt 0.327023 0.716218
vt 0.172837 0.690126
vt 0.014054 0.457793
vt 0.034977 0.454962
vt 0.142790 0.675727
vt 0.058640 0.450252
vt 0.379065 0.726255
vt 0.391306 0.687512
vt 0.396567 0.663635
vt 0.136768 0.469081
vt 0.530115 0.191798
vt 0.520720 0.209167
vt 0.504869 0.235393
vt 0.640035 0.916175
vt 0.877311 0.624069
vt 0.560568 0.165883
vt 0.559011 0.168895
vt 0.670713 0.976295
vt 0.664563 0.979580
vt 0.561430 0.158845
vt 0.598388 0.252453
vt 0.614695 0.249052
vt 0.559898 0.448607
vt 0.586054 0.436529
vt 0.600963 0.442993
vt 0.311089 0.518061
vt 0.639443 0.414141
vt 0.328842 0.714732
vt 0.051089 0.447118
vt 0.072579 0.436319
vt 0.107088 0.467335
vt 0.361603 0.321284
vt 0.052816 0.243646
vt 0.827769 0.249435
vt 0.383690 0.336058
vt 0.380077 0.355021
vt 0.379405 0.345114
vt 0.824542 0.266851
vt 0.791014 0.303293
vt 0.520086 0.077366
vt 0.875810 0.608725
vt 0.561800 0.168150
vt 0.562398 0.162217
vt 0.563768 0.172036
vt 0.601933 0.250975
vt 0.611496 0.242658
vt 0.607740 0.244793
vt 0.603029 0.241874
vt 0.613126 0.242996
vt 0.537992 0.864257
vt 0.166450 0.681538
vt 0.127746 0.461732
vt 0.165835 0.439612
vt 0.330815 0.265950
vt 0.057488 0.259479
vt 0.827366 0.265660
vt 0.405950 0.361975
vt 0.422928 0.376315
vt 0.419577 0.387112
vt 0.873444 0.584700
vt 0.621863 0.884630
vt 0.873515 0.619885
vt 0.633523 0.877365
vt 0.643236 0.869486
vt 0.617950 0.243106
vt 0.299272 0.733361
vt 0.178624 0.684416
vt 0.172383 0.679411
vt 0.201727 0.176710
vt 0.235753 0.176378
vt 0.781251 0.305586
vt 0.862087 0.560590
vt 0.867080 0.604341
vt 0.039020 0.011479
vt 0.039116 0.009266
vt 0.288786 0.889815
vt 0.307568 0.840773
vt 0.039020 0.000466
vt 0.039540 0.005240
vt 0.604936 0.246363
vt 0.879834 0.640100
vt 0.610218 0.428394
vt 0.674698 0.267109
vt 0.679561 0.295428
vt 0.302889 0.515294
vt 0.301422 0.508064
vt 0.287763 0.452109
vt 0.185374 0.696978
vt 0.154617 0.665971
vt 0.320913 0.720203
vt 0.322798 0.721348
vt 0.165412 0.708957
vt 0.395149 0.709266
vt 0.101230 0.449727
vt 0.404735 0.663892
vt 0.813849 0.260692
vt 0.396782 0.380036
vt 0.395382 0.333425
vt 0.510193 0.283181
vt 0.305834 0.921407
vt 0.601937 0.244653
vt 0.603867 0.246058
vt 0.615729 0.230865
vt 0.683665 0.298010
vt 0.288400 0.071026
vt 0.521684 0.888247
vt 0.510508 0.897948
vt 0.401042 0.682890
vt 0.197017 0.181772
vt 0.351623 0.304378
vt 0.391901 0.356599
vt 0.028936 0.234818
vt 0.640530 0.937629
vt 0.657588 0.941315
vt 0.633907 0.908816
vt 0.633824 0.872169
vt 0.871588 0.631610
vt 0.883203 0.656056
vt 0.878031 0.649267
vt 0.622642 0.240160
vt 0.657153 0.254000
vt 0.666399 0.271514
vt 0.531131 0.878776
vt 0.194680 0.694607
vt 0.399881 0.725690
vt 0.426082 0.623017
vt 0.288264 0.238067
vt 0.633626 0.899268
vt 0.869614 0.614273
vt 0.632661 0.429877
vt 0.280074 0.432575
vt 0.540346 0.844483
vt 0.193456 0.688637
vt 0.197590 0.696012
vt 0.184581 0.703889
vt 0.189593 0.698494
vt 0.181949 0.707928
vt 0.180459 0.705611
vt 0.316105 0.725449
vt 0.176775 0.709175
vt 0.321397 0.723873
vt 0.461819 0.964279
vt 0.465308 0.964825
vt 0.458212 0.971814
vt 0.017955 0.429649
vt 0.031292 0.432797
vt 0.028186 0.434816
vt 0.455047 0.951151
vt 0.450414 0.966911
vt 0.442464 0.971927
vt 0.404394 0.738971
vt 0.054304 0.439066
vt 0.410573 0.648744
vt 0.166390 0.183689
vt 0.150551 0.162404
vt 0.001023 0.508371
vt 0.606074 0.239233
vt 0.816316 0.178474
vt 0.803164 0.152484
vt 0.806311 0.149372
vt 0.302113 0.742338
vt 0.192018 0.668909
vt 0.185759 0.700509
vt 0.459928 0.949136
vt 0.453836 0.964874
vt 0.170865 0.667015
vt 0.026736 0.428762
vt 0.026791 0.447489
vt 0.047365 0.441774
vt 0.158375 0.659624
vt 0.188295 0.458656
vt 0.629522 0.901272
vt 0.647375 0.503820
vt 0.658504 0.478047
vt 0.668359 0.481983
vt 0.620835 0.890261
vt 0.874628 0.642321
vt 0.870988 0.636445
vt 0.623846 0.227820
vt 0.578668 0.450170
vt 0.284315 0.441036
vt 0.311221 0.065254
vt 0.300979 0.072277
vt 0.464753 0.947990
vt 0.456287 0.941045
vt 0.454771 0.928691
vt 0.542532 0.849670
vt 0.035745 0.423895
vt 0.112381 0.439435
vt 0.515596 0.200674
vt 0.045918 0.249348
vt 0.378441 0.328508
vt 0.796680 0.297557
vt 0.630038 0.905850
vt 0.856006 0.679493
vt 0.857132 0.687859
vt 0.853898 0.685659
vt 0.853197 0.690560
vt 0.867390 0.620333
vt 0.865386 0.630373
vt 0.865158 0.634374
vt 0.604892 0.232052
vt 0.615657 0.226326
vt 0.630479 0.233630
vt 0.276647 0.456833
vt 0.199596 0.694375
vt 0.472707 0.955318
vt 0.472973 0.960882
vt 0.463206 0.971407
vt 0.052605 0.433579
vt 0.023610 0.445520
vt 0.047950 0.439767
vt 0.316717 0.244513
vt 0.517570 0.166062
vt 0.422600 0.357462
vt 0.866760 0.575144
vt 0.622559 0.908662
vt 0.850422 0.686385
vt 0.850846 0.677326
vt 0.670730 0.407980
vt 0.282933 0.456851
vt 0.536383 0.873421
vt 0.543215 0.860733
vt 0.460169 0.930764
vt 0.047920 0.429308
vt 0.093855 0.431320
vt 0.420132 0.648437
vt 0.271343 0.173612
vt 0.260435 0.175851
vt 0.514264 0.196179
vt 0.813447 0.252447
vt 0.513064 0.185816
vt 0.511077 0.215683
vt 0.865031 0.593655
vt 0.624327 0.908984
vt 0.501998 0.272449
vt 0.852023 0.668816
vt 0.853655 0.695565
vt 0.601782 0.216269
vt 0.606862 0.212586
vt 0.872637 0.645467
vt 0.611262 0.218619
vt 0.616384 0.433565
vt 0.289452 0.499025
vt 0.648500 0.419345
vt 0.662950 0.416499
vt 0.284719 0.435301
vt 0.537033 0.883512
vt 0.542540 0.846553
vt 0.544226 0.847043
vt 0.281144 0.434463
vt 0.277820 0.436290
vt 0.276100 0.432181
vt 0.023597 0.423378
vt 0.081478 0.429094
vt 0.126567 0.442157
vt 0.210554 0.183445
vt 0.374219 0.141955
vt 0.410861 0.127996
vt 0.381560 0.154635
vt 0.360533 0.350518
vt 0.526212 0.031680
vt 0.536107 0.076036
vt 0.849868 0.691393
vt 0.774769 0.167584
vt 0.801220 0.147273
vt 0.207255 0.692477
vt 0.206786 0.690835
vt 0.202225 0.678857
vt 0.271235 0.432133
vt 0.417028 0.700573
vt 0.391112 0.117426
vt 0.415811 0.105548
vt 0.399372 0.111393
vt 0.510329 0.203159
vt 0.622375 0.910235
vt 0.842746 0.690085
vt 0.871444 0.643902
vt 0.868357 0.642254
vt 0.864543 0.638560
vt 0.617225 0.219240
vt 0.616874 0.441651
vt 0.279051 0.461463
vt 0.546144 0.846644
vt 0.012907 0.420224
vt 0.411521 0.712395
vt 0.416401 0.680019
vt 0.155015 0.195204
vt 0.082858 0.296171
vt 0.404340 0.325988
vt 0.498180 0.245253
vt 0.626156 0.931863
vt 0.618560 0.911444
vt 0.843103 0.666218
vt 0.287031 0.842759
vt 0.291484 0.915330
vt 0.624384 0.861992
vt 0.848041 0.694442
vt 0.596811 0.207766
vt 0.605402 0.206880
vt 0.866066 0.645106
vt 0.323409 0.111588
vt 0.328401 0.100575
vt 0.333531 0.104868
vt 0.313267 0.122447
vt 0.307783 0.090836
vt 0.474673 0.942740
vt 0.269679 0.435747
vt 0.479358 0.971297
vt 0.476327 0.971927
vt 0.070947 0.426897
vt 0.410109 0.687928
vt 0.254802 0.177736
vt 0.796723 0.284699
vt 0.507685 0.219093
vt 0.532494 0.057049
vt 0.615039 0.217678
vt 0.630583 0.228110
vt 0.668681 0.255730
vt 0.669805 0.413786
vt 0.275750 0.443358
vt 0.546175 0.868776
vt 0.276522 0.439841
vt 0.268742 0.432581
vt 0.184492 0.662328
vt 0.494426 0.963465
vt 0.171156 0.191705
vt 0.614155 0.902962
vt 0.647375 0.470593
vt 0.274919 0.523010
vt 0.274850 0.449207
vt 0.543065 0.877944
vt 0.497045 0.956420
vt 0.168404 0.650400
vt 0.021254 0.418772
vt 0.026193 0.419537
vt 0.419049 0.735689
vt 0.028443 0.416530
vt 0.364592 0.160712
vt 0.813264 0.227979
vt 0.068625 0.278629
vt 0.531631 0.045809
vt 0.492329 0.268254
vt 0.273243 0.819262
vt 0.262508 0.834013
vt 0.755420 0.592135
vt 0.761190 0.595241
vt 0.756148 0.600548
vt 0.763629 0.609686
vt 0.543238 0.092009
vt 0.859683 0.651720
vt 0.861867 0.648127
vt 0.858991 0.631829
vt 0.280431 0.078330
vt 0.280747 0.085832
vt 0.278104 0.083738
vt 0.554291 0.865143
vt 0.270804 0.440073
vt 0.545154 0.887242
vt 0.470262 0.926168
vt 0.054957 0.425476
vt 0.165240 0.196863
vt 0.251565 0.182989
vt 0.850405 0.649958
vt 0.846675 0.650689
vt 0.847027 0.644909
vt 0.616251 0.898279
vt 0.763016 0.596127
vt 0.348206 0.097267
vt 0.342098 0.095130
vt 0.613699 0.209260
vt 0.582794 0.461251
vt 0.625580 0.441141
vt 0.660302 0.431933
vt 0.268252 0.441227
vt 0.551413 0.847378
vt 0.013488 0.410302
vt 0.430705 0.720692
vt 0.112414 0.425564
vt 0.365039 0.146457
vt 0.386300 0.110085
vt 0.260808 0.185576
vt 0.395035 0.099343
vt 0.502858 0.219550
vt 0.501564 0.220705
vt 0.786877 0.297958
vt 0.494628 0.219283
vt 0.537535 0.021586
vt 0.281632 0.876731
vt 0.347082 0.093684
vt 0.857747 0.652120
vt 0.635025 0.218231
vt 0.796431 0.193457
vt 0.290181 0.092782
vt 0.265606 0.436131
vt 0.217907 0.686205
vt 0.203678 0.672882
vt 0.558364 0.851709
vt 0.179778 0.640232
vt 0.169699 0.641806
vt 0.424701 0.742338
vt 0.418235 0.733535
vt 0.037460 0.417544
vt 0.211186 0.189472
vt 0.271680 0.183846
vt 0.024962 0.261150
vt 0.012181 0.252115
vt 0.851507 0.636614
vt 0.442265 0.325642
vt 0.444271 0.326924
vt 0.440780 0.334583
vt 0.614716 0.206396
vt 0.615909 0.214135
vt 0.597371 0.454855
vt 0.267138 0.499986
vt 0.268884 0.453201
vt 0.256558 0.448389
vt 0.558270 0.844031
vt 0.188633 0.635291
vt 0.158007 0.644525
vt 0.024837 0.413737
vt 0.144660 0.437843
vt 0.190573 0.194885
vt 0.240206 0.192197
vt 0.394885 0.095464
vt 0.823823 0.647660
vt 0.617391 0.933530
vt 0.439354 0.323948
vt 0.444417 0.321312
vt 0.611286 0.914647
vt 0.755497 0.587617
vt 0.762583 0.579114
vt 0.272943 0.887762
vt 0.616459 0.865140
vt 0.853597 0.658155
vt 0.857196 0.655194
vt 0.859075 0.625046
vt 0.619754 0.198384
vt 0.674884 0.248539
vt 0.621599 0.442802
vt 0.424791 0.675169
vt 0.116317 0.421026
vt 0.768024 0.053927
vt 0.765461 0.029312
vt 0.769533 0.048394
vt 0.493366 0.186298
vt 0.611236 0.918538
vt 0.853776 0.657365
vt 0.853609 0.656395
vt 0.852157 0.654832
vt 0.853220 0.652281
vt 0.631250 0.222011
vt 0.310613 0.114605
vt 0.637515 0.441887
vt 0.278604 0.091816
vt 0.559696 0.875054
vt 0.563771 0.846768
vt 0.035878 0.410519
vt 0.063336 0.421329
vt 0.070986 0.420102
vt 0.261687 0.190211
vt 0.488458 0.193840
vt 0.393767 0.320910
vt 0.794032 0.272223
vt 0.310903 0.373737
vt 0.320149 0.374993
vt 0.310147 0.384385
vt 0.623748 0.207186
vt 0.669186 0.424114
vt 0.156054 0.631733
vt 0.048949 0.419307
vt 0.156333 0.200949
vt 0.314802 0.228282
vt 0.331423 0.236512
vt 0.249848 0.190032
vt 0.773507 0.058497
vt 0.491861 0.190430
vt 0.496977 0.214063
vt 0.497405 0.216488
vt 0.495620 0.232667
vt 0.848989 0.634988
vt 0.625171 0.938091
vt 0.831874 0.654998
vt 0.445515 0.339443
vt 0.771277 0.589167
vt 0.352849 0.095782
vt 0.354310 0.093259
vt 0.355937 0.095050
vt 0.359244 0.092000
vt 0.354427 0.088569
vt 0.351150 0.090287
vt 0.347070 0.089319
vt 0.349104 0.087127
vt 0.659882 0.216483
vt 0.272983 0.093883
vt 0.272747 0.087120
vt 0.176403 0.635067
vt 0.497153 0.959407
vt 0.163095 0.630484
vt 0.152651 0.426548
vt 0.777429 0.041971
vt 0.777776 0.046580
vt 0.773624 0.048071
vt 0.771365 0.033601
vt 0.010670 0.270174
vt 0.493190 0.237207
vt 0.439693 0.319220
vt 0.438079 0.322195
vt 0.545002 0.058064
vt 0.353043 0.090077
vt 0.339838 0.077226
vt 0.362329 0.075517
vt 0.312343 0.100188
vt 0.303735 0.096001
vt 0.211229 0.701970
vt 0.223302 0.686735
vt 0.431041 0.639088
vt 0.179020 0.199684
vt 0.329115 0.227665
vt 0.373293 0.105145
vt 0.384420 0.093544
vt 0.427936 0.336826
vt 0.857132 0.626841
vt 0.612703 0.196624
vt 0.260511 0.492407
vt 0.256849 0.451880
vt 0.227127 0.696398
vt 0.223378 0.678406
vt 0.147279 0.641284
vt 0.425689 0.689544
vt 0.107952 0.412969
vt 0.169327 0.438777
vt 0.211898 0.202713
vt 0.779187 0.041975
vt 0.777572 0.038237
vt 0.771687 0.025437
vt 0.389824 0.094021
vt 0.797109 0.103472
vt 0.800690 0.106341
vt 0.791721 0.110807
vt 0.780817 0.270866
vt 0.777462 0.290144
vt 0.636417 0.207378
vt 0.364791 0.071030
vt 0.338871 0.069248
vt 0.351678 0.067619
vt 0.672414 0.218687
vt 0.806693 0.194312
vt 0.630764 0.447481
vt 0.668693 0.430695
vt 0.254675 0.483864
vt 0.286872 0.105142
vt 0.147429 0.632032
vt 0.435079 0.732165
vt 0.424584 0.701987
vt 0.777800 0.028778
vt 0.253448 0.204888
vt 0.375274 0.095938
vt 0.797928 0.097935
vt 0.813114 0.099212
vt 0.794844 0.112898
vt 0.850024 0.618275
vt 0.428531 0.342356
vt 0.610281 0.932032
vt 0.455208 0.312013
vt 0.298157 0.381990
vt 0.304830 0.352413
vt 0.061942 0.334160
vt 0.085343 0.344774
vt 0.055935 0.355785
vt 0.073804 0.367071
vt 0.607760 0.189441
vt 0.614867 0.201043
vt 0.333005 0.073062
vt 0.637332 0.451793
vt 0.758414 0.162823
vt 0.762191 0.150448
vt 0.668881 0.441707
vt 0.280248 0.105228
vt 0.268573 0.098670
vt 0.261155 0.467289
vt 0.562793 0.882213
vt 0.566735 0.862488
vt 0.566314 0.845010
vt 0.501144 0.960940
vt 0.432398 0.727433
vt 0.058166 0.408913
vt 0.628584 0.965243
vt 0.624912 0.943560
vt 0.628429 0.944759
vt 0.781803 0.036161
vt 0.233547 0.206153
vt 0.654838 0.137848
vt 0.651178 0.152379
vt 0.655090 0.130629
vt 0.370118 0.091570
vt 0.431622 0.330441
vt 0.432071 0.316033
vt 0.434515 0.314548
vt 0.600174 0.919453
vt 0.806017 0.593592
vt 0.357194 0.061224
vt 0.340375 0.051446
vt 0.636074 0.213701
vt 0.638909 0.208795
vt 0.565154 0.870168
vt 0.571352 0.847908
vt 0.183933 0.632055
vt 0.102138 0.403867
vt 0.636408 0.952063
vt 0.175474 0.207717
vt 0.162458 0.210599
vt 0.251349 0.224238
vt 0.198339 0.199529
vt 0.783931 0.034190
vt 0.657577 0.142932
vt 0.791248 0.060659
vt 0.665491 0.119517
vt 0.665670 0.131817
vt 0.385918 0.086973
vt 0.788080 0.112582
vt 0.800512 0.133927
vt 0.383443 0.285227
vt 0.490484 0.208835
vt 0.618096 0.939033
vt 0.818627 0.663869
vt 0.339436 0.056580
vt 0.623615 0.196709
vt 0.671355 0.434767
vt 0.296504 0.109863
vt 0.563432 0.879176
vt 0.211276 0.656245
vt 0.571825 0.846939
vt 0.010689 0.403867
vt 0.774632 0.399158
vt 0.780197 0.424429
vt 0.767584 0.407483
vt 0.048454 0.414573
vt 0.065832 0.415415
vt 0.438151 0.722873
vt 0.616509 0.994886
vt 0.618405 0.968826
vt 0.628106 0.984344
vt 0.164638 0.430955
vt 0.364592 0.092471
vt 0.662407 0.138474
vt 0.669060 0.130898
vt 0.787706 0.069784
vt 0.664764 0.520808
vt 0.638625 0.523219
vt 0.651737 0.503611
vt 0.354785 0.307828
vt 0.351519 0.279944
vt 0.563768 0.026847
vt 0.424070 0.319413
vt 0.556283 0.046925
vt 0.778058 0.575969
vt 0.600174 0.845890
vt 0.619136 0.192742
vt 0.968489 0.813985
vt 0.974477 0.819469
vt 0.952877 0.812763
vt 0.633617 0.453863
vt 0.271671 0.103436
vt 0.253734 0.474912
vt 0.232516 0.683014
vt 0.172732 0.624265
vt 0.768972 0.425317
vt 0.791138 0.045727
vt 0.654886 0.145481
vt 0.373613 0.088772
vt 0.380578 0.083364
vt 0.390805 0.085722
vt 0.601529 0.510122
vt 0.616604 0.507678
vt 0.597570 0.520863
vt 0.819821 0.111194
vt 0.058073 0.304133
vt 0.429190 0.313637
vt 0.766596 0.567738
vt 0.609239 0.190559
vt 0.628953 0.193488
vt 0.598932 0.477035
vt 0.279174 0.112957
vt 0.245643 0.459803
vt 0.243764 0.690058
vt 0.233068 0.686595
vt 0.248382 0.442823
vt 0.253529 0.436225
vt 0.501102 0.920124
vt 0.179279 0.628139
vt 0.792740 0.368325
vt 0.784282 0.369007
vt 0.779420 0.362095
vt 0.169697 0.629070
vt 0.438770 0.736231
vt 0.221886 0.747603
vt 0.226596 0.746473
vt 0.236050 0.774740
vt 0.625479 0.987933
vt 0.303562 0.213406
vt 0.313750 0.219006
vt 0.324143 0.218010
vt 0.797214 0.069952
vt 0.776810 0.087795
vt 0.608024 0.526510
vt 0.648484 0.525300
vt 0.617557 0.531699
vt 0.081627 0.330203
vt 0.337511 0.059329
vt 0.954172 0.835305
vt 0.223675 0.660434
vt 0.573188 0.864787
vt 0.109097 0.999180
vt 0.108488 0.996391
vt 0.110374 0.993322
vt 0.106064 0.997914
vt 0.185615 0.629026
vt 0.183435 0.627992
vt 0.769538 0.387280
vt 0.786919 0.414190
vt 0.775875 0.433629
vt 0.759811 0.429372
vt 0.433093 0.682535
vt 0.776599 0.959823
vt 0.792459 0.955011
vt 0.793357 0.966659
vt 0.633274 0.969619
vt 0.152652 0.208995
vt 0.786379 0.025242
vt 0.788670 0.025740
vt 0.240434 0.209871
vt 0.783085 0.018898
vt 0.369459 0.086846
vt 0.377358 0.084173
vt 0.395336 0.083299
vt 0.767118 0.102848
vt 0.581233 0.507086
vt 0.819227 0.101657
vt 0.092863 0.312975
vt 0.084408 0.319854
vt 0.421084 0.326326
vt 0.424960 0.308051
vt 0.427458 0.308982
vt 0.446524 0.289082
vt 0.778199 0.563439
vt 0.607460 0.845937
vt 0.617982 0.462648
vt 0.915921 0.167855
vt 0.914176 0.162648
vt 0.921601 0.159466
vt 0.910900 0.158860
vt 0.921850 0.149529
vt 0.206754 0.643890
vt 0.499703 0.941662
vt 0.505096 0.955802
vt 0.140085 0.629383
vt 0.779614 0.430807
vt 0.769995 0.440948
vt 0.771886 0.445598
vt 0.134662 0.408122
vt 0.147431 0.414097
vt 0.171035 0.214786
vt 0.192239 0.207396
vt 0.657053 0.150955
vt 0.384495 0.082688
vt 0.051198 0.024433
vt 0.054846 0.029336
vt 0.050575 0.029336
vt 0.376978 0.077532
vt 0.367488 0.074680
vt 0.631183 0.533593
vt 0.407162 0.322942
vt 0.328814 0.059327
vt 0.659076 0.449543
vt 0.755076 0.162027
vt 0.253274 0.506919
vt 0.271897 0.111613
vt 0.265111 0.107846
vt 0.282403 0.115862
vt 0.564716 0.889753
vt 0.123385 0.994184
vt 0.929986 0.875358
vt 0.934879 0.877039
vt 0.927191 0.881152
vt 0.790355 0.427102
vt 0.759625 0.961519
vt 0.749035 0.944680
vt 0.774919 0.953944
vt 0.165292 0.426014
vt 0.782538 0.014584
vt 0.378555 0.080410
vt 0.811625 0.067594
vt 0.815942 0.080201
vt 0.601199 0.532880
vt 0.644156 0.529373
vt 0.824554 0.622744
vt 0.423044 0.303881
vt 0.230234 0.700533
vt 0.574849 0.890864
vt 0.568599 0.871708
vt 0.248587 0.434389
vt 0.886785 0.852620
vt 0.893795 0.848958
vt 0.896846 0.865529
vt 0.900355 0.852036
vt 0.920798 0.875177
vt 0.914394 0.872168
vt 0.923246 0.864204
vt 0.794259 0.419571
vt 0.795345 0.398619
vt 0.178936 0.226820
vt 0.655575 0.151155
vt 0.800700 0.059256
vt 0.376461 0.066967
vt 0.344031 0.716946
vt 0.341445 0.731740
vt 0.336020 0.730678
vt 0.827926 0.094765
vt 0.587890 0.525192
vt 0.877280 0.245966
vt 0.868412 0.239515
vt 0.877933 0.237186
vt 0.359068 0.269993
vt 0.372215 0.275500
vt 0.481217 0.238075
vt 0.773582 0.562950
vt 0.608974 0.181743
vt 0.640627 0.199755
vt 0.326742 0.049038
vt 0.634547 0.457061
vt 0.277005 0.114784
vt 0.292958 0.120690
vt 0.307970 0.119374
vt 0.568325 0.878053
vt 0.359055 0.964274
vt 0.365900 0.948581
vt 0.386167 0.953334
vt 0.357615 0.957782
vt 0.349462 0.960772
vt 0.347662 0.956477
vt 0.346175 0.941405
vt 0.775074 0.450040
vt 0.763265 0.455186
vt 0.227549 0.778051
vt 0.205233 0.764167
vt 0.633970 0.983801
vt 0.643979 0.945300
vt 0.801561 0.056340
vt 0.382803 0.077246
vt 0.386872 0.080204
vt 0.381363 0.076881
vt 0.378177 0.075934
vt 0.378030 0.073178
vt 0.377162 0.067748
vt 0.372918 0.055595
vt 0.886335 0.244443
vt 0.865303 0.250965
vt 0.661692 0.534582
vt 0.397522 0.312598
vt 0.412859 0.312229
vt 0.254086 0.878931
vt 0.332578 0.039618
vt 0.080407 0.389901
vt 0.080678 0.372737
vt 0.092925 0.376060
vt 0.644311 0.197335
vt 0.273130 0.121388
vt 0.924626 0.187807
vt 0.913462 0.187865
vt 0.919138 0.174506
vt 0.478518 0.914582
vt 0.501806 0.911657
vt 0.235627 0.676972
vt 0.109199 0.993258
vt 0.797806 0.389208
vt 0.183828 0.417818
vt 0.200253 0.429567
vt 0.656293 0.158509
vt 0.392033 0.078768
vt 0.815896 0.067632
vt 0.637351 0.550281
vt 0.851836 0.598046
vt 0.848063 0.612935
vt 0.467875 0.202418
vt 0.477726 0.236730
vt 0.419481 0.303101
vt 0.812645 0.660710
vt 0.267570 0.926009
vt 0.848164 0.715552
vt 0.659577 0.453979
vt 0.666534 0.457041
vt 0.250153 0.114067
vt 0.256239 0.119597
vt 0.281981 0.124786
vt 0.907125 0.179838
vt 0.229918 0.659315
vt 0.238486 0.683215
vt 0.145600 0.988794
vt 0.126015 0.958215
vt 0.150983 0.989822
vt 0.355260 0.956030
vt 0.903111 0.857739
vt 0.927672 0.886664
vt 0.935978 0.893094
vt 0.631769 0.985341
vt 0.657436 0.943560
vt 0.315639 0.208284
vt 0.807267 0.041650
vt 0.385062 0.075811
vt 0.818308 0.064169
vt 0.337925 0.733671
vt 0.357345 0.742037
vt 0.363428 0.735437
vt 0.670534 0.533076
vt 0.400826 0.299000
vt 0.825924 0.615157
vt 0.818328 0.629829
vt 0.420599 0.299081
vt 0.286468 0.355866
vt 0.291176 0.392737
vt 0.802310 0.569829
vt 0.628263 0.174840
vt 0.751106 0.180392
vt 0.923757 0.201856
vt 0.926009 0.206630
vt 0.575833 0.867575
vt 0.238385 0.436790
vt 0.138592 0.992586
vt 0.201374 0.620813
vt 0.345268 0.952788
vt 0.891846 0.870831
vt 0.910594 0.863987
vt 0.904920 0.872957
vt 0.926445 0.875301
vt 0.779133 0.441251
vt 0.638427 0.981409
vt 0.201191 0.212846
vt 0.043670 0.027982
vt 0.051020 0.033832
vt 0.043670 0.035714
vt 0.383194 0.069103
vt 0.016581 0.022959
vt 0.016581 0.019565
vt 0.319961 0.725455
vt 0.318121 0.726348
vt 0.342165 0.737173
vt 0.487332 0.183446
vt 0.483456 0.195362
vt 0.488242 0.822158
vt 0.525369 0.812558
vt 0.533539 0.829071
vt 0.087143 0.350514
vt 0.681624 0.200516
vt 0.799081 0.242044
vt 0.636327 0.456910
vt 0.637769 0.455469
vt 0.960610 0.243048
vt 0.959642 0.243985
vt 0.958335 0.243820
vt 0.952281 0.243517
vt 0.957746 0.244412
vt 0.651726 0.456898
vt 0.920160 0.196200
vt 0.258305 0.122920
vt 0.284758 0.136190
vt 0.908119 0.160685
vt 0.907279 0.157758
vt 0.222243 0.656215
vt 0.501662 0.915643
vt 0.580350 0.865988
vt 0.114612 0.985831
vt 0.121495 0.989458
vt 0.342348 0.930867
vt 0.921453 0.880549
vt 0.239324 0.720857
vt 0.237282 0.743558
vt 0.155948 0.410170
vt 0.652685 0.159104
vt 0.386889 0.071953
vt 0.671362 0.144542
vt 0.007653 0.001275
vt 0.325452 0.740670
vt 0.591155 0.538281
vt 0.654727 0.551233
vt 0.461643 0.220588
vt 0.415237 0.295857
vt 0.536991 0.817973
vt 0.316789 0.026256
vt 0.333169 0.020062
vt 0.639136 0.459415
vt 0.962385 0.241840
vt 0.961024 0.243846
vt 0.962089 0.246521
vt 0.963975 0.244589
vt 0.962937 0.244589
vt 0.959681 0.245860
vt 0.957450 0.244856
vt 0.957531 0.245865
vt 0.953198 0.245591
vt 0.950901 0.243276
vt 0.957859 0.246330
vt 0.943610 0.244159
vt 0.946075 0.245806
vt 0.945459 0.246821
vt 0.948910 0.246460
vt 0.944328 0.249010
vt 0.941224 0.247787
vt 0.938578 0.246755
vt 0.668729 0.461259
vt 0.908069 0.184798
vt 0.907729 0.175794
vt 0.908175 0.170460
vt 0.907293 0.165632
vt 0.904810 0.149382
vt 0.918387 0.132419
vt 0.252301 0.705885
vt 0.239191 0.667921
vt 0.103838 0.996899
vt 0.111248 0.988096
vt 0.898669 0.874558
vt 0.790616 0.437320
vt 0.783391 0.455291
vt 0.793955 0.459130
vt 0.294398 0.180394
vt 0.233420 0.219971
vt 0.761876 0.120785
vt 0.762487 0.118010
vt 0.764325 0.121241
vt 0.385793 0.071809
vt 0.807945 0.053440
vt 0.012755 0.000432
vt 0.012755 0.003826
vt 0.825159 0.075795
vt 0.374044 0.744242
vt 0.350657 0.261170
vt 0.407455 0.292291
vt 0.326300 0.054051
vt 0.931594 0.830058
vt 0.969099 0.240548
vt 0.966121 0.241488
vt 0.963411 0.243506
vt 0.942698 0.241728
vt 0.949324 0.244632
vt 0.951308 0.247461
vt 0.946546 0.251297
vt 0.916704 0.193222
vt 0.826083 0.412762
vt 0.793108 0.979503
vt 0.226492 0.735082
vt 0.168605 0.223000
vt 0.150551 0.233452
vt 0.800635 0.015285
vt 0.797410 0.022759
vt 0.671594 0.134264
vt 0.827035 0.070049
vt 0.615578 0.548804
vt 0.477445 0.186459
vt 0.777353 0.547714
vt 0.095524 0.329676
vt 0.786011 0.566087
vt 0.316685 0.001141
vt 0.644862 0.189397
vt 0.932417 0.824239
vt 0.553622 0.584923
vt 0.547183 0.589278
vt 0.552723 0.583405
vt 0.964463 0.247171
vt 0.963000 0.249403
vt 0.968478 0.249891
vt 0.752624 0.170051
vt 0.940028 0.250422
vt 0.936033 0.247036
vt 0.275247 0.129720
vt 0.282348 0.129850
vt 0.303061 0.121629
vt 0.234532 0.438799
vt 0.241050 0.684928
vt 0.912248 0.886766
vt 0.924897 0.890468
vt 0.927006 0.895650
vt 0.635105 0.992530
vt 0.660706 0.977480
vt 0.182043 0.236053
vt 0.671812 0.153970
vt 0.770142 0.119263
vt 0.769830 0.122547
vt 0.480629 0.177432
vt 0.017024 0.285335
vt 0.290669 0.344001
vt 0.280218 0.356728
vt 0.264982 0.338381
vt 0.562135 0.036937
vt 0.098095 0.343974
vt 0.643052 0.460845
vt 0.934657 0.245004
vt 0.646849 0.464233
vt 0.017147 0.000552
vt 0.017857 0.003826
vt 0.015835 0.003826
vt 0.936244 0.250826
vt 0.750934 0.156672
vt 0.897892 0.160176
vt 0.229231 0.650891
vt 0.245276 0.672250
vt 0.488390 0.904003
vt 0.500396 0.906273
vt 0.116407 0.977832
vt 0.122614 0.980443
vt 0.130122 0.989529
vt 0.896718 0.872560
vt 0.908082 0.883322
vt 0.761470 0.713679
vt 0.761013 0.731568
vt 0.754872 0.714721
vt 0.751082 0.728880
vt 0.243619 0.708756
vt 0.212464 0.711242
vt 0.232290 0.705010
vt 0.168823 0.417521
vt 0.808444 0.051500
vt 0.763245 0.124894
vt 0.752582 0.115854
vt 0.775500 0.114681
vt 0.312214 0.734912
vt 0.335778 0.742057
vt 0.596630 0.544443
vt 0.608561 0.550346
vt 0.630018 0.543590
vt 0.410709 0.798459
vt 0.398676 0.787410
vt 0.410709 0.761660
vt 0.817795 0.641890
vt 0.453898 0.290774
vt 0.529559 0.808346
vt 0.435199 0.828687
vt 0.443029 0.821741
vt 0.807742 0.584098
vt 0.322599 0.058735
vt 0.480978 0.759405
vt 0.478280 0.748110
vt 0.479870 0.752103
vt 0.970021 0.852165
vt 0.944381 0.844107
vt 0.555657 0.578010
vt 0.971927 0.209434
vt 0.936802 0.239249
vt 0.935616 0.253128
vt 0.939892 0.253109
vt 0.411121 0.549975
vt 0.429108 0.531880
vt 0.431392 0.544903
vt 0.901526 0.154480
vt 0.244265 0.685253
vt 0.155610 0.963344
vt 0.147782 0.958591
vt 0.747406 0.699351
vt 0.308212 0.194965
vt 0.800740 0.007801
vt 0.247484 0.225147
vt 0.669153 0.164888
vt 0.760175 0.129519
vt 0.752582 0.125352
vt 0.909514 0.245132
vt 0.903434 0.237820
vt 0.356948 0.235305
vt 0.376663 0.249534
vt 0.005788 0.266406
vt 0.555967 0.014710
vt 0.113884 0.319252
vt 0.095699 0.309935
vt 0.106914 0.303712
vt 0.333383 0.192426
vt 0.347063 0.192137
vt 0.351157 0.202998
vt 0.675834 0.198669
vt 0.486213 0.752999
vt 0.481880 0.745547
vt 0.936559 0.257611
vt 0.937530 0.255332
vt 0.660323 0.477035
vt 0.278427 0.130869
vt 0.898282 0.170563
vt 0.252924 0.693818
vt 0.229512 0.654101
vt 0.578606 0.887700
vt 0.249283 0.684700
vt 0.360386 0.938459
vt 0.346150 0.932745
vt 0.902610 0.886211
vt 0.758832 0.982511
vt 0.788818 0.987661
vt 0.740746 0.711268
vt 0.744099 0.730177
vt 0.655627 0.985206
vt 0.906756 0.503025
vt 0.901615 0.470643
vt 0.913254 0.474584
vt 0.741308 0.741078
vt 0.749610 0.762746
vt 0.737734 0.747430
vt 0.905492 0.461213
vt 0.238572 0.243668
vt 0.243250 0.232851
vt 0.322685 0.202270
vt 0.647864 0.162383
vt 0.635469 0.168365
vt 0.675485 0.150526
vt 0.824706 0.065175
vt 0.336977 0.748783
vt 0.870419 0.262344
vt 0.592727 0.551610
vt 0.630608 0.548357
vt 0.403340 0.759656
vt 0.396815 0.793978
vt 0.393846 0.789133
vt 0.394618 0.288668
vt 0.411678 0.291957
vt 0.283767 0.378822
vt 0.107971 0.346943
vt 0.786537 0.559954
vt 0.644104 0.178659
vt 0.103950 0.380137
vt 0.096437 0.388572
vt 0.465504 0.752666
vt 0.442846 0.763851
vt 0.778150 0.227615
vt 0.754174 0.202450
vt 0.439052 0.763432
vt 0.974477 0.880579
vt 0.947372 0.869530
vt 0.946037 0.213044
vt 0.947717 0.260842
vt 0.939919 0.257426
vt 0.422976 0.568158
vt 0.731197 0.159445
vt 0.740144 0.151621
vt 0.744738 0.153141
vt 0.439680 0.533509
vt 0.900425 0.178975
vt 0.890655 0.166112
vt 0.725337 0.951519
vt 0.725337 0.927437
vt 0.750657 0.942726
vt 0.818496 0.341528
vt 0.835154 0.353796
vt 0.797941 0.351661
vt 0.109135 0.972876
vt 0.108725 0.977361
vt 0.118944 0.969928
vt 0.120212 0.967393
vt 0.891964 0.883315
vt 0.920923 0.894810
vt 0.218807 0.744979
vt 0.642481 0.167684
vt 0.329038 0.195089
vt 0.813578 0.036316
vt 0.822814 0.058449
vt 0.827293 0.058752
vt 0.891674 0.265141
vt 0.032120 0.308550
vt 0.422852 0.287496
vt 0.805339 0.639799
vt 0.095976 0.350515
vt 0.809622 0.588732
vt 0.661164 0.190563
vt 0.943144 0.223974
vt 0.940342 0.261134
vt 0.447291 0.550096
vt 0.456770 0.534501
vt 0.920229 0.202280
vt 0.642570 0.330826
vt 0.637466 0.319200
vt 0.641906 0.324126
vt 0.645950 0.333382
vt 0.645558 0.335336
vt 0.643712 0.328940
vt 0.645245 0.330146
vt 0.644843 0.326355
vt 0.101109 0.999987
vt 0.106726 0.986719
vt 0.254835 0.690947
vt 0.253116 0.686983
vt 0.253141 0.684157
vt 0.374498 0.927889
vt 0.110962 0.968123
vt 0.799740 0.449798
vt 0.752180 0.966710
vt 0.223477 0.730087
vt 0.204561 0.706154
vt 0.730680 0.733241
vt 0.736493 0.736943
vt 0.300355 0.180768
vt 0.319180 0.193937
vt 0.270907 0.734985
vt 0.269713 0.733301
vt 0.273297 0.725355
vt 0.331460 0.195548
vt 0.329853 0.746226
vt 0.523554 0.803698
vt 0.503204 0.812310
vt 0.486155 0.814335
vt 0.094451 0.362026
vt 0.431458 0.821141
vt 0.422651 0.829071
vt 0.320668 0.052435
vt 0.925532 0.845327
vt 0.454017 0.794860
vt 0.492624 0.740683
vt 0.484616 0.733314
vt 0.422231 0.774648
vt 0.518066 0.585172
vt 0.839851 0.153244
vt 0.841347 0.157154
vt 0.838638 0.154686
vt 0.838424 0.153624
vt 0.826704 0.159033
vt 0.827262 0.148188
vt 0.830523 0.146707
vt 0.937684 0.262728
vt 0.485000 0.525185
vt 0.475769 0.529675
vt 0.487549 0.520176
vt 0.479559 0.522399
vt 0.475997 0.522737
vt 0.491007 0.520421
vt 0.491026 0.517564
vt 0.488340 0.517595
vt 0.742733 0.180590
vt 0.469384 0.547583
vt 0.448741 0.525786
vt 0.646105 0.339194
vt 0.647159 0.330627
vt 0.898350 0.187055
vt 0.311221 0.147633
vt 0.254810 0.685950
vt 0.896316 0.878823
vt 0.151439 0.741116
vt 0.157586 0.741329
vt 0.153099 0.743167
vt 0.158236 0.735321
vt 0.153790 0.737991
vt 0.923533 0.901147
vt 0.812419 0.427377
vt 0.788741 0.454858
vt 0.183163 0.731168
vt 0.173524 0.730000
vt 0.180368 0.721260
vt 0.193902 0.722201
vt 0.188770 0.733759
vt 0.747806 0.661953
vt 0.216954 0.721056
vt 0.764923 0.127677
vt 0.762782 0.132600
vt 0.815941 0.045350
vt 0.909559 0.237993
vt 0.664807 0.557169
vt 0.388192 0.796781
vt 0.382588 0.784843
vt 0.404451 0.286327
vt 0.000574 0.274147
vt 0.343236 0.212112
vt 0.351189 0.220530
vt 0.313673 0.003056
vt 0.311946 0.009334
vt 0.495978 0.783746
vt 0.506951 0.758798
vt 0.436804 0.785433
vt 0.493088 0.732327
vt 0.486493 0.726549
vt 0.567527 0.573370
vt 0.567219 0.566994
vt 0.932389 0.232996
vt 0.468916 0.532504
vt 0.466363 0.531179
vt 0.482237 0.510643
vt 0.451644 0.556223
vt 0.459097 0.522485
vt 0.637481 0.331537
vt 0.649551 0.336170
vt 0.659430 0.325553
vt 0.645631 0.319333
vt 0.646344 0.322726
vt 0.646073 0.325583
vt 0.889530 0.172432
vt 0.284874 0.153738
vt 0.887461 0.160969
vt 0.885255 0.151889
vt 0.104624 0.762865
vt 0.109215 0.759228
vt 0.115099 0.765333
vt 0.252063 0.671898
vt 0.256986 0.686695
vt 0.257734 0.682036
vt 0.121217 0.960763
vt 0.150124 0.743366
vt 0.160372 0.745884
vt 0.905570 0.900674
vt 0.163465 0.735550
vt 0.171267 0.715464
vt 0.208603 0.730496
vt 0.738543 0.719679
vt 0.159190 0.240037
vt 0.174080 0.245010
vt 0.807566 0.012720
vt 0.823265 0.018799
vt 0.279853 0.734120
vt 0.250176 0.231667
vt 0.345680 0.754993
vt 0.852888 0.272911
vt 0.462731 0.192719
vt 0.393876 0.279040
vt 0.116145 0.301044
vt 0.131886 0.318774
vt 0.270304 0.381864
vt 0.357186 0.205459
vt 0.786860 0.548542
vt 0.930286 0.821195
vt 0.500056 0.773715
vt 0.503617 0.739790
vt 0.843472 0.158297
vt 0.843998 0.161614
vt 0.820578 0.146730
vt 0.826736 0.147540
vt 0.826815 0.145584
vt 0.939999 0.267377
vt 0.960628 0.253846
vt 0.952842 0.260709
vt 0.472280 0.521665
vt 0.498168 0.518378
vt 0.494333 0.514075
vt 0.885498 0.342892
vt 0.888257 0.339952
vt 0.887193 0.344540
vt 0.645304 0.339281
vt 0.889547 0.349048
vt 0.886179 0.357453
vt 0.881595 0.348792
vt 0.637609 0.313372
vt 0.649382 0.321077
vt 0.233046 0.653963
vt 0.124722 0.760181
vt 0.834916 0.372303
vt 0.261563 0.686223
vt 0.260528 0.688141
vt 0.144734 0.949876
vt 0.107433 0.973714
vt 0.123049 0.751949
vt 0.136197 0.744745
vt 0.137297 0.750816
vt 0.118112 0.958797
vt 0.340610 0.917727
vt 0.148649 0.746866
vt 0.147511 0.739002
vt 0.918323 0.899725
vt 0.169995 0.745533
vt 0.163131 0.725467
vt 0.741523 0.676616
vt 0.195352 0.741214
vt 0.900632 0.487915
vt 0.210450 0.245756
vt 0.224547 0.245101
vt 0.806967 0.010248
vt 0.681114 0.168365
vt 0.773207 0.127951
vt 0.829071 0.050726
vt 0.922369 0.243786
vt 0.922021 0.239484
vt 0.923247 0.235223
vt 0.361070 0.755293
vt 0.655191 0.557256
vt 0.408803 0.742752
vt 0.360544 0.225669
vt 0.350648 0.229023
vt 0.415480 0.277965
vt 0.093457 0.355557
vt 0.101224 0.372745
vt 0.420940 0.825298
vt 0.926907 0.837660
vt 0.791904 0.235524
vt 0.494212 0.723367
vt 0.543902 0.565453
vt 0.829055 0.141428
vt 0.819422 0.146091
vt 0.818950 0.134585
vt 0.821240 0.138126
vt 0.926441 0.229518
vt 0.925565 0.209434
vt 0.929625 0.231813
vt 0.818068 0.131683
vt 0.478626 0.532845
vt 0.464985 0.523822
vt 0.878964 0.342245
vt 0.641345 0.307100
vt 0.650943 0.339281
vt 0.654151 0.321120
vt 0.256246 0.708948
vt 0.257102 0.706817
vt 0.262768 0.704690
vt 0.875519 0.170341
vt 0.875189 0.161729
vt 0.879423 0.159458
vt 0.879344 0.161888
vt 0.292998 0.144571
vt 0.259263 0.699318
vt 0.830225 0.344190
vt 0.262914 0.690622
vt 0.132804 0.753161
vt 0.261674 0.686975
vt 0.267628 0.689006
vt 0.267329 0.687742
vt 0.264692 0.684871
vt 0.833602 0.402609
vt 0.121581 0.955075
vt 0.156146 0.729847
vt 0.926366 0.901497
vt 0.814984 0.443889
vt 0.737738 0.680868
vt 0.202465 0.761758
vt 0.731937 0.682289
vt 0.207764 0.744341
vt 0.894378 0.497582
vt 0.889827 0.466854
vt 0.889670 0.451862
vt 0.324854 0.181801
vt 0.763114 0.142641
vt 0.681058 0.162683
vt 0.314405 0.747909
vt 0.599908 0.560245
vt 0.392861 0.269176
vt 0.487291 0.807867
vt 0.095292 0.364306
vt 0.440469 0.810752
vt 0.493448 0.798004
vt 0.815868 0.584868
vt 0.317681 0.035381
vt 0.814191 0.591514
vt 0.925376 0.829596
vt 0.923132 0.819014
vt 0.927500 0.850130
vt 0.423198 0.784004
vt 0.505356 0.727449
vt 0.943018 0.852760
vt 0.843151 0.164743
vt 0.848499 0.152633
vt 0.876838 0.348624
vt 0.876829 0.347793
vt 0.878071 0.348081
vt 0.878665 0.350806
vt 0.891570 0.366067
vt 0.248169 0.714110
vt 0.249794 0.712413
vt 0.256195 0.713457
vt 0.248087 0.711999
vt 0.246598 0.711835
vt 0.648781 0.318712
vt 0.893240 0.179569
vt 0.884180 0.173058
vt 0.265742 0.710441
vt 0.253287 0.709175
vt 0.926009 0.106825
vt 0.759486 0.939618
vt 0.767098 0.932602
vt 0.761699 0.946926
vt 0.250055 0.664735
vt 0.114752 0.769511
vt 0.106467 0.773743
vt 0.147566 0.753033
vt 0.122815 0.956131
vt 0.142006 0.744550
vt 0.143369 0.742489
vt 0.145261 0.743936
vt 0.908641 0.897461
vt 0.937488 0.903276
vt 0.749035 0.992334
vt 0.749894 0.989695
vt 0.885538 0.480126
vt 0.267086 0.735033
vt 0.268001 0.739124
vt 0.309074 0.743676
vt 0.914506 0.254667
vt 0.903822 0.258945
vt 0.013605 0.285682
vt 0.005050 0.285935
vt 0.449662 0.282370
vt 0.795723 0.545342
vt 0.509999 0.801663
vt 0.919874 0.824078
vt 0.422293 0.796570
vt 0.508449 0.559802
vt 0.487801 0.721947
vt 0.570562 0.571937
vt 0.575203 0.574269
vt 0.846789 0.163329
vt 0.914831 0.223953
vt 0.936191 0.275825
vt 0.872458 0.348760
vt 0.872798 0.346231
vt 0.246378 0.732408
vt 0.869838 0.350280
vt 0.884574 0.339710
vt 0.882784 0.332531
vt 0.885516 0.337856
vt 0.716241 0.162847
vt 0.727336 0.147273
vt 0.891570 0.325649
vt 0.579001 0.507313
vt 0.573174 0.507378
vt 0.582515 0.502279
vt 0.583600 0.498650
vt 0.274100 0.691549
vt 0.345612 0.915575
vt 0.895997 0.894100
vt 0.169695 0.722706
vt 0.191714 0.751878
vt 0.913254 0.535304
vt 0.899692 0.511019
vt 0.724510 0.685390
vt 0.718608 0.693315
vt 0.725021 0.742533
vt 0.315610 0.152880
vt 0.269986 0.741911
vt 0.809439 0.002735
vt 0.826466 0.005610
vt 0.334923 0.758948
vt 0.379208 0.755894
vt 0.870152 0.277702
vt 0.607578 0.558759
vt 0.621208 0.560199
vt 0.360037 0.217961
vt 0.455351 0.283977
vt 0.532256 0.803759
vt 0.105135 0.376315
vt 0.430433 0.808551
vt 0.944785 0.278058
vt 0.480755 0.537624
vt 0.489795 0.530182
vt 0.469645 0.515033
vt 0.949498 0.266634
vt 0.875252 0.326699
vt 0.658462 0.337590
vt 0.887650 0.329998
vt 0.657128 0.317936
vt 0.887745 0.191291
vt 0.857392 0.174693
vt 0.450913 0.515295
vt 0.001044 0.377960
vt 0.017339 0.374197
vt 0.006760 0.383970
vt 0.440046 0.574758
vt 0.395899 0.587704
vt 0.410276 0.567351
vt 0.117107 0.774883
vt 0.274231 0.694622
vt 0.376806 0.930413
vt 0.398800 0.563237
vt 0.405885 0.555924
vt 0.820081 0.384524
vt 0.113966 0.949565
vt 0.382519 0.547395
vt 0.386020 0.547049
vt 0.378300 0.537333
vt 0.138220 0.739132
vt 0.378856 0.541123
vt 0.162382 0.753832
vt 0.174651 0.756605
vt 0.152897 0.717124
vt 0.928602 0.906061
vt 0.799082 0.456064
vt 0.198236 0.754596
vt 0.720448 0.719114
vt 0.729175 0.756465
vt 0.882537 0.448470
vt 0.327352 0.180004
vt 0.249597 0.238145
vt 0.635010 0.565184
vt 0.627465 0.561467
vt 0.132203 0.302561
vt 0.310613 0.029014
vt 0.801097 0.558500
vt 0.102596 0.363110
vt 0.108876 0.411347
vt 0.113943 0.403984
vt 0.121348 0.404006
vt 0.664301 0.181646
vt 0.111754 0.384345
vt 0.821983 0.590536
vt 0.858333 0.195003
vt 0.855945 0.183375
vt 0.869887 0.177711
vt 0.819148 0.176159
vt 0.943187 0.886468
vt 0.931710 0.866755
vt 0.566670 0.563653
vt 0.573454 0.569184
vt 0.830255 0.131814
vt 0.734438 0.182229
vt 0.715212 0.169702
vt 0.707740 0.155240
vt 0.708786 0.152091
vt 0.266578 0.727868
vt 0.265426 0.714532
vt 0.754099 0.926666
vt 0.753623 0.943486
vt 0.749495 0.913658
vt 0.265278 0.680906
vt 0.270420 0.685277
vt 0.273471 0.689049
vt 0.101109 0.941621
vt 0.343024 0.913135
vt 0.891900 0.890306
vt 0.375398 0.539179
vt 0.181038 0.750989
vt 0.820399 0.437185
vt 0.895435 0.539491
vt 0.898283 0.519336
vt 0.198346 0.749850
vt 0.311891 0.762039
vt 0.346916 0.758657
vt 0.410100 0.274520
vt 0.259778 0.387860
vt 0.361264 0.197931
vt 0.553564 0.812285
vt 0.798155 0.549240
vt 0.107140 0.352165
vt 0.510613 0.795255
vt 0.501266 0.791169
vt 0.315958 0.036556
vt 0.869887 0.215750
vt 0.864941 0.212205
vt 0.858887 0.203983
vt 0.869196 0.201755
vt 0.520095 0.753617
vt 0.855136 0.198969
vt 0.844219 0.187087
vt 0.489939 0.565515
vt 0.490618 0.562379
vt 0.499579 0.568540
vt 0.531906 0.558414
vt 0.744160 0.184277
vt 0.870541 0.348051
vt 0.450984 0.564294
vt 0.475027 0.508247
vt 0.494066 0.501713
vt 0.265053 0.721842
vt 0.582904 0.491824
vt 0.123184 0.764320
vt 0.129339 0.770506
vt 0.135300 0.759744
vt 0.376823 0.552652
vt 0.143421 0.726758
vt 0.152666 0.710076
vt 0.163556 0.758738
vt 0.798471 0.458075
vt 0.217665 0.260077
vt 0.241950 0.252543
vt 0.185852 0.253497
vt 0.335513 0.184856
vt 0.377813 0.771764
vt 0.646680 0.565958
vt 0.420517 0.267895
vt 0.135756 0.336193
vt 0.357542 0.185911
vt 0.120143 0.400897
vt 0.504748 0.783473
vt 0.689839 0.221510
vt 0.681055 0.216254
vt 0.694444 0.215772
vt 0.852704 0.169879
vt 0.815368 0.160005
vt 0.497678 0.711149
vt 0.561300 0.554722
vt 0.911920 0.213377
vt 0.490218 0.554177
vt 0.478749 0.550535
vt 0.489344 0.543357
vt 0.495441 0.539504
vt 0.498173 0.538877
vt 0.498716 0.534970
vt 0.480793 0.541804
vt 0.496851 0.528199
vt 0.246522 0.735929
vt 0.244399 0.733038
vt 0.243482 0.735235
vt 0.867659 0.345774
vt 0.256276 0.729462
vt 0.839157 0.340292
vt 0.840505 0.352501
vt 0.830593 0.339638
vt 0.792121 0.940704
vt 0.792722 0.926146
vt 0.804837 0.929867
vt 0.782392 0.932790
vt 0.708131 0.641892
vt 0.707266 0.647349
vt 0.702783 0.645713
vt 0.368242 0.539277
vt 0.375812 0.533700
vt 0.738828 0.661260
vt 0.907697 0.905408
vt 0.732585 0.659324
vt 0.893259 0.554840
vt 0.178528 0.245384
vt 0.251974 0.247674
vt 0.342160 0.167588
vt 0.283640 0.747889
vt 0.277893 0.752342
vt 0.954252 0.471940
vt 0.948234 0.486638
vt 0.944572 0.477550
vt 0.347106 0.764188
vt 0.868444 0.289024
vt 0.789265 0.542056
vt 0.783701 0.539802
vt 0.529817 0.795075
vt 0.517299 0.764973
vt 0.824102 0.579088
vt 0.865310 0.220046
vt 0.921623 0.836154
vt 0.845472 0.200124
vt 0.849738 0.201513
vt 0.933364 0.852815
vt 0.156965 0.930548
vt 0.140397 0.949474
vt 0.146929 0.936018
vt 0.133057 0.954070
vt 0.116353 0.938499
vt 0.133789 0.932509
vt 0.575584 0.568671
vt 0.576371 0.570405
vt 0.478769 0.560424
vt 0.505587 0.528726
vt 0.503460 0.515525
vt 0.697375 0.173760
vt 0.692186 0.165723
vt 0.510515 0.505725
vt 0.459552 0.497360
vt 0.850938 0.344718
vt 0.719388 0.638583
vt 0.709289 0.635022
vt 0.884935 0.552807
vt 0.883082 0.544127
vt 0.738079 0.658276
vt 0.881336 0.543263
vt 0.883172 0.550580
vt 0.929296 0.909650
vt 0.717906 0.673224
vt 0.892963 0.523761
vt 0.892183 0.527510
vt 0.241658 0.290616
vt 0.882356 0.474859
vt 0.857612 0.475041
vt 0.851437 0.468883
vt 0.193189 0.260717
vt 0.325291 0.163878
vt 0.337097 0.162507
vt 0.951584 0.484402
vt 0.881668 0.279526
vt 0.386957 0.743767
vt 0.808218 0.557605
vt 0.915979 0.836458
vt 0.833125 0.202173
vt 0.833476 0.177735
vt 0.142511 0.939541
vt 0.856162 0.168819
vt 0.497812 0.555999
vt 0.487295 0.715061
vt 0.488006 0.710811
vt 0.575448 0.565574
vt 0.579640 0.571040
vt 0.508857 0.526955
vt 0.507675 0.525455
vt 0.259682 0.732582
vt 0.266205 0.733530
vt 0.719115 0.173970
vt 0.509440 0.517810
vt 0.568647 0.509196
vt 0.518136 0.488452
vt 0.481285 0.487754
vt 0.489585 0.463384
vt 0.020408 0.393656
vt 0.009243 0.401343
vt 0.731257 0.907580
vt 0.791963 0.917086
vt 0.716530 0.644764
vt 0.149479 0.763110
vt 0.373344 0.565062
vt 0.720526 0.663813
vt 0.886621 0.536417
vt 0.252216 0.238995
vt 0.829071 0.014047
vt 0.766224 0.150508
vt 0.957305 0.488406
vt 0.364563 0.780160
vt 0.591601 0.564553
vt 0.105272 0.367072
vt 0.516129 0.773693
vt 0.912164 0.815423
vt 0.837563 0.202266
vt 0.679570 0.227596
vt 0.706300 0.231137
vt 0.512671 0.554623
vt 0.523802 0.552756
vt 0.527954 0.554490
vt 0.514161 0.522292
vt 0.816929 0.123818
vt 0.853925 0.138989
vt 0.243482 0.741062
vt 0.870819 0.329318
vt 0.708666 0.169746
vt 0.560196 0.503136
vt 0.522562 0.495576
vt 0.303107 0.164539
vt 0.576391 0.476803
vt 0.579684 0.471267
vt 0.583865 0.485494
vt 0.929010 0.454889
vt 0.928726 0.436132
vt 0.942717 0.439090
vt 0.001044 0.428566
vt 0.597687 0.140402
vt 0.571418 0.126234
vt 0.612174 0.124296
vt 0.370653 0.911229
vt 0.702661 0.649489
vt 0.717687 0.654964
vt 0.711492 0.656570
vt 0.707875 0.657516
vt 0.884659 0.519243
vt 0.709255 0.718695
vt 0.887525 0.493824
vt 0.207741 0.283785
vt 0.350466 0.136061
vt 0.000705 0.046988
vt 0.004256 0.055468
vt 0.003810 0.063775
vt 0.265755 0.743103
vt 0.014077 0.053630
vt 0.963087 0.467902
vt 0.930181 0.251072
vt 0.610377 0.576588
vt 0.140803 0.296908
vt 0.161415 0.318107
vt 0.255116 0.350942
vt 0.442687 0.268471
vt 0.452876 0.275175
vt 0.454773 0.282190
vt 0.526136 0.792734
vt 0.517091 0.786636
vt 0.520948 0.784782
vt 0.862611 0.218950
vt 0.685679 0.250908
vt 0.099345 0.927589
vt 0.113980 0.931679
vt 0.102147 0.937889
vt 0.512960 0.548389
vt 0.731216 0.208789
vt 0.539789 0.554431
vt 0.853566 0.155204
vt 0.579396 0.568700
vt 0.585804 0.570887
vt 0.532875 0.551124
vt 0.539133 0.547365
vt 0.534531 0.549075
vt 0.852833 0.141125
vt 0.511614 0.536416
vt 0.555627 0.537873
vt 0.558193 0.535681
vt 0.564454 0.544219
vt 0.249318 0.740992
vt 0.861954 0.350328
vt 0.467064 0.495770
vt 0.609033 0.165814
vt 0.623018 0.149302
vt 0.960713 0.456627
vt 0.950840 0.409707
vt 0.781784 0.912286
vt 0.391577 0.933289
vt 0.137428 0.773625
vt 0.798188 0.919283
vt 0.700265 0.640952
vt 0.750114 0.648497
vt 0.359931 0.550991
vt 0.703124 0.666658
vt 0.915549 0.921009
vt 0.184402 0.761247
vt 0.804605 0.461491
vt 0.816616 0.456956
vt 0.193456 0.762150
vt 0.191218 0.758310
vt 0.886008 0.508712
vt 0.714418 0.738885
vt 0.256403 0.285217
vt 0.354678 0.157494
vt 0.253666 0.257646
vt 0.254353 0.244335
vt 0.308038 0.757407
vt 0.300361 0.762025
vt 0.852888 0.295916
vt 0.654819 0.577940
vt 0.385306 0.232096
vt 0.377057 0.206237
vt 0.378492 0.171390
vt 0.367804 0.189618
vt 0.113201 0.369367
vt 0.817783 0.559000
vt 0.677276 0.191626
vt 0.852246 0.208771
vt 0.684938 0.209776
vt 0.698756 0.209923
vt 0.585532 0.568703
vt 0.556256 0.547758
vt 0.563988 0.551576
vt 0.547673 0.540036
vt 0.520308 0.525753
vt 0.709025 0.173118
vt 0.461555 0.472089
vt 0.645080 0.145655
vt 0.653053 0.135355
vt 0.625724 0.105254
vt 0.648945 0.091550
vt 0.927189 0.390071
vt 0.135325 0.767808
vt 0.695692 0.662605
vt 0.722553 0.644211
vt 0.722264 0.648525
vt 0.698495 0.663330
vt 0.724323 0.659042
vt 0.164820 0.762424
vt 0.827859 0.422040
vt 0.871814 0.546666
vt 0.876212 0.538603
vt 0.862520 0.512135
vt 0.870196 0.516888
vt 0.331114 0.561634
vt 0.331048 0.551739
vt 0.864491 0.507342
vt 0.861205 0.507408
vt 0.698731 0.717324
vt 0.325940 0.120254
vt 0.351656 0.103432
vt 0.292326 0.563463
vt 0.275966 0.533700
vt 0.288263 0.539836
vt 0.256156 0.264210
vt 0.254984 0.253777
vt 0.623390 0.578967
vt 0.417132 0.253078
vt 0.243554 0.346819
vt 0.251239 0.316056
vt 0.372205 0.222047
vt 0.443964 0.262295
vt 0.124927 0.391801
vt 0.825233 0.207629
vt 0.513294 0.545346
vt 0.590554 0.578357
vt 0.531608 0.539359
vt 0.725569 0.194075
vt 0.588044 0.559908
vt 0.581267 0.549772
vt 0.703800 0.179705
vt 0.456263 0.490745
vt 0.726663 0.651796
vt 0.728131 0.653473
vt 0.729293 0.650157
vt 0.892182 0.904889
vt 0.257508 0.255940
vt 0.593446 0.581839
vt 0.666806 0.579574
vt 0.635074 0.572531
vt 0.782430 0.538113
vt 0.786916 0.533675
vt 0.129506 0.363408
vt 0.115970 0.365645
vt 0.704749 0.271153
vt 0.699969 0.279388
vt 0.677507 0.258042
vt 0.135256 0.404819
vt 0.851949 0.218127
vt 0.918751 0.852183
vt 0.113688 0.898663
vt 0.099160 0.890406
vt 0.107546 0.893906
vt 0.581682 0.557934
vt 0.535413 0.497764
vt 0.639882 0.134907
vt 0.021070 0.709916
vt 0.000102 0.739787
vt 0.000102 0.669498
vt 0.977029 0.390071
vt 0.354875 0.644893
vt 0.346890 0.629306
vt 0.358864 0.616140
vt 0.621738 0.079446
vt 0.633661 0.052387
vt 0.653053 0.040491
vt 0.832052 0.390753
vt 0.143873 0.769088
vt 0.337989 0.645400
vt 0.331369 0.618829
vt 0.555861 0.102418
vt 0.613574 0.115201
vt 0.366986 0.898169
vt 0.352259 0.600418
vt 0.347071 0.897594
vt 0.699729 0.685772
vt 0.876010 0.510843
vt 0.693511 0.698392
vt 0.693400 0.717755
vt 0.689088 0.717428
vt 0.317037 0.553691
vt 0.868868 0.491234
vt 0.260424 0.316323
vt 0.167282 0.265347
vt 0.179225 0.254492
vt 0.257340 0.259623
vt 0.006085 0.040394
vt 0.979580 0.476861
vt 0.931590 0.265999
vt 0.932311 0.272657
vt 0.444831 0.189507
vt 0.395229 0.246895
vt 0.783044 0.531688
vt 0.527246 0.787850
vt 0.683665 0.191681
vt 0.808865 0.196381
vt 0.141634 0.916731
vt 0.516898 0.538108
vt 0.720015 0.182718
vt 0.768862 0.910537
vt 0.772601 0.906551
vt 0.867336 0.365380
vt 0.613535 0.037866
vt 0.608063 0.053820
vt 0.661390 0.661812
vt 0.671674 0.694491
vt 0.311699 0.614012
vt 0.355358 0.583243
vt 0.831568 0.426963
vt 0.382838 0.588711
vt 0.301648 0.591538
vt 0.814912 0.450124
vt 0.681252 0.716017
vt 0.850580 0.504074
vt 0.873384 0.493954
vt 0.879769 0.506643
vt 0.695168 0.732859
vt 0.688678 0.753623
vt 0.242795 0.305981
vt 0.210749 0.299430
vt 0.306197 0.544289
vt 0.854431 0.488067
vt 0.875208 0.488351
vt 0.258704 0.263127
vt 0.322573 0.772609
vt 0.915490 0.283205
vt 0.591300 0.571936
vt 0.253553 0.368424
vt 0.449858 0.261014
vt 0.793488 0.539621
vt 0.813019 0.554850
vt 0.832043 0.560718
vt 0.677829 0.173274
vt 0.715809 0.221291
vt 0.698618 0.198981
vt 0.716299 0.192990
vt 0.712843 0.197382
vt 0.698751 0.195213
vt 0.695729 0.185110
vt 0.578535 0.466382
vt 0.586137 0.463384
vt 0.011697 0.677918
vt 0.601013 0.081441
vt 0.367441 0.613458
vt 0.157724 0.764635
vt 0.629298 0.023883
vt 0.169951 0.767098
vt 0.314716 0.628973
vt 0.823667 0.439814
vt 0.304167 0.569462
vt 0.285937 0.592595
vt 0.289270 0.606012
vt 0.702075 0.740990
vt 0.662972 0.718158
vt 0.361603 0.118436
vt 0.007672 0.030187
vt 0.005795 0.035144
vt 0.001563 0.035296
vt 0.279974 0.773682
vt 0.884126 0.281715
vt 0.187689 0.311619
vt 0.226595 0.309994
vt 0.214723 0.322430
vt 0.235284 0.325898
vt 0.790622 0.534261
vt 0.550356 0.773281
vt 0.115403 0.380147
vt 0.127332 0.901822
vt 0.834134 0.223924
vt 0.755092 0.237185
vt 0.713340 0.212981
vt 0.568716 0.475160
vt 0.573069 0.467112
vt 0.419246 0.595313
vt 0.415093 0.600791
vt 0.848977 0.367708
vt 0.842041 0.382163
vt 0.587388 0.063087
vt 0.931106 0.925047
vt 0.359580 0.094713
vt 0.869954 0.494239
vt 0.876683 0.496711
vt 0.181005 0.279643
vt 0.184408 0.260484
vt 0.714274 0.754165
vt 0.005621 0.024227
vt 0.011715 0.023805
vt 0.268848 0.262126
vt 0.268494 0.760756
vt 0.962175 0.501915
vt 0.877366 0.302755
vt 0.650105 0.580569
vt 0.816328 0.541864
vt 0.818255 0.550892
vt 0.124815 0.373333
vt 0.825306 0.557156
vt 0.828243 0.579807
vt 0.406274 0.166125
vt 0.378329 0.158823
vt 0.403150 0.157749
vt 0.400921 0.148846
vt 0.792370 0.268500
vt 0.796075 0.250661
vt 0.795214 0.268752
vt 0.155808 0.921575
vt 0.726959 0.213047
vt 0.723292 0.208001
vt 0.542445 0.528900
vt 0.537179 0.476835
vt 0.582088 0.075929
vt 0.381690 0.599379
vt 0.561791 0.041485
vt 0.901286 0.924847
vt 0.828487 0.433164
vt 0.581562 0.853873
vt 0.581207 0.845446
vt 0.587201 0.854581
vt 0.613035 0.022048
vt 0.594650 0.000404
vt 0.820111 0.446721
vt 0.657580 0.697578
vt 0.611899 0.709114
vt 0.859913 0.481490
vt 0.708031 0.753366
vt 0.178351 0.275741
vt 0.000705 0.000339
vt 0.263752 0.281200
vt 0.260491 0.268318
vt 0.266708 0.273406
vt 0.022959 0.040402
vt 0.568549 0.123967
vt 0.574273 0.143811
vt 0.563863 0.127048
vt 0.568831 0.136615
vt 0.284324 0.776592
vt 0.946626 0.501464
vt 0.018324 0.327164
vt 0.174369 0.318860
vt 0.550896 0.803683
vt 0.376854 0.198292
vt 0.534859 0.788968
vt 0.811260 0.536352
vt 0.522699 0.537110
vt 0.530515 0.530453
vt 0.535781 0.517252
vt 0.552160 0.490829
vt 0.409751 0.605448
vt 0.391577 0.904414
vt 0.793110 0.903624
vt 0.745537 0.640076
vt 0.916727 0.930619
vt 0.265595 0.297509
vt 0.011243 0.017918
vt 0.266506 0.279270
vt 0.939847 0.500694
vt 0.335382 0.789480
vt 0.140636 0.324074
vt 0.254062 0.385554
vt 0.254188 0.378784
vt 0.255091 0.388363
vt 0.791926 0.524103
vt 0.383251 0.183738
vt 0.118776 0.345969
vt 0.528933 0.781890
vt 0.126162 0.386104
vt 0.146904 0.910712
vt 0.138371 0.904733
vt 0.920564 0.858006
vt 0.732705 0.233455
vt 0.723175 0.221548
vt 0.754201 0.910850
vt 0.763117 0.908117
vt 0.148025 0.776621
vt 0.361498 0.881922
vt 0.829009 0.415481
vt 0.009030 0.016175
vt 0.014226 0.009059
vt 0.012518 0.014733
vt 0.017883 0.008568
vt 0.015021 0.023844
vt 0.256108 0.756338
vt 0.275158 0.756817
vt 0.964192 0.499763
vt 0.318071 0.770052
vt 0.368313 0.781995
vt 0.428341 0.250983
vt 0.439243 0.260259
vt 0.388889 0.216996
vt 0.784090 0.519228
vt 0.769552 0.268631
vt 0.131631 0.885455
vt 0.734217 0.249651
vt 0.740214 0.229925
vt 0.040050 0.725208
vt 0.404282 0.615336
vt 0.012485 0.005229
vt 0.015447 0.014586
vt 0.596931 0.146756
vt 0.592840 0.148416
vt 0.585829 0.148527
vt 0.968598 0.502130
vt 0.312557 0.770335
vt 0.378494 0.778870
vt 0.370946 0.784457
vt 0.183789 0.297492
vt 0.247777 0.354381
vt 0.807879 0.530796
vt 0.529488 0.786672
vt 0.723147 0.258401
vt 0.567949 0.466416
vt 0.040816 0.689122
vt 0.740746 0.633692
vt 0.835394 0.415963
vt 0.906745 0.929884
vt 0.308620 0.771454
vt 0.829027 0.555109
vt 0.163399 0.778051
vt 0.836251 0.417958
vt 0.760727 0.637186
vt 0.886785 0.928619
vt 0.595611 0.158057
vt 0.591184 0.166882
vt 0.582591 0.163932
vt 0.574551 0.170916
vt 0.971507 0.555063
vt 0.944189 0.543291
vt 0.974478 0.548948
vt 0.939766 0.564956
vt 0.943321 0.502552
vt 0.315559 0.772302
vt 0.618320 0.580601
vt 0.397858 0.239945
vt 0.391691 0.184869
vt 0.757812 0.263738
vt 0.108014 0.868752
vt 0.736207 0.241474
vt 0.915558 0.858088
vt 0.383242 0.910053
vt 0.855433 0.378873
vt 0.592996 0.840239
vt 0.602616 0.840935
vt 0.826914 0.454064
vt 0.637266 0.583184
vt 0.412959 0.244830
vt 0.443644 0.251580
vt 0.820086 0.547488
vt 0.838642 0.224625
vt 0.163125 0.912963
vt 0.167090 0.914375
vt 0.836307 0.398579
vt 0.798695 0.896494
vt 0.802053 0.895021
vt 0.843478 0.409370
vt 0.180091 0.773318
vt 0.582614 0.153838
vt 0.569299 0.145148
vt 0.320610 0.789405
vt 0.907806 0.294384
vt 0.653418 0.591047
vt 0.210033 0.331631
vt 0.246010 0.362666
vt 0.391756 0.201327
vt 0.866461 0.237332
vt 0.425191 0.149348
vt 0.164954 0.910211
vt 0.911062 0.862020
vt 0.765157 0.891751
vt 0.850839 0.393681
vt 0.866763 0.382978
vt 0.841182 0.412575
vt 0.831660 0.448063
vt 0.578897 0.149208
vt 0.260171 0.765470
vt 0.943047 0.506280
vt 0.314895 0.776967
vt 0.938495 0.508669
vt 0.365801 0.792293
vt 0.379718 0.786684
vt 0.228085 0.336870
vt 0.398754 0.231668
vt 0.246649 0.394363
vt 0.553245 0.792140
vt 0.807130 0.526231
vt 0.822362 0.541134
vt 0.137278 0.405698
vt 0.156723 0.402930
vt 0.163256 0.895390
vt 0.865354 0.398651
vt 0.840692 0.420645
vt 0.838849 0.442599
vt 0.563863 0.165377
vt 0.275094 0.774429
vt 0.300351 0.775580
vt 0.375528 0.789117
vt 0.247221 0.370294
vt 0.247075 0.378923
vt 0.553343 0.779752
vt 0.126546 0.370786
vt 0.136865 0.377314
vt 0.148833 0.402871
vt 0.154745 0.397492
vt 0.854777 0.393714
vt 0.847969 0.410499
vt 0.843468 0.436895
vt 0.917871 0.938592
vt 0.568637 0.154857
vt 0.967094 0.575230
vt 0.970445 0.565549
vt 0.960001 0.508770
vt 0.952870 0.510660
vt 0.293982 0.777581
vt 0.305231 0.782449
vt 0.595307 0.588190
vt 0.434754 0.252832
vt 0.245568 0.390305
vt 0.789444 0.502412
vt 0.801024 0.518697
vt 0.759932 0.894941
vt 0.760019 0.619896
vt 0.761470 0.630232
vt 0.319586 0.782772
vt 0.915783 0.300325
vt 0.888762 0.307505
vt 0.872671 0.314566
vt 0.636413 0.589447
vt 0.790941 0.506210
vt 0.237299 0.393822
vt 0.698203 0.285711
vt 0.727817 0.274694
vt 0.829072 0.549067
vt 0.415547 0.167988
vt 0.842732 0.400753
vt 0.172468 0.777974
vt 0.602498 0.820942
vt 0.969469 0.584368
vt 0.948216 0.586652
vt 0.973816 0.513451
vt 0.598838 0.598890
vt 0.231544 0.344880
vt 0.170880 0.324970
vt 0.238801 0.357876
vt 0.229877 0.370738
vt 0.230218 0.365533
vt 0.233776 0.398116
vt 0.237098 0.403242
vt 0.139079 0.385035
vt 0.853169 0.400754
vt 0.855194 0.405875
vt 0.867025 0.403473
vt 0.860960 0.404482
vt 0.897619 0.938764
vt 0.577557 0.833778
vt 0.597620 0.819632
vt 0.965923 0.511924
vt 0.312741 0.781405
vt 0.946198 0.511426
vt 0.937786 0.515698
vt 0.341980 0.802752
vt 0.670910 0.606996
vt 0.410721 0.228914
vt 0.403235 0.218966
vt 0.149096 0.328268
vt 0.218148 0.374416
vt 0.227286 0.397596
vt 0.819171 0.535329
vt 0.130215 0.371688
vt 0.129115 0.372355
vt 0.132621 0.374109
vt 0.832317 0.536224
vt 0.827892 0.539719
vt 0.742369 0.263804
vt 0.843584 0.555869
vt 0.857427 0.569710
vt 0.836663 0.237027
vt 0.847379 0.431778
vt 0.608684 0.821842
vt 0.135028 0.212086
vt 0.131017 0.195641
vt 0.136875 0.198284
vt 0.944520 0.594851
vt 0.974478 0.592203
vt 0.972182 0.608411
vt 0.949295 0.578293
vt 0.315945 0.783298
vt 0.933662 0.277315
vt 0.321657 0.527842
vt 0.325618 0.529050
vt 0.325632 0.530206
vt 0.327603 0.533058
vt 0.329280 0.526468
vt 0.331316 0.530362
vt 0.884565 0.307930
vt 0.205218 0.380106
vt 0.407447 0.202487
vt 0.416917 0.176062
vt 0.762000 0.267602
vt 0.832851 0.241068
vt 0.797814 0.885388
vt 0.370625 0.884328
vt 0.609406 0.844702
vt 0.617803 0.823608
vt 0.300061 0.784743
vt 0.780075 0.488501
vt 0.789285 0.497901
vt 0.411399 0.186516
vt 0.135681 0.365854
vt 0.732374 0.267011
vt 0.152734 0.391796
vt 0.788703 0.876701
vt 0.850167 0.456573
vt 0.839501 0.461729
vt 0.952302 0.516860
vt 0.944083 0.516495
vt 0.334380 0.528275
vt 0.336975 0.533624
vt 0.336150 0.530554
vt 0.338212 0.529761
vt 0.595227 0.598148
vt 0.639506 0.600222
vt 0.438836 0.231599
vt 0.796070 0.499809
vt 0.809502 0.526445
vt 0.214473 0.404063
vt 0.162042 0.406372
vt 0.850136 0.547379
vt 0.859683 0.557704
vt 0.533117 0.892148
vt 0.528613 0.897580
vt 0.524251 0.894287
vt 0.141557 0.220455
vt 0.531227 0.880740
vt 0.536517 0.893698
vt 0.315544 0.789016
vt 0.310369 0.788265
vt 0.321307 0.533026
vt 0.912940 0.306083
vt 0.383924 0.792827
vt 0.591043 0.586357
vt 0.624529 0.610508
vt 0.642655 0.615980
vt 0.203829 0.344209
vt 0.154023 0.340681
vt 0.808244 0.521525
vt 0.132803 0.361351
vt 0.825728 0.529192
vt 0.751493 0.893125
vt 0.731504 0.875061
vt 0.741835 0.621823
vt 0.616425 0.847067
vt 0.627128 0.826211
vt 0.517916 0.899625
vt 0.935647 0.555541
vt 0.946831 0.518375
vt 0.340275 0.526899
vt 0.343108 0.527807
vt 0.592420 0.600128
vt 0.804358 0.513558
vt 0.200609 0.390096
vt 0.849440 0.531197
vt 0.853741 0.785223
vt 0.850432 0.785673
vt 0.854123 0.783937
vt 0.635260 0.854581
vt 0.623148 0.847948
vt 0.635362 0.841563
vt 0.528479 0.908412
vt 0.882642 0.722362
vt 0.871108 0.729028
vt 0.869487 0.721856
vt 0.855781 0.447644
vt 0.847683 0.445882
vt 0.307654 0.792025
vt 0.342389 0.511363
vt 0.629628 0.611945
vt 0.182806 0.342363
vt 0.415310 0.219336
vt 0.201273 0.407613
vt 0.192512 0.411347
vt 0.187745 0.407309
vt 0.147064 0.383917
vt 0.435418 0.165359
vt 0.167090 0.890973
vt 0.855209 0.781350
vt 0.855447 0.786280
vt 0.850753 0.786715
vt 0.843990 0.785533
vt 0.856218 0.451267
vt 0.532548 0.901654
vt 0.871608 0.715829
vt 0.841195 0.963780
vt 0.850437 0.953991
vt 0.861114 0.971793
vt 0.744139 0.444647
vt 0.746160 0.439613
vt 0.745785 0.445871
vt 0.741718 0.445569
vt 0.341021 0.523191
vt 0.880860 0.313444
vt 0.167676 0.335721
vt 0.825282 0.522383
vt 0.417395 0.197646
vt 0.187547 0.387626
vt 0.187581 0.400702
vt 0.835980 0.520810
vt 0.835122 0.515050
vt 0.836106 0.519943
vt 0.836511 0.516394
vt 0.838476 0.514056
vt 0.830388 0.523734
vt 0.837089 0.523960
vt 0.420610 0.184995
vt 0.156538 0.879445
vt 0.773713 0.881778
vt 0.863674 0.785550
vt 0.860771 0.787014
vt 0.848002 0.789245
vt 0.381309 0.891975
vt 0.852610 0.428582
vt 0.941387 0.574155
vt 0.285861 0.793939
vt 0.315253 0.793181
vt 0.743801 0.439652
vt 0.325068 0.799456
vt 0.748526 0.444823
vt 0.588942 0.904287
vt 0.587930 0.902341
vt 0.589899 0.903237
vt 0.436219 0.754564
vt 0.431728 0.761930
vt 0.416636 0.755253
vt 0.908614 0.319297
vt 0.807772 0.507162
vt 0.833036 0.509148
vt 0.847946 0.524803
vt 0.857287 0.777927
vt 0.855195 0.776690
vt 0.637456 0.830054
vt 0.653386 0.836594
vt 0.947557 0.523067
vt 0.747619 0.435063
vt 0.318129 0.541607
vt 0.591651 0.905895
vt 0.594425 0.904742
vt 0.883992 0.315132
vt 0.800931 0.498698
vt 0.439388 0.226612
vt 0.420357 0.204396
vt 0.138165 0.360681
vt 0.126519 0.866645
vt 0.139350 0.870446
vt 0.772898 0.873966
vt 0.390656 0.900135
vt 0.854117 0.774375
vt 0.838558 0.779990
vt 0.840728 0.783742
vt 0.825591 0.780020
vt 0.824786 0.785974
vt 0.820181 0.787475
vt 0.520645 0.905915
vt 0.412697 0.948967
vt 0.407354 0.944479
vt 0.415355 0.938043
vt 0.939812 0.582755
vt 0.742821 0.438139
vt 0.738854 0.438645
vt 0.746353 0.447848
vt 0.586553 0.906228
vt 0.588087 0.899898
vt 0.591234 0.901845
vt 0.597562 0.901129
vt 0.431693 0.766382
vt 0.425947 0.762685
vt 0.175150 0.350897
vt 0.829880 0.488501
vt 0.147703 0.380490
vt 0.443877 0.169575
vt 0.860989 0.780727
vt 0.856062 0.774696
vt 0.851228 0.767694
vt 0.835669 0.779061
vt 0.828996 0.780873
vt 0.519118 0.926722
vt 0.136512 0.224085
vt 0.741258 0.434776
vt 0.742379 0.431776
vt 0.743241 0.434667
vt 0.746100 0.432387
vt 0.950891 0.533157
vt 0.735743 0.448974
vt 0.585129 0.903034
vt 0.751638 0.448974
vt 0.598601 0.908152
vt 0.912320 0.317235
vt 0.171168 0.342830
vt 0.429956 0.199436
vt 0.440392 0.187146
vt 0.763002 0.870143
vt 0.386852 0.894877
vt 0.858007 0.772198
vt 0.854394 0.771053
vt 0.865053 0.778534
vt 0.838684 0.788604
vt 0.376659 0.883608
vt 0.754953 0.615024
vt 0.867336 0.455779
vt 0.534776 0.907003
vt 0.423225 0.938842
vt 0.420894 0.953122
vt 0.544676 0.898816
vt 0.401598 0.399115
vt 0.419345 0.397551
vt 0.406080 0.413115
vt 0.431117 0.427291
vt 0.876796 0.929352
vt 0.878275 0.927627
vt 0.885163 0.936860
vt 0.889019 0.940039
vt 0.579432 0.907676
vt 0.425001 0.764962
vt 0.635600 0.608590
vt 0.174387 0.381770
vt 0.146476 0.369777
vt 0.164584 0.390582
vt 0.139443 0.868638
vt 0.835829 0.788274
vt 0.832409 0.779104
vt 0.799196 0.870142
vt 0.602354 0.810673
vt 0.932188 0.078325
vt 0.944549 0.089883
vt 0.933954 0.087248
vt 0.938175 0.566069
vt 0.305514 0.811040
vt 0.752054 0.420892
vt 0.320755 0.819501
vt 0.423664 0.766785
vt 0.593163 0.606789
vt 0.576813 0.603152
vt 0.594656 0.609006
vt 0.447359 0.161293
vt 0.854549 0.767631
vt 0.389331 0.890395
vt 0.832846 0.767535
vt 0.832484 0.795908
vt 0.873107 0.745692
vt 0.864580 0.742769
vt 0.868181 0.738395
vt 0.515892 0.918896
vt 0.427012 0.936326
vt 0.426773 0.950706
vt 0.532946 0.923142
vt 0.607099 0.813251
vt 0.612539 0.811557
vt 0.840082 0.959631
vt 0.835550 0.959829
vt 0.949941 0.606759
vt 0.986673 0.362341
vt 0.988927 0.353486
vt 0.993610 0.356630
vt 0.740831 0.429346
vt 0.743276 0.427026
vt 0.318129 0.515505
vt 0.336727 0.809048
vt 0.418585 0.746567
vt 0.420831 0.765196
vt 0.613513 0.679314
vt 0.610126 0.679697
vt 0.611782 0.676448
vt 0.605197 0.674879
vt 0.165588 0.350937
vt 0.158675 0.349070
vt 0.161256 0.372761
vt 0.149793 0.359528
vt 0.845016 0.498769
vt 0.853020 0.527450
vt 0.746101 0.868041
vt 0.825507 0.772915
vt 0.430523 0.956210
vt 0.863509 0.726485
vt 0.547989 0.901924
vt 0.935002 0.078799
vt 0.758919 0.422476
vt 0.595636 0.890226
vt 0.339711 0.813416
vt 0.605197 0.698665
vt 0.419142 0.767696
vt 0.160470 0.381654
vt 0.455351 0.160651
vt 0.158135 0.877329
vt 0.859247 0.769155
vt 0.621464 0.818202
vt 0.424223 0.953251
vt 0.865189 0.719231
vt 0.544747 0.908575
vt 0.868612 0.943629
vt 0.860826 0.940662
vt 0.292338 0.809824
vt 0.738937 0.428519
vt 0.587925 0.881627
vt 0.602126 0.895982
vt 0.346072 0.817740
vt 0.613156 0.673685
vt 0.616106 0.677278
vt 0.604584 0.900255
vt 0.153544 0.871895
vt 0.753488 0.866553
vt 0.731852 0.870370
vt 0.854738 0.761392
vt 0.821447 0.776356
vt 0.513959 0.913484
vt 0.512445 0.906459
vt 0.431117 0.992334
vt 0.425804 0.971021
vt 0.860362 0.732030
vt 0.542543 0.920852
vt 0.825453 0.971927
vt 0.823080 0.962529
vt 0.947294 0.076778
vt 0.953096 0.078180
vt 0.928737 0.560990
vt 0.979580 0.530692
vt 0.741542 0.424823
vt 0.735159 0.428314
vt 0.870197 0.926099
vt 0.889019 0.899311
vt 0.929843 0.317146
vt 0.916224 0.311287
vt 0.412736 0.759464
vt 0.618445 0.679540
vt 0.346814 0.809758
vt 0.417381 0.765961
vt 0.607439 0.616361
vt 0.641461 0.613112
vt 0.451863 0.158918
vt 0.147049 0.868365
vt 0.739946 0.862984
vt 0.864857 0.772070
vt 0.866366 0.779887
vt 0.861169 0.760430
vt 0.982089 0.381371
vt 0.985935 0.393734
vt 0.980272 0.389609
vt 0.259816 0.805239
vt 0.255993 0.803941
vt 0.262463 0.801377
vt 0.988100 0.389606
vt 0.268879 0.798315
vt 0.267648 0.801372
vt 0.990569 0.388781
vt 0.991756 0.394449
vt 0.993610 0.396679
vt 0.273478 0.798578
vt 0.266183 0.794454
vt 0.333543 0.549738
vt 0.866260 0.934894
vt 0.864657 0.927387
vt 0.617719 0.675137
vt 0.665420 0.624006
vt 0.871575 0.778690
vt 0.842098 0.754651
vt 0.831386 0.764713
vt 0.629907 0.814716
vt 0.859645 0.737248
vt 0.822754 0.957270
vt 0.847595 0.939015
vt 0.941620 0.069779
vt 0.986326 0.375450
vt 0.986592 0.385003
vt 0.927154 0.739999
vt 0.938764 0.735747
vt 0.937270 0.749762
vt 0.335825 0.814944
vt 0.914395 0.319700
vt 0.619201 0.667976
vt 0.416414 0.768269
vt 0.369270 0.805248
vt 0.591192 0.619983
vt 0.864170 0.763454
vt 0.857964 0.749984
vt 0.686483 0.842515
vt 0.688485 0.833345
vt 0.522087 0.934608
vt 0.414952 0.956546
vt 0.412018 0.952697
vt 0.268644 0.805528
vt 0.583020 0.872328
vt 0.584660 0.875412
vt 0.579432 0.867451
vt 0.583297 0.874049
vt 0.862778 0.931415
vt 0.415284 0.742791
vt 0.874320 0.232370
vt 0.880945 0.226696
vt 0.889967 0.229105
vt 0.621428 0.698680
vt 0.333159 0.824701
vt 0.339113 0.822658
vt 0.339002 0.827244
vt 0.620763 0.673281
vt 0.621583 0.677528
vt 0.622293 0.679411
vt 0.636393 0.612099
vt 0.825183 0.762775
vt 0.507331 0.927439
vt 0.427906 0.958971
vt 0.616302 0.799238
vt 0.143275 0.229341
vt 0.558724 0.901896
vt 0.607738 0.797749
vt 0.403134 0.950070
vt 0.854680 0.936125
vt 0.976460 0.383770
vt 0.960148 0.358394
vt 0.982322 0.366341
vt 0.972893 0.363103
vt 0.248951 0.819554
vt 0.258743 0.811469
vt 0.891276 0.226952
vt 0.624227 0.675657
vt 0.868252 0.771483
vt 0.847888 0.747837
vt 0.507107 0.915723
vt 0.504706 0.903321
vt 0.852493 0.741656
vt 0.851671 0.736770
vt 0.426924 0.954278
vt 0.855672 0.724147
vt 0.409652 0.954432
vt 0.969692 0.377350
vt 0.276246 0.803479
vt 0.411072 0.395907
vt 0.595787 0.881916
vt 0.422938 0.386518
vt 0.431117 0.372318
vt 0.904452 0.225587
vt 0.908408 0.225981
vt 0.909307 0.235966
vt 0.337333 0.819709
vt 0.345116 0.820929
vt 0.415739 0.770398
vt 0.412647 0.769689
vt 0.626209 0.673348
vt 0.892391 0.224507
vt 0.893751 0.225500
vt 0.626655 0.677466
vt 0.633416 0.676146
vt 0.630212 0.674759
vt 0.630728 0.673226
vt 0.577594 0.623389
vt 0.627434 0.673479
vt 0.910779 0.333896
vt 0.670910 0.651578
vt 0.636614 0.817197
vt 0.654760 0.822361
vt 0.673374 0.823530
vt 0.412961 0.968659
vt 0.417028 0.965549
vt 0.415177 0.959955
vt 0.595493 0.793782
vt 0.945565 0.073582
vt 0.584275 0.872561
vt 0.589392 0.876337
vt 0.902625 0.817765
vt 0.902579 0.827079
vt 0.900600 0.827796
vt 0.906033 0.813951
vt 0.919685 0.808862
vt 0.923823 0.814414
vt 0.412647 0.745739
vt 0.598774 0.882676
vt 0.415012 0.755415
vt 0.328703 0.821786
vt 0.902369 0.222185
vt 0.903148 0.213919
vt 0.628493 0.679466
vt 0.629108 0.676781
vt 0.631445 0.670316
vt 0.423432 0.961200
vt 0.621527 0.798538
vt 0.855361 0.719847
vt 0.416524 0.960283
vt 0.140782 0.243266
vt 0.562149 0.898214
vt 0.559877 0.909673
vt 0.550139 0.923431
vt 0.543814 0.924296
vt 0.939519 0.064748
vt 0.263673 0.808946
vt 0.270316 0.808806
vt 0.952997 0.074495
vt 0.276879 0.805745
vt 0.970036 0.075454
vt 0.975889 0.090347
vt 0.980925 0.090560
vt 0.900798 0.812470
vt 0.903039 0.809918
vt 0.900134 0.815987
vt 0.902588 0.804917
vt 0.594939 0.880281
vt 0.891379 0.218925
vt 0.894132 0.218397
vt 0.357872 0.815837
vt 0.846658 0.112814
vt 0.848970 0.127250
vt 0.841385 0.114114
vt 0.404434 0.979558
vt 0.421738 0.955301
vt 0.147803 0.241017
vt 0.828850 0.946067
vt 0.271867 0.678563
vt 0.269586 0.670145
vt 0.271111 0.672756
vt 0.918439 0.749298
vt 0.922477 0.743037
vt 0.921354 0.754887
vt 0.339933 0.943777
vt 0.344309 0.956436
vt 0.339047 0.955765
vt 0.332560 0.949193
vt 0.336622 0.950545
vt 0.331762 0.951844
vt 0.335358 0.955536
vt 0.600751 0.877137
vt 0.344670 0.963289
vt 0.343160 0.963890
vt 0.344487 0.962004
vt 0.597188 0.880955
vt 0.347869 0.967883
vt 0.342860 0.821501
vt 0.911978 0.225248
vt 0.907261 0.207044
vt 0.351799 0.827872
vt 0.576510 0.632066
vt 0.587754 0.637684
vt 0.747905 0.968515
vt 0.743464 0.968994
vt 0.744454 0.967101
vt 0.747423 0.971753
vt 0.745268 0.972409
vt 0.598277 0.623451
vt 0.628263 0.621086
vt 0.631703 0.622399
vt 0.835733 0.751345
vt 0.839774 0.127549
vt 0.424717 0.955668
vt 0.422040 0.959635
vt 0.263479 0.811414
vt 0.946871 0.070879
vt 0.265801 0.809901
vt 0.951145 0.070436
vt 0.298290 0.812816
vt 0.273153 0.673029
vt 0.335034 0.944991
vt 0.348210 0.963545
vt 0.731626 0.985532
vt 0.731818 0.981938
vt 0.733903 0.989783
vt 0.339347 0.823457
vt 0.742350 0.967044
vt 0.661277 0.635661
vt 0.847737 0.733269
vt 0.425142 0.957406
vt 0.392003 0.985376
vt 0.536434 0.942665
vt 0.536900 0.934630
vt 0.555847 0.914883
vt 0.858487 0.927482
vt 0.817881 0.952459
vt 0.964133 0.385385
vt 0.899032 0.805704
vt 0.895555 0.806676
vt 0.041229 0.015306
vt 0.041229 0.001109
vt 0.044642 0.002779
vt 0.924211 0.804512
vt 0.930536 0.799984
vt 0.733746 0.981817
vt 0.342947 0.825830
vt 0.900922 0.215853
vt 0.734337 0.981022
vt 0.731267 0.977988
vt 0.736633 0.979815
vt 0.737260 0.967645
vt 0.914537 0.328614
vt 0.348905 0.826163
vt 0.840883 0.735077
vt 0.914910 0.471533
vt 0.928187 0.467773
vt 0.916184 0.476700
vt 0.146923 0.250064
vt 0.550489 0.468584
vt 0.540547 0.461564
vt 0.548598 0.460885
vt 0.555666 0.928059
vt 0.551500 0.929752
vt 0.586011 0.786432
vt 0.810691 0.953089
vt 0.932188 0.047272
vt 0.935991 0.052876
vt 0.260930 0.814230
vt 0.916169 0.798963
vt 0.337160 0.971927
vt 0.729400 0.983953
vt 0.730168 0.982760
vt 0.732052 0.978777
vt 0.341542 0.825628
vt 0.341144 0.826191
vt 0.891909 0.214498
vt 0.635196 0.700246
vt 0.742151 0.961898
vt 0.911719 0.326763
vt 0.605237 0.635051
vt 0.911407 0.488535
vt 0.929159 0.486860
vt 0.914307 0.507173
vt 0.846227 0.717142
vt 0.544469 0.472432
vt 0.539893 0.466200
vt 0.542211 0.937239
vt 0.835215 0.937883
vt 0.266490 0.814955
vt 0.276576 0.812561
vt 0.956487 0.066920
vt 0.293304 0.816011
vt 0.896800 0.801175
vt 0.334900 0.941529
vt 0.336374 0.940122
vt 0.339325 0.938920
vt 0.273451 0.668797
vt 0.931430 0.761665
vt 0.749991 0.951895
vt 0.732432 0.967138
vt 0.740600 0.965261
vt 0.634843 0.628804
vt 0.611657 0.786971
vt 0.614612 0.787631
vt 0.811334 0.960505
vt 0.820787 0.944062
vt 0.259133 0.821094
vt 0.891788 0.795342
vt 0.893519 0.794785
vt 0.302634 0.814157
vt 0.893342 0.809592
vt 0.937751 0.762950
vt 0.342248 0.827749
vt 0.344143 0.826399
vt 0.878408 0.212303
vt 0.728275 0.981216
vt 0.737843 0.964692
vt 0.858192 0.103248
vt 0.843370 0.107312
vt 0.858407 0.082869
vt 0.841983 0.727021
vt 0.513915 0.950371
vt 0.519114 0.950942
vt 0.151176 0.249502
vt 0.531994 0.470177
vt 0.136193 0.255380
vt 0.837006 0.929570
vt 0.962363 0.369657
vt 0.627823 0.486168
vt 0.631713 0.484010
vt 0.630555 0.492773
vt 0.633460 0.497220
vt 0.628043 0.496863
vt 0.946674 0.069955
vt 0.945991 0.067540
vt 0.629082 0.475592
vt 0.628542 0.472504
vt 0.642849 0.482681
vt 0.626186 0.471950
vt 0.269416 0.814665
vt 0.268082 0.663286
vt 0.270373 0.661669
vt 0.331562 0.969227
vt 0.728099 0.978911
vt 0.892086 0.210179
vt 0.728574 0.974720
vt 0.737748 0.962974
vt 0.546043 0.478310
vt 0.828491 0.936338
vt 0.623564 0.497446
vt 0.620470 0.493860
vt 0.628331 0.500619
vt 0.891426 0.789541
vt 0.974722 0.068781
vt 0.977716 0.079113
vt 0.296613 0.819674
vt 0.926358 0.770159
vt 0.922579 0.788082
vt 0.899365 0.206966
vt 0.737967 0.954019
vt 0.738409 0.959058
vt 0.593033 0.643055
vt 0.812906 0.759753
vt 0.937200 0.474364
vt 0.693420 0.831577
vt 0.572697 0.907494
vt 0.569655 0.912759
vt 0.539905 0.941684
vt 0.562255 0.925359
vt 0.247204 0.827303
vt 0.262002 0.818475
vt 0.632620 0.501113
vt 0.625078 0.468923
vt 0.628766 0.462678
vt 0.240342 0.647927
vt 0.248010 0.646126
vt 0.249720 0.648538
vt 0.908345 0.792878
vt 0.292460 0.820811
vt 0.888397 0.801884
vt 0.889352 0.805080
vt 0.274096 0.662848
vt 0.334178 0.934420
vt 0.335732 0.930988
vt 0.912103 0.751927
vt 0.044281 0.025399
vt 0.045918 0.026785
vt 0.042430 0.026125
vt 0.903735 0.205766
vt 0.880834 0.205404
vt 0.726071 0.976570
vt 0.348528 0.831622
vt 0.735741 0.960095
vt 0.838429 0.100247
vt 0.847895 0.089829
vt 0.524838 0.948206
vt 0.527697 0.472224
vt 0.144589 0.255639
vt 0.533641 0.457548
vt 0.597716 0.781290
vt 0.563924 0.919534
vt 0.839039 0.918866
vt 0.618379 0.488624
vt 0.618041 0.479666
vt 0.640437 0.503558
vt 0.257731 0.647164
vt 0.969272 0.053214
vt 0.176483 0.953528
vt 0.179049 0.949023
vt 0.182284 0.951051
vt 0.180831 0.952707
vt 0.020071 0.713921
vt 0.023335 0.716467
vt 0.020806 0.722372
vt 0.024408 0.723867
vt 0.263854 0.655763
vt 0.266700 0.657898
vt 0.298187 0.821235
vt 0.906065 0.757684
vt 0.044089 0.022100
vt 0.889683 0.203439
vt 0.736796 0.957391
vt 0.390489 0.988167
vt 0.592234 0.782581
vt 0.535212 0.439974
vt 0.553565 0.450237
vt 0.818893 0.934638
vt 0.759072 0.285069
vt 0.747612 0.279090
vt 0.760195 0.270254
vt 0.264994 0.819943
vt 0.640662 0.510136
vt 0.749777 0.271557
vt 0.613781 0.470674
vt 0.244216 0.635915
vt 0.269828 0.819059
vt 0.642849 0.512749
vt 0.259031 0.650072
vt 0.183671 0.957897
vt 0.017251 0.718675
vt 0.982131 0.075612
vt 0.267938 0.655532
vt 0.274002 0.657656
vt 0.039540 0.014960
vt 0.038105 0.023786
vt 0.036585 0.022991
vt 0.916892 0.767377
vt 0.042363 0.016524
vt 0.037968 0.031887
vt 0.039540 0.030533
vt 0.047661 0.704573
vt 0.054846 0.707163
vt 0.051252 0.707429
vt 0.051796 0.713423
vt 0.720537 0.972780
vt 0.725452 0.979606
vt 0.736354 0.955415
vt 0.733756 0.955096
vt 0.094691 0.534208
vt 0.100095 0.535001
vt 0.096135 0.535837
vt 0.838357 0.716337
vt 0.938917 0.465363
vt 0.528361 0.949196
vt 0.534528 0.460081
vt 0.550207 0.941653
vt 0.814546 0.938537
vt 0.829242 0.929235
vt 0.837897 0.925226
vt 0.956894 0.380538
vt 0.938213 0.047705
vt 0.275852 0.817178
vt 0.743233 0.284890
vt 0.733375 0.270254
vt 0.738905 0.274051
vt 0.285492 0.822039
vt 0.289921 0.819583
vt 0.263647 0.650656
vt 0.021847 0.726762
vt 0.018177 0.723845
vt 0.018095 0.721889
vt 0.272890 0.654834
vt 0.121756 0.589104
vt 0.120541 0.585862
vt 0.123835 0.590609
vt 0.025847 0.015982
vt 0.025603 0.010602
vt 0.029336 0.016365
vt 0.912896 0.786815
vt 0.927757 0.778603
vt 0.042088 0.697103
vt 0.044853 0.696679
vt 0.046047 0.713697
vt 0.936428 0.770501
vt 0.121602 0.604425
vt 0.128945 0.606283
vt 0.120237 0.608861
vt 0.126932 0.610351
vt 0.898900 0.203207
vt 0.883210 0.199278
vt 0.746954 0.946713
vt 0.722714 0.968877
vt 0.520541 0.672934
vt 0.517432 0.665837
vt 0.536983 0.673461
vt 0.918793 0.333507
vt 0.912736 0.334864
vt 0.517679 0.671811
vt 0.516555 0.667945
vt 0.516078 0.645343
vt 0.516589 0.645161
vt 0.516269 0.647066
vt 0.515667 0.645616
vt 0.083915 0.530997
vt 0.100764 0.528771
vt 0.054079 0.021962
vt 0.056122 0.025093
vt 0.051242 0.022363
vt 0.056122 0.021080
vt 0.088247 0.534819
vt 0.100310 0.541750
vt 0.095686 0.538608
vt 0.090419 0.535692
vt 0.624410 0.644008
vt 0.812652 0.742550
vt 0.152374 0.255990
vt 0.694407 0.827509
vt 0.530494 0.467478
vt 0.606276 0.773414
vt 0.603993 0.774055
vt 0.586366 0.783006
vt 0.558005 0.944002
vt 0.672212 0.780031
vt 0.669723 0.784433
vt 0.665711 0.781007
vt 0.253635 0.831622
vt 0.614400 0.502343
vt 0.616888 0.484125
vt 0.614094 0.484022
vt 0.627192 0.510754
vt 0.750262 0.299741
vt 0.749092 0.286123
vt 0.171957 0.963759
vt 0.170936 0.958669
vt 0.740560 0.295152
vt 0.253239 0.655590
vt 0.886636 0.771435
vt 0.894994 0.776417
vt 0.979250 0.065458
vt 0.907508 0.775493
vt 0.897792 0.757526
vt 0.896476 0.768515
vt 0.022176 0.730365
vt 0.266605 0.652154
vt 0.018560 0.017806
vt 0.018382 0.011019
vt 0.020721 0.022914
vt 0.331562 0.929647
vt 0.120237 0.589722
vt 0.130970 0.592949
vt 0.041822 0.688220
vt 0.045918 0.013459
vt 0.033125 0.023087
vt 0.042338 0.686113
vt 0.917619 0.777242
vt 0.052687 0.716204
vt 0.536939 0.644085
vt 0.534345 0.643510
vt 0.534364 0.640971
vt 0.909372 0.205489
vt 0.902158 0.202683
vt 0.730321 0.953574
vt 0.052183 0.015850
vt 0.055026 0.017587
vt 0.073230 0.531253
vt 0.076077 0.532858
vt 0.076983 0.537381
vt 0.515616 0.643020
vt 0.519527 0.646843
vt 0.100066 0.548043
vt 0.097774 0.550898
vt 0.095345 0.542625
vt 0.049359 0.018353
vt 0.049307 0.013277
vt 0.049199 0.024307
vt 0.048034 0.021985
vt 0.048706 0.025510
vt 0.514368 0.644073
vt 0.079652 0.530363
vt 0.521191 0.649720
vt 0.512518 0.658010
vt 0.089441 0.537243
vt 0.827255 0.726122
vt 0.507397 0.961723
vt 0.399967 0.985226
vt 0.612875 0.775685
vt 0.922624 0.529585
vt 0.936227 0.482245
vt 0.883556 0.134787
vt 0.890528 0.127898
vt 0.892165 0.133491
vt 0.880862 0.123845
vt 0.892846 0.119763
vt 0.882478 0.113576
vt 0.562017 0.930902
vt 0.805459 0.945494
vt 0.821856 0.929000
vt 0.608625 0.484332
vt 0.606420 0.473286
vt 0.894345 0.764799
vt 0.903333 0.770794
vt 0.276613 0.656969
vt 0.277112 0.659717
vt 0.022355 0.013110
vt 0.271398 0.716397
vt 0.269205 0.728307
vt 0.269542 0.716009
vt 0.933863 0.783582
vt 0.938764 0.796668
vt 0.536983 0.655050
vt 0.526304 0.647400
vt 0.905159 0.204154
vt 0.717307 0.974212
vt 0.530197 0.643642
vt 0.915366 0.339281
vt 0.036148 0.006377
vt 0.036148 0.000470
vt 0.038265 0.003517
vt 0.079329 0.537542
vt 0.079280 0.536068
vt 0.079213 0.541062
vt 0.077843 0.534362
vt 0.079064 0.533825
vt 0.093046 0.547022
vt 0.515549 0.660238
vt 0.080834 0.536632
vt 0.649936 0.654263
vt 0.505194 0.948754
vt 0.841951 0.711508
vt 0.696355 0.833291
vt 0.698971 0.831933
vt 0.940400 0.475748
vt 0.943962 0.476565
vt 0.654979 0.779148
vt 0.644230 0.769004
vt 0.665749 0.785359
vt 0.611981 0.489101
vt 0.168600 0.960910
vt 0.178555 0.964407
vt 0.264837 0.639317
vt 0.267669 0.648043
vt 0.026221 0.734070
vt 0.028061 0.723932
vt 0.022263 0.024229
vt 0.022529 0.021325
vt 0.272804 0.652671
vt 0.296429 0.823552
vt 0.280609 0.658669
vt 0.272976 0.703554
vt 0.270896 0.703037
vt 0.269205 0.698284
vt 0.272002 0.706732
vt 0.913386 0.777942
vt 0.275577 0.703700
vt 0.273799 0.714369
vt 0.918000 0.774342
vt 0.272924 0.721076
vt 0.135202 0.600245
vt 0.125100 0.595110
vt 0.131976 0.604183
vt 0.689602 0.651238
vt 0.688976 0.642716
vt 0.691318 0.645565
vt 0.046144 0.721118
vt 0.043791 0.721930
vt 0.907666 0.197056
vt 0.715762 0.951096
vt 0.903166 0.198005
vt 0.525649 0.646281
vt 0.084422 0.544305
vt 0.519067 0.645839
vt 0.599719 0.651386
vt 0.616478 0.639845
vt 0.149926 0.265344
vt 0.644282 0.777170
vt 0.660641 0.783925
vt 0.935313 0.041479
vt 0.668342 0.791272
vt 0.154972 0.958499
vt 0.291851 0.205355
vt 0.282078 0.198868
vt 0.293364 0.199563
vt 0.022040 0.030563
vt 0.018382 0.028886
vt 0.018393 0.728905
vt 0.284258 0.826049
vt 0.279816 0.656851
vt 0.128419 0.616064
vt 0.886220 0.196006
vt 0.085990 0.559428
vt 0.835048 0.717996
vt 0.525360 0.470270
vt 0.527474 0.468659
vt 0.525618 0.467006
vt 0.532534 0.458211
vt 0.934883 0.519714
vt 0.929511 0.527598
vt 0.581580 0.776107
vt 0.601883 0.491541
vt 0.167375 0.968434
vt 0.175301 0.969167
vt 0.018485 0.739787
vt 0.017251 0.732442
vt 0.913674 0.773677
vt 0.684910 0.643281
vt 0.688530 0.656880
vt 0.682340 0.649490
vt 0.683006 0.646229
vt 0.885607 0.197881
vt 0.715762 0.978036
vt 0.530084 0.638855
vt 0.651225 0.658999
vt 0.668777 0.655239
vt 0.830191 0.719787
vt 0.520628 0.954013
vt 0.522056 0.955639
vt 0.534702 0.949083
vt 0.945169 0.468157
vt 0.610631 0.773110
vt 0.948635 0.469823
vt 0.928210 0.532598
vt 0.550278 0.948998
vt 0.926901 0.542474
vt 0.931871 0.539415
vt 0.935422 0.545537
vt 0.652198 0.781134
vt 0.940231 0.041148
vt 0.252059 0.629515
vt 0.678563 0.810550
vt 0.677183 0.815989
vt 0.665116 0.821418
vt 0.291030 0.825115
vt 0.278397 0.652091
vt 0.280185 0.654949
vt 0.276743 0.653569
vt 0.283160 0.707404
vt 0.281009 0.700737
vt 0.274348 0.719853
vt 0.276474 0.716981
vt 0.689031 0.654010
vt 0.133762 0.609176
vt 0.520269 0.387261
vt 0.516351 0.383773
vt 0.525796 0.370635
vt 0.515670 0.387990
vt 0.876502 0.193500
vt 0.910297 0.192967
vt 0.583451 0.640524
vt 0.638487 0.651094
vt 0.836300 0.095412
vt 0.671677 0.557389
vt 0.689210 0.576144
vt 0.682325 0.583501
vt 0.389597 0.992334
vt 0.147065 0.266157
vt 0.542702 0.954139
vt 0.546759 0.950795
vt 0.935097 0.531814
vt 0.868085 0.915506
vt 0.859401 0.902345
vt 0.868612 0.896476
vt 0.859060 0.913917
vt 0.891190 0.105332
vt 0.829459 0.920339
vt 0.160093 0.967344
vt 0.154972 0.979203
vt 0.168017 0.983391
vt 0.265421 0.632618
vt 0.267711 0.634056
vt 0.287013 0.188364
vt 0.172331 0.982799
vt 0.266241 0.630465
vt 0.270157 0.630088
vt 0.269391 0.642332
vt 0.275239 0.650205
vt 0.914739 0.776350
vt 0.041822 0.720075
vt 0.516868 0.377790
vt 0.874320 0.194649
vt 0.100764 0.566319
vt 0.910574 0.189768
vt 0.585641 0.647387
vt 0.246972 0.425502
vt 0.257439 0.424416
vt 0.256334 0.428217
vt 0.261212 0.428034
vt 0.827708 0.082869
vt 0.149127 0.283767
vt 0.148575 0.290547
vt 0.131017 0.290813
vt 0.870105 0.157107
vt 0.863436 0.167090
vt 0.857698 0.139456
vt 0.944476 0.461650
vt 0.616432 0.771979
vt 0.600415 0.764906
vt 0.878375 0.127863
vt 0.960265 0.803166
vt 0.979580 0.797369
vt 0.955765 0.808663
vt 0.869416 0.110157
vt 0.813216 0.929093
vt 0.826251 0.922227
vt 0.641659 0.781690
vt 0.662339 0.792368
vt 0.642474 0.032497
vt 0.639769 0.025808
vt 0.643872 0.029343
vt 0.639331 0.031428
vt 0.280609 0.618040
vt 0.274534 0.627822
vt 0.685709 0.627604
vt 0.691318 0.627398
vt 0.620240 0.659153
vt 0.261824 0.421684
vt 0.827136 0.704332
vt 0.943339 0.465972
vt 0.146772 0.268514
vt 0.918244 0.529062
vt 0.914565 0.543199
vt 0.881092 0.135909
vt 0.953333 0.802446
vt 0.929668 0.536594
vt 0.655815 0.787960
vt 0.972266 0.051395
vt 0.178568 0.981412
vt 0.974564 0.051060
vt 0.646122 0.024723
vt 0.024188 0.030612
vt 0.530106 0.371938
vt 0.524322 0.391164
vt 0.514207 0.374699
vt 0.518722 0.369484
vt 0.659674 0.662175
vt 0.629903 0.667084
vt 0.598547 0.654667
vt 0.636123 0.661246
vt 0.824882 0.719810
vt 0.267193 0.426077
vt 0.263602 0.415707
vt 0.262464 0.415793
vt 0.607290 0.769469
vt 0.963804 0.796612
vt 0.537661 0.436220
vt 0.934938 0.537362
vt 0.935416 0.543717
vt 0.968553 0.047607
vt 0.285473 0.184066
vt 0.277969 0.193642
vt 0.643322 0.024518
vt 0.173095 0.989088
vt 0.268514 0.637271
vt 0.271502 0.632875
vt 0.274128 0.644024
vt 0.268870 0.626802
vt 0.277882 0.618052
vt 0.006883 0.461492
vt 0.011315 0.475718
vt 0.008119 0.476870
vt 0.682784 0.632279
vt 0.688471 0.624168
vt 0.681826 0.640471
vt 0.000916 0.497443
vt 0.007377 0.481455
vt 0.008532 0.489261
vt 0.586775 0.652933
vt 0.591755 0.656326
vt 0.594692 0.655455
vt 0.250794 0.407532
vt 0.254300 0.390858
vt 0.250912 0.403950
vt 0.242748 0.405962
vt 0.272956 0.429842
vt 0.134644 0.278478
vt 0.134482 0.285113
vt 0.125186 0.288633
vt 0.935097 0.533840
vt 0.882811 0.098330
vt 0.892846 0.096281
vt 0.641659 0.811572
vt 0.653809 0.815913
vt 0.267630 0.624944
vt 0.632416 0.027768
vt 0.271788 0.196015
vt 0.274950 0.190540
vt 0.638067 0.023749
vt 0.639783 0.011339
vt 0.008692 0.449499
vt 0.009520 0.461185
vt 0.004446 0.441926
vt 0.003751 0.450327
vt 0.003071 0.453471
vt 0.011134 0.457964
vt 0.018638 0.472810
vt 0.011094 0.482281
vt 0.135202 0.271574
vt 0.117039 0.271680
vt 0.127312 0.262376
vt 0.610729 0.768655
vt 0.709908 0.622783
vt 0.713631 0.612836
vt 0.721026 0.627543
vt 0.813431 0.922177
vt 0.832340 0.913384
vt 0.269720 0.634987
vt 0.632416 0.000842
vt 0.644328 0.009766
vt 0.272057 0.621509
vt 0.000916 0.436318
vt 0.529891 0.358435
vt 0.528643 0.368372
vt 0.017352 0.475925
vt 0.000668 0.231701
vt 0.004011 0.228137
vt 0.006303 0.234495
vt 0.532276 0.381435
vt 0.528789 0.403056
vt 0.261453 0.403884
vt 0.109189 0.301017
vt 0.112818 0.292094
vt 0.125685 0.298649
vt 0.146203 0.277186
vt 0.142752 0.277582
vt 0.828836 0.699951
vt 0.869260 0.131081
vt 0.917972 0.544346
vt 0.564932 0.961442
vt 0.950334 0.798658
vt 0.838314 0.907686
vt 0.970698 0.034647
vt 0.271788 0.145333
vt 0.280306 0.155995
vt 0.272255 0.156215
vt 0.269330 0.636014
vt 0.537530 0.344834
vt 0.535380 0.343584
vt 0.010276 0.466617
vt 0.534982 0.358304
vt 0.000782 0.243297
vt 0.013295 0.481413
vt 0.011495 0.488852
vt 0.536504 0.399480
vt 0.538259 0.377813
vt 0.625635 0.663306
vt 0.862877 0.134606
vt 0.948968 0.462001
vt 0.877122 0.142689
vt 0.126946 0.291363
vt 0.117957 0.278929
vt 0.171906 0.270311
vt 0.610726 0.765270
vt 0.947756 0.537884
vt 0.957510 0.794971
vt 0.950945 0.789657
vt 0.938643 0.540142
vt 0.813354 0.917687
vt 0.825865 0.910199
vt 0.834547 0.908722
vt 0.174610 0.991059
vt 0.181598 0.983641
vt 0.180761 0.979196
vt 0.282801 0.180555
vt 0.649226 0.020652
vt 0.529000 0.355539
vt 0.003036 0.246137
vt 0.258027 0.410238
vt 0.254820 0.402056
vt 0.157449 0.277584
vt 0.264091 0.405364
vt 0.118732 0.263413
vt 0.131019 0.260777
vt 0.261712 0.395128
vt 0.830318 0.694993
vt 0.543415 0.957980
vt 0.547897 0.961723
vt 0.530286 0.435762
vt 0.963081 0.774255
vt 0.961321 0.787566
vt 0.948968 0.541050
vt 0.870406 0.096313
vt 0.816498 0.916465
vt 0.281734 0.151735
vt 0.639751 0.035714
vt 0.633742 0.024081
vt 0.538259 0.330990
vt 0.673756 0.627989
vt 0.677319 0.639937
vt 0.673140 0.635969
vt 0.254513 0.409427
vt 0.686104 0.582875
vt 0.695198 0.573159
vt 0.692865 0.582780
vt 0.700943 0.576206
vt 0.122553 0.294554
vt 0.955746 0.791174
vt 0.945154 0.793504
vt 0.973873 0.045547
vt 0.274715 0.179583
vt 0.278959 0.178514
vt 0.021865 0.472944
vt 0.113274 0.284164
vt 0.175157 0.281995
vt 0.527891 0.436213
vt 0.920949 0.544466
vt 0.838298 0.898905
vt 0.819784 0.914887
vt 0.822613 0.917521
vt 0.651697 0.819710
vt 0.279703 0.167441
vt 0.276529 0.166643
vt 0.000668 0.269129
vt 0.007028 0.244702
vt 0.008216 0.248411
vt 0.536249 0.362177
vt 0.023002 0.482002
vt 0.535059 0.372317
vt 0.109189 0.275137
vt 0.116238 0.274735
vt 0.857670 0.133499
vt 0.975067 0.777584
vt 0.532219 0.430402
vt 0.287059 0.176985
vt 0.011479 0.233138
vt 0.013235 0.491316
vt 0.019880 0.494385
vt 0.030612 0.478640
vt 0.254581 0.404848
vt 0.272956 0.404183
vt 0.709641 0.581433
vt 0.721930 0.585258
vt 0.707860 0.590383
vt 0.861874 0.124465
vt 0.529541 0.430550
vt 0.842673 0.894182
vt 0.975413 0.036332
vt 0.286070 0.157493
vt 0.819714 0.696734
vt 0.256680 0.405427
vt 0.532826 0.426711
vt 0.977500 0.755008
vt 0.966054 0.763344
vt 0.979580 0.749655
vt 0.821820 0.903254
vt 0.975895 0.024217
vt 0.976824 0.043537
vt 0.282534 0.176774
vt 0.818316 0.704238
vt 0.702783 0.600828
vt 0.819620 0.689156
vt 0.682105 0.592384
vt 0.707562 0.614169
vt 0.702506 0.621337
vt 0.717231 0.605010
vt 0.955520 0.787074
vt 0.856614 0.115843
vt 0.958230 0.763932
vt 0.963888 0.747061
vt 0.290554 0.163360
vt 0.819270 0.691188
vt 0.115100 0.282206
vt 0.525360 0.430229
vt 0.916998 0.545514
vt 0.859277 0.129346
vt 0.711555 0.594997
vt 0.947047 0.789817
vt 0.805042 0.907850
vt 0.253895 0.406521
vt 0.821441 0.686543
vt 0.693884 0.601155
vt 0.528980 0.427361
vt 0.977477 0.771514
vt 0.974420 0.768464
vt 0.938843 0.790366
vt 0.945429 0.783434
vt 0.166216 0.287479
vt 0.114877 0.272370
vt 0.178500 0.282161
vt 0.689541 0.600232
vt 0.916883 0.547187
vt 0.693592 0.627543
vt 0.696365 0.619172
vt 0.969831 0.771464
vt 0.949620 0.763008
vt 0.812998 0.910647
vt 0.705131 0.609125
vt 0.700526 0.617615
vt 0.176523 0.288964
vt 0.689410 0.604925
vt 0.676640 0.600775
vt 0.705506 0.612051
vt 0.702968 0.610964
vt 0.968991 0.766459
vt 0.957036 0.779379
vt 0.815983 0.908712
vt 0.816202 0.695157
vt 0.682877 0.612012
vt 0.672897 0.608896
vt 0.827635 0.898789
vt 0.114857 0.278488
vt 0.698797 0.600668
vt 0.963745 0.765894
vt 0.949439 0.781653
vt 0.112681 0.275590
vt 0.112551 0.279410
vt 0.968738 0.769097
vt 0.685307 0.617812
vt 0.815731 0.899837
vt 0.815543 0.686268
vt 0.181120 0.286701
vt 0.704868 0.596221
vt 0.812652 0.693271
vt 0.944369 0.778927
vt 0.826326 0.893888
vt 0.945562 0.770328
vt 0.944088 0.762113
vt 0.815970 0.690530
vt 0.699268 0.605061
vt 0.707430 0.604634
vt 0.949048 0.774878
vt 0.693044 0.616041
vt 0.820149 0.897417
vt 0.698337 0.607397
vt 0.710365 0.601206
vt 0.695059 0.607082
vt 0.691000 0.611858
vt 0.966985 0.768782
vt 0.959409 0.770406
vt 0.955617 0.772326
vt 0.963659 0.768282
vt 0.693415 0.610065
vt 0.965472 0.771508
vt 0.708606 0.595967
vt 0.697823 0.612364
vt 0.948651 0.770569
vt 0.946092 0.774209
vt 0.820689 0.895341
vt 0.953396 0.766800
vt 0.955930 0.768939
vt 0.943794 0.772828
vt 0.951791 0.768087
vt 0.707647 0.598565
vt 0.951493 0.770460
vt 0.706747 0.600866
vt 0.695501 0.611493
s 1
usemtl Material.006
f 1/1/1 2/2/2 3/3/3
f 1/1/1 4/4/4 5/5/5
f 5/5/5 6/6/6 1/1/1
f 5/5/5 7/7/7 8/8/8
f 1/1/1 3/3/3 9/9/9
f 2/2/2 10/10/10 3/3/3
f 4/4/4 11/11/11 5/5/5
f 12/12/12 13/13/13 14/14/14
f 14/15/14 5/5/5 11/11/11
f 1/1/1 6/6/6 2/2/2
f 6/6/6 5/5/5 8/8/8
f 14/15/14 15/16/15 5/5/5
f 16/17/16 17/18/17 5/19/5
f 17/18/17 18/20/18 5/19/5
f 18/20/18 19/21/19 5/19/5
f 5/5/5 19/22/19 7/7/7
f 17/18/17 20/23/20 18/20/18
f 20/23/20 19/21/19 18/20/18
f 1/1/1 9/9/9 21/24/21
f 21/24/21 9/9/9 22/25/22
f 23/26/23 4/4/4 1/1/1
f 22/25/22 9/9/9 3/3/3
f 22/25/22 3/3/3 10/10/10
f 24/27/24 25/28/25 26/29/26
f 14/14/14 11/30/11 12/12/12
f 8/8/8 27/31/27 6/6/6
f 14/32/14 13/33/13 15/34/15
f 6/6/6 27/31/27 25/28/25
f 25/28/25 27/31/27 26/29/26
f 15/16/15 16/35/16 5/5/5
f 19/22/19 28/36/28 7/7/7
f 21/24/21 22/25/22 29/37/29
f 21/24/21 23/26/23 1/1/1
f 23/26/23 30/38/30 4/4/4
f 22/25/22 10/10/10 29/37/29
f 24/27/24 10/10/10 25/28/25
f 30/39/30 12/12/12 11/30/11
f 2/2/2 6/6/6 10/10/10
f 31/40/31 13/13/13 12/12/12
f 26/29/26 27/31/27 32/41/32
f 15/34/15 33/42/33 16/43/16
f 16/17/16 33/44/33 17/18/17
f 17/18/17 33/44/33 20/23/20
f 34/45/34 33/42/33 15/34/15
f 15/34/15 35/46/35 34/45/34
f 7/7/7 36/47/36 8/8/8
f 7/7/7 37/48/37 36/47/36
f 21/24/21 38/49/38 23/26/23
f 29/37/29 39/50/39 21/24/21
f 29/37/29 40/51/40 39/50/39
f 29/37/29 24/27/24 40/51/40
f 40/51/40 24/27/24 41/52/41
f 24/27/24 26/29/26 41/52/41
f 29/37/29 42/53/42 24/27/24
f 43/54/43 30/39/30 44/55/44
f 29/37/29 10/10/10 42/53/42
f 43/54/43 12/12/12 30/39/30
f 24/27/24 42/53/42 10/10/10
f 4/4/4 30/38/30 11/11/11
f 10/10/10 6/6/6 25/28/25
f 45/56/45 31/40/31 46/57/46
f 45/56/45 13/13/13 31/40/31
f 26/29/26 32/41/32 47/58/47
f 8/8/8 36/47/36 27/31/27
f 13/33/13 35/46/35 15/34/15
f 20/23/20 33/44/33 19/21/19
f 37/48/37 48/59/48 36/47/36
f 28/36/28 37/48/37 7/7/7
f 28/36/28 49/60/49 37/48/37
f 50/61/50 51/62/51 52/63/52
f 52/63/52 53/64/53 54/65/54
f 55/66/55 38/49/38 21/24/21
f 21/24/21 56/67/56 55/66/55
f 56/67/56 39/50/39 57/68/57
f 56/67/56 21/24/21 39/50/39
f 39/50/39 40/51/40 41/52/41
f 23/26/23 38/49/38 58/69/58
f 23/26/23 58/69/58 59/70/59
f 60/71/60 44/72/44 59/70/59
f 61/73/61 62/74/62 63/75/63
f 30/38/30 59/70/59 44/72/44
f 64/76/64 62/74/62 61/73/61
f 23/26/23 59/70/59 30/38/30
f 26/29/26 65/77/65 41/52/41
f 62/74/62 66/78/66 63/75/63
f 26/29/26 67/79/67 65/77/65
f 26/29/26 47/58/47 67/79/67
f 68/80/68 46/57/46 69/81/69
f 68/82/68 70/83/70 46/84/46
f 45/85/45 46/84/46 13/33/13
f 13/33/13 71/86/71 35/46/35
f 32/41/32 48/59/48 72/87/72
f 27/31/27 36/47/36 32/41/32
f 36/47/36 48/59/48 32/41/32
f 34/45/34 35/46/35 33/42/33
f 33/42/33 35/46/35 73/88/73
f 33/44/33 73/89/73 19/21/19
f 49/60/49 74/90/74 37/48/37
f 48/59/48 37/48/37 74/90/74
f 52/63/52 54/65/54 50/61/50
f 54/65/54 53/64/53 75/91/75
f 64/76/64 61/73/61 76/92/76
f 77/93/77 39/50/39 41/52/41
f 41/52/41 78/94/78 77/93/77
f 41/52/41 79/95/79 78/94/78
f 58/69/58 38/49/38 55/66/55
f 61/73/61 63/75/63 51/96/51
f 41/52/41 80/97/80 79/95/79
f 60/98/60 43/54/43 44/55/44
f 81/99/81 82/100/82 43/54/43
f 12/12/12 43/54/43 82/100/82
f 52/63/52 83/101/83 84/102/84
f 12/12/12 82/100/82 31/40/31
f 65/77/65 72/87/72 62/74/62
f 67/79/67 85/103/85 65/77/65
f 46/57/46 82/100/82 69/81/69
f 82/100/82 46/57/46 86/104/86
f 85/103/85 72/87/72 65/77/65
f 32/41/32 87/105/87 47/58/47
f 72/87/72 66/78/66 62/74/62
f 70/83/70 71/86/71 46/84/46
f 46/84/46 71/86/71 13/33/13
f 70/83/70 88/106/88 71/86/71
f 70/83/70 89/107/89 88/106/88
f 71/86/71 90/108/90 35/46/35
f 91/109/91 84/102/84 83/101/83
f 88/106/88 92/110/92 93/111/93
f 94/112/94 95/113/95 96/114/96
f 35/46/35 97/115/97 73/88/73
f 93/111/93 98/116/98 88/106/88
f 93/111/93 92/110/92 99/117/99
f 93/111/93 100/118/100 98/116/98
f 101/119/101 95/113/95 94/112/94
f 93/111/93 99/117/99 102/120/102
f 102/120/102 100/118/100 93/111/93
f 54/65/54 103/121/103 50/61/50
f 104/122/104 105/123/105 106/124/106
f 107/125/107 105/123/105 104/122/104
f 108/126/108 105/123/105 107/125/107
f 108/127/108 109/128/109 105/129/105
f 105/130/105 110/131/110 106/132/106
f 76/92/76 51/96/51 111/133/111
f 51/96/51 76/92/76 61/73/61
f 51/62/51 112/134/112 52/63/52
f 75/91/75 53/64/53 113/135/113
f 114/136/114 56/67/56 57/68/57
f 51/96/51 63/75/63 112/137/112
f 62/74/62 64/76/64 115/138/115
f 105/130/105 116/139/116 110/131/110
f 81/99/81 43/54/43 117/140/117
f 65/77/65 62/74/62 115/138/115
f 52/63/52 112/134/112 83/101/83
f 80/97/80 41/52/41 65/77/65
f 105/130/105 109/141/109 116/139/116
f 109/142/109 118/143/118 116/144/116
f 86/104/86 31/40/31 82/100/82
f 46/57/46 31/40/31 86/104/86
f 67/79/67 47/58/47 85/103/85
f 47/58/47 87/105/87 85/103/85
f 119/145/119 52/63/52 84/102/84
f 120/146/120 121/147/121 68/82/68
f 87/105/87 32/41/32 72/87/72
f 68/82/68 122/148/122 70/83/70
f 121/147/121 122/148/122 68/82/68
f 89/107/89 70/83/70 122/148/122
f 48/59/48 123/149/123 72/87/72
f 92/110/92 89/107/89 124/150/124
f 88/106/88 89/107/89 92/110/92
f 125/151/125 71/86/71 88/106/88
f 73/89/73 126/152/126 19/21/19
f 73/89/73 97/153/97 126/152/126
f 123/149/123 48/59/48 74/90/74
f 88/106/88 98/116/98 125/151/125
f 127/154/127 19/21/19 126/152/126
f 127/154/127 28/155/28 19/21/19
f 128/156/128 74/90/74 49/60/49
f 28/36/28 128/156/128 49/60/49
f 100/118/100 102/120/102 129/157/129
f 130/158/130 50/61/50 103/121/103
f 103/121/103 54/65/54 131/159/131
f 51/62/51 50/61/50 111/160/111
f 54/65/54 75/91/75 131/159/131
f 132/161/132 133/162/133 57/68/57
f 133/162/133 114/136/114 57/68/57
f 134/163/134 75/91/75 113/135/113
f 56/67/56 114/136/114 55/66/55
f 57/68/57 39/50/39 132/161/132
f 132/161/132 39/50/39 77/93/77
f 135/164/135 78/94/78 79/95/79
f 58/69/58 136/165/136 137/166/137
f 137/166/137 60/71/60 58/69/58
f 60/71/60 59/70/59 58/69/58
f 138/167/138 43/54/43 60/98/60
f 79/95/79 80/97/80 115/138/115
f 139/168/139 110/131/110 140/169/140
f 141/170/141 117/140/117 138/167/138
f 138/167/138 117/140/117 43/54/43
f 142/171/142 94/112/94 143/172/143
f 80/97/80 65/77/65 115/138/115
f 52/63/52 119/145/119 53/64/53
f 81/99/81 144/173/144 82/100/82
f 69/81/69 144/173/144 145/174/145
f 82/100/82 144/173/144 69/81/69
f 63/75/63 146/175/146 112/137/112
f 66/78/66 146/175/146 63/75/63
f 147/176/147 83/101/83 112/134/112
f 142/171/142 101/119/101 94/112/94
f 69/81/69 148/177/148 68/80/68
f 68/82/68 148/178/148 120/146/120
f 87/105/87 72/87/72 85/103/85
f 120/146/120 149/179/149 121/147/121
f 150/180/150 122/148/122 121/147/121
f 151/181/151 152/182/152 66/78/66
f 120/146/120 153/183/153 149/179/149
f 149/179/149 124/150/124 89/107/89
f 109/142/109 154/184/154 118/143/118
f 149/179/149 153/183/153 124/150/124
f 155/185/155 66/78/66 72/87/72
f 153/183/153 156/186/156 124/150/124
f 156/186/156 92/110/92 124/150/124
f 71/86/71 125/151/125 90/108/90
f 157/187/157 99/117/99 156/186/156
f 99/117/99 92/110/92 156/186/156
f 90/108/90 97/115/97 35/46/35
f 128/156/128 158/188/158 74/90/74
f 74/90/74 158/188/158 123/149/123
f 99/117/99 159/189/159 102/120/102
f 159/189/159 160/190/160 102/120/102
f 101/119/101 161/191/161 95/113/95
f 102/120/102 160/190/160 129/157/129
f 160/190/160 162/192/162 129/157/129
f 129/157/129 163/193/163 100/118/100
f 91/109/91 164/194/164 84/102/84
f 165/195/165 107/125/107 104/122/104
f 108/126/108 107/125/107 165/195/165
f 111/160/111 50/61/50 130/158/130
f 166/196/166 143/172/143 167/197/167
f 110/131/110 139/168/139 106/132/106
f 64/76/64 76/92/76 168/198/168
f 55/66/55 136/165/136 58/69/58
f 77/93/77 78/94/78 135/164/135
f 167/197/167 143/172/143 169/199/169
f 139/168/139 140/169/140 170/200/170
f 171/201/171 170/200/170 172/202/172
f 170/200/170 173/203/173 172/202/172
f 117/140/117 174/204/174 81/99/81
f 143/172/143 94/112/94 169/199/169
f 53/64/53 119/145/119 113/135/113
f 110/131/110 116/139/116 140/169/140
f 81/99/81 173/203/173 175/205/175
f 81/99/81 172/202/172 173/203/173
f 116/144/116 176/206/176 140/207/140
f 177/208/177 140/169/140 178/209/178
f 94/112/94 96/114/96 169/199/169
f 175/205/175 179/210/179 144/173/144
f 175/205/175 144/173/144 81/99/81
f 179/210/179 145/174/145 144/173/144
f 145/174/145 178/209/178 69/81/69
f 178/209/178 148/177/148 69/81/69
f 148/178/148 180/211/180 120/146/120
f 108/127/108 181/212/181 109/128/109
f 150/180/150 121/147/121 149/179/149
f 96/114/96 182/213/182 169/199/169
f 72/87/72 123/149/123 155/185/155
f 155/185/155 151/181/151 66/78/66
f 109/142/109 183/214/183 154/184/154
f 97/153/97 184/215/184 126/152/126
f 125/151/125 185/216/185 90/108/90
f 98/116/98 185/216/185 125/151/125
f 90/108/90 185/216/185 186/217/186
f 90/108/90 186/217/186 97/115/97
f 157/187/157 187/218/187 99/117/99
f 187/218/187 159/189/159 99/117/99
f 95/113/95 182/213/182 96/114/96
f 100/118/100 163/193/163 98/116/98
f 187/218/187 162/192/162 159/189/159
f 161/191/161 188/219/188 95/113/95
f 162/192/162 187/218/187 129/157/129
f 83/220/83 189/221/189 91/222/91
f 104/122/104 106/124/106 165/195/165
f 190/223/190 103/121/103 191/224/191
f 103/121/103 131/159/131 191/224/191
f 106/132/106 139/168/139 192/225/192
f 193/226/193 77/93/77 135/164/135
f 168/198/168 76/92/76 111/133/111
f 55/66/55 114/136/114 194/227/194
f 133/162/133 132/161/132 195/228/195
f 194/227/194 114/136/114 133/162/133
f 170/200/170 196/229/196 139/168/139
f 115/138/115 64/76/64 197/230/197
f 172/202/172 174/204/174 171/201/171
f 171/201/171 174/204/174 141/170/141
f 141/170/141 174/204/174 117/140/117
f 173/203/173 170/200/170 177/208/177
f 140/169/140 177/208/177 170/200/170
f 173/203/173 177/208/177 175/205/175
f 174/204/174 172/202/172 81/99/81
f 177/208/177 179/210/179 175/205/175
f 178/209/178 179/210/179 177/208/177
f 145/174/145 179/210/179 178/209/178
f 178/209/178 140/169/140 148/177/148
f 180/231/180 148/177/148 140/169/140
f 150/180/150 198/232/198 122/148/122
f 149/179/149 89/107/89 198/232/198
f 150/180/150 149/179/149 198/232/198
f 198/232/198 89/107/89 122/148/122
f 109/128/109 181/212/181 183/233/183
f 199/234/199 126/152/126 184/215/184
f 123/149/123 158/188/158 200/235/200
f 163/193/163 185/216/185 98/116/98
f 182/213/182 95/113/95 188/219/188
f 201/236/201 84/102/84 164/194/164
f 202/237/202 129/157/129 187/218/187
f 203/238/203 91/222/91 189/221/189
f 91/222/91 204/239/204 164/240/164
f 203/238/203 205/241/205 91/222/91
f 205/241/205 204/239/204 91/222/91
f 167/197/167 206/242/206 207/243/207
f 166/244/166 167/245/167 207/246/207
f 206/242/206 167/197/167 208/247/208
f 209/248/209 106/132/106 192/225/192
f 210/249/210 143/250/143 166/244/166
f 167/197/167 169/199/169 208/247/208
f 133/162/133 195/228/195 211/251/211
f 193/226/193 195/228/195 77/93/77
f 194/227/194 133/162/133 211/251/211
f 195/228/195 132/161/132 77/93/77
f 139/168/139 212/252/212 192/225/192
f 137/166/137 213/253/213 60/71/60
f 168/198/168 197/230/197 64/76/64
f 139/168/139 196/229/196 212/252/212
f 214/254/214 138/167/138 60/98/60
f 215/255/215 171/201/171 141/170/141
f 215/255/215 141/170/141 138/167/138
f 196/229/196 170/200/170 171/201/171
f 216/256/216 142/171/142 143/172/143
f 146/257/146 147/258/147 112/259/112
f 66/78/66 217/260/217 146/175/146
f 120/146/120 218/261/218 153/183/153
f 153/183/153 218/261/218 156/186/156
f 219/262/219 157/187/157 156/186/156
f 119/145/119 84/102/84 201/236/201
f 118/143/118 154/184/154 220/263/220
f 155/185/155 123/149/123 200/235/200
f 181/212/181 221/264/221 183/233/183
f 97/153/97 186/265/186 184/215/184
f 183/214/183 222/266/222 154/184/154
f 159/189/159 162/192/162 160/190/160
f 202/237/202 223/267/223 129/157/129
f 129/157/129 223/267/223 163/193/163
f 188/219/188 161/191/161 224/268/224
f 103/121/103 225/269/225 130/158/130
f 103/121/103 190/223/190 225/269/225
f 165/195/165 226/270/226 108/126/108
f 131/159/131 75/91/75 227/271/227
f 55/66/55 228/272/228 136/165/136
f 75/91/75 134/163/134 227/271/227
f 79/95/79 229/273/229 230/274/230
f 79/95/79 230/274/230 135/164/135
f 231/275/231 232/276/232 233/277/233
f 233/277/233 232/276/232 234/278/234
f 79/95/79 115/138/115 229/273/229
f 210/249/210 216/279/216 143/250/143
f 138/167/138 214/254/214 235/280/235
f 215/255/215 138/167/138 235/280/235
f 234/278/234 236/281/236 233/277/233
f 215/255/215 196/229/196 171/201/171
f 232/276/232 237/282/237 234/278/234
f 234/278/234 237/282/237 236/281/236
f 134/163/134 113/135/113 238/283/238
f 116/144/116 239/284/239 176/206/176
f 116/144/116 118/143/118 239/284/239
f 147/258/147 146/257/146 217/285/217
f 108/127/108 240/286/240 181/212/181
f 180/211/180 218/261/218 120/146/120
f 66/78/66 152/182/152 241/287/241
f 152/182/152 151/181/151 242/288/242
f 220/263/220 154/184/154 243/289/243
f 199/234/199 244/290/244 126/152/126
f 126/152/126 244/290/244 127/154/127
f 199/234/199 184/215/184 244/290/244
f 157/187/157 245/291/245 187/218/187
f 28/155/28 246/292/246 128/293/128
f 183/233/183 221/264/221 222/294/222
f 127/154/127 247/295/247 28/155/28
f 158/188/158 128/156/128 248/296/248
f 222/266/222 249/297/249 154/184/154
f 163/193/163 250/298/250 185/216/185
f 163/193/163 223/267/223 250/298/250
f 251/299/251 223/267/223 202/237/202
f 207/246/207 252/300/252 166/244/166
f 207/243/207 206/242/206 253/301/253
f 254/302/254 111/160/111 130/158/130
f 131/159/131 227/271/227 255/303/255
f 228/272/228 55/66/55 256/304/256
f 55/66/55 194/227/194 256/304/256
f 214/254/214 60/98/60 213/305/213
f 236/281/236 257/306/257 233/277/233
f 257/306/257 236/281/236 258/307/258
f 259/308/259 212/252/212 196/229/196
f 229/273/229 115/138/115 197/230/197
f 210/249/210 260/309/260 216/279/216
f 236/281/236 237/282/237 261/310/261
f 262/311/262 180/312/180 140/207/140
f 263/313/263 113/135/113 119/145/119
f 240/286/240 108/127/108 264/314/264
f 169/199/169 182/213/182 265/315/265
f 239/284/239 118/143/118 220/263/220
f 266/316/266 219/262/219 156/186/156
f 266/316/266 157/187/157 219/262/219
f 267/317/267 83/220/83 147/258/147
f 266/316/266 245/291/245 157/187/157
f 200/235/200 268/318/268 155/185/155
f 155/185/155 268/318/268 151/181/151
f 247/295/247 246/292/246 28/155/28
f 248/319/248 128/293/128 246/292/246
f 220/263/220 269/320/269 270/321/270
f 244/290/244 184/215/184 271/322/271
f 127/154/127 244/290/244 271/322/271
f 247/295/247 127/154/127 271/322/271
f 272/323/272 158/188/158 248/296/248
f 272/323/272 200/235/200 158/188/158
f 101/119/101 273/324/273 161/191/161
f 186/217/186 185/216/185 250/298/250
f 274/325/274 187/218/187 245/291/245
f 223/267/223 275/326/275 250/298/250
f 269/320/269 276/327/276 270/321/270
f 274/325/274 202/237/202 187/218/187
f 277/328/277 205/241/205 203/238/203
f 165/195/165 106/124/106 278/329/278
f 226/270/226 165/195/165 279/330/279
f 106/132/106 209/248/209 278/331/278
f 207/246/207 253/332/253 252/300/252
f 253/301/253 206/242/206 280/333/280
f 281/334/281 108/126/108 226/270/226
f 282/335/282 190/336/190 191/337/191
f 206/242/206 208/247/208 280/333/280
f 283/338/283 108/127/108 281/339/281
f 191/224/191 131/159/131 255/303/255
f 284/340/284 231/275/231 233/277/233
f 193/226/193 135/164/135 285/341/285
f 137/166/137 286/342/286 213/253/213
f 137/166/137 136/165/136 287/343/287
f 287/343/287 136/165/136 228/272/228
f 285/341/285 135/164/135 230/274/230
f 259/308/259 215/255/215 288/344/288
f 259/308/259 196/229/196 215/255/215
f 215/255/215 235/280/235 288/344/288
f 289/345/289 261/310/261 237/282/237
f 169/199/169 290/346/290 291/347/291
f 239/284/239 262/311/262 176/206/176
f 262/311/262 140/207/140 176/206/176
f 238/283/238 113/135/113 263/313/263
f 169/199/169 265/315/265 290/346/290
f 239/284/239 220/263/220 262/311/262
f 152/182/152 242/288/242 241/287/241
f 218/261/218 292/348/292 156/186/156
f 156/186/156 292/348/292 266/316/266
f 243/289/243 269/320/269 220/263/220
f 249/297/249 243/289/243 154/184/154
f 186/265/186 271/322/271 184/215/184
f 246/292/246 247/295/247 271/322/271
f 186/217/186 250/298/250 293/349/293
f 251/299/251 294/350/294 223/267/223
f 294/350/294 275/326/275 223/267/223
f 295/351/295 189/221/189 83/220/83
f 201/236/201 164/194/164 296/352/296
f 270/321/270 276/327/276 297/353/297
f 298/354/298 276/327/276 269/320/269
f 298/354/298 299/355/299 276/327/276
f 164/194/164 204/356/204 296/352/296
f 130/158/130 225/269/225 254/302/254
f 190/336/190 282/335/282 300/357/300
f 301/358/301 284/340/284 233/277/233
f 301/358/301 233/277/233 257/306/257
f 192/225/192 302/359/302 303/360/303
f 212/252/212 302/359/302 192/225/192
f 259/308/259 288/344/288 304/361/304
f 213/305/213 305/362/305 214/254/214
f 111/133/111 306/363/306 168/198/168
f 288/344/288 307/364/307 304/361/304
f 257/306/257 258/307/258 210/249/210
f 166/244/166 308/365/308 210/249/210
f 288/344/288 235/280/235 307/364/307
f 208/247/208 169/199/169 309/366/309
f 210/249/210 258/307/258 260/309/260
f 169/199/169 291/347/291 309/366/309
f 227/271/227 134/163/134 310/367/310
f 108/127/108 283/338/283 264/314/264
f 236/281/236 311/368/311 258/307/258
f 238/283/238 310/367/310 134/163/134
f 312/369/312 237/282/237 232/276/232
f 261/310/261 313/370/313 236/281/236
f 236/281/236 313/370/313 311/368/311
f 314/371/314 315/372/315 316/373/316
f 314/371/314 317/374/317 315/372/315
f 317/374/317 318/375/318 315/372/315
f 291/347/291 290/346/290 319/376/319
f 318/375/318 320/377/320 315/372/315
f 142/171/142 321/378/321 101/119/101
f 66/78/66 322/379/322 217/260/217
f 180/312/180 262/311/262 218/380/218
f 119/145/119 323/381/323 263/313/263
f 321/382/321 324/383/324 101/384/101
f 101/384/101 324/383/324 273/385/273
f 218/386/218 325/387/325 292/388/292
f 182/213/182 326/389/326 265/315/265
f 240/286/240 327/390/327 181/212/181
f 220/263/220 270/321/270 292/391/292
f 271/322/271 186/265/186 293/392/293
f 248/319/248 246/292/246 271/322/271
f 328/393/328 222/266/222 221/394/221
f 328/393/328 249/297/249 222/266/222
f 329/395/329 202/237/202 274/325/274
f 329/395/329 251/299/251 202/237/202
f 250/298/250 275/326/275 294/350/294
f 243/289/243 298/354/298 269/320/269
f 330/396/330 276/327/276 331/397/331
f 276/327/276 299/355/299 331/397/331
f 295/351/295 203/238/203 189/221/189
f 279/330/279 165/195/165 332/398/332
f 333/399/333 252/300/252 253/332/253
f 334/400/334 226/270/226 279/330/279
f 334/400/334 281/334/281 226/270/226
f 280/333/280 208/247/208 335/401/335
f 336/402/336 191/224/191 255/303/255
f 286/342/286 137/166/137 228/272/228
f 305/362/305 213/305/213 337/403/337
f 195/228/195 193/226/193 338/404/338
f 339/405/339 213/253/213 286/342/286
f 287/343/287 228/272/228 137/166/137
f 340/406/340 259/308/259 304/361/304
f 307/364/307 214/254/214 305/362/305
f 307/364/307 235/280/235 214/254/214
f 341/407/341 342/408/342 343/409/343
f 343/410/343 342/411/342 344/412/344
f 345/413/345 346/414/346 342/415/342
f 258/307/258 311/368/311 260/309/260
f 283/338/283 347/416/347 264/314/264
f 342/411/342 348/417/348 344/412/344
f 312/369/312 232/276/232 231/275/231
f 349/418/349 317/374/317 314/371/314
f 289/345/289 237/282/237 312/369/312
f 350/419/350 261/310/261 289/345/289
f 316/373/316 315/372/315 351/420/351
f 352/421/352 353/422/353 354/423/354
f 315/372/315 320/377/320 351/420/351
f 265/424/265 355/425/355 356/426/356
f 354/423/354 353/422/353 357/427/357
f 355/425/355 358/428/358 356/426/356
f 359/429/359 356/426/356 358/428/358
f 360/430/360 351/420/351 320/377/320
f 357/427/357 353/422/353 361/431/361
f 355/425/355 362/432/362 358/428/358
f 264/314/264 327/390/327 240/286/240
f 220/263/220 292/391/292 262/311/262
f 119/145/119 201/236/201 323/381/323
f 292/391/292 270/321/270 363/433/363
f 292/348/292 363/434/363 266/316/266
f 327/390/327 221/264/221 181/212/181
f 272/323/272 268/318/268 200/235/200
f 270/321/270 297/353/297 363/433/363
f 266/316/266 274/325/274 245/291/245
f 272/323/272 364/435/364 268/318/268
f 365/436/365 161/191/161 273/324/273
f 251/299/251 329/395/329 366/437/366
f 294/350/294 251/299/251 367/438/367
f 367/438/367 250/298/250 294/350/294
f 365/436/365 368/439/368 161/191/161
f 367/438/367 369/440/369 250/298/250
f 297/353/297 276/327/276 330/396/330
f 251/299/251 369/440/369 367/438/367
f 366/437/366 370/441/370 251/299/251
f 370/441/370 371/442/371 251/299/251
f 277/328/277 372/443/372 205/241/205
f 204/239/204 205/241/205 372/443/372
f 204/356/204 372/444/372 373/445/373
f 278/329/278 332/398/332 165/195/165
f 209/248/209 374/446/374 278/331/278
f 252/300/252 333/399/333 375/447/375
f 192/225/192 303/360/303 209/248/209
f 282/335/282 191/337/191 376/448/376
f 308/365/308 166/244/166 375/447/375
f 375/447/375 166/244/166 252/300/252
f 304/361/304 305/362/305 377/449/377
f 257/306/257 210/249/210 301/358/301
f 301/358/301 210/249/210 308/365/308
f 111/450/111 378/451/378 306/452/306
f 208/247/208 309/366/309 335/401/335
f 212/252/212 259/308/259 302/359/302
f 379/453/379 302/359/302 259/308/259
f 259/308/259 340/406/340 379/453/379
f 304/361/304 307/364/307 305/362/305
f 337/454/337 213/253/213 339/405/339
f 380/455/380 193/226/193 285/341/285
f 282/335/282 376/448/376 300/357/300
f 256/304/256 194/227/194 381/456/381
f 381/456/381 194/227/194 211/251/211
f 380/455/380 285/341/285 230/274/230
f 382/457/382 341/458/341 343/410/343
f 341/407/341 383/459/383 342/408/342
f 384/460/384 385/461/385 342/415/342
f 385/461/385 345/413/345 342/415/342
f 385/462/385 386/463/386 345/464/345
f 386/463/386 387/465/387 345/464/345
f 231/275/231 388/466/388 312/369/312
f 342/415/342 346/414/346 389/467/389
f 345/413/345 390/468/390 346/414/346
f 387/465/387 390/469/390 345/464/345
f 346/414/346 390/468/390 389/467/389
f 348/470/348 342/415/342 352/471/352
f 344/412/344 348/417/348 391/472/391
f 349/418/349 314/371/314 316/373/316
f 260/309/260 392/473/392 216/279/216
f 316/373/316 351/420/351 393/474/393
f 319/475/319 290/476/290 394/477/394
f 354/478/354 395/479/395 352/480/352
f 350/419/350 396/481/396 261/310/261
f 290/476/290 265/424/265 394/477/394
f 394/477/394 265/424/265 356/426/356
f 354/478/354 357/482/357 395/479/395
f 393/474/393 351/420/351 397/483/397
f 352/421/352 398/484/398 353/422/353
f 318/375/318 399/485/399 320/377/320
f 142/486/142 392/473/392 321/382/321
f 357/427/357 361/431/361 400/487/400
f 351/420/351 360/430/360 397/483/397
f 359/429/359 358/428/358 264/488/264
f 401/489/401 218/386/218 262/490/262
f 262/490/262 292/491/292 325/492/325
f 358/428/358 402/493/402 264/488/264
f 268/318/268 403/494/403 151/181/151
f 248/319/248 271/322/271 404/495/404
f 404/495/404 272/496/272 248/319/248
f 182/213/182 188/219/188 326/389/326
f 364/435/364 403/494/403 268/318/268
f 293/392/293 405/497/405 271/322/271
f 243/289/243 249/297/249 298/354/298
f 368/439/368 406/498/406 161/191/161
f 161/191/161 406/498/406 224/268/224
f 298/354/298 328/393/328 299/355/299
f 251/299/251 407/499/407 369/440/369
f 371/442/371 407/499/407 251/299/251
f 203/238/203 408/500/408 277/328/277
f 341/407/341 382/501/382 383/459/383
f 193/226/193 380/455/380 338/404/338
f 300/357/300 376/448/376 409/502/409
f 382/457/382 343/410/343 410/503/410
f 195/228/195 411/504/411 211/251/211
f 284/340/284 388/466/388 231/275/231
f 343/410/343 412/505/412 410/503/410
f 255/303/255 227/271/227 413/506/413
f 383/507/383 384/460/384 342/415/342
f 414/508/414 385/461/385 384/460/384
f 385/462/385 415/509/415 386/463/386
f 416/510/416 412/505/412 343/410/343
f 344/412/344 416/510/416 343/410/343
f 227/271/227 310/367/310 413/506/413
f 386/463/386 415/509/415 387/465/387
f 344/412/344 417/511/417 416/510/416
f 344/412/344 418/512/418 417/511/417
f 418/512/418 391/472/391 419/513/419
f 418/512/418 344/412/344 391/472/391
f 342/415/342 389/467/389 352/471/352
f 390/468/390 420/514/420 389/467/389
f 348/515/348 352/516/352 421/517/421
f 421/517/421 352/516/352 422/518/422
f 394/477/394 356/426/356 319/475/319
f 392/473/392 142/486/142 216/279/216
f 395/519/395 422/518/422 352/516/352
f 261/310/261 396/481/396 313/370/313
f 395/479/395 357/482/357 400/520/400
f 361/431/361 423/521/423 400/487/400
f 398/484/398 424/522/424 353/422/353
f 262/490/262 425/523/425 401/489/401
f 262/490/262 325/492/325 425/523/425
f 401/489/401 325/387/325 218/386/218
f 424/522/424 361/431/361 353/422/353
f 265/424/265 326/524/326 355/425/355
f 362/432/362 402/493/402 358/428/358
f 363/434/363 426/525/426 266/316/266
f 403/494/403 242/288/242 151/181/151
f 274/325/274 266/316/266 427/526/427
f 267/317/267 295/351/295 83/220/83
f 329/395/329 274/325/274 366/437/366
f 293/392/293 250/527/250 405/497/405
f 250/527/250 369/528/369 405/497/405
f 298/354/298 249/297/249 328/393/328
f 328/393/328 428/529/428 299/355/299
f 370/441/370 429/530/429 371/442/371
f 295/351/295 408/500/408 203/238/203
f 408/500/408 430/531/430 277/328/277
f 301/358/301 431/532/431 284/340/284
f 209/248/209 303/360/303 374/446/374
f 302/359/302 432/533/432 303/360/303
f 305/362/305 433/534/433 377/449/377
f 301/358/301 308/365/308 434/535/434
f 337/403/337 435/536/435 305/362/305
f 286/342/286 228/272/228 436/537/436
f 383/459/383 382/501/382 437/538/437
f 195/228/195 380/455/380 411/504/411
f 338/404/338 380/455/380 195/228/195
f 383/507/383 414/508/414 384/460/384
f 376/448/376 438/539/438 409/502/409
f 416/510/416 439/540/439 412/505/412
f 440/541/440 441/542/441 442/543/442
f 416/510/416 417/511/417 439/540/439
f 441/542/441 443/544/443 442/543/442
f 389/467/389 444/545/444 445/546/445
f 389/467/389 420/514/420 444/545/444
f 446/547/446 349/418/349 316/373/316
f 389/467/389 445/546/445 352/471/352
f 348/515/348 421/517/421 443/544/443
f 421/517/421 447/548/447 443/544/443
f 316/373/316 393/474/393 446/547/446
f 391/472/391 348/417/348 419/513/419
f 356/426/356 448/549/448 319/475/319
f 421/517/421 422/518/422 447/548/447
f 356/426/356 359/429/359 448/549/448
f 312/369/312 449/550/449 289/345/289
f 352/421/352 450/551/450 398/484/398
f 320/377/320 399/485/399 451/552/451
f 424/522/424 398/484/398 423/521/423
f 263/313/263 323/381/323 238/283/238
f 425/553/425 325/554/325 452/555/452
f 424/522/424 423/521/423 361/431/361
f 217/285/217 322/556/322 147/258/147
f 322/556/322 267/317/267 147/258/147
f 264/488/264 402/493/402 327/557/327
f 426/525/426 427/526/427 266/316/266
f 201/236/201 453/558/453 323/381/323
f 402/493/402 362/432/362 454/559/454
f 271/322/271 405/497/405 404/495/404
f 404/560/404 364/435/364 272/323/272
f 364/435/364 455/561/455 403/494/403
f 274/325/274 456/562/456 366/437/366
f 369/528/369 457/563/457 405/497/405
f 369/528/369 407/564/407 457/563/457
f 457/563/457 407/564/407 458/565/458
f 204/356/204 373/445/373 296/352/296
f 429/530/429 459/566/459 371/442/371
f 430/531/430 372/443/372 277/328/277
f 279/330/279 460/567/460 334/400/334
f 225/568/225 190/336/190 461/569/461
f 300/357/300 461/569/461 190/336/190
f 254/302/254 378/570/378 111/160/111
f 308/365/308 375/447/375 434/535/434
f 302/359/302 379/453/379 462/571/462
f 377/449/377 433/534/433 304/361/304
f 433/534/433 463/572/463 304/361/304
f 305/362/305 435/536/435 433/534/433
f 286/342/286 436/537/436 339/405/339
f 464/573/464 437/574/437 382/457/382
f 302/359/302 462/571/462 465/575/465
f 379/453/379 340/406/340 463/572/463
f 304/361/304 463/572/463 340/406/340
f 410/503/410 464/573/464 382/457/382
f 228/272/228 256/304/256 466/576/466
f 284/340/284 467/577/467 388/466/388
f 309/366/309 468/578/468 335/401/335
f 437/538/437 469/579/469 470/580/470
f 211/251/211 411/504/411 381/456/381
f 191/337/191 438/539/438 376/448/376
f 439/540/439 417/511/417 471/581/471
f 310/367/310 472/582/472 413/506/413
f 387/465/387 415/509/415 390/469/390
f 415/509/415 420/583/420 390/469/390
f 349/418/349 473/584/473 317/374/317
f 443/544/443 447/548/447 442/543/442
f 349/418/349 446/547/446 474/585/474
f 449/550/449 312/369/312 388/466/388
f 475/586/475 422/587/422 395/479/395
f 359/429/359 264/488/264 347/588/347
f 476/589/476 452/555/452 325/554/325
f 476/590/476 325/591/325 401/592/401
f 320/377/320 477/593/477 360/430/360
f 363/434/363 478/594/478 426/525/426
f 479/595/479 478/594/478 363/434/363
f 478/594/478 427/526/427 426/525/426
f 327/557/327 480/596/480 221/597/221
f 481/598/481 482/599/482 297/353/297
f 483/600/483 297/353/297 330/396/330
f 484/601/484 370/441/370 366/437/366
f 188/219/188 224/268/224 485/602/485
f 484/601/484 429/530/429 370/441/370
f 486/603/486 296/352/296 373/445/373
f 487/604/487 407/499/407 371/442/371
f 488/605/488 431/532/431 301/358/301
f 489/606/489 279/330/279 332/398/332
f 490/607/490 332/608/332 278/331/278
f 460/567/460 281/334/281 334/400/334
f 374/446/374 303/360/303 491/609/491
f 491/609/491 303/360/303 432/533/432
f 488/605/488 301/358/301 434/535/434
f 431/532/431 467/577/467 284/340/284
f 462/571/462 379/453/379 463/572/463
f 432/533/432 302/359/302 465/575/465
f 492/610/492 437/574/437 464/573/464
f 469/579/469 437/538/437 492/611/492
f 470/580/470 383/459/383 437/538/437
f 436/537/436 228/272/228 493/612/493
f 493/612/493 228/272/228 466/576/466
f 300/357/300 409/502/409 494/613/494
f 464/573/464 410/503/410 412/505/412
f 469/579/469 440/541/440 470/580/470
f 470/580/470 495/614/495 383/459/383
f 466/576/466 256/304/256 381/456/381
f 414/508/414 383/507/383 495/615/495
f 496/616/496 381/456/381 411/504/411
f 409/502/409 438/539/438 494/613/494
f 414/617/414 415/509/415 385/462/385
f 497/618/497 283/338/283 281/339/281
f 498/619/498 412/505/412 439/540/439
f 498/619/498 439/540/439 471/581/471
f 499/620/499 417/511/417 418/512/418
f 499/620/499 418/512/418 419/513/419
f 422/518/422 442/543/442 447/548/447
f 500/621/500 446/622/446 393/623/393
f 319/475/319 448/549/448 501/624/501
f 393/474/393 397/483/397 502/625/502
f 445/626/445 450/551/450 352/421/352
f 311/368/311 392/473/392 260/309/260
f 311/368/311 313/370/313 392/473/392
f 503/627/503 475/586/475 395/479/395
f 395/479/395 400/520/400 503/627/503
f 350/419/350 504/628/504 396/481/396
f 318/375/318 451/552/451 399/485/399
f 505/629/505 506/630/506 401/592/401
f 401/592/401 425/631/425 505/629/505
f 425/553/425 452/555/452 505/632/505
f 401/592/401 506/630/506 476/590/476
f 320/377/320 451/552/451 477/593/477
f 241/287/241 322/379/322 66/78/66
f 242/288/242 507/633/507 508/634/508
f 478/594/478 456/562/456 427/526/427
f 355/425/355 326/524/326 362/432/362
f 427/526/427 456/562/456 274/325/274
f 363/433/363 297/353/297 482/599/482
f 480/596/480 328/635/328 221/597/221
f 273/385/273 509/636/509 365/637/365
f 188/219/188 485/602/485 326/389/326
f 405/497/405 455/638/455 404/495/404
f 404/560/404 455/561/455 364/435/364
f 405/497/405 457/563/457 455/638/455
f 457/563/457 458/565/458 510/639/510
f 368/439/368 511/640/511 406/498/406
f 512/641/512 299/355/299 428/529/428
f 430/531/430 408/500/408 295/351/295
f 512/641/512 331/397/331 299/355/299
f 459/566/459 513/642/513 371/442/371
f 487/604/487 458/643/458 407/499/407
f 371/442/371 513/642/513 487/604/487
f 332/398/332 514/644/514 489/606/489
f 253/332/253 515/645/515 333/399/333
f 280/333/280 515/646/515 253/301/253
f 435/536/435 337/403/337 516/647/516
f 517/648/517 516/649/516 337/454/337
f 337/454/337 339/405/339 517/648/517
f 436/537/436 518/650/518 339/405/339
f 470/580/470 440/541/440 519/651/519
f 470/580/470 520/652/520 495/614/495
f 306/363/306 521/653/521 168/198/168
f 309/366/309 291/347/291 522/654/522
f 519/651/519 440/541/440 442/543/442
f 229/273/229 197/230/197 523/655/523
f 229/273/229 523/655/523 524/656/524
f 471/581/471 417/511/417 525/657/525
f 526/658/526 443/659/443 441/660/441
f 472/582/472 310/367/310 527/661/527
f 499/620/499 525/657/525 417/511/417
f 474/585/474 473/584/473 349/418/349
f 445/546/445 444/545/444 528/662/528
f 448/549/448 529/663/529 501/624/501
f 348/417/348 443/659/443 419/513/419
f 393/623/393 502/664/502 500/621/500
f 448/549/448 530/665/530 529/663/529
f 448/549/448 359/429/359 530/665/530
f 283/338/283 531/666/531 347/416/347
f 445/626/445 532/667/532 450/551/450
f 422/587/422 475/586/475 533/668/533
f 450/551/450 532/667/532 398/484/398
f 347/588/347 531/669/531 359/429/359
f 318/375/318 534/670/534 451/552/451
f 398/484/398 535/671/535 423/521/423
f 505/632/505 452/555/452 536/672/536
f 506/673/506 452/555/452 476/589/476
f 360/430/360 502/625/502 397/483/397
f 241/287/241 537/674/537 322/379/322
f 242/288/242 508/634/508 241/287/241
f 479/595/479 456/562/456 478/594/478
f 453/558/453 538/675/538 323/381/323
f 402/493/402 539/676/539 327/557/327
f 327/557/327 539/676/539 480/596/480
f 362/432/362 326/524/326 540/677/540
f 456/562/456 541/678/541 366/437/366
f 483/600/483 481/598/481 297/353/297
f 481/598/481 542/679/542 482/599/482
f 366/437/366 541/678/541 484/601/484
f 454/559/454 543/680/543 402/493/402
f 362/432/362 544/681/544 454/559/454
f 484/601/484 545/682/545 429/530/429
f 457/563/457 510/639/510 455/638/455
f 330/396/330 546/683/546 483/600/483
f 328/393/328 547/684/547 428/529/428
f 331/397/331 546/683/546 330/396/330
f 406/498/406 548/685/548 224/268/224
f 374/446/374 490/607/490 278/331/278
f 461/569/461 549/686/549 225/568/225
f 460/567/460 550/687/550 281/334/281
f 517/648/517 551/688/551 516/649/516
f 469/579/469 492/611/492 552/689/552
f 435/536/435 516/647/516 553/690/553
f 300/357/300 494/613/494 461/569/461
f 339/405/339 554/691/554 517/648/517
f 436/537/436 493/612/493 555/692/555
f 470/580/470 519/651/519 520/652/520
f 339/405/339 518/650/518 554/691/554
f 412/505/412 556/693/556 464/573/464
f 309/366/309 522/654/522 468/578/468
f 412/505/412 557/694/557 556/693/556
f 411/504/411 558/695/558 496/616/496
f 412/505/412 498/619/498 557/694/557
f 414/617/414 559/696/559 415/509/415
f 496/616/496 560/697/560 381/456/381
f 229/273/229 524/656/524 230/274/230
f 440/541/440 526/698/526 441/542/441
f 498/619/498 471/581/471 526/658/526
f 471/581/471 525/657/525 526/658/526
f 561/699/561 562/700/562 563/701/563
f 238/283/238 564/702/564 310/367/310
f 561/699/561 563/701/563 565/703/565
f 531/669/531 530/665/530 359/429/359
f 566/704/566 567/705/567 568/706/568
f 567/707/567 569/708/569 568/709/568
f 321/382/321 392/473/392 324/383/324
f 238/283/238 323/381/323 570/710/570
f 241/287/241 508/634/508 537/674/537
f 571/711/571 267/317/267 322/556/322
f 363/433/363 482/599/482 479/712/479
f 403/713/403 572/714/572 573/715/573
f 455/716/455 572/714/572 403/713/403
f 362/432/362 540/677/540 544/681/544
f 483/600/483 542/679/542 481/598/481
f 454/559/454 544/681/544 543/680/543
f 510/639/510 458/565/458 574/717/574
f 430/531/430 575/718/575 372/443/372
f 487/604/487 576/719/576 458/643/458
f 488/605/488 577/720/577 431/532/431
f 332/608/332 490/607/490 578/721/578
f 279/330/279 489/606/489 460/567/460
f 432/533/432 465/575/465 491/609/491
f 433/534/433 579/722/579 463/572/463
f 433/534/433 435/536/435 579/722/579
f 553/690/553 580/723/580 435/536/435
f 553/690/553 516/647/516 580/723/580
f 518/650/518 581/724/581 554/691/554
f 469/579/469 552/689/552 440/541/440
f 493/612/493 466/576/466 555/692/555
f 466/576/466 381/456/381 582/725/582
f 520/652/520 583/726/583 495/614/495
f 381/456/381 560/697/560 582/725/582
f 519/651/519 442/543/442 584/727/584
f 494/613/494 438/539/438 585/728/585
f 526/658/526 552/729/552 498/619/498
f 440/730/440 552/729/552 526/658/526
f 467/577/467 586/731/586 388/466/388
f 291/347/291 319/376/319 587/732/587
f 319/475/319 501/624/501 587/733/587
f 283/338/283 497/618/497 531/666/531
f 444/545/444 420/514/420 588/734/588
f 443/659/443 526/658/526 589/735/589
f 442/543/442 422/518/422 584/727/584
f 445/546/445 528/662/528 590/736/590
f 443/659/443 589/735/589 419/513/419
f 590/737/590 532/667/532 445/626/445
f 562/700/562 591/738/591 563/701/563
f 533/739/533 592/740/592 422/518/422
f 563/701/563 591/738/591 565/703/565
f 400/520/400 535/741/535 503/627/503
f 566/704/566 568/706/568 593/742/593
f 400/487/400 423/521/423 535/671/535
f 567/707/567 594/743/594 569/708/569
f 505/632/505 536/672/536 506/673/506
f 506/673/506 536/672/536 452/555/452
f 569/708/569 595/744/595 568/709/568
f 594/743/594 595/744/595 569/708/569
f 504/628/504 596/745/596 396/481/396
f 537/746/537 571/711/571 322/556/322
f 396/481/396 324/383/324 313/370/313
f 596/745/596 509/636/509 396/481/396
f 324/383/324 396/481/396 509/636/509
f 324/383/324 509/636/509 273/385/273
f 242/288/242 597/747/597 507/633/507
f 403/494/403 597/747/597 242/288/242
f 326/389/326 485/602/485 598/748/598
f 539/676/539 402/493/402 543/680/543
f 458/565/458 576/749/576 574/717/574
f 429/530/429 599/750/599 459/566/459
f 490/607/490 374/446/374 600/751/600
f 254/752/254 225/568/225 549/686/549
f 332/608/332 578/721/578 514/753/514
f 374/446/374 491/609/491 600/751/600
f 489/606/489 550/687/550 460/567/460
f 431/532/431 601/754/601 467/577/467
f 462/571/462 602/755/602 465/575/465
f 463/572/463 602/755/602 462/571/462
f 463/572/463 579/722/579 602/755/602
f 464/756/464 514/644/514 492/757/492
f 281/334/281 550/687/550 603/758/603
f 517/648/517 554/691/554 551/688/551
f 518/650/518 436/537/436 581/724/581
f 281/334/281 603/758/603 497/759/497
f 583/726/583 559/696/559 495/614/495
f 495/614/495 559/696/559 414/617/414
f 521/653/521 306/363/306 604/760/604
f 557/694/557 498/619/498 552/729/552
f 520/652/520 519/651/519 583/726/583
f 496/616/496 558/695/558 560/697/560
f 420/583/420 559/696/559 605/761/605
f 415/509/415 559/696/559 420/583/420
f 291/347/291 587/732/587 522/654/522
f 525/657/525 589/735/589 526/658/526
f 605/761/605 588/762/588 420/583/420
f 446/622/446 500/621/500 606/763/606
f 528/662/528 444/545/444 588/734/588
f 592/740/592 584/727/584 422/518/422
f 586/731/586 449/550/449 388/466/388
f 607/764/607 499/620/499 589/735/589
f 589/735/589 499/620/499 419/513/419
f 562/700/562 561/699/561 608/765/608
f 609/766/609 591/738/591 562/700/562
f 532/667/532 610/767/610 398/484/398
f 608/765/608 561/699/561 611/768/611
f 611/768/611 561/699/561 565/703/565
f 475/586/475 503/627/503 533/668/533
f 610/767/610 535/671/535 398/484/398
f 612/769/612 566/704/566 593/742/593
f 613/770/613 567/705/567 566/704/566
f 612/769/612 613/770/613 566/704/566
f 613/770/613 614/771/614 567/705/567
f 612/769/612 593/742/593 615/772/615
f 615/772/615 593/742/593 568/706/568
f 614/773/614 594/743/594 567/707/567
f 615/774/615 568/709/568 595/744/595
f 594/743/594 616/775/616 595/744/595
f 502/625/502 360/430/360 477/593/477
f 617/776/617 328/635/328 480/596/480
f 598/777/598 540/677/540 326/524/326
f 483/600/483 546/683/546 542/679/542
f 485/602/485 224/268/224 618/778/618
f 545/682/545 599/750/599 429/530/429
f 619/779/619 331/397/331 512/641/512
f 575/718/575 620/780/620 372/443/372
f 599/750/599 513/642/513 459/566/459
f 621/781/621 487/604/487 513/642/513
f 576/719/576 487/604/487 621/781/621
f 577/720/577 601/754/601 431/532/431
f 622/782/622 333/399/333 515/645/515
f 578/721/578 490/607/490 623/783/623
f 489/606/489 514/644/514 624/784/624
f 624/784/624 550/687/550 489/606/489
f 514/644/514 464/756/464 625/785/625
f 579/722/579 435/536/435 580/723/580
f 626/786/626 191/337/191 336/787/336
f 579/722/579 580/723/580 551/788/551
f 580/789/580 516/649/516 551/688/551
f 625/785/625 464/756/464 556/790/556
f 582/725/582 555/692/555 466/576/466
f 255/303/255 413/506/413 627/791/627
f 380/455/380 558/695/558 411/504/411
f 628/792/628 380/455/380 230/274/230
f 629/793/629 494/613/494 585/728/585
f 605/761/605 559/696/559 583/726/583
f 583/726/583 519/651/519 605/761/605
f 528/662/528 588/734/588 590/736/590
f 630/794/630 606/763/606 500/621/500
f 587/733/587 501/624/501 529/663/529
f 525/657/525 499/620/499 607/764/607
f 525/657/525 607/764/607 589/735/589
f 317/374/317 534/670/534 318/375/318
f 564/702/564 238/283/238 570/710/570
f 612/769/612 631/795/631 613/770/613
f 615/772/615 631/795/631 612/769/612
f 613/796/613 631/797/631 595/744/595
f 632/798/632 594/743/594 614/773/614
f 613/796/613 595/744/595 616/775/616
f 594/743/594 632/798/632 616/775/616
f 289/345/289 504/628/504 350/419/350
f 615/774/615 595/744/595 631/797/631
f 392/473/392 313/370/313 324/383/324
f 537/674/537 507/633/507 571/799/571
f 571/711/571 507/800/507 267/317/267
f 479/712/479 482/599/482 633/801/633
f 510/639/510 634/802/634 455/638/455
f 201/236/201 296/352/296 635/803/635
f 634/802/634 574/717/574 636/804/636
f 634/802/634 510/639/510 574/717/574
f 637/805/637 543/680/543 544/681/544
f 545/682/545 636/806/636 599/750/599
f 546/683/546 331/397/331 619/779/619
f 224/268/224 548/685/548 618/778/618
f 576/749/576 638/807/638 574/717/574
f 599/750/599 639/808/639 513/642/513
f 639/808/639 621/781/621 513/642/513
f 514/644/514 625/785/625 624/784/624
f 514/753/514 578/721/578 492/809/492
f 624/784/624 625/785/625 640/810/640
f 641/811/641 604/812/604 306/452/306
f 601/754/601 642/813/642 467/577/467
f 191/337/191 643/814/643 438/539/438
f 554/691/554 581/724/581 644/815/644
f 554/691/554 644/815/644 645/816/645
f 230/274/230 524/656/524 628/792/628
f 584/817/584 646/818/646 519/819/519
f 519/651/519 646/820/646 605/761/605
f 646/820/646 588/762/588 605/761/605
f 647/821/647 534/670/534 317/374/317
f 590/737/590 610/767/610 532/667/532
f 500/621/500 648/822/648 630/794/630
f 608/765/608 649/823/649 562/700/562
f 562/700/562 649/823/649 609/766/609
f 310/367/310 564/702/564 527/661/527
f 608/765/608 611/768/611 649/823/649
f 611/768/611 565/703/565 650/824/650
f 503/627/503 535/741/535 533/668/533
f 289/345/289 449/550/449 651/825/651
f 289/345/289 651/825/651 504/628/504
f 508/634/508 507/633/507 537/674/537
f 479/595/479 633/826/633 456/562/456
f 596/745/596 652/827/652 509/636/509
f 538/675/538 653/828/653 323/381/323
f 573/715/573 597/829/597 403/713/403
f 455/716/455 654/830/654 572/714/572
f 545/682/545 655/831/655 636/806/636
f 543/680/543 637/805/637 539/676/539
f 655/832/655 634/833/634 636/834/636
f 201/236/201 635/803/635 453/558/453
f 540/835/540 485/602/485 548/685/548
f 368/439/368 365/436/365 511/640/511
f 428/529/428 656/836/656 512/641/512
f 546/683/546 619/779/619 542/679/542
f 636/804/636 574/717/574 638/807/638
f 636/806/636 638/837/638 599/750/599
f 373/445/373 657/838/657 486/603/486
f 658/839/658 599/750/599 638/837/638
f 373/445/373 372/444/372 620/840/620
f 658/839/658 639/808/639 599/750/599
f 659/841/659 576/719/576 621/781/621
f 600/751/600 491/609/491 660/842/660
f 465/575/465 602/755/602 661/843/661
f 550/687/550 624/784/624 662/844/662
f 624/784/624 640/810/640 662/844/662
f 663/845/663 640/810/640 625/785/625
f 664/846/664 552/847/552 492/809/492
f 581/724/581 436/537/436 555/692/555
f 336/402/336 255/303/255 627/791/627
f 663/845/663 625/785/625 556/790/556
f 554/691/554 645/816/645 551/688/551
f 628/792/628 558/695/558 380/455/380
f 603/758/603 665/848/665 497/759/497
f 524/656/524 523/655/523 197/230/197
f 584/817/584 590/736/590 646/818/646
f 588/734/588 646/818/646 590/736/590
f 473/584/473 647/821/647 317/374/317
f 666/849/666 531/666/531 497/618/497
f 667/850/667 584/727/584 592/740/592
f 667/850/667 590/737/590 584/727/584
f 668/851/668 649/823/649 611/768/611
f 669/852/669 529/853/529 530/854/530
f 586/731/586 670/855/670 449/550/449
f 669/852/669 530/854/530 671/856/671
f 671/856/671 530/854/530 531/857/531
f 672/858/672 613/796/613 616/775/616
f 614/773/614 673/859/673 632/798/632
f 500/621/500 502/664/502 648/822/648
f 674/860/674 451/552/451 534/670/534
f 675/861/675 502/862/502 477/863/477
f 570/710/570 323/381/323 676/864/676
f 677/865/677 456/562/456 633/826/633
f 677/865/677 541/678/541 456/562/456
f 323/381/323 653/828/653 676/864/676
f 678/866/678 484/601/484 541/678/541
f 679/867/679 545/682/545 484/601/484
f 633/801/633 482/599/482 680/868/680
f 547/869/547 328/635/328 617/776/617
f 681/870/681 634/833/634 655/832/655
f 598/748/598 485/602/485 540/835/540
f 682/871/682 637/805/637 544/681/544
f 618/778/618 548/685/548 485/602/485
f 296/352/296 486/603/486 635/803/635
f 406/498/406 511/640/511 548/685/548
f 638/837/638 576/719/576 659/841/659
f 577/720/577 683/872/683 601/754/601
f 600/751/600 623/783/623 490/607/490
f 465/575/465 661/843/661 491/609/491
f 578/721/578 623/783/623 492/809/492
f 602/755/602 579/722/579 684/873/684
f 579/722/579 551/788/551 684/873/684
f 378/451/378 641/811/641 306/452/306
f 336/402/336 627/791/627 626/874/626
f 555/692/555 582/725/582 581/724/581
f 662/844/662 603/758/603 550/687/550
f 663/845/663 556/790/556 557/875/557
f 552/876/552 664/877/664 557/875/557
f 582/725/582 560/697/560 685/878/685
f 644/815/644 686/879/686 645/816/645
f 685/878/685 560/697/560 687/880/687
f 688/881/688 687/880/687 560/697/560
f 628/792/628 689/882/689 558/695/558
f 558/695/558 688/881/688 560/697/560
f 585/728/585 690/883/690 629/793/629
f 438/539/438 690/883/690 585/728/585
f 691/884/691 692/885/692 668/851/668
f 668/851/668 692/885/692 649/823/649
f 592/740/592 610/767/610 667/850/667
f 667/850/667 610/767/610 590/737/590
f 649/823/649 692/885/692 609/766/609
f 592/740/592 693/886/693 610/767/610
f 609/766/609 694/887/694 591/738/591
f 592/740/592 533/739/533 693/886/693
f 693/886/693 535/671/535 610/767/610
f 669/852/669 614/773/614 672/888/672
f 669/852/669 671/856/671 673/859/673
f 614/773/614 613/889/613 672/888/672
f 614/773/614 669/852/669 673/859/673
f 591/738/591 650/824/650 565/703/565
f 616/775/616 632/798/632 672/858/672
f 451/890/451 695/891/695 477/863/477
f 696/892/696 697/893/697 698/894/698
f 477/863/477 699/895/699 675/861/675
f 697/893/697 677/896/677 698/894/698
f 504/628/504 700/897/700 596/745/596
f 700/897/700 652/827/652 596/745/596
f 677/865/677 678/866/678 541/678/541
f 507/633/507 597/747/597 267/898/267
f 573/715/573 701/899/701 597/829/597
f 679/867/679 655/831/655 545/682/545
f 539/676/539 637/805/637 702/900/702
f 635/803/635 538/675/538 453/558/453
f 482/599/482 542/679/542 703/901/703
f 704/902/704 430/531/430 295/351/295
f 638/837/638 659/841/659 658/839/658
f 639/808/639 658/839/658 621/781/621
f 658/839/658 659/841/659 621/781/621
f 333/399/333 622/782/622 375/447/375
f 684/873/684 661/843/661 602/755/602
f 335/401/335 705/903/705 280/333/280
f 335/401/335 468/578/468 705/903/705
f 557/875/557 664/877/664 706/904/706
f 494/613/494 629/793/629 461/569/461
f 640/810/640 706/904/706 662/844/662
f 582/725/582 707/905/707 581/724/581
f 582/725/582 685/878/685 707/905/707
f 197/230/197 168/198/168 708/906/708
f 686/879/686 709/907/709 645/816/645
f 558/695/558 689/882/689 688/881/688
f 472/582/472 710/908/710 413/506/413
f 587/909/587 711/910/711 522/911/522
f 712/912/712 691/884/691 668/851/668
f 630/794/630 713/913/713 606/763/606
f 668/851/668 714/914/714 712/912/712
f 668/851/668 611/768/611 714/914/714
f 533/739/533 535/671/535 693/886/693
f 630/794/630 648/822/648 715/915/715
f 531/857/531 716/916/716 671/856/671
f 670/855/670 717/917/717 449/550/449
f 673/859/673 671/856/671 632/798/632
f 449/550/449 717/917/717 651/825/651
f 648/822/648 502/664/502 718/918/718
f 502/862/502 719/919/719 718/920/718
f 477/863/477 695/891/695 699/895/699
f 675/861/675 719/919/719 502/862/502
f 677/896/677 697/893/697 678/921/678
f 597/922/597 720/923/720 267/317/267
f 573/715/573 572/714/572 654/830/654
f 539/676/539 617/776/617 480/596/480
f 679/867/679 721/924/721 655/831/655
f 652/827/652 722/925/722 509/636/509
f 455/716/455 634/926/634 654/830/654
f 295/351/295 267/317/267 720/923/720
f 365/436/365 509/927/509 511/640/511
f 682/871/682 544/681/544 540/677/540
f 703/901/703 542/679/542 619/779/619
f 656/836/656 619/779/619 512/641/512
f 723/928/723 486/603/486 657/838/657
f 724/929/724 548/685/548 511/640/511
f 725/930/725 378/931/378 254/752/254
f 577/720/577 488/605/488 726/932/726
f 683/872/683 577/720/577 726/932/726
f 491/609/491 661/843/661 660/842/660
f 492/809/492 623/783/623 664/846/664
f 663/845/663 706/904/706 640/810/640
f 706/904/706 663/845/663 557/875/557
f 665/848/665 603/758/603 727/933/727
f 727/933/727 603/758/603 662/844/662
f 551/688/551 645/816/645 709/907/709
f 642/813/642 586/731/586 467/577/467
f 728/934/728 522/911/522 711/910/711
f 729/935/729 474/585/474 446/547/446
f 472/582/472 527/661/527 730/936/730
f 731/937/731 691/884/691 712/912/712
f 712/938/712 714/939/714 731/940/731
f 730/936/730 527/661/527 564/702/564
f 713/913/713 630/794/630 715/915/715
f 732/941/732 670/855/670 586/731/586
f 529/942/529 669/943/669 672/944/672
f 716/916/716 531/857/531 666/945/666
f 694/887/694 733/946/733 591/738/591
f 734/947/734 672/944/672 632/948/632
f 735/949/735 696/892/696 698/894/698
f 733/946/733 650/824/650 591/738/591
f 734/950/734 632/798/632 736/951/736
f 736/951/736 632/798/632 671/856/671
f 695/891/695 451/890/451 674/952/674
f 651/825/651 700/897/700 504/628/504
f 737/953/737 679/867/679 484/601/484
f 721/954/721 681/870/681 655/832/655
f 722/925/722 738/955/738 509/636/509
f 482/599/482 703/901/703 680/868/680
f 547/684/547 656/836/656 428/529/428
f 619/779/619 739/956/739 703/901/703
f 540/835/540 548/685/548 682/957/682
f 254/752/254 549/686/549 725/930/725
f 626/786/626 643/814/643 191/337/191
f 662/844/662 706/904/706 727/933/727
f 521/653/521 740/958/740 168/198/168
f 741/959/741 497/960/497 742/961/742
f 742/961/742 497/960/497 665/962/665
f 688/881/688 689/882/689 743/963/743
f 729/964/729 446/622/446 606/763/606
f 587/909/587 529/942/529 711/910/711
f 691/884/691 694/887/694 692/885/692
f 694/887/694 609/766/609 692/885/692
f 648/822/648 744/965/744 715/915/715
f 648/822/648 718/918/718 744/965/744
f 745/966/745 674/860/674 534/670/534
f 671/856/671 746/967/746 736/951/736
f 737/953/737 484/601/484 678/866/678
f 737/968/737 721/954/721 679/969/679
f 747/970/747 654/830/654 634/926/634
f 538/675/538 748/971/748 653/828/653
f 511/972/511 509/636/509 738/955/738
f 635/803/635 748/971/748 538/675/538
f 637/805/637 682/871/682 702/900/702
f 378/931/378 725/930/725 641/973/641
f 600/751/600 664/846/664 623/783/623
f 375/447/375 749/974/749 434/535/434
f 461/569/461 629/793/629 750/975/750
f 522/976/522 751/977/751 468/978/468
f 468/978/468 751/977/751 741/979/741
f 551/688/551 709/907/709 752/980/752
f 643/814/643 690/883/690 438/539/438
f 581/724/581 753/981/753 644/815/644
f 581/724/581 707/905/707 753/981/753
f 709/907/709 686/879/686 752/980/752
f 644/815/644 753/981/753 686/879/686
f 686/879/686 753/981/753 752/980/752
f 741/979/741 754/982/754 497/983/497
f 689/882/689 628/792/628 755/984/755
f 687/880/687 688/881/688 685/878/685
f 497/618/497 754/985/754 666/849/666
f 413/506/413 710/908/710 756/986/756
f 713/913/713 757/987/757 606/763/606
f 758/988/758 694/887/694 691/884/691
f 611/989/611 759/990/759 714/939/714
f 672/944/672 760/991/760 529/942/529
f 672/944/672 734/947/734 760/991/760
f 735/949/735 698/894/698 761/992/761
f 746/967/746 762/993/762 736/951/736
f 696/892/696 735/949/735 763/994/763
f 696/892/696 763/994/763 697/893/697
f 763/994/763 678/921/678 697/893/697
f 633/995/633 698/894/698 677/896/677
f 719/919/719 675/861/675 764/996/764
f 765/997/765 722/925/722 652/827/652
f 721/954/721 766/998/766 681/870/681
f 539/676/539 702/900/702 617/776/617
f 681/870/681 767/999/767 634/833/634
f 720/923/720 768/1000/768 295/351/295
f 548/685/548 724/929/724 769/1001/769
f 661/843/661 770/1002/770 660/842/660
f 468/1003/468 741/959/741 705/1004/705
f 551/688/551 752/980/752 684/1005/684
f 771/1006/771 627/791/627 413/506/413
f 168/198/168 740/958/740 708/906/708
f 665/962/665 727/1007/727 742/961/742
f 521/653/521 772/1008/772 740/958/740
f 751/977/751 773/1009/773 741/979/741
f 741/979/741 773/1009/773 754/982/754
f 688/881/688 743/963/743 685/878/685
f 731/937/731 758/988/758 691/884/691
f 716/916/716 746/967/746 671/856/671
f 718/918/718 774/1010/774 744/965/744
f 718/920/718 719/919/719 774/1011/774
f 700/897/700 651/825/651 775/1012/775
f 700/897/700 765/997/765 652/827/652
f 573/715/573 654/830/654 776/1013/776
f 776/1013/776 701/899/701 573/715/573
f 766/998/766 767/999/767 681/870/681
f 654/830/654 747/970/747 777/1014/777
f 597/922/597 778/1015/778 720/923/720
f 680/868/680 703/901/703 779/1016/779
f 768/1000/768 704/902/704 295/351/295
f 486/603/486 723/928/723 635/803/635
f 682/957/682 548/685/548 769/1001/769
f 620/840/620 780/1017/780 373/445/373
f 683/872/683 781/1018/781 601/754/601
f 741/959/741 742/961/742 705/1004/705
f 661/843/661 782/1019/782 770/1002/770
f 684/873/684 782/1019/782 661/843/661
f 601/754/601 781/1018/781 642/813/642
f 782/1019/782 684/873/684 752/1020/752
f 604/812/604 641/811/641 783/1021/783
f 627/791/627 771/1006/771 784/1022/784
f 783/1021/783 785/1023/785 604/812/604
f 751/977/751 522/976/522 773/1009/773
f 522/976/522 728/1024/728 773/1009/773
f 755/984/755 786/1025/786 689/882/689
f 754/982/754 773/1009/773 787/1026/787
f 743/963/743 689/882/689 786/1025/786
f 666/1027/666 788/1028/788 716/1029/716
f 713/913/713 715/915/715 757/987/757
f 611/768/611 650/824/650 759/1030/759
f 735/949/735 761/992/761 789/1031/789
f 736/951/736 790/1032/790 734/950/734
f 734/947/734 791/1033/791 760/991/760
f 735/949/735 789/1031/789 763/994/763
f 699/895/699 695/891/695 675/861/675
f 698/894/698 633/995/633 792/1034/792
f 719/919/719 764/996/764 774/1011/774
f 737/953/737 678/866/678 763/1035/763
f 793/1036/793 765/997/765 700/897/700
f 654/830/654 764/996/764 776/1013/776
f 654/830/654 794/1037/794 764/996/764
f 721/954/721 737/968/737 766/998/766
f 767/999/767 747/1038/747 634/833/634
f 702/900/702 547/869/547 617/776/617
f 723/928/723 795/1039/795 635/803/635
f 619/779/619 656/836/656 739/956/739
f 511/1040/511 796/1041/796 724/1042/724
f 620/1043/620 797/1044/797 798/1045/798
f 373/445/373 780/1017/780 657/838/657
f 620/840/620 798/1046/798 780/1017/780
f 622/782/622 799/1047/799 375/447/375
f 600/751/600 660/842/660 800/1048/800
f 375/447/375 799/1047/799 749/974/749
f 706/904/706 801/1049/801 727/933/727
f 521/653/521 604/760/604 772/1008/772
f 707/905/707 802/1050/802 753/981/753
f 685/878/685 802/1050/802 707/905/707
f 752/1051/752 753/1052/753 803/1053/803
f 802/1054/802 804/1055/804 753/1052/753
f 743/963/743 802/1050/802 685/878/685
f 690/883/690 750/975/750 629/793/629
f 743/963/743 786/1025/786 802/1050/802
f 805/1056/805 756/986/756 710/908/710
f 647/821/647 806/1057/806 534/670/534
f 758/1058/758 731/940/731 714/939/714
f 714/939/714 759/990/759 807/1059/807
f 758/1058/758 714/939/714 807/1059/807
f 694/887/694 808/1060/808 733/946/733
f 790/1032/790 736/951/736 762/993/762
f 809/1061/809 761/992/761 698/894/698
f 717/917/717 775/1012/775 651/825/651
f 810/1062/810 764/996/764 675/861/675
f 811/1063/811 777/1064/777 747/1038/747
f 765/997/765 812/1065/812 722/925/722
f 676/864/676 653/828/653 813/1066/813
f 814/1067/814 511/972/511 738/955/738
f 702/900/702 682/871/682 815/1068/815
f 748/971/748 635/803/635 795/1039/795
f 726/932/726 488/605/488 434/535/434
f 604/760/604 785/1069/785 772/1008/772
f 756/986/756 771/1006/771 413/506/413
f 816/1070/816 773/1009/773 728/1024/728
f 752/1051/752 803/1053/803 817/1071/817
f 803/1053/803 753/1052/753 804/1055/804
f 787/1072/787 666/849/666 754/985/754
f 728/934/728 711/910/711 818/1073/818
f 803/1053/803 819/1074/819 820/1075/820
f 803/1053/803 804/1055/804 819/1074/819
f 787/1076/787 788/1028/788 666/1027/666
f 729/964/729 606/763/606 757/987/757
f 529/942/529 821/1077/821 711/910/711
f 806/1057/806 745/966/745 534/670/534
f 711/910/711 808/1060/808 694/887/694
f 529/942/529 760/991/760 821/1077/821
f 734/1078/734 822/1079/822 791/1080/791
f 762/993/762 746/967/746 823/1081/823
f 809/1061/809 698/894/698 792/1034/792
f 824/1082/824 825/1083/825 789/1031/789
f 826/1084/826 825/1083/825 824/1082/824
f 826/1085/826 827/1086/827 825/1087/825
f 564/702/564 570/710/570 828/1088/828
f 829/1089/829 650/824/650 733/946/733
f 825/1083/825 830/1090/830 763/994/763
f 763/994/763 830/1090/830 737/1091/737
f 830/1090/830 825/1083/825 737/1091/737
f 695/891/695 810/1062/810 675/861/675
f 633/801/633 680/868/680 792/1092/792
f 570/710/570 676/864/676 813/1066/813
f 680/868/680 831/1093/831 792/1092/792
f 777/1014/777 794/1037/794 654/830/654
f 812/1065/812 832/1094/832 722/925/722
f 779/1016/779 703/901/703 739/956/739
f 723/928/723 657/838/657 795/1039/795
f 833/1095/833 797/1044/797 620/1043/620
f 724/1042/724 834/1096/834 769/1097/769
f 280/333/280 705/903/705 835/1098/835
f 660/842/660 770/1002/770 800/1048/800
f 600/751/600 800/1048/800 664/846/664
f 664/877/664 801/1049/801 706/904/706
f 783/1021/783 836/1099/836 785/1023/785
f 782/1019/782 752/1020/752 837/1100/837
f 628/792/628 524/656/524 755/984/755
f 817/1071/817 803/1053/803 820/1075/820
f 802/1054/802 838/1101/838 804/1055/804
f 773/1009/773 816/1070/816 787/1026/787
f 728/934/728 818/1073/818 839/1102/839
f 786/1103/786 840/1104/840 802/1054/802
f 819/1074/819 841/1105/841 820/1075/820
f 473/584/473 474/585/474 647/821/647
f 841/1105/841 842/1106/842 843/1107/843
f 730/936/730 844/1108/844 472/582/472
f 807/1059/807 845/1109/845 758/1058/758
f 846/1110/846 826/1084/826 847/1111/847
f 564/702/564 848/1112/848 730/936/730
f 732/941/732 849/1113/849 670/855/670
f 790/1032/790 822/1114/822 734/950/734
f 789/1031/789 761/992/761 850/1115/850
f 851/1116/851 761/992/761 852/1117/852
f 761/992/761 851/1116/851 850/1115/850
f 824/1082/824 789/1031/789 853/1118/853
f 762/993/762 823/1081/823 790/1032/790
f 761/992/761 809/1061/809 852/1117/852
f 826/1084/826 824/1082/824 847/1111/847
f 824/1082/824 853/1118/853 847/1111/847
f 788/1028/788 823/1119/823 716/1029/716
f 759/1030/759 650/824/650 854/1120/854
f 760/991/760 791/1033/791 855/1121/855
f 716/916/716 823/1081/823 746/967/746
f 789/1031/789 825/1083/825 763/994/763
f 827/1086/827 856/1122/856 825/1087/825
f 650/824/650 829/1089/829 854/1120/854
f 764/996/764 857/1123/857 774/1011/774
f 825/1087/825 858/1124/858 737/968/737
f 764/996/764 810/1062/810 859/1125/859
f 764/996/764 859/1125/859 776/1013/776
f 765/997/765 793/1036/793 812/1065/812
f 766/998/766 737/968/737 858/1124/858
f 701/899/701 860/1126/860 597/829/597
f 722/925/722 861/1127/861 738/955/738
f 680/868/680 779/1016/779 831/1093/831
f 656/1128/656 547/1129/547 862/1130/862
f 704/902/704 575/718/575 430/531/430
f 724/1042/724 796/1041/796 834/1096/834
f 863/1131/863 864/1132/864 865/1133/865
f 771/1134/771 866/1135/866 784/1136/784
f 782/1019/782 867/1137/867 770/1002/770
f 756/986/756 868/1138/868 771/1006/771
f 752/1051/752 817/1071/817 837/1139/837
f 839/1140/839 869/1141/869 728/1024/728
f 837/1100/837 817/1142/817 843/1143/843
f 728/1024/728 869/1141/869 816/1070/816
f 804/1055/804 841/1105/841 819/1074/819
f 870/1144/870 732/941/732 586/731/586
f 711/910/711 694/887/694 818/1073/818
f 843/1143/843 842/1145/842 871/1146/871
f 472/582/472 844/1108/844 710/908/710
f 846/1110/846 871/1146/871 842/1145/842
f 841/1105/841 846/1147/846 842/1106/842
f 758/988/758 872/1148/872 694/887/694
f 846/1110/846 847/1111/847 871/1146/871
f 730/936/730 848/1112/848 844/1108/844
f 670/855/670 849/1113/849 717/917/717
f 822/1079/822 855/1149/855 791/1080/791
f 760/991/760 855/1121/855 821/1077/821
f 827/1086/827 873/1150/873 856/1122/856
f 854/1120/854 829/1089/829 874/1151/874
f 859/1125/859 875/1152/875 776/1013/776
f 776/1013/776 875/1152/875 701/899/701
f 777/1014/777 876/1153/876 794/1037/794
f 767/999/767 877/1154/877 878/1155/878
f 767/999/767 878/1155/878 747/1038/747
f 747/1038/747 878/1155/878 811/1063/811
f 832/1094/832 861/1127/861 722/925/722
f 813/1066/813 653/828/653 748/971/748
f 861/1127/861 879/1156/879 738/955/738
f 702/1157/702 880/1158/880 547/1129/547
f 768/1000/768 881/1159/881 704/902/704
f 511/972/511 814/1067/814 796/1160/796
f 780/1017/780 882/1161/882 657/838/657
f 863/1131/863 865/1133/865 883/1162/883
f 863/1131/863 884/1163/884 864/1132/864
f 280/333/280 835/1098/835 515/646/515
f 434/535/434 749/974/749 726/932/726
f 800/1048/800 770/1002/770 885/1164/885
f 742/961/742 886/1165/886 705/1004/705
f 727/1007/727 801/1166/801 887/1167/887
f 197/230/197 755/984/755 524/656/524
f 866/1135/866 771/1134/771 888/1168/888
f 782/1019/782 889/1169/889 867/1137/867
f 771/1134/771 868/1170/868 888/1168/888
f 782/1019/782 837/1100/837 889/1169/889
f 890/1171/890 838/1101/838 802/1054/802
f 888/1168/888 868/1170/868 891/1172/891
f 816/1070/816 892/1173/892 787/1026/787
f 837/1100/837 843/1143/843 889/1169/889
f 816/1070/816 869/1141/869 892/1173/892
f 817/1071/817 820/1075/820 843/1107/843
f 642/813/642 870/1144/870 586/731/586
f 841/1105/841 843/1107/843 820/1075/820
f 787/1076/787 893/1174/893 788/1028/788
f 756/986/756 805/1056/805 868/1138/868
f 843/1143/843 871/1146/871 889/1169/889
f 818/1073/818 694/887/694 839/1102/839
f 694/887/694 872/1148/872 839/1102/839
f 758/1175/758 894/1176/894 872/1177/872
f 847/1111/847 853/1118/853 871/1146/871
f 846/1147/846 841/1105/841 895/1178/895
f 790/1179/790 896/1180/896 822/1181/822
f 846/1147/846 895/1178/895 826/1085/826
f 807/1059/807 759/990/759 897/1182/897
f 711/910/711 821/1077/821 808/1060/808
f 826/1085/826 895/1178/895 827/1086/827
f 822/1079/822 821/1183/821 855/1149/855
f 733/946/733 808/1060/808 874/1151/874
f 895/1178/895 873/1150/873 827/1086/827
f 874/1151/874 829/1089/829 733/946/733
f 744/965/744 774/1010/774 715/915/715
f 564/702/564 828/1088/828 848/1112/848
f 715/915/715 774/1010/774 898/1184/898
f 774/1011/774 857/1123/857 899/1185/899
f 825/1087/825 856/1122/856 858/1124/858
f 793/1036/793 700/897/700 900/1186/900
f 764/996/764 794/1037/794 901/1187/901
f 812/1065/812 793/1036/793 902/1188/902
f 777/1014/777 903/1189/903 876/1153/876
f 811/1063/811 878/1155/878 777/1064/777
f 597/922/597 860/1190/860 778/1015/778
f 779/1016/779 739/956/739 904/1191/904
f 795/1039/795 657/838/657 905/1192/905
f 769/1001/769 815/1193/815 682/957/682
f 906/1194/906 907/1195/907 863/1131/863
f 863/1131/863 883/1162/883 906/1194/906
f 883/1162/883 865/1133/865 908/1196/908
f 907/1195/907 909/1197/909 863/1131/863
f 909/1197/909 884/1163/884 863/1131/863
f 884/1163/884 910/1198/910 864/1132/864
f 864/1132/864 910/1198/910 865/1133/865
f 515/646/515 835/1098/835 622/1199/622
f 461/569/461 750/975/750 911/1200/911
f 727/1007/727 887/1167/887 742/961/742
f 781/1018/781 683/872/683 642/813/642
f 690/883/690 643/814/643 912/1201/912
f 802/1054/802 840/1104/840 890/1171/890
f 750/975/750 690/883/690 912/1201/912
f 804/1055/804 838/1101/838 841/1105/841
f 838/1101/838 913/1202/913 841/1105/841
f 786/1103/786 914/1203/914 840/1104/840
f 868/1170/868 915/1204/915 891/1172/891
f 788/1028/788 893/1174/893 916/1205/916
f 869/1141/869 839/1140/839 917/1206/917
f 889/1169/889 871/1146/871 853/1118/853
f 757/987/757 715/915/715 918/1207/918
f 872/1177/872 919/1208/919 839/1140/839
f 913/1202/913 920/1209/920 841/1105/841
f 758/1058/758 845/1109/845 894/1210/894
f 917/1206/917 839/1140/839 919/1208/919
f 844/1108/844 805/1056/805 710/908/710
f 805/1056/805 915/1211/915 868/1138/868
f 807/1059/807 897/1182/897 845/1109/845
f 841/1105/841 920/1209/920 895/1178/895
f 851/1116/851 852/1117/852 921/1212/921
f 917/1206/917 821/1183/821 822/1079/822
f 920/1209/920 873/1150/873 895/1178/895
f 715/915/715 898/1184/898 918/1207/918
f 808/1060/808 854/1120/854 874/1151/874
f 774/1010/774 922/1213/922 898/1184/898
f 774/1011/774 899/1185/899 922/1214/922
f 766/998/766 858/1124/858 877/1154/877
f 766/998/766 877/1154/877 767/999/767
f 878/1155/878 903/1215/903 777/1064/777
f 923/1216/923 878/1155/878 877/1154/877
f 738/955/738 879/1156/879 814/1067/814
f 720/923/720 778/1015/778 924/1217/924
f 720/923/720 924/1217/924 768/1000/768
f 702/1157/702 815/1218/815 925/1219/925
f 814/1067/814 926/1220/926 796/1160/796
f 620/1043/620 575/1221/575 833/1095/833
f 927/1222/927 909/1197/909 907/1195/907
f 865/1133/865 928/1223/928 929/1224/929
f 865/1133/865 910/1198/910 928/1223/928
f 641/973/641 725/930/725 930/1225/930
f 461/569/461 911/1200/911 549/686/549
f 705/1004/705 886/1165/886 835/1226/835
f 784/1136/784 866/1135/866 888/1168/888
f 885/1164/885 770/1002/770 867/1137/867
f 800/1048/800 931/1227/931 664/846/664
f 755/1228/755 932/1229/932 786/1103/786
f 785/1023/785 836/1099/836 772/1230/772
f 892/1231/892 933/1232/933 787/1076/787
f 840/1104/840 914/1203/914 890/1171/890
f 934/1233/934 647/821/647 474/585/474
f 933/1232/933 893/1174/893 787/1076/787
f 869/1141/869 822/1079/822 892/1173/892
f 869/1141/869 917/1206/917 822/1079/822
f 913/1202/913 935/1234/935 920/1209/920
f 853/1118/853 789/1031/789 850/1115/850
f 788/1028/788 936/1235/936 823/1119/823
f 920/1209/920 937/1236/937 938/1237/938
f 897/1182/897 759/990/759 939/1238/939
f 759/990/759 854/1239/854 939/1238/939
f 823/1119/823 896/1180/896 790/1179/790
f 808/1240/808 821/1183/821 919/1208/919
f 919/1208/919 821/1183/821 917/1206/917
f 920/1209/920 938/1237/938 873/1150/873
f 940/1241/940 775/1012/775 717/917/717
f 940/1241/940 941/1242/941 775/1012/775
f 857/1123/857 764/996/764 901/1187/901
f 775/1012/775 900/1186/900 700/897/700
f 810/1062/810 875/1152/875 859/1125/859
f 701/899/701 875/1152/875 942/1243/942
f 794/1037/794 876/1153/876 943/1244/943
f 942/1243/942 860/1126/860 701/899/701
f 570/710/570 813/1066/813 944/1245/944
f 860/1190/860 924/1217/924 778/1015/778
f 880/1158/880 702/1157/702 925/1219/925
f 862/1246/862 945/1247/945 656/836/656
f 906/1194/906 883/1162/883 946/1248/946
f 908/1196/908 865/1133/865 947/1249/947
f 947/1249/947 865/1133/865 929/1224/929
f 884/1163/884 948/1250/948 910/1198/910
f 910/1198/910 949/1251/949 928/1223/928
f 928/1223/928 950/1252/950 929/1224/929
f 911/1200/911 750/975/750 951/1253/951
f 800/1048/800 885/1164/885 931/1227/931
f 888/1168/888 952/1254/952 784/1136/784
f 888/1168/888 953/1255/953 952/1254/952
f 888/1168/888 954/1256/954 953/1255/953
f 642/813/642 683/872/683 955/1257/955
f 888/1168/888 891/1172/891 954/1256/954
f 772/1230/772 956/1258/956 740/1259/740
f 750/975/750 912/1201/912 951/1253/951
f 889/1169/889 957/1260/957 867/1137/867
f 838/1101/838 890/1171/890 913/1202/913
f 918/1207/918 958/1261/958 757/987/757
f 915/1204/915 959/1262/959 891/1172/891
f 916/1205/916 936/1235/936 788/1028/788
f 872/1177/872 894/1176/894 919/1208/919
f 960/1263/960 850/1115/850 851/1116/851
f 920/1209/920 935/1234/935 937/1236/937
f 938/1237/938 937/1236/937 961/1264/961
f 845/1109/845 897/1182/897 962/1265/962
f 897/1182/897 939/1238/939 962/1265/962
f 844/1108/844 848/1112/848 805/1056/805
f 805/1056/805 963/1266/963 915/1211/915
f 899/1185/899 857/1123/857 922/1214/922
f 793/1036/793 900/1186/900 902/1188/902
f 878/1155/878 964/1267/964 903/1215/903
f 901/1187/901 794/1037/794 943/1244/943
f 878/1155/878 923/1216/923 964/1267/964
f 902/1188/902 965/1268/965 812/1065/812
f 812/1065/812 965/1268/965 832/1094/832
f 656/836/656 945/1247/945 739/956/739
f 815/1269/815 769/1097/769 834/1096/834
f 883/1162/883 908/1196/908 966/1270/966
f 907/1195/907 906/1194/906 927/1222/927
f 909/1197/909 967/1271/967 884/1163/884
f 884/1163/884 967/1271/967 948/1250/948
f 929/1224/929 950/1252/950 968/1272/968
f 969/1273/969 949/1251/949 910/1198/910
f 949/1251/949 970/1274/970 928/1223/928
f 928/1223/928 971/1275/971 950/1252/950
f 622/782/622 972/1276/972 799/1047/799
f 627/1277/627 784/1278/784 626/1279/626
f 742/961/742 887/1167/887 886/1165/886
f 664/877/664 973/1280/973 801/1049/801
f 664/846/664 931/1227/931 973/1281/973
f 885/1164/885 867/1137/867 957/1260/957
f 890/1171/890 914/1203/914 913/1202/913
f 893/1174/893 933/1232/933 916/1205/916
f 914/1203/914 937/1236/937 913/1202/913
f 914/1203/914 961/1264/961 937/1236/937
f 822/1181/822 974/1282/974 892/1231/892
f 853/1118/853 850/1115/850 889/1169/889
f 975/1283/975 851/1116/851 921/1212/921
f 845/1109/845 976/1284/976 894/1210/894
f 896/1180/896 974/1282/974 822/1181/822
f 918/1207/918 977/1285/977 958/1261/958
f 919/1208/919 939/1286/939 808/1240/808
f 921/1212/921 852/1117/852 978/1287/978
f 854/1288/854 808/1240/808 939/1286/939
f 852/1117/852 809/1061/809 978/1287/978
f 898/1184/898 977/1285/977 918/1207/918
f 979/1289/979 940/1241/940 717/917/717
f 977/1285/977 898/1184/898 980/1290/980
f 938/1237/938 981/1291/981 873/1150/873
f 898/1184/898 922/1213/922 980/1290/980
f 805/1056/805 848/1112/848 963/1266/963
f 915/1204/915 982/1292/982 959/1262/959
f 915/1211/915 963/1266/963 982/1293/982
f 695/891/695 983/1294/983 810/1062/810
f 857/1123/857 901/1187/901 922/1214/922
f 941/1242/941 984/1295/984 775/1012/775
f 941/1242/941 900/1186/900 984/1295/984
f 775/1012/775 984/1295/984 900/1186/900
f 813/1066/813 748/971/748 944/1245/944
f 861/1127/861 985/1296/985 879/1156/879
f 798/1046/798 882/1161/882 780/1017/780
f 966/1270/966 946/1248/946 883/1162/883
f 641/973/641 930/1225/930 783/1297/783
f 726/932/726 749/974/749 986/1298/986
f 626/1279/626 784/1278/784 987/1299/987
f 708/906/708 988/1300/988 197/230/197
f 885/1164/885 989/1301/989 931/1227/931
f 643/814/643 990/1302/990 912/1201/912
f 642/813/642 955/1257/955 870/1144/870
f 836/1099/836 991/1303/991 772/1230/772
f 851/1116/851 989/1301/989 960/1263/960
f 957/1260/957 889/1169/889 850/1115/850
f 935/1234/935 913/1202/913 937/1236/937
f 962/1265/962 976/1284/976 845/1109/845
f 939/1286/939 919/1208/919 894/1176/894
f 961/1264/961 981/1291/981 938/1237/938
f 992/1304/992 823/1119/823 993/1305/993
f 848/1112/848 828/1088/828 994/1306/994
f 902/1188/902 900/1186/900 941/1242/941
f 995/1307/995 877/1154/877 858/1124/858
f 964/1308/964 876/1153/876 903/1189/903
f 995/1307/995 923/1216/923 877/1154/877
f 942/1309/942 996/1310/996 860/1311/860
f 985/1296/985 861/1127/861 832/1094/832
f 997/1312/997 547/1129/547 880/1158/880
f 881/1159/881 768/1000/768 924/1217/924
f 904/1191/904 739/956/739 998/1313/998
f 999/1314/999 1000/1315/1000 815/1269/815
f 999/1314/999 815/1269/815 834/1096/834
f 926/1316/926 834/1096/834 796/1041/796
f 1001/1317/1001 1002/1318/1002 1003/1319/1003
f 1003/1319/1003 1004/1320/1004 1001/1317/1001
f 1005/1321/1005 1003/1319/1003 1002/1318/1002
f 1005/1321/1005 966/1322/966 1003/1319/1003
f 908/1196/908 947/1249/947 1006/1323/1006
f 927/1222/927 1007/1324/1007 909/1197/909
f 947/1249/947 929/1224/929 968/1272/968
f 1008/1325/1008 967/1271/967 909/1197/909
f 948/1250/948 969/1273/969 910/1198/910
f 1009/1326/1009 799/1047/799 972/1276/972
f 953/1255/953 954/1256/954 1010/1327/1010
f 626/786/626 990/1302/990 643/814/643
f 973/1328/973 887/1167/887 801/1166/801
f 988/1300/988 755/984/755 197/230/197
f 885/1164/885 960/1263/960 989/1301/989
f 954/1256/954 891/1172/891 1011/1329/1011
f 956/1258/956 772/1230/772 1012/1330/1012
f 957/1260/957 960/1263/960 885/1164/885
f 1012/1330/1012 772/1230/772 991/1303/991
f 1013/1331/1013 870/1144/870 955/1257/955
f 729/935/729 934/1233/934 474/585/474
f 806/1057/806 647/821/647 934/1233/934
f 975/1283/975 989/1301/989 851/1116/851
f 960/1263/960 957/1260/957 850/1115/850
f 896/1180/896 823/1119/823 974/1282/974
f 849/1113/849 1014/1332/1014 717/917/717
f 936/1235/936 993/1305/993 823/1119/823
f 1014/1332/1014 979/1289/979 717/917/717
f 979/1289/979 902/1188/902 941/1242/941
f 873/1150/873 981/1291/981 856/1122/856
f 828/1088/828 570/710/570 994/1306/994
f 856/1122/856 995/1307/995 858/1124/858
f 964/1308/964 943/1244/943 876/1153/876
f 965/1268/965 1015/1333/1015 832/1094/832
f 748/971/748 905/1192/905 944/1245/944
f 779/1016/779 1016/1334/1016 831/1093/831
f 748/971/748 795/1039/795 905/1192/905
f 815/1269/815 1000/1315/1000 925/1335/925
f 739/956/739 945/1247/945 998/1313/998
f 1017/1336/1017 798/1045/798 797/1044/797
f 1003/1319/1003 966/1322/966 1004/1320/1004
f 1004/1320/1004 966/1322/966 1006/1337/1006
f 1005/1338/1005 946/1248/946 966/1270/966
f 966/1270/966 908/1196/908 1006/1323/1006
f 946/1248/946 1018/1339/1018 906/1194/906
f 1007/1324/1007 1019/1340/1019 909/1197/909
f 968/1272/968 950/1252/950 1020/1341/1020
f 969/1273/969 1021/1342/1021 949/1251/949
f 1021/1342/1021 970/1274/970 949/1251/949
f 783/1297/783 930/1225/930 1022/1343/1022
f 708/1344/708 740/1259/740 988/1345/988
f 989/1301/989 1023/1346/1023 931/1227/931
f 1023/1346/1023 989/1301/989 975/1283/975
f 757/987/757 1024/1347/1024 729/964/729
f 934/1348/934 1025/1349/1025 806/1350/806
f 933/1232/933 1026/1351/1026 916/1205/916
f 870/1144/870 1027/1352/1027 732/941/732
f 1027/1352/1027 1028/1353/1028 732/941/732
f 976/1284/976 962/1265/962 894/1210/894
f 732/941/732 1028/1353/1028 849/1113/849
f 894/1210/894 962/1265/962 939/1238/939
f 849/1113/849 1028/1353/1028 1014/1332/1014
f 823/1119/823 992/1304/992 974/1282/974
f 745/1354/745 806/1350/806 674/1355/674
f 1029/1356/1029 902/1188/902 979/1289/979
f 940/1241/940 979/1289/979 941/1242/941
f 922/1213/922 1030/1357/1030 980/1290/980
f 922/1214/922 901/1187/901 1030/1358/1030
f 901/1187/901 943/1244/943 1030/1358/1030
f 875/1152/875 1031/1359/1031 942/1243/942
f 923/1216/923 995/1307/995 964/1267/964
f 860/1311/860 1032/1360/1032 924/1361/924
f 879/1156/879 1033/1362/1033 814/1067/814
f 924/1361/924 1034/1363/1034 881/1364/881
f 1016/1334/1016 779/1016/779 904/1191/904
f 814/1067/814 1035/1365/1035 926/1220/926
f 797/1044/797 833/1095/833 1017/1336/1017
f 1001/1317/1001 1004/1320/1004 1036/1366/1036
f 946/1248/946 1005/1338/1005 1002/1367/1002
f 927/1368/927 1019/1369/1019 1007/1370/1007
f 909/1197/909 1019/1340/1019 1008/1325/1008
f 967/1271/967 1037/1371/1037 948/1250/948
f 948/1250/948 1037/1371/1037 969/1273/969
f 970/1274/970 1038/1372/1038 928/1223/928
f 725/930/725 549/686/549 930/1225/930
f 726/932/726 1039/1373/1039 683/872/683
f 886/1165/886 887/1167/887 1040/1374/1040
f 626/1279/626 1041/1375/1041 990/1376/990
f 955/1257/955 1042/1377/1042 1013/1331/1013
f 783/1021/783 1022/1378/1022 836/1099/836
f 931/1227/931 1023/1346/1023 973/1281/973
f 870/1144/870 1013/1331/1013 1027/1352/1027
f 916/1205/916 1026/1351/1026 936/1235/936
f 891/1172/891 1043/1379/1043 1011/1329/1011
f 1026/1351/1026 992/1304/992 993/1305/993
f 936/1235/936 1026/1351/1026 993/1305/993
f 1029/1356/1029 1044/1380/1044 902/1188/902
f 891/1172/891 959/1262/959 1043/1379/1043
f 848/1112/848 982/1293/982 963/1266/963
f 810/1062/810 1045/1381/1045 875/1152/875
f 959/1262/959 982/1292/982 1046/1382/1046
f 875/1152/875 1045/1381/1045 1031/1359/1031
f 880/1158/880 1047/1383/1047 997/1312/997
f 704/902/704 1048/1384/1048 575/718/575
f 904/1191/904 998/1313/998 1049/1385/1049
f 945/1247/945 1050/1386/1050 998/1313/998
f 1017/1336/1017 1051/1387/1051 798/1045/798
f 1002/1318/1002 1001/1317/1001 1052/1388/1052
f 1036/1366/1036 1053/1389/1053 1001/1317/1001
f 1004/1320/1004 1006/1337/1006 1036/1366/1036
f 1002/1367/1002 1018/1339/1018 946/1248/946
f 1054/1390/1054 947/1249/947 968/1272/968
f 1019/1369/1019 927/1368/927 1055/1391/1055
f 1055/1391/1055 1056/1392/1056 1019/1369/1019
f 1008/1325/1008 1057/1393/1057 967/1271/967
f 967/1271/967 1057/1393/1057 1037/1371/1037
f 950/1252/950 971/1275/971 1058/1394/1058
f 1038/1372/1038 971/1275/971 928/1223/928
f 622/782/622 835/1395/835 972/1276/972
f 953/1255/953 1010/1327/1010 1059/1396/1059
f 1010/1327/1010 954/1256/954 1011/1329/1011
f 912/1201/912 990/1302/990 1041/1397/1041
f 1042/1377/1042 1060/1398/1060 1027/1352/1027
f 1027/1352/1027 1060/1398/1060 1061/1399/1061
f 974/1282/974 933/1232/933 892/1231/892
f 1060/1398/1060 1029/1356/1029 1061/1399/1061
f 978/1287/978 975/1283/975 921/1212/921
f 974/1282/974 992/1304/992 1026/1351/1026
f 1029/1356/1029 979/1289/979 1061/1399/1061
f 1014/1332/1014 1061/1399/1061 979/1289/979
f 965/1268/965 902/1188/902 1044/1380/1044
f 980/1290/980 1030/1357/1030 977/1285/977
f 1046/1382/1046 1043/1379/1043 959/1262/959
f 570/710/570 1062/1400/1062 994/1306/994
f 570/710/570 1063/1401/1063 1062/1400/1062
f 1046/1382/1046 1064/1402/1064 1043/1379/1043
f 1031/1403/1031 996/1310/996 942/1309/942
f 570/710/570 944/1245/944 1063/1401/1063
f 1015/1333/1015 1065/1404/1065 832/1094/832
f 547/1129/547 997/1312/997 862/1130/862
f 814/1067/814 1033/1362/1033 1035/1365/1035
f 1048/1384/1048 833/1405/833 575/718/575
f 926/1220/926 1035/1365/1035 1066/1406/1066
f 1066/1407/1066 834/1096/834 926/1316/926
f 1053/1389/1053 1036/1366/1036 1067/1408/1067
f 1002/1367/1002 1068/1409/1068 1018/1339/1018
f 906/1194/906 1018/1339/1018 927/1222/927
f 1054/1390/1054 1006/1323/1006 947/1249/947
f 1055/1391/1055 927/1368/927 1069/1410/1069
f 1070/1411/1070 1055/1412/1055 1069/1413/1069
f 1070/1411/1070 1071/1414/1071 1055/1412/1055
f 1071/1414/1071 1056/1415/1056 1055/1412/1055
f 953/1255/953 1072/1416/1072 952/1254/952
f 1059/1396/1059 1072/1416/1072 953/1255/953
f 973/1328/973 1073/1417/1073 887/1167/887
f 1010/1327/1010 1011/1329/1011 1074/1418/1074
f 951/1253/951 912/1201/912 1075/1419/1075
f 1022/1378/1022 1076/1420/1076 836/1099/836
f 1042/1377/1042 1027/1352/1027 1013/1331/1013
f 836/1099/836 1076/1420/1076 991/1303/991
f 1011/1329/1011 1043/1379/1043 1074/1418/1074
f 1044/1380/1044 1029/1356/1029 1060/1398/1060
f 1023/1346/1023 975/1283/975 1077/1421/1077
f 933/1232/933 974/1282/974 1026/1351/1026
f 1014/1332/1014 1028/1353/1028 1061/1399/1061
f 981/1291/981 964/1267/964 856/1122/856
f 856/1122/856 964/1267/964 995/1307/995
f 1030/1357/1030 943/1422/943 1078/1423/1078
f 1079/1424/1079 1015/1333/1015 965/1268/965
f 1046/1382/1046 1080/1425/1080 1064/1402/1064
f 1046/1382/1046 982/1292/982 1081/1426/1081
f 704/902/704 881/1159/881 1048/1384/1048
f 1001/1317/1001 1053/1389/1053 1052/1388/1052
f 1006/1337/1006 1082/1427/1082 1036/1366/1036
f 1056/1415/1056 1083/1428/1083 1084/1429/1084
f 1056/1392/1056 1084/1430/1084 1019/1369/1019
f 969/1273/969 1085/1431/1085 1086/1432/1086
f 1086/1432/1086 1021/1342/1021 969/1273/969
f 1021/1342/1021 1038/1372/1038 970/1274/970
f 955/1257/955 1087/1433/1087 1042/1377/1042
f 1060/1434/1060 1042/1435/1042 1087/1436/1087
f 1041/1397/1041 1075/1419/1075 912/1201/912
f 932/1229/932 914/1203/914 786/1103/786
f 1023/1346/1023 1077/1421/1077 973/1281/973
f 1028/1353/1028 1027/1352/1027 1061/1399/1061
f 1088/1437/1088 674/1355/674 806/1350/806
f 1044/1380/1044 1089/1438/1089 965/1268/965
f 965/1268/965 1089/1438/1089 1079/1424/1079
f 1078/1439/1078 964/1267/964 981/1291/981
f 810/1062/810 983/1294/983 1045/1381/1045
f 1030/1357/1030 1078/1423/1078 977/1285/977
f 848/1112/848 1063/1401/1063 982/1293/982
f 1043/1379/1043 1064/1402/1064 1090/1440/1090
f 1063/1401/1063 944/1245/944 1091/1441/1091
f 879/1156/879 985/1296/985 1033/1362/1033
f 880/1158/880 925/1219/925 1047/1383/1047
f 1016/1334/1016 904/1191/904 1049/1385/1049
f 834/1096/834 1092/1442/1092 999/1314/999
f 1093/1443/1093 1094/1444/1094 1052/1445/1052
f 1093/1443/1093 1052/1445/1052 1053/1446/1053
f 1002/1367/1002 1095/1447/1095 1068/1409/1068
f 927/1222/927 1018/1339/1018 1096/1448/1096
f 1006/1337/1006 1054/1449/1054 1082/1427/1082
f 1097/1450/1097 1008/1325/1008 1019/1340/1019
f 749/974/749 799/1047/799 986/1298/986
f 987/1299/987 1098/1451/1098 626/1279/626
f 784/1278/784 952/1452/952 987/1299/987
f 683/872/683 1087/1433/1087 955/1257/955
f 1060/1434/1060 1087/1436/1087 1099/1453/1099
f 951/1253/951 1075/1419/1075 1100/1454/1100
f 961/1264/961 914/1203/914 1101/1455/1101
f 1025/1349/1025 1088/1437/1088 806/1350/806
f 1090/1440/1090 1074/1418/1074 1043/1379/1043
f 994/1306/994 1063/1401/1063 848/1112/848
f 1062/1400/1062 1063/1401/1063 994/1306/994
f 1078/1423/1078 943/1422/943 964/1456/964
f 1064/1402/1064 1102/1457/1102 1090/1440/1090
f 1064/1402/1064 1080/1425/1080 1102/1457/1102
f 831/1093/831 1016/1334/1016 792/1092/792
f 1081/1426/1081 1103/1458/1103 1046/1382/1046
f 1046/1382/1046 1103/1458/1103 1080/1425/1080
f 924/1361/924 1032/1360/1032 1034/1363/1034
f 1048/1459/1048 1104/1460/1104 833/1095/833
f 1066/1407/1066 1105/1461/1105 834/1096/834
f 1092/1442/1092 1106/1462/1106 999/1314/999
f 1036/1366/1036 1107/1463/1107 1067/1408/1067
f 1068/1409/1068 1096/1448/1096 1018/1339/1018
f 1036/1366/1036 1082/1427/1082 1108/1464/1108
f 1054/1449/1054 1109/1465/1109 1082/1427/1082
f 1069/1413/1069 927/1466/927 1110/1467/1110
f 1071/1414/1071 1111/1468/1111 1056/1415/1056
f 1019/1340/1019 1084/1469/1084 1097/1450/1097
f 1037/1371/1037 1112/1470/1112 969/1273/969
f 1112/1470/1112 1085/1431/1085 969/1273/969
f 835/1226/835 886/1165/886 1040/1374/1040
f 1113/1471/1113 887/1167/887 1073/1417/1073
f 1044/1472/1044 1060/1434/1060 1114/1473/1114
f 1090/1440/1090 1115/1474/1115 1074/1418/1074
f 1065/1404/1065 985/1296/985 832/1094/832
f 1116/1475/1116 944/1245/944 905/1192/905
f 1117/1476/1117 925/1335/925 1000/1315/1000
f 1050/1386/1050 945/1247/945 862/1246/862
f 1118/1477/1118 1066/1406/1066 1035/1365/1035
f 1066/1407/1066 1119/1478/1119 1105/1461/1105
f 882/1161/882 905/1192/905 657/838/657
f 1002/1367/1002 1120/1479/1120 1095/1447/1095
f 1121/1480/1121 1082/1427/1082 1109/1465/1109
f 1110/1467/1110 1070/1411/1070 1069/1413/1069
f 968/1272/968 1122/1481/1122 1054/1390/1054
f 1070/1411/1070 1110/1467/1110 1071/1414/1071
f 1122/1481/1122 968/1272/968 1020/1341/1020
f 1057/1393/1057 1123/1482/1123 1037/1371/1037
f 971/1483/971 1124/1484/1124 1058/1485/1058
f 1038/1372/1038 1125/1486/1125 971/1275/971
f 971/1483/971 1125/1487/1125 1126/1488/1126
f 1040/1374/1040 887/1167/887 1113/1471/1113
f 1010/1327/1010 1127/1489/1127 1059/1396/1059
f 683/872/683 1039/1373/1039 1087/1433/1087
f 1114/1473/1114 1060/1434/1060 1128/1490/1128
f 1128/1490/1128 1060/1434/1060 1099/1453/1099
f 757/987/757 958/1261/958 1129/1491/1129
f 977/1285/977 1130/1492/1130 958/1261/958
f 1088/1493/1088 1131/1494/1131 674/1495/674
f 1045/1381/1045 1132/1496/1132 1031/1359/1031
f 1133/1497/1133 1015/1333/1015 1079/1424/1079
f 1080/1425/1080 1103/1458/1103 1102/1457/1102
f 982/1292/982 1134/1498/1134 1081/1426/1081
f 1118/1477/1118 1035/1365/1035 1135/1499/1135
f 1118/1500/1118 1119/1478/1119 1066/1407/1066
f 834/1096/834 1105/1461/1105 1092/1442/1092
f 1051/1501/1051 882/1161/882 798/1046/798
f 1136/1502/1136 1093/1443/1093 1137/1503/1137
f 1136/1502/1136 1094/1444/1094 1093/1443/1093
f 1036/1366/1036 1108/1464/1108 1107/1463/1107
f 1138/1504/1138 1110/1467/1110 927/1466/927
f 1111/1468/1111 1083/1428/1083 1056/1415/1056
f 1097/1450/1097 1057/1393/1057 1008/1325/1008
f 1037/1371/1037 1123/1482/1123 1112/1470/1112
f 1086/1432/1086 1139/1505/1139 1021/1342/1021
f 950/1252/950 1058/1394/1058 1140/1506/1140
f 1038/1372/1038 1141/1507/1141 1125/1486/1125
f 1072/1416/1072 1142/1508/1142 952/1254/952
f 740/1259/740 956/1258/956 988/1345/988
f 1010/1327/1010 1143/1509/1143 1127/1489/1127
f 1010/1327/1010 1074/1418/1074 1143/1509/1143
f 991/1303/991 1076/1420/1076 1012/1330/1012
f 983/1510/983 1144/1511/1144 1045/1512/1045
f 1145/1513/1145 1133/1514/1133 1079/1515/1079
f 1063/1401/1063 1146/1516/1146 982/1293/982
f 1090/1440/1090 1102/1457/1102 1147/1517/1147
f 1032/1360/1032 1148/1518/1148 1034/1363/1034
f 1116/1475/1116 905/1192/905 1149/1519/1149
f 1000/1315/1000 999/1314/999 1106/1462/1106
f 1067/1408/1067 1150/1520/1150 1053/1389/1053
f 1052/1445/1052 1120/1521/1120 1002/1522/1002
f 927/1523/927 1096/1524/1096 1138/1525/1138
f 1082/1427/1082 1121/1480/1121 1108/1464/1108
f 1121/1480/1121 1151/1526/1151 1108/1464/1108
f 1121/1480/1121 1109/1465/1109 1151/1526/1151
f 950/1252/950 1140/1506/1140 1020/1341/1020
f 1124/1527/1124 1152/1528/1152 1058/1529/1058
f 911/1200/911 930/1225/930 549/686/549
f 726/932/726 986/1298/986 1153/1530/1153
f 799/1047/799 1154/1531/1154 986/1298/986
f 799/1047/799 1009/1326/1009 1154/1531/1154
f 726/932/726 1153/1530/1153 1155/1532/1155
f 1127/1489/1127 1072/1416/1072 1059/1396/1059
f 1114/1473/1114 1128/1490/1128 1156/1533/1156
f 1128/1490/1128 1099/1453/1099 1157/1534/1157
f 674/1495/674 1131/1494/1131 695/1535/695
f 977/1285/977 1078/1423/1078 1130/1492/1130
f 1045/1381/1045 1144/1536/1144 1132/1496/1132
f 1115/1474/1115 1090/1440/1090 1158/1537/1158
f 996/1310/996 1032/1360/1032 860/1311/860
f 1065/1404/1065 1159/1538/1159 985/1296/985
f 1033/1362/1033 985/1296/985 1135/1499/1135
f 1116/1475/1116 1149/1519/1149 944/1245/944
f 1081/1426/1081 1134/1498/1134 1103/1458/1103
f 1033/1362/1033 1135/1499/1135 1035/1365/1035
f 862/1246/862 1160/1539/1160 1050/1386/1050
f 1161/1540/1161 1105/1461/1105 1119/1478/1119
f 1107/1463/1107 1162/1541/1162 1067/1408/1067
f 1083/1428/1083 1111/1468/1111 1084/1429/1084
f 1163/1542/1163 1139/1505/1139 1086/1432/1086
f 1139/1505/1139 1038/1372/1038 1021/1342/1021
f 1125/1486/1125 1141/1507/1141 1164/1543/1164
f 1126/1488/1126 1165/1544/1165 971/1483/971
f 1166/1545/1166 1022/1343/1022 930/1225/930
f 1156/1533/1156 1128/1490/1128 1157/1534/1157
f 1041/1375/1041 626/1279/626 1098/1451/1098
f 1072/1416/1072 1127/1489/1127 1167/1546/1167
f 1156/1533/1156 1168/1547/1168 1114/1473/1114
f 1168/1547/1168 1044/1472/1044 1114/1473/1114
f 1089/1438/1089 1044/1380/1044 1168/1548/1168
f 1143/1509/1143 1074/1418/1074 1169/1549/1169
f 729/1550/729 1170/1551/1170 934/1348/934
f 1129/1491/1129 1024/1347/1024 757/987/757
f 1171/1552/1171 1076/1420/1076 1022/1378/1022
f 1172/1553/1172 1076/1420/1076 1171/1552/1171
f 1172/1553/1172 1012/1330/1012 1076/1420/1076
f 1169/1549/1169 1074/1418/1074 1115/1474/1115
f 981/1291/981 961/1264/961 1101/1455/1101
f 983/1510/983 695/1535/695 1131/1494/1131
f 1173/1554/1173 1115/1474/1115 1158/1537/1158
f 1174/1555/1174 1078/1439/1078 981/1291/981
f 982/1293/982 1146/1516/1146 1175/1556/1175
f 1176/1557/1176 1065/1404/1065 1015/1333/1015
f 1177/1558/1177 998/1313/998 1050/1386/1050
f 1104/1460/1104 1017/1336/1017 833/1095/833
f 1150/1520/1150 1093/1559/1093 1053/1389/1053
f 1094/1444/1094 1120/1521/1120 1052/1445/1052
f 1178/1560/1178 1096/1448/1096 1068/1409/1068
f 1179/1561/1179 1138/1504/1138 1096/1562/1096
f 1108/1464/1108 1151/1526/1151 1180/1563/1180
f 1109/1465/1109 1054/1449/1054 1181/1564/1181
f 1109/1465/1109 1180/1563/1180 1151/1526/1151
f 1180/1563/1180 1109/1465/1109 1182/1565/1182
f 1097/1450/1097 1123/1482/1123 1057/1393/1057
f 1163/1542/1163 1085/1431/1085 1112/1470/1112
f 1139/1505/1139 1183/1566/1183 1038/1372/1038
f 1183/1566/1183 1141/1507/1141 1038/1372/1038
f 1125/1487/1125 1165/1544/1165 1126/1488/1126
f 952/1452/952 1142/1567/1142 987/1299/987
f 951/1253/951 1184/1568/1184 911/1200/911
f 1072/1416/1072 1185/1569/1185 1142/1508/1142
f 1127/1489/1127 1143/1509/1143 1167/1546/1167
f 1087/1436/1087 1039/1570/1039 1099/1453/1099
f 1073/1417/1073 973/1328/973 1186/1571/1186
f 1187/1572/1187 1075/1419/1075 1041/1397/1041
f 934/1348/934 1170/1551/1170 1025/1349/1025
f 1188/1573/1188 1088/1437/1088 1025/1349/1025
f 958/1261/958 1130/1492/1130 1129/1491/1129
f 1089/1438/1089 1189/1574/1189 1079/1424/1079
f 1189/1575/1189 1145/1513/1145 1079/1515/1079
f 809/1061/809 792/1034/792 1190/1576/1190
f 1158/1537/1158 1090/1440/1090 1147/1517/1147
f 1063/1401/1063 1091/1441/1091 1146/1516/1146
f 944/1245/944 1149/1519/1149 1091/1441/1091
f 1047/1383/1047 862/1130/862 997/1312/997
f 1034/1363/1034 1191/1577/1191 881/1364/881
f 1191/1577/1191 1048/1578/1048 881/1364/881
f 1192/1579/1192 1120/1580/1120 1094/1581/1094
f 1150/1520/1150 1067/1408/1067 1162/1541/1162
f 1120/1582/1120 1193/1583/1193 1095/1584/1095
f 1095/1447/1095 1178/1560/1178 1068/1409/1068
f 1054/1585/1054 1122/1586/1122 1194/1587/1194
f 1163/1542/1163 1086/1432/1086 1085/1431/1085
f 1195/1588/1195 1139/1505/1139 1163/1542/1163
f 1058/1529/1058 1196/1589/1196 1140/1590/1140
f 1164/1591/1164 1197/1592/1197 1125/1487/1125
f 971/1483/971 1198/1593/1198 1124/1484/1124
f 1125/1487/1125 1197/1592/1197 1165/1544/1165
f 726/932/726 1155/1532/1155 1039/1373/1039
f 1113/1471/1113 1073/1417/1073 1199/1594/1199
f 1073/1417/1073 1186/1571/1186 1199/1594/1199
f 1143/1509/1143 1200/1595/1200 1167/1546/1167
f 1025/1349/1025 1201/1596/1201 1188/1573/1188
f 1169/1549/1169 1115/1474/1115 1173/1554/1173
f 1202/1597/1202 1203/1598/1203 981/1291/981
f 1204/1599/1204 1144/1511/1144 1205/1600/1205
f 1158/1537/1158 1147/1517/1147 1206/1601/1206
f 985/1602/985 1207/1603/1207 1135/1604/1135
f 998/1313/998 1177/1558/1177 1049/1385/1049
f 1105/1461/1105 1208/1605/1208 1092/1442/1092
f 1093/1443/1093 1209/1606/1209 1137/1503/1137
f 1094/1581/1094 1137/1607/1137 1210/1608/1210
f 1136/1502/1136 1137/1503/1137 1094/1444/1094
f 1108/1464/1108 1180/1563/1180 1211/1609/1211
f 1054/1585/1054 1194/1587/1194 1181/1610/1181
f 1109/1465/1109 1212/1611/1212 1182/1565/1182
f 1180/1563/1180 1182/1565/1182 1213/1612/1213
f 1212/1611/1212 1213/1612/1213 1182/1565/1182
f 1123/1482/1123 1163/1542/1163 1112/1470/1112
f 1214/1613/1214 1195/1614/1195 1163/1615/1163
f 1195/1588/1195 1215/1616/1215 1139/1505/1139
f 1215/1616/1215 1183/1566/1183 1139/1505/1139
f 1216/1617/1216 1217/1618/1217 835/1226/835
f 1157/1534/1157 1218/1619/1218 1156/1533/1156
f 835/1395/835 1217/1620/1217 972/1276/972
f 1072/1416/1072 1167/1546/1167 1219/1621/1219
f 1219/1621/1219 1220/1622/1220 1072/1416/1072
f 1099/1453/1099 1221/1623/1221 1157/1534/1157
f 1143/1509/1143 1169/1549/1169 1200/1595/1200
f 1100/1454/1100 1075/1419/1075 1187/1572/1187
f 914/1203/914 932/1229/932 1101/1455/1101
f 1205/1600/1205 1222/1624/1222 1204/1599/1204
f 1205/1600/1205 1223/1625/1223 1222/1624/1222
f 1205/1600/1205 1224/1626/1224 1223/1625/1223
f 1144/1511/1144 1225/1627/1225 1205/1600/1205
f 1224/1626/1224 1205/1600/1205 1225/1627/1225
f 1144/1511/1144 983/1510/983 1225/1627/1225
f 1173/1554/1173 1158/1537/1158 1206/1601/1206
f 1226/1628/1226 1031/1629/1031 1132/1630/1132
f 1227/1631/1227 1147/1517/1147 1102/1457/1102
f 1228/1632/1228 1065/1404/1065 1176/1557/1176
f 1229/1633/1229 792/1092/792 1016/1334/1016
f 1230/1634/1230 1227/1631/1227 1103/1458/1103
f 1227/1631/1227 1102/1457/1102 1103/1458/1103
f 1230/1634/1230 1103/1458/1103 1134/1498/1134
f 1118/1635/1118 1135/1604/1135 1231/1636/1231
f 1118/1635/1118 1232/1637/1232 1119/1638/1119
f 1161/1639/1161 1119/1638/1119 1232/1637/1232
f 1233/1640/1233 1234/1641/1234 1050/1642/1050
f 1000/1315/1000 1106/1462/1106 1117/1476/1117
f 1208/1605/1208 1106/1462/1106 1092/1442/1092
f 1051/1387/1051 1017/1336/1017 1235/1643/1235
f 1236/1644/1236 1237/1645/1237 1051/1387/1051
f 1238/1646/1238 882/1161/882 1051/1501/1051
f 1239/1647/1239 1093/1559/1093 1150/1520/1150
f 1192/1579/1192 1094/1581/1094 1210/1608/1210
f 1240/1648/1240 1095/1584/1095 1193/1583/1193
f 1211/1609/1211 1180/1563/1180 1241/1649/1241
f 1242/1650/1242 1243/1651/1243 1109/1465/1109
f 1109/1465/1109 1243/1651/1243 1212/1611/1212
f 1180/1563/1180 1213/1612/1213 1241/1649/1241
f 1241/1649/1241 1213/1612/1213 1212/1611/1212
f 1244/1652/1244 1122/1586/1122 1020/1653/1020
f 1245/1654/1245 1084/1429/1084 1111/1468/1111
f 1246/1655/1246 1123/1482/1123 1097/1450/1097
f 1214/1656/1214 1163/1542/1163 1123/1482/1123
f 1247/1657/1247 1248/1658/1248 1195/1614/1195
f 1247/1657/1247 1195/1614/1195 1214/1613/1214
f 1195/1614/1195 1248/1658/1248 1215/1659/1215
f 1183/1566/1183 1249/1660/1249 1141/1507/1141
f 1152/1528/1152 1124/1527/1124 1198/1661/1198
f 1249/1660/1249 1250/1662/1250 1141/1507/1141
f 1197/1592/1197 1164/1591/1164 1141/1663/1141
f 971/1483/971 1165/1544/1165 1198/1593/1198
f 835/1226/835 1040/1374/1040 1216/1617/1216
f 1251/1664/1251 1156/1533/1156 1218/1619/1218
f 1153/1530/1153 986/1298/986 1252/1665/1252
f 1252/1665/1252 1154/1531/1154 1009/1326/1009
f 1252/1665/1252 986/1298/986 1154/1531/1154
f 1217/1620/1217 1009/1326/1009 972/1276/972
f 1100/1454/1100 1184/1568/1184 951/1253/951
f 729/1550/729 1253/1666/1253 1170/1551/1170
f 1170/1551/1170 1201/1596/1201 1025/1349/1025
f 1201/1596/1201 1254/1667/1254 1188/1573/1188
f 1222/1624/1222 1255/1668/1255 1204/1599/1204
f 1188/1573/1188 1254/1667/1254 1256/1669/1256
f 1101/1455/1101 1202/1597/1202 981/1291/981
f 1188/1573/1188 1256/1669/1256 1088/1437/1088
f 1225/1627/1225 983/1510/983 1224/1626/1224
f 1130/1492/1130 1078/1423/1078 1257/1670/1257
f 1174/1555/1174 1257/1671/1257 1078/1439/1078
f 982/1292/982 1258/1672/1258 1134/1498/1134
f 1049/1385/1049 1229/1633/1229 1016/1334/1016
f 1161/1540/1161 1208/1605/1208 1105/1461/1105
f 1048/1459/1048 1259/1673/1259 1104/1460/1104
f 1117/1476/1117 1106/1462/1106 1260/1674/1260
f 1104/1460/1104 1235/1643/1235 1017/1336/1017
f 1235/1643/1235 1236/1644/1236 1051/1387/1051
f 1051/1387/1051 1237/1645/1237 1238/1675/1238
f 1209/1676/1209 1093/1677/1093 1239/1678/1239
f 1239/1647/1239 1150/1520/1150 1162/1541/1162
f 1178/1560/1178 1095/1447/1095 1240/1679/1240
f 1096/1448/1096 1261/1680/1261 1179/1681/1179
f 1178/1560/1178 1261/1680/1261 1096/1448/1096
f 1108/1464/1108 1211/1609/1211 1107/1463/1107
f 1241/1649/1241 1262/1682/1262 1211/1609/1211
f 1211/1609/1211 1262/1682/1262 1212/1611/1212
f 1241/1649/1241 1212/1611/1212 1262/1682/1262
f 1211/1609/1211 1212/1611/1212 1263/1683/1263
f 1243/1651/1243 1264/1684/1264 1212/1611/1212
f 1122/1586/1122 1244/1652/1244 1194/1587/1194
f 1212/1611/1212 1264/1684/1264 1263/1683/1263
f 1245/1685/1245 1246/1686/1246 1084/1687/1084
f 1084/1469/1084 1246/1655/1246 1097/1450/1097
f 1215/1616/1215 1249/1660/1249 1183/1566/1183
f 1152/1528/1152 1198/1661/1198 1265/1688/1265
f 1153/1530/1153 1266/1689/1266 1155/1532/1155
f 1168/1547/1168 1156/1533/1156 1251/1664/1251
f 1157/1534/1157 1267/1690/1267 1218/1619/1218
f 1217/1620/1217 1268/1691/1268 1009/1326/1009
f 1098/1451/1098 1269/1692/1269 1041/1375/1041
f 1167/1546/1167 1270/1693/1270 1219/1621/1219
f 1219/1621/1219 1270/1693/1270 1220/1622/1220
f 1157/1534/1157 1221/1623/1221 1267/1690/1267
f 1072/1416/1072 1220/1622/1220 1185/1569/1185
f 1099/1453/1099 1039/1570/1039 1221/1623/1221
f 1024/1694/1024 1253/1695/1253 729/1696/729
f 1172/1553/1172 1271/1697/1271 1012/1330/1012
f 975/1283/975 1272/1698/1272 1077/1421/1077
f 1130/1492/1130 1273/1699/1273 1129/1491/1129
f 1204/1599/1204 1274/1700/1274 1144/1511/1144
f 1131/1494/1131 1088/1493/1088 1224/1626/1224
f 1131/1494/1131 1224/1626/1224 983/1510/983
f 1203/1598/1203 1174/1555/1174 981/1291/981
f 1147/1517/1147 1227/1631/1227 1206/1601/1206
f 1031/1403/1031 1226/1701/1226 996/1310/996
f 1145/1513/1145 1275/1702/1275 1133/1514/1133
f 1091/1441/1091 1175/1556/1175 1146/1516/1146
f 982/1293/982 1175/1556/1175 1258/1703/1258
f 1258/1672/1258 1276/1704/1276 1134/1498/1134
f 1276/1704/1276 1230/1634/1230 1134/1498/1134
f 1118/1635/1118 1231/1636/1231 1232/1637/1232
f 1050/1642/1050 1160/1705/1160 1233/1640/1233
f 1050/1642/1050 1234/1641/1234 1177/1706/1177
f 882/1161/882 1277/1707/1277 905/1192/905
f 1278/1708/1278 1120/1709/1120 1192/1710/1192
f 1110/1467/1110 1138/1504/1138 1279/1711/1279
f 1181/1564/1181 1242/1650/1242 1109/1465/1109
f 1211/1609/1211 1263/1683/1263 1280/1712/1280
f 1242/1650/1242 1281/1713/1281 1243/1651/1243
f 1110/1467/1110 1282/1714/1282 1071/1414/1071
f 1264/1684/1264 1280/1712/1280 1263/1683/1263
f 1243/1651/1243 1280/1712/1280 1264/1684/1264
f 1281/1713/1281 1283/1715/1283 1243/1651/1243
f 1280/1716/1280 1243/1717/1243 1284/1718/1284
f 1283/1719/1283 1285/1720/1285 1243/1717/1243
f 1243/1717/1243 1285/1720/1285 1284/1718/1284
f 1283/1719/1283 1286/1721/1286 1285/1720/1285
f 1284/1718/1284 1285/1720/1285 1286/1721/1286
f 1214/1613/1214 1123/1722/1123 1287/1723/1287
f 1288/1724/1288 1214/1613/1214 1287/1723/1287
f 1289/1725/1289 1290/1726/1290 1249/1727/1249
f 1249/1727/1249 1290/1726/1290 1291/1728/1291
f 1249/1729/1249 1291/1730/1291 1250/1731/1250
f 1141/1663/1141 1250/1731/1250 1197/1592/1197
f 1250/1731/1250 1292/1732/1292 1197/1592/1197
f 1165/1544/1165 1293/1733/1293 1294/1734/1294
f 1142/1567/1142 1295/1735/1295 987/1299/987
f 1009/1326/1009 1268/1691/1268 1252/1665/1252
f 1185/1569/1185 1220/1622/1220 1296/1736/1296
f 1200/1595/1200 1297/1737/1297 1167/1546/1167
f 1200/1595/1200 1169/1549/1169 1297/1737/1297
f 1169/1549/1169 1173/1554/1173 1297/1737/1297
f 1255/1668/1255 1274/1700/1274 1204/1599/1204
f 1130/1738/1130 1298/1739/1298 1273/1740/1273
f 1274/1700/1274 1132/1630/1132 1144/1511/1144
f 1065/1404/1065 1228/1632/1228 1159/1538/1159
f 985/1602/985 1159/1741/1159 1207/1603/1207
f 1193/1742/1193 1120/1709/1120 1278/1708/1278
f 1107/1463/1107 1211/1609/1211 1299/1743/1299
f 1299/1743/1299 1211/1609/1211 1300/1744/1300
f 1300/1744/1300 1211/1609/1211 1280/1712/1280
f 1301/1745/1301 1281/1713/1281 1242/1650/1242
f 1280/1716/1280 1284/1718/1284 1300/1746/1300
f 1281/1713/1281 1301/1745/1301 1283/1715/1283
f 1302/1747/1302 1283/1719/1283 1301/1748/1301
f 1284/1718/1284 1303/1749/1303 1300/1746/1300
f 1287/1723/1287 1246/1686/1246 1245/1685/1245
f 1302/1747/1302 1303/1749/1303 1283/1719/1283
f 1284/1718/1284 1286/1721/1286 1303/1749/1303
f 1287/1723/1287 1123/1722/1123 1246/1686/1246
f 1283/1719/1283 1303/1749/1303 1286/1721/1286
f 1244/1750/1244 1020/1751/1020 1304/1752/1304
f 1305/1753/1305 1249/1754/1249 1215/1659/1215
f 1306/1755/1306 1307/1756/1307 1249/1754/1249
f 1196/1589/1196 1058/1529/1058 1152/1528/1152
f 1307/1756/1307 1289/1757/1289 1249/1754/1249
f 1152/1528/1152 1265/1688/1265 1196/1589/1196
f 1290/1758/1290 1308/1759/1308 1291/1730/1291
f 1113/1471/1113 1216/1617/1216 1040/1374/1040
f 1266/1689/1266 1153/1530/1153 1252/1665/1252
f 1142/1508/1142 1185/1569/1185 1309/1760/1309
f 1310/1761/1310 1167/1546/1167 1297/1737/1297
f 1311/1762/1311 1089/1763/1089 1168/1547/1168
f 1189/1575/1189 1089/1763/1089 1311/1762/1311
f 1312/1764/1312 1024/1694/1024 1129/1765/1129
f 1254/1667/1254 1201/1596/1201 1313/1766/1313
f 1312/1764/1312 1129/1765/1129 1273/1740/1273
f 1314/1767/1314 1222/1624/1222 1223/1625/1223
f 1314/1767/1314 1255/1668/1255 1222/1624/1222
f 1255/1668/1255 1273/1740/1273 1274/1700/1274
f 1273/1740/1273 1298/1739/1298 1274/1700/1274
f 1274/1700/1274 1226/1628/1226 1132/1630/1132
f 1315/1768/1315 1206/1769/1206 1227/1770/1227
f 1316/1771/1316 1032/1360/1032 996/1310/996
f 1317/1772/1317 1015/1773/1015 1133/1514/1133
f 1317/1772/1317 1176/1774/1176 1015/1773/1015
f 1318/1775/1318 1227/1770/1227 1230/1776/1230
f 1231/1636/1231 1135/1604/1135 1319/1777/1319
f 1047/1778/1047 925/1335/925 1117/1476/1117
f 1320/1779/1320 1191/1577/1191 1034/1363/1034
f 1321/1780/1321 1322/1781/1322 1233/1640/1233
f 1233/1640/1233 1322/1781/1322 1234/1641/1234
f 1235/1643/1235 1323/1782/1323 1236/1644/1236
f 1236/1644/1236 1323/1782/1323 1237/1645/1237
f 1239/1647/1239 1324/1783/1324 1209/1784/1209
f 1210/1785/1210 1278/1708/1278 1192/1710/1192
f 1299/1786/1299 1325/1787/1325 1326/1788/1326
f 1325/1787/1325 1181/1610/1181 1194/1587/1194
f 1299/1786/1299 1327/1789/1327 1325/1787/1325
f 1325/1787/1325 1327/1789/1327 1242/1790/1242
f 1325/1787/1325 1242/1790/1242 1181/1610/1181
f 1299/1786/1299 1300/1746/1300 1327/1789/1327
f 1110/1467/1110 1279/1711/1279 1282/1714/1282
f 1300/1746/1300 1303/1749/1303 1327/1789/1327
f 1327/1789/1327 1303/1749/1303 1242/1790/1242
f 1242/1790/1242 1303/1749/1303 1301/1748/1301
f 1301/1748/1301 1303/1749/1303 1302/1747/1302
f 1247/1657/1247 1214/1613/1214 1288/1724/1288
f 1248/1658/1248 1305/1753/1305 1215/1659/1215
f 1289/1725/1289 1328/1791/1328 1329/1792/1329
f 1197/1592/1197 1292/1732/1292 1330/1793/1330
f 1197/1592/1197 1293/1733/1293 1165/1544/1165
f 1328/1794/1328 1331/1795/1331 1329/1796/1329
f 1332/1797/1332 1333/1798/1333 1328/1799/1328
f 1333/1798/1333 1334/1800/1334 1328/1799/1328
f 1294/1734/1294 1198/1593/1198 1165/1544/1165
f 1334/1801/1334 1331/1795/1331 1328/1794/1328
f 1218/1619/1218 1267/1690/1267 1335/1802/1335
f 1295/1735/1295 1098/1451/1098 987/1299/987
f 1270/1693/1270 1167/1546/1167 1310/1761/1310
f 1309/1760/1309 1185/1569/1185 1296/1736/1296
f 1012/1330/1012 1271/1697/1271 1336/1803/1336
f 1312/1764/1312 1273/1740/1273 1337/1804/1337
f 1273/1740/1273 1255/1668/1255 1337/1804/1337
f 1337/1804/1337 1255/1668/1255 1314/1767/1314
f 1173/1554/1173 1206/1601/1206 1315/1805/1315
f 1256/1806/1256 1224/1626/1224 1088/1493/1088
f 1315/1768/1315 1227/1770/1227 1318/1775/1318
f 1275/1702/1275 1317/1772/1317 1133/1514/1133
f 1190/1576/1190 792/1034/792 1338/1807/1338
f 1339/1808/1339 1148/1518/1148 1032/1360/1032
f 1340/1809/1340 1232/1637/1232 1231/1636/1231
f 1341/1810/1341 1160/1811/1160 862/1812/862
f 1340/1809/1340 1161/1639/1161 1232/1637/1232
f 1148/1518/1148 1320/1779/1320 1034/1363/1034
f 1233/1640/1233 1160/1705/1160 1321/1780/1321
f 905/1192/905 1277/1707/1277 1149/1519/1149
f 1117/1476/1117 1260/1674/1260 1342/1813/1342
f 1177/1706/1177 1234/1641/1234 1343/1814/1343
f 1177/1706/1177 1343/1814/1343 1344/1815/1344
f 1344/1815/1344 1343/1814/1343 1345/1816/1345
f 1208/1605/1208 1260/1674/1260 1106/1462/1106
f 1177/1706/1177 1344/1815/1344 1346/1817/1346
f 1238/1646/1238 1347/1818/1347 882/1161/882
f 1137/1819/1137 1348/1820/1348 1210/1785/1210
f 1162/1541/1162 1349/1821/1349 1239/1647/1239
f 1162/1541/1162 1107/1463/1107 1350/1822/1350
f 1350/1822/1350 1107/1463/1107 1299/1743/1299
f 1240/1679/1240 1261/1680/1261 1178/1560/1178
f 1326/1788/1326 1325/1787/1325 1351/1823/1351
f 1325/1787/1325 1194/1587/1194 1352/1824/1352
f 1138/1504/1138 1353/1825/1353 1279/1711/1279
f 1071/1414/1071 1282/1714/1282 1111/1468/1111
f 1249/1754/1249 1305/1753/1305 1306/1755/1306
f 1289/1725/1289 1329/1792/1329 1290/1726/1290
f 1354/1826/1354 1332/1797/1332 1328/1799/1328
f 1331/1827/1331 1355/1828/1355 1329/1829/1329
f 1334/1830/1334 1356/1831/1356 1331/1827/1331
f 1357/1832/1357 1334/1830/1334 1333/1833/1333
f 1218/1619/1218 1358/1834/1358 1251/1664/1251
f 1267/1690/1267 1221/1623/1221 1335/1802/1335
f 1251/1664/1251 1359/1835/1359 1168/1547/1168
f 1039/1373/1039 1155/1532/1155 1360/1836/1360
f 956/1258/956 1336/1803/1336 988/1345/988
f 1041/1375/1041 1361/1837/1361 1187/1838/1187
f 1022/1343/1022 1166/1545/1166 1171/1839/1171
f 1362/1840/1362 1296/1736/1296 1220/1622/1220
f 1187/1572/1187 1363/1841/1363 1100/1454/1100
f 1173/1554/1173 1315/1805/1315 1297/1737/1297
f 1254/1667/1254 1364/1842/1364 1256/1669/1256
f 1130/1492/1130 1257/1670/1257 1298/1843/1298
f 1189/1575/1189 1275/1702/1275 1145/1513/1145
f 1229/1844/1229 1338/1807/1338 792/1034/792
f 862/1130/862 1047/1383/1047 1341/1845/1341
f 1365/1846/1365 1321/1780/1321 1160/1705/1160
f 1366/1847/1366 1208/1605/1208 1161/1540/1161
f 1367/1848/1367 1321/1780/1321 1365/1846/1365
f 1049/1385/1049 1368/1849/1368 1229/1633/1229
f 1367/1848/1367 1322/1781/1322 1321/1780/1321
f 1260/1674/1260 1208/1605/1208 1369/1850/1369
f 1177/1851/1177 1346/1852/1346 1049/1853/1049
f 1235/1643/1235 1370/1854/1370 1323/1782/1323
f 1370/1855/1370 1299/1786/1299 1326/1788/1326
f 1371/1856/1371 1240/1857/1240 1193/1742/1193
f 1372/1858/1372 1138/1504/1138 1179/1561/1179
f 1240/1857/1240 1179/1561/1179 1261/1859/1261
f 1194/1587/1194 1244/1652/1244 1373/1860/1373
f 1247/1657/1247 1288/1724/1288 1374/1861/1374
f 1375/1862/1375 1248/1658/1248 1247/1657/1247
f 1376/1863/1376 1248/1658/1248 1375/1862/1375
f 1304/1752/1304 1020/1751/1020 1377/1864/1377
f 1140/1865/1140 1377/1864/1377 1020/1751/1020
f 1378/1866/1378 1328/1799/1328 1289/1757/1289
f 1330/1793/1330 1293/1733/1293 1197/1592/1197
f 1379/1867/1379 1329/1829/1329 1355/1828/1355
f 1331/1827/1331 1356/1831/1356 1355/1828/1355
f 1293/1868/1293 1380/1869/1380 1294/1870/1294
f 1333/1798/1333 1381/1871/1381 1357/1872/1357
f 1382/1873/1382 1198/1874/1198 1294/1870/1294
f 1383/1875/1383 1217/1618/1217 1216/1617/1216
f 1358/1834/1358 1218/1619/1218 1335/1802/1335
f 1384/1876/1384 1155/1532/1155 1266/1689/1266
f 1385/1877/1385 1252/1665/1252 1268/1691/1268
f 1359/1835/1359 1386/1878/1386 1168/1547/1168
f 1295/1735/1295 1142/1567/1142 1387/1879/1387
f 1269/1692/1269 1361/1837/1361 1041/1375/1041
f 1388/1880/1388 1171/1839/1171 1166/1545/1166
f 1220/1622/1220 1270/1693/1270 1362/1840/1362
f 1310/1761/1310 1297/1737/1297 1389/1881/1389
f 1253/1666/1253 1390/1882/1390 1170/1551/1170
f 1170/1551/1170 1313/1766/1313 1201/1596/1201
f 1312/1764/1312 1337/1804/1337 1314/1767/1314
f 1389/1881/1389 1297/1737/1297 1315/1805/1315
f 1314/1767/1314 1223/1625/1223 1312/1764/1312
f 1298/1739/1298 1226/1628/1226 1274/1700/1274
f 1298/1739/1298 1257/1883/1257 1391/1884/1391
f 1392/1885/1392 1224/1626/1224 1256/1806/1256
f 1393/1886/1393 1315/1768/1315 1318/1775/1318
f 1318/1887/1318 1230/1634/1230 1276/1704/1276
f 1319/1777/1319 1207/1603/1207 1159/1741/1159
f 1149/1519/1149 1175/1556/1175 1091/1441/1091
f 1260/1674/1260 1369/1850/1369 1342/1813/1342
f 1208/1605/1208 1394/1888/1394 1369/1850/1369
f 1322/1781/1322 1395/1889/1395 1234/1641/1234
f 1395/1889/1395 1396/1890/1396 1234/1641/1234
f 1346/1852/1346 1368/1891/1368 1049/1853/1049
f 1277/1707/1277 882/1161/882 1347/1818/1347
f 1237/1645/1237 1323/1782/1323 1397/1892/1397
f 1344/1893/1344 1398/1894/1398 1346/1852/1346
f 1399/1895/1399 1370/1854/1370 1235/1643/1235
f 1323/1782/1323 1400/1896/1400 1397/1892/1397
f 1323/1782/1323 1370/1854/1370 1400/1896/1400
f 1370/1854/1370 1401/1897/1401 1299/1898/1299
f 1402/1899/1402 1162/1541/1162 1350/1822/1350
f 1370/1855/1370 1326/1788/1326 1400/1900/1400
f 1350/1822/1350 1299/1743/1299 1401/1901/1401
f 1403/1902/1403 1179/1561/1179 1240/1857/1240
f 1404/1903/1404 1405/1904/1405 1138/1504/1138
f 1352/1824/1352 1194/1587/1194 1373/1860/1373
f 1373/1905/1373 1244/1750/1244 1406/1906/1406
f 1245/1685/1245 1374/1861/1374 1287/1723/1287
f 1374/1861/1374 1288/1724/1288 1287/1723/1287
f 1376/1863/1376 1306/1755/1306 1248/1658/1248
f 1306/1755/1306 1305/1753/1305 1248/1658/1248
f 1354/1826/1354 1328/1799/1328 1378/1866/1378
f 1290/1758/1290 1329/1907/1329 1379/1908/1379
f 1294/1870/1294 1380/1869/1380 1382/1873/1382
f 1357/1832/1357 1407/1909/1407 1334/1830/1334
f 1251/1664/1251 1358/1834/1358 1359/1835/1359
f 1266/1689/1266 1252/1665/1252 1385/1877/1385
f 956/1258/956 1012/1330/1012 1336/1803/1336
f 1168/1547/1168 1386/1878/1386 1311/1762/1311
f 1186/1571/1186 1408/1910/1408 1199/1594/1199
f 1296/1736/1296 1362/1840/1362 1309/1760/1309
f 932/1229/932 1202/1597/1202 1101/1455/1101
f 1389/1881/1389 1315/1805/1315 1409/1911/1409
f 973/1281/973 1272/1698/1272 1186/1912/1186
f 1313/1766/1313 1364/1842/1364 1254/1667/1254
f 1223/1625/1223 1224/1626/1224 1410/1913/1410
f 1409/1911/1409 1393/1914/1393 1362/1840/1362
f 1409/1911/1409 1315/1805/1315 1393/1914/1393
f 1174/1555/1174 1203/1598/1203 1257/1671/1257
f 1411/1915/1411 996/1310/996 1226/1701/1226
f 1207/1603/1207 1319/1777/1319 1135/1604/1135
f 1175/1556/1175 1412/1916/1412 1258/1703/1258
f 1104/1460/1104 1259/1673/1259 1235/1643/1235
f 1322/1781/1322 1367/1848/1367 1413/1917/1413
f 1137/1503/1137 1209/1606/1209 1324/1918/1324
f 1370/1854/1370 1399/1895/1399 1401/1897/1401
f 1326/1788/1326 1351/1823/1351 1400/1900/1400
f 1193/1742/1193 1278/1708/1278 1371/1856/1371
f 1371/1856/1371 1403/1902/1403 1240/1857/1240
f 1351/1823/1351 1325/1787/1325 1352/1824/1352
f 1372/1858/1372 1404/1903/1404 1138/1504/1138
f 1138/1504/1138 1405/1904/1405 1353/1825/1353
f 1111/1468/1111 1282/1714/1282 1245/1654/1245
f 1374/1861/1374 1375/1862/1375 1247/1657/1247
f 1140/1865/1140 1196/1919/1196 1414/1920/1414
f 1415/1921/1415 1307/1756/1307 1306/1755/1306
f 1332/1797/1332 1416/1922/1416 1417/1923/1417
f 1332/1797/1332 1417/1923/1417 1381/1871/1381
f 1332/1797/1332 1381/1871/1381 1333/1798/1333
f 1356/1831/1356 1418/1924/1418 1355/1828/1355
f 1334/1830/1334 1418/1924/1418 1356/1831/1356
f 930/1225/930 1419/1925/1419 1166/1545/1166
f 1420/1926/1420 1335/1802/1335 1221/1623/1221
f 1270/1693/1270 1310/1761/1310 1409/1911/1409
f 1310/1761/1310 1389/1881/1389 1409/1911/1409
f 1270/1693/1270 1409/1911/1409 1362/1840/1362
f 1223/1625/1223 1410/1913/1410 1312/1764/1312
f 1077/1421/1077 1272/1698/1272 973/1281/973
f 1362/1840/1362 1393/1914/1393 1421/1927/1421
f 1224/1626/1224 1422/1928/1422 1410/1913/1410
f 1421/1929/1421 1393/1930/1393 1423/1931/1423
f 1224/1626/1224 1392/1885/1392 1424/1932/1424
f 1318/1933/1318 1423/1931/1423 1393/1930/1393
f 1298/1739/1298 1391/1884/1391 1226/1628/1226
f 1275/1702/1275 1425/1934/1425 1317/1772/1317
f 1317/1772/1317 1426/1935/1426 1176/1774/1176
f 1427/1936/1427 1176/1774/1176 1426/1935/1426
f 1117/1476/1117 1428/1937/1428 1047/1778/1047
f 1229/1938/1229 1368/1939/1368 1429/1940/1429
f 1048/1459/1048 1191/1941/1191 1259/1673/1259
f 1366/1847/1366 1394/1888/1394 1208/1605/1208
f 1234/1641/1234 1430/1942/1430 1343/1814/1343
f 1343/1814/1343 1431/1943/1431 1345/1816/1345
f 1235/1643/1235 1259/1673/1259 1399/1895/1399
f 1345/1816/1345 1431/1943/1431 1344/1815/1344
f 1431/1943/1431 1398/1944/1398 1344/1815/1344
f 1432/1945/1432 1210/1785/1210 1348/1820/1348
f 1350/1822/1350 1401/1901/1401 1433/1946/1433
f 1179/1561/1179 1434/1947/1434 1372/1858/1372
f 1179/1561/1179 1403/1902/1403 1434/1947/1434
f 1375/1862/1375 1245/1685/1245 1282/1948/1282
f 1245/1685/1245 1375/1862/1375 1374/1861/1374
f 1196/1589/1196 1265/1688/1265 1435/1949/1435
f 1307/1756/1307 1436/1950/1436 1289/1757/1289
f 1354/1826/1354 1378/1866/1378 1436/1950/1436
f 1354/1826/1354 1416/1922/1416 1332/1797/1332
f 1381/1871/1381 1437/1951/1437 1357/1872/1357
f 1407/1909/1407 1418/1924/1418 1334/1830/1334
f 1113/1471/1113 1199/1594/1199 1216/1617/1216
f 1384/1876/1384 1360/1836/1360 1155/1532/1155
f 1359/1835/1359 1438/1952/1438 1386/1878/1386
f 1388/1880/1388 1271/1953/1271 1171/1839/1171
f 1184/1568/1184 1100/1454/1100 1439/1954/1439
f 1312/1764/1312 1410/1913/1410 1024/1694/1024
f 1309/1760/1309 1362/1840/1362 1421/1927/1421
f 1189/1575/1189 1440/1955/1440 1275/1702/1275
f 1224/1626/1224 1424/1932/1424 1422/1928/1422
f 1176/1774/1176 1427/1936/1427 1441/1956/1441
f 1317/1772/1317 1425/1934/1425 1426/1935/1426
f 1441/1956/1441 1442/1957/1442 1176/1774/1176
f 1428/1937/1428 1443/1958/1443 1047/1778/1047
f 1428/1937/1428 1117/1476/1117 1342/1813/1342
f 1322/1781/1322 1413/1917/1413 1395/1889/1395
f 1234/1641/1234 1396/1890/1396 1430/1942/1430
f 1237/1645/1237 1397/1892/1397 1238/1675/1238
f 1346/1852/1346 1444/1959/1444 1368/1891/1368
f 1399/1895/1399 1433/1960/1433 1401/1897/1401
f 1210/1785/1210 1432/1945/1432 1278/1708/1278
f 1398/1894/1398 1445/1961/1445 1346/1852/1346
f 1445/1961/1445 1372/1858/1372 1346/1852/1346
f 1400/1900/1400 1351/1823/1351 1446/1962/1446
f 1434/1947/1434 1403/1902/1403 1371/1856/1371
f 1447/1963/1447 1196/1589/1196 1435/1949/1435
f 1436/1950/1436 1378/1866/1378 1289/1757/1289
f 1354/1826/1354 1436/1950/1436 1416/1922/1416
f 1416/1922/1416 1448/1964/1448 1417/1923/1417
f 1291/1730/1291 1308/1759/1308 1250/1731/1250
f 1290/1758/1290 1379/1908/1379 1308/1759/1308
f 1293/1868/1293 1330/1965/1330 1380/1869/1380
f 930/1225/930 911/1200/911 1419/1925/1419
f 1358/1834/1358 1438/1952/1438 1359/1835/1359
f 1386/1878/1386 1449/1966/1449 1311/1762/1311
f 1361/1837/1361 1363/1967/1363 1187/1838/1187
f 1142/1567/1142 1309/1968/1309 1387/1879/1387
f 1271/1697/1271 1172/1553/1172 1171/1552/1171
f 1100/1454/1100 1450/1969/1450 1439/1954/1439
f 1100/1454/1100 1363/1841/1363 1450/1969/1450
f 1311/1762/1311 1451/1970/1451 1189/1575/1189
f 1189/1575/1189 1451/1970/1451 1440/1955/1440
f 1256/1669/1256 1364/1842/1364 1392/1971/1392
f 978/1287/978 809/1061/809 1452/1972/1452
f 1275/1702/1275 1453/1973/1453 1425/1934/1425
f 1340/1809/1340 1454/1974/1454 1161/1639/1161
f 1047/1778/1047 1443/1958/1443 1341/1810/1341
f 1341/1810/1341 1365/1975/1365 1160/1811/1160
f 1148/1518/1148 1455/1976/1455 1320/1779/1320
f 1368/1891/1368 1444/1959/1444 1456/1977/1456
f 1444/1959/1444 1278/1708/1278 1432/1945/1432
f 1398/1894/1398 1457/1978/1457 1445/1961/1445
f 1446/1962/1446 1351/1823/1351 1458/1979/1458
f 1457/1978/1457 1353/1825/1353 1445/1961/1445
f 1372/1858/1372 1405/1904/1405 1404/1903/1404
f 1372/1858/1372 1445/1961/1445 1405/1904/1405
f 1405/1904/1405 1445/1961/1445 1353/1825/1353
f 1282/1948/1282 1459/1980/1459 1375/1862/1375
f 1304/1752/1304 1377/1864/1377 1460/1981/1460
f 1415/1921/1415 1461/1982/1461 1307/1756/1307
f 1461/1982/1461 1436/1950/1436 1307/1756/1307
f 1381/1871/1381 1462/1983/1462 1437/1951/1437
f 1308/1759/1308 1379/1908/1379 1463/1984/1463
f 1382/1873/1382 1464/1985/1464 1198/1874/1198
f 1465/1986/1465 1335/1802/1335 1420/1926/1420
f 1024/1694/1024 1410/1913/1410 1466/1987/1466
f 1440/1955/1440 1453/1973/1453 1275/1702/1275
f 1226/1628/1226 1391/1884/1391 1411/1988/1411
f 1467/1989/1467 1442/1957/1442 1441/1956/1441
f 1423/1990/1423 1318/1991/1318 1468/1992/1468
f 1316/1771/1316 1339/1808/1339 1032/1360/1032
f 1468/1992/1468 1318/1991/1318 1276/1993/1276
f 1176/1557/1176 1469/1994/1469 1228/1632/1228
f 1340/1809/1340 1231/1636/1231 1470/1995/1470
f 1443/1958/1443 1365/1975/1365 1341/1810/1341
f 1161/1540/1161 1471/1996/1471 1366/1847/1366
f 1175/1556/1175 1149/1519/1149 1412/1916/1412
f 1412/1916/1412 1149/1519/1149 1472/1997/1472
f 1277/1707/1277 1472/1997/1472 1149/1519/1149
f 1342/1813/1342 1369/1850/1369 1473/1998/1473
f 1430/1942/1430 1431/1943/1431 1343/1814/1343
f 1395/1889/1395 1474/1999/1474 1396/1890/1396
f 1368/1891/1368 1456/1977/1456 1348/1820/1348
f 1398/1944/1398 1431/1943/1431 1475/2000/1475
f 1475/2001/1475 1457/2002/1457 1398/2003/1398
f 1456/1977/1456 1444/1959/1444 1432/1945/1432
f 1349/1821/1349 1162/1541/1162 1476/2004/1476
f 1350/1822/1350 1433/1946/1433 1402/1899/1402
f 1346/1852/1346 1477/2005/1477 1444/1959/1444
f 1478/2006/1478 1400/1900/1400 1446/1962/1446
f 1346/1852/1346 1372/1858/1372 1477/2005/1477
f 1479/2007/1479 1244/1750/1244 1304/1752/1304
f 1480/2008/1480 1306/1755/1306 1376/1863/1376
f 1265/1688/1265 1198/1661/1198 1481/2009/1481
f 1417/1923/1417 1462/1983/1462 1381/1871/1381
f 1463/1984/1463 1250/1731/1250 1308/1759/1308
f 1482/2010/1482 1357/1832/1357 1437/2011/1437
f 1250/1731/1250 1463/1984/1463 1292/1732/1292
f 1357/1832/1357 1482/2010/1482 1407/1909/1407
f 1216/1617/1216 1199/1594/1199 1483/2012/1483
f 1358/1834/1358 1335/1802/1335 1484/2013/1484
f 1485/2014/1485 1386/1878/1386 1438/1952/1438
f 1485/2014/1485 1449/1966/1449 1386/1878/1386
f 1486/2015/1486 1420/1926/1420 1221/1623/1221
f 1465/1986/1465 1420/1926/1420 1487/2016/1487
f 1449/1966/1449 1488/2017/1488 1311/1762/1311
f 1488/2017/1488 1451/1970/1451 1311/1762/1311
f 1024/1694/1024 1489/2018/1489 1253/1695/1253
f 1257/1883/1257 1411/1988/1411 1391/1884/1391
f 1490/2019/1490 1423/1931/1423 1468/2020/1468
f 1425/1934/1425 1491/2021/1491 1426/1935/1426
f 1442/1957/1442 1469/2022/1469 1176/1774/1176
f 1470/1995/1470 1492/2023/1492 1340/1809/1340
f 1492/2023/1492 1454/1974/1454 1340/1809/1340
f 1338/1807/1338 1229/1844/1229 1429/2024/1429
f 1493/2025/1493 1258/1703/1258 1412/1916/1412
f 1494/2026/1494 1428/1937/1428 1342/1813/1342
f 1494/2026/1494 1342/1813/1342 1473/1998/1473
f 1399/1895/1399 1259/1673/1259 1191/1941/1191
f 1495/2027/1495 1368/1939/1368 1348/2028/1348
f 1396/1890/1396 1474/1999/1474 1430/1942/1430
f 1456/1977/1456 1432/1945/1432 1348/1820/1348
f 1324/1783/1324 1239/1647/1239 1349/1821/1349
f 1397/2029/1397 1400/1900/1400 1496/2030/1496
f 1497/2031/1497 1457/2002/1457 1475/2001/1475
f 1498/2032/1498 1433/1960/1433 1399/1895/1399
f 1400/1900/1400 1478/2006/1478 1496/2030/1496
f 1499/2033/1499 1278/1708/1278 1444/1959/1444
f 1478/2006/1478 1446/1962/1446 1433/2034/1433
f 1499/2033/1499 1371/1856/1371 1278/1708/1278
f 1371/1856/1371 1500/2035/1500 1434/1947/1434
f 1434/1947/1434 1500/2035/1500 1372/1858/1372
f 1501/2036/1501 1502/2037/1502 1457/2002/1457
f 1502/2037/1502 1353/2038/1353 1457/2002/1457
f 1458/1979/1458 1351/1823/1351 1352/1824/1352
f 1406/1906/1406 1244/1750/1244 1503/2039/1503
f 1244/1750/1244 1479/2007/1479 1503/2039/1503
f 1447/2040/1447 1414/1920/1414 1196/1919/1196
f 1198/1874/1198 1464/1985/1464 1481/2041/1481
f 1463/2042/1463 1379/1867/1379 1355/1828/1355
f 1292/2043/1292 1463/2044/1463 1504/2045/1504
f 1292/2043/1292 1504/2045/1504 1330/2046/1330
f 1418/1924/1418 1407/1909/1407 1505/2047/1505
f 1505/2047/1505 1506/2048/1506 1418/1924/1418
f 1438/1952/1438 1358/1834/1358 1484/2013/1484
f 911/1200/911 1184/1568/1184 1419/1925/1419
f 1335/1802/1335 1465/1986/1465 1484/2013/1484
f 988/1345/988 1507/2049/1507 755/2050/755
f 1295/1735/1295 1387/1879/1387 1508/2051/1508
f 1221/1623/1221 1039/1570/1039 1486/2015/1486
f 1387/1879/1387 1309/1968/1309 1509/2052/1509
f 1024/1694/1024 1466/1987/1466 1489/2018/1489
f 1309/1968/1309 1421/1929/1421 1490/2019/1490
f 1466/1987/1466 1410/1913/1410 1510/2053/1510
f 1410/1913/1410 1422/1928/1422 1510/2053/1510
f 1490/2019/1490 1421/1929/1421 1423/1931/1423
f 978/1287/978 1452/1972/1452 975/1283/975
f 1510/2053/1510 1422/1928/1422 1511/2054/1511
f 1451/1970/1451 1453/1973/1453 1440/1955/1440
f 1364/1842/1364 1512/2055/1512 1392/1971/1392
f 1203/2056/1203 1513/2057/1513 1257/2058/1257
f 1467/1989/1467 1441/1956/1441 1427/1936/1427
f 1453/1973/1453 1491/2021/1491 1425/1934/1425
f 1491/2021/1491 1427/1936/1427 1426/1935/1426
f 1469/1994/1469 1159/1538/1159 1228/1632/1228
f 1159/1741/1159 1514/2059/1514 1319/1777/1319
f 1454/1974/1454 1471/2060/1471 1161/1639/1161
f 1498/2061/1498 1399/2062/1399 1191/2063/1191
f 1431/1943/1431 1515/2064/1515 1475/2000/1475
f 1431/1943/1431 1516/2065/1516 1515/2064/1515
f 1475/2001/1475 1517/2066/1517 1497/2031/1497
f 1515/2067/1515 1518/2068/1518 1475/2069/1475
f 1162/1541/1162 1402/1899/1402 1476/2004/1476
f 1478/2006/1478 1433/2034/1433 1498/2070/1498
f 1444/1959/1444 1477/2005/1477 1499/2033/1499
f 1433/2034/1433 1446/1962/1446 1402/2071/1402
f 1402/2071/1402 1446/1962/1446 1458/1979/1458
f 1458/1979/1458 1352/1824/1352 1519/2072/1519
f 1502/2037/1502 1520/2073/1520 1353/2038/1353
f 1520/2073/1520 1521/2074/1521 1353/2038/1353
f 1353/2075/1353 1521/2076/1521 1279/2077/1279
f 1460/1981/1460 1522/2078/1522 1304/1752/1304
f 1523/2079/1523 1462/1983/1462 1417/1923/1417
f 1437/2011/1437 1524/2080/1524 1482/2010/1482
f 1330/1965/1330 1525/2081/1525 1380/1869/1380
f 1199/1594/1199 1408/1910/1408 1483/2012/1483
f 1360/1836/1360 1526/2082/1526 1039/1373/1039
f 1361/1837/1361 1527/2083/1527 1363/1967/1363
f 1039/1373/1039 1526/2082/1526 1486/2084/1486
f 1507/2085/1507 932/1229/932 755/1228/755
f 1465/1986/1465 1487/2016/1487 1528/2086/1528
f 1439/1954/1439 1450/1969/1450 1529/2087/1529
f 1202/2088/1202 1530/2089/1530 1203/2056/1203
f 1531/2090/1531 1490/2019/1490 1468/2020/1468
f 1452/1972/1452 1272/1698/1272 975/1283/975
f 1422/1928/1422 1424/1932/1424 1511/2054/1511
f 1338/1807/1338 1429/2024/1429 1190/1576/1190
f 1339/1808/1339 1455/1976/1455 1148/1518/1148
f 1532/2091/1532 1276/1704/1276 1258/1672/1258
f 1319/1777/1319 1470/1995/1470 1231/1636/1231
f 1533/2092/1533 1365/1975/1365 1443/1958/1443
f 1369/1850/1369 1394/1888/1394 1473/1998/1473
f 1431/1943/1431 1534/2093/1534 1516/2065/1516
f 1534/2093/1534 1515/2064/1515 1516/2065/1516
f 1496/2094/1496 1238/2095/1238 1397/2096/1397
f 1518/2097/1518 1517/2066/1517 1475/2001/1475
f 1458/1979/1458 1535/2098/1535 1402/2071/1402
f 1477/2005/1477 1500/2035/1500 1499/2033/1499
f 1499/2033/1499 1500/2035/1500 1371/1856/1371
f 1477/2005/1477 1372/1858/1372 1500/2035/1500
f 1352/2099/1352 1373/1905/1373 1536/2100/1536
f 1406/1906/1406 1503/2039/1503 1373/1905/1373
f 1537/2101/1537 1140/1865/1140 1414/1920/1414
f 1355/1828/1355 1538/2102/1538 1463/2042/1463
f 1418/1924/1418 1506/2048/1506 1355/1828/1355
f 1266/1689/1266 1385/1877/1385 1539/2103/1539
f 1295/1735/1295 1269/1692/1269 1098/1451/1098
f 1484/2013/1484 1485/2014/1485 1438/1952/1438
f 1184/1568/1184 1439/1954/1439 1419/1925/1419
f 932/2104/932 1507/2105/1507 1202/2088/1202
f 1439/1954/1439 1529/2087/1529 1419/1925/1419
f 1253/1695/1253 1489/2018/1489 1540/2106/1540
f 1309/1968/1309 1490/2019/1490 1531/2090/1531
f 1468/2020/1468 1541/2107/1541 1531/2090/1531
f 1511/2054/1511 1424/1932/1424 1542/2108/1542
f 1427/1936/1427 1491/2021/1491 1543/2109/1543
f 1392/1885/1392 1512/2110/1512 1424/1932/1424
f 1427/1936/1427 1543/2109/1543 1467/1989/1467
f 809/1061/809 1190/1576/1190 1452/1972/1452
f 1276/1993/1276 1532/2111/1532 1468/1992/1468
f 1428/1937/1428 1494/2026/1494 1443/1958/1443
f 1494/2026/1494 1533/2092/1533 1443/1958/1443
f 1365/1846/1365 1533/2112/1533 1367/1848/1367
f 1471/2060/1471 1544/2113/1544 1366/2114/1366
f 1366/1847/1366 1544/2115/1544 1545/2116/1545
f 1431/1943/1431 1430/1942/1430 1546/2117/1546
f 1137/1503/1137 1324/1918/1324 1547/2118/1547
f 1496/2030/1496 1478/2006/1478 1498/2070/1498
f 1515/2067/1515 1548/2119/1548 1518/2068/1518
f 1518/2068/1518 1549/2120/1549 1517/2121/1517
f 1548/2119/1548 1550/2122/1550 1518/2068/1518
f 1518/2068/1518 1550/2122/1550 1549/2120/1549
f 1458/1979/1458 1519/2072/1519 1535/2098/1535
f 1352/2099/1352 1536/2100/1536 1519/2123/1519
f 1502/2037/1502 1551/2124/1551 1520/2073/1520
f 1435/1949/1435 1265/1688/1265 1552/2125/1552
f 1481/2009/1481 1552/2125/1552 1265/1688/1265
f 1553/2126/1553 1524/2127/1524 1437/1951/1437
f 1524/2080/1524 1554/2128/1554 1482/2010/1482
f 1382/1873/1382 1555/2129/1555 1464/1985/1464
f 1482/2010/1482 1554/2128/1554 1407/1909/1407
f 1382/1873/1382 1380/1869/1380 1555/2129/1555
f 1266/1689/1266 1539/2103/1539 1384/1876/1384
f 1483/2012/1483 1556/2130/1556 1216/1617/1216
f 1449/1966/1449 1485/2014/1485 1488/2017/1488
f 1487/2016/1487 1557/2131/1557 1528/2086/1528
f 1488/2017/1488 1558/2132/1558 1451/1970/1451
f 1451/1970/1451 1558/2132/1558 1453/1973/1453
f 1313/1766/1313 1559/2133/1559 1364/1842/1364
f 1364/1842/1364 1559/2133/1559 1512/2055/1512
f 1543/2109/1543 1557/2131/1557 1467/1989/1467
f 1543/2109/1543 1491/2021/1491 1560/2134/1560
f 1512/2110/1512 1542/2108/1542 1424/1932/1424
f 1469/2022/1469 1561/2135/1561 1159/1741/1159
f 1258/1703/1258 1493/2025/1493 1532/2136/1532
f 1366/1847/1366 1545/2116/1545 1562/2137/1562
f 1366/1847/1366 1562/2137/1562 1394/1888/1394
f 1191/2063/1191 1563/2138/1563 1498/2061/1498
f 1431/1943/1431 1546/2117/1546 1564/2139/1564
f 1431/1943/1431 1564/2139/1564 1534/2093/1534
f 1498/2061/1498 1565/2140/1565 1496/2094/1496
f 1349/1821/1349 1566/2141/1566 1324/1783/1324
f 1497/2031/1497 1567/2142/1567 1457/2002/1457
f 1520/2143/1520 1568/2144/1568 1521/2076/1521
f 1551/2145/1551 1569/2146/1569 1520/2147/1520
f 1520/2143/1520 1569/2148/1569 1570/2149/1570
f 1551/2145/1551 1571/2150/1571 1569/2146/1569
f 1569/2148/1569 1572/2151/1572 1570/2149/1570
f 1571/2150/1571 1572/2152/1572 1569/2146/1569
f 1522/2078/1522 1573/2153/1573 1304/1752/1304
f 1460/1981/1460 1377/1864/1377 1140/1865/1140
f 1480/2008/1480 1415/1921/1415 1306/1755/1306
f 1461/1982/1461 1574/2154/1574 1436/1950/1436
f 1575/2155/1575 1448/1964/1448 1416/1922/1416
f 1555/2129/1555 1380/1869/1380 1576/2156/1576
f 1216/1617/1216 1556/2130/1556 1383/1875/1383
f 1385/1877/1385 1268/1691/1268 1577/2157/1577
f 1269/1692/1269 1527/2083/1527 1361/1837/1361
f 1295/1735/1295 1508/2051/1508 1578/2158/1578
f 1483/2012/1483 1408/1910/1408 1556/2130/1556
f 1484/2013/1484 1579/2159/1579 1485/2014/1485
f 1484/2013/1484 1465/1986/1465 1580/2160/1580
f 1485/2014/1485 1581/2161/1581 1488/2017/1488
f 1253/1666/1253 1582/2162/1582 1390/1882/1390
f 1253/1695/1253 1540/2106/1540 1582/2163/1582
f 1465/1986/1465 1528/2086/1528 1557/2131/1557
f 1487/2016/1487 1583/2164/1583 1557/2131/1557
f 1557/2131/1557 1583/2164/1583 1467/1989/1467
f 1530/2089/1530 1584/2165/1584 1203/2056/1203
f 1557/2131/1557 1543/2109/1543 1560/2134/1560
f 1467/1989/1467 1583/2164/1583 1442/1957/1442
f 1560/2134/1560 1491/2021/1491 1453/1973/1453
f 996/1310/996 1585/2166/1585 1316/1771/1316
f 1159/1741/1159 1561/2135/1561 1514/2059/1514
f 1454/1974/1454 1492/2023/1492 1586/2167/1586
f 1319/1777/1319 1587/2168/1587 1470/1995/1470
f 1367/1848/1367 1533/2112/1533 1588/2169/1588
f 1394/1888/1394 1562/2137/1562 1473/1998/1473
f 1495/2027/1495 1348/2028/1348 1589/2170/1589
f 1348/2028/1348 1590/2171/1590 1589/2170/1589
f 1137/1819/1137 1547/2172/1547 1348/1820/1348
f 1496/2094/1496 1591/2173/1591 1238/2095/1238
f 1395/1889/1395 1413/1917/1413 1592/2174/1592
f 1534/2175/1534 1593/2176/1593 1515/2067/1515
f 1497/2031/1497 1517/2066/1517 1474/1999/1474
f 1515/2067/1515 1593/2176/1593 1548/2119/1548
f 1536/2100/1536 1594/2177/1594 1519/2123/1519
f 1536/2100/1536 1595/2178/1595 1594/2177/1594
f 1520/2143/1520 1570/2149/1570 1568/2144/1568
f 1551/2145/1551 1596/2179/1596 1571/2150/1571
f 1570/2180/1570 1572/2152/1572 1596/2179/1596
f 1572/2152/1572 1571/2150/1571 1596/2179/1596
f 1373/1905/1373 1597/2181/1597 1536/2100/1536
f 1373/1905/1373 1503/2039/1503 1597/2181/1597
f 1537/2101/1537 1598/2182/1598 1140/1865/1140
f 1330/2046/1330 1504/2045/1504 1525/2183/1525
f 1407/1909/1407 1599/2184/1599 1505/2047/1505
f 1579/2159/1579 1484/2013/1484 1580/2160/1580
f 1387/1879/1387 1600/2185/1600 1508/2051/1508
f 1581/2161/1581 1485/2014/1485 1579/2159/1579
f 1387/1879/1387 1509/2052/1509 1600/2185/1600
f 1580/2160/1580 1465/1986/1465 1557/2131/1557
f 1488/2017/1488 1581/2161/1581 1558/2132/1558
f 1558/2132/1558 1560/2134/1560 1453/1973/1453
f 1469/2022/1469 1442/1957/1442 1583/2164/1583
f 996/1310/996 1411/1915/1411 1585/2166/1585
f 1494/2186/1494 1588/2187/1588 1533/2188/1533
f 1368/1939/1368 1495/2027/1495 1429/1940/1429
f 1277/1707/1277 1347/1818/1347 1601/2189/1601
f 1430/1942/1430 1474/1999/1474 1602/2190/1602
f 1348/1820/1348 1547/2172/1547 1590/2191/1590
f 1565/2140/1565 1591/2173/1591 1496/2094/1496
f 1395/1889/1395 1592/2174/1592 1474/1999/1474
f 1548/2119/1548 1593/2176/1593 1550/2122/1550
f 1517/2121/1517 1549/2120/1549 1603/2192/1603
f 1549/2120/1549 1550/2122/1550 1603/2192/1603
f 1593/2176/1593 1603/2192/1603 1550/2122/1550
f 1567/2142/1567 1501/2036/1501 1457/2002/1457
f 1282/1948/1282 1279/2193/1279 1459/1980/1459
f 1459/1980/1459 1604/2194/1604 1376/1863/1376
f 1459/1980/1459 1376/1863/1376 1375/1862/1375
f 1574/2154/1574 1416/1922/1416 1436/1950/1436
f 1448/1964/1448 1605/2195/1605 1417/1923/1417
f 1417/1923/1417 1605/2195/1605 1523/2079/1523
f 1523/2079/1523 1606/2196/1606 1462/1983/1462
f 1464/1985/1464 1607/2197/1607 1481/2041/1481
f 1464/1985/1464 1555/2129/1555 1607/2197/1607
f 1463/2044/1463 1608/2198/1608 1504/2045/1504
f 1355/1828/1355 1609/2199/1609 1538/2102/1538
f 1380/1869/1380 1525/2081/1525 1576/2156/1576
f 1506/2048/1506 1609/2199/1609 1355/1828/1355
f 1217/1620/1217 1610/2200/1610 1268/1691/1268
f 1581/2161/1581 1579/2159/1579 1558/2132/1558
f 1509/2052/1509 1309/1968/1309 1600/2185/1600
f 1580/2160/1580 1557/2131/1557 1558/2132/1558
f 1557/2131/1557 1560/2134/1560 1558/2132/1558
f 1257/2058/1257 1513/2057/1513 1411/1915/1411
f 1468/1992/1468 1611/2201/1611 1541/2202/1541
f 1532/2111/1532 1611/2201/1611 1468/1992/1468
f 1319/1777/1319 1612/2203/1612 1587/2168/1587
f 1412/2204/1412 1613/2205/1613 1493/2206/1493
f 1412/2204/1412 1472/2207/1472 1613/2205/1613
f 1430/1942/1430 1602/2190/1602 1546/2117/1546
f 1564/2208/1564 1614/2209/1614 1534/2210/1534
f 1517/2066/1517 1603/2211/1603 1474/1999/1474
f 1324/1783/1324 1566/2141/1566 1615/2212/1615
f 1570/2180/1570 1596/2179/1596 1616/2213/1616
f 1568/2144/1568 1570/2149/1570 1616/2214/1616
f 1279/2193/1279 1617/2215/1617 1459/1980/1459
f 1460/1981/1460 1618/2216/1618 1522/2078/1522
f 1460/1981/1460 1140/1865/1140 1618/2216/1618
f 1574/2154/1574 1575/2155/1575 1416/1922/1416
f 1575/2155/1575 1619/2217/1619 1448/1964/1448
f 1553/2218/1553 1620/2219/1620 1524/2080/1524
f 1609/2199/1609 1463/2042/1463 1538/2102/1538
f 1217/2220/1217 1383/2221/1383 1556/2222/1556
f 1577/2157/1577 1539/2103/1539 1385/1877/1385
f 1217/1620/1217 1621/2223/1621 1610/2200/1610
f 1295/1735/1295 1578/2158/1578 1269/1692/1269
f 1390/1882/1390 1622/2224/1622 1170/1551/1170
f 1420/1926/1420 1623/2225/1623 1487/2016/1487
f 1579/2159/1579 1580/2160/1580 1558/2132/1558
f 1309/1968/1309 1531/2090/1531 1600/2185/1600
f 1186/1571/1186 1272/2226/1272 1408/1910/1408
f 1487/2016/1487 1623/2225/1623 1583/2164/1583
f 1203/2056/1203 1624/2227/1624 1513/2057/1513
f 1452/2228/1452 1190/2229/1190 1625/2230/1625
f 1339/1808/1339 1585/2166/1585 1626/2231/1626
f 1514/2059/1514 1612/2203/1612 1319/1777/1319
f 1339/1808/1339 1626/2231/1626 1455/1976/1455
f 1544/2113/1544 1471/2060/1471 1627/2232/1627
f 1473/2233/1473 1628/2234/1628 1494/2186/1494
f 1277/1707/1277 1629/2235/1629 1472/1997/1472
f 1277/1707/1277 1601/2189/1601 1629/2235/1629
f 1367/1848/1367 1588/2169/1588 1413/1917/1413
f 1563/2138/1563 1565/2140/1565 1498/2061/1498
f 1238/1646/1238 1591/2236/1591 1347/1818/1347
f 1534/2175/1534 1614/2237/1614 1593/2176/1593
f 1476/2004/1476 1402/1899/1402 1630/2238/1630
f 1501/2036/1501 1631/2239/1631 1502/2037/1502
f 1551/2145/1551 1616/2213/1616 1596/2179/1596
f 1503/2039/1503 1632/2240/1632 1597/2181/1597
f 1503/2039/1503 1479/2007/1479 1632/2240/1632
f 1573/2153/1573 1633/2241/1633 1304/1752/1304
f 1620/2219/1620 1634/2242/1634 1524/2080/1524
f 1607/2197/1607 1555/2129/1555 1635/2243/1635
f 1524/2080/1524 1634/2242/1634 1554/2128/1554
f 1609/2244/1609 1608/2245/1608 1463/2246/1463
f 1504/2045/1504 1608/2198/1608 1525/2183/1525
f 1636/2247/1636 1609/2199/1609 1506/2048/1506
f 1420/1926/1420 1486/2015/1486 1623/2225/1623
f 1510/2053/1510 1540/2106/1540 1466/1987/1466
f 1512/2110/1512 1559/2248/1559 1542/2108/1542
f 1583/2164/1583 1637/2249/1637 1469/2022/1469
f 1316/1771/1316 1585/2166/1585 1339/1808/1339
f 1532/2111/1532 1493/2250/1493 1638/2251/1638
f 1454/1974/1454 1586/2167/1586 1471/2060/1471
f 1494/2186/1494 1628/2234/1628 1588/2187/1588
f 1473/1998/1473 1562/2137/1562 1639/2252/1639
f 1639/2253/1639 1628/2234/1628 1473/2233/1473
f 1413/1917/1413 1588/2169/1588 1592/2174/1592
f 1589/2170/1589 1590/2171/1590 1614/2254/1614
f 1591/2236/1591 1640/2255/1640 1347/1818/1347
f 1474/1999/1474 1603/2211/1603 1602/2190/1602
f 1324/2256/1324 1615/2257/1615 1547/2258/1547
f 1497/2031/1497 1474/1999/1474 1567/2142/1567
f 1594/2177/1594 1641/2259/1641 1519/2123/1519
f 1502/2260/1502 1631/2261/1631 1551/2145/1551
f 1568/2144/1568 1642/2262/1642 1521/2076/1521
f 1568/2144/1568 1616/2214/1616 1642/2262/1642
f 1479/2007/1479 1304/1752/1304 1632/2240/1632
f 1643/2263/1643 1480/2008/1480 1376/1863/1376
f 1618/2216/1618 1140/1865/1140 1598/2182/1598
f 1480/2008/1480 1644/2264/1644 1415/1921/1415
f 1447/2040/1447 1435/2265/1435 1414/1920/1414
f 1552/2125/1552 1645/2266/1645 1435/1949/1435
f 1437/1951/1437 1646/2267/1646 1553/2126/1553
f 1407/1909/1407 1647/2268/1647 1599/2184/1599
f 1578/2158/1578 1508/2051/1508 1648/2269/1648
f 1450/1969/1450 1363/1841/1363 1529/2087/1529
f 1583/2164/1583 1623/2225/1623 1637/2249/1637
f 1510/2053/1510 1511/2054/1511 1649/2270/1649
f 1203/2056/1203 1584/2165/1584 1650/2271/1650
f 1513/2057/1513 1651/2272/1651 1411/1915/1411
f 1637/2249/1637 1561/2135/1561 1469/2022/1469
f 1411/1915/1411 1652/2273/1652 1585/2166/1585
f 1611/2201/1611 1532/2111/1532 1653/2274/1653
f 1654/2275/1654 1514/2059/1514 1561/2135/1561
f 1626/2231/1626 1655/2276/1655 1455/1976/1455
f 1495/2027/1495 1589/2170/1589 1656/2277/1656
f 1589/2170/1589 1614/2254/1614 1656/2277/1656
f 1564/2208/1564 1546/2278/1546 1657/2279/1657
f 1564/2208/1564 1657/2279/1657 1614/2209/1614
f 1640/2255/1640 1601/2189/1601 1347/1818/1347
f 1658/2280/1658 1476/2004/1476 1630/2238/1630
f 1631/2261/1631 1659/2281/1659 1551/2145/1551
f 1659/2281/1659 1616/2213/1616 1551/2145/1551
f 1279/2077/1279 1521/2076/1521 1660/2282/1660
f 1632/2240/1632 1304/1752/1304 1633/2241/1633
f 1414/1920/1414 1435/2265/1435 1661/2283/1661
f 1619/2217/1619 1662/2284/1662 1448/1964/1448
f 1662/2284/1662 1605/2195/1605 1448/1964/1448
f 1462/1983/1462 1663/2285/1663 1437/1951/1437
f 1663/2285/1663 1646/2267/1646 1437/1951/1437
f 1620/2286/1620 1553/2126/1553 1646/2267/1646
f 1647/2268/1647 1554/2128/1554 1634/2242/1634
f 1647/2268/1647 1407/1909/1407 1554/2128/1554
f 1360/1836/1360 1384/1876/1384 1664/2287/1664
f 1268/1691/1268 1610/2200/1610 1577/2157/1577
f 1360/1836/1360 1665/2288/1665 1526/2082/1526
f 1648/2269/1648 1508/2051/1508 1666/2289/1666
f 1508/2051/1508 1600/2185/1600 1666/2289/1666
f 1486/2015/1486 1667/2290/1667 1623/2225/1623
f 1531/2291/1531 1541/2202/1541 1668/2292/1668
f 1650/2271/1650 1624/2227/1624 1203/2056/1203
f 1471/2060/1471 1586/2167/1586 1627/2232/1627
f 1563/2138/1563 1669/2293/1669 1565/2140/1565
f 1476/2004/1476 1658/2280/1658 1349/1821/1349
f 1602/2190/1602 1603/2211/1603 1670/2294/1670
f 1593/2176/1593 1590/2295/1590 1670/2296/1670
f 1614/2237/1614 1590/2295/1590 1593/2176/1593
f 1593/2176/1593 1670/2296/1670 1603/2192/1603
f 1630/2297/1630 1402/2071/1402 1535/2098/1535
f 1592/2174/1592 1671/2298/1671 1474/1999/1474
f 1521/2076/1521 1642/2262/1642 1660/2282/1660
f 1617/2299/1617 1279/2077/1279 1660/2282/1660
f 1480/2008/1480 1643/2263/1643 1672/2300/1672
f 1573/2153/1573 1522/2078/1522 1618/2216/1618
f 1672/2300/1672 1644/2264/1644 1480/2008/1480
f 1415/1921/1415 1673/2301/1673 1461/1982/1461
f 1523/2079/1523 1605/2195/1605 1674/2302/1674
f 1523/2079/1523 1674/2302/1674 1606/2196/1606
f 1606/2196/1606 1663/2285/1663 1462/1983/1462
f 1481/2041/1481 1607/2197/1607 1552/2303/1552
f 1646/2267/1646 1675/2304/1675 1620/2286/1620
f 1620/2219/1620 1676/2305/1676 1634/2242/1634
f 1634/2242/1634 1676/2305/1676 1647/2268/1647
f 1390/1882/1390 1582/2162/1582 1677/2306/1677
f 1667/2290/1667 1678/2307/1678 1623/2225/1623
f 1489/2018/1489 1466/1987/1466 1540/2106/1540
f 1600/2308/1600 1531/2309/1531 1679/2310/1679
f 1531/2291/1531 1668/2292/1668 1679/2311/1679
f 1623/2225/1623 1678/2307/1678 1637/2249/1637
f 1680/2312/1680 1559/2133/1559 1313/1766/1313
f 1559/2248/1559 1681/2313/1681 1542/2108/1542
f 1682/2314/1682 1541/2202/1541 1653/2274/1653
f 1653/2274/1653 1532/2111/1532 1638/2251/1638
f 1587/2168/1587 1492/2023/1492 1470/1995/1470
f 1190/2229/1190 1429/1940/1429 1656/2277/1656
f 1565/2140/1565 1683/2315/1683 1591/2173/1591
f 1546/2117/1546 1602/2190/1602 1670/2294/1670
f 1590/2295/1590 1684/2316/1684 1670/2296/1670
f 1671/2298/1671 1567/2142/1567 1474/1999/1474
f 1685/2317/1685 1535/2098/1535 1519/2072/1519
f 1659/2318/1659 1642/2262/1642 1616/2214/1616
f 1659/2318/1659 1686/2319/1686 1642/2262/1642
f 1604/2194/1604 1643/2263/1643 1376/1863/1376
f 1537/2101/1537 1687/2320/1687 1598/2182/1598
f 1688/2321/1688 1663/2285/1663 1606/2196/1606
f 1676/2305/1676 1599/2184/1599 1647/2268/1647
f 1599/2184/1599 1689/2322/1689 1505/2047/1505
f 1505/2047/1505 1689/2322/1689 1506/2048/1506
f 1689/2322/1689 1690/2323/1690 1506/2048/1506
f 1540/2106/1540 1510/2053/1510 1649/2270/1649
f 1511/2054/1511 1542/2108/1542 1649/2270/1649
f 1541/2202/1541 1682/2314/1682 1668/2292/1668
f 1541/2202/1541 1611/2201/1611 1653/2274/1653
f 1637/2249/1637 1691/2324/1691 1561/2135/1561
f 1429/1940/1429 1495/2027/1495 1656/2277/1656
f 1545/2116/1545 1692/2325/1692 1562/2137/1562
f 1686/2319/1686 1693/2326/1693 1642/2262/1642
f 1536/2100/1536 1597/2181/1597 1694/2327/1694
f 1415/1921/1415 1695/2328/1695 1673/2301/1673
f 1461/1982/1461 1696/2329/1696 1574/2154/1574
f 1605/2195/1605 1662/2284/1662 1674/2302/1674
f 1646/2267/1646 1663/2285/1663 1697/2330/1697
f 1646/2267/1646 1697/2330/1697 1675/2304/1675
f 1698/2331/1698 1675/2304/1675 1697/2330/1697
f 1607/2197/1607 1699/2332/1699 1552/2303/1552
f 1675/2304/1675 1700/2333/1700 1620/2286/1620
f 1700/2334/1700 1676/2305/1676 1620/2219/1620
f 1635/2243/1635 1555/2129/1555 1701/2335/1701
f 1701/2335/1701 1555/2129/1555 1702/2336/1702
f 1506/2048/1506 1690/2323/1690 1636/2247/1636
f 1408/2337/1408 1703/2338/1703 1556/2222/1556
f 1526/2339/1526 1667/2290/1667 1486/2015/1486
f 1313/1766/1313 1170/1551/1170 1680/2312/1680
f 1625/2230/1625 1190/2229/1190 1656/2277/1656
f 1639/2253/1639 1704/2340/1704 1628/2234/1628
f 1704/2340/1704 1705/2341/1705 1628/2234/1628
f 1565/2140/1565 1669/2293/1669 1683/2315/1683
f 1657/2279/1657 1546/2278/1546 1706/2342/1706
f 1683/2315/1683 1640/2343/1640 1591/2173/1591
f 1640/2255/1640 1707/2344/1707 1601/2189/1601
f 1546/2278/1546 1670/2296/1670 1706/2342/1706
f 1670/2296/1670 1708/2345/1708 1706/2342/1706
f 1670/2296/1670 1684/2316/1684 1708/2345/1708
f 1693/2326/1693 1660/2282/1660 1642/2262/1642
f 1659/2318/1659 1693/2326/1693 1686/2319/1686
f 1617/2299/1617 1660/2282/1660 1709/2346/1709
f 1659/2281/1659 1710/2347/1710 1693/2348/1693
f 1617/2215/1617 1711/2349/1711 1459/1980/1459
f 1459/1980/1459 1711/2349/1711 1604/2194/1604
f 1607/2197/1607 1635/2243/1635 1712/2350/1712
f 1576/2156/1576 1702/2336/1702 1555/2129/1555
f 1713/2351/1713 1608/2245/1608 1609/2244/1609
f 1166/1545/1166 1419/1925/1419 1714/2352/1714
f 1664/2287/1664 1665/2288/1665 1360/1836/1360
f 1649/2270/1649 1542/2108/1542 1681/2313/1681
f 1691/2324/1691 1654/2275/1654 1561/2135/1561
f 1715/2353/1715 1493/2206/1493 1613/2205/1613
f 1588/2169/1588 1671/2298/1671 1592/2174/1592
f 1535/2098/1535 1716/2354/1716 1630/2297/1630
f 1716/2354/1716 1535/2098/1535 1717/2355/1717
f 1717/2355/1717 1535/2098/1535 1685/2317/1685
f 1684/2316/1684 1590/2295/1590 1547/2356/1547
f 1718/2357/1718 1566/2141/1566 1349/1821/1349
f 1594/2177/1594 1595/2178/1595 1719/2358/1719
f 1720/2359/1720 1693/2348/1693 1721/2360/1721
f 1693/2348/1693 1710/2347/1710 1721/2360/1721
f 1721/2360/1721 1710/2347/1710 1659/2281/1659
f 1632/2240/1632 1633/2241/1633 1573/2153/1573
f 1537/2101/1537 1414/1920/1414 1661/2283/1661
f 1722/2361/1722 1435/1949/1435 1645/2266/1645
f 1723/2362/1723 1662/2284/1662 1619/2217/1619
f 1724/2363/1724 1688/2321/1688 1606/2196/1606
f 1607/2197/1607 1712/2350/1712 1699/2332/1699
f 1390/1882/1390 1677/2306/1677 1622/2224/1622
f 1507/2105/1507 1530/2089/1530 1202/2088/1202
f 1666/2364/1666 1600/2308/1600 1679/2310/1679
f 1170/1551/1170 1725/2365/1725 1680/2312/1680
f 1668/2292/1668 1682/2314/1682 1726/2366/1726
f 1680/2312/1680 1681/2367/1681 1559/2133/1559
f 1715/2368/1715 1638/2369/1638 1493/2370/1493
f 1692/2325/1692 1639/2252/1639 1562/2137/1562
f 1656/2277/1656 1614/2254/1614 1727/2371/1727
f 1588/2187/1588 1628/2234/1628 1671/2372/1671
f 1657/2279/1657 1706/2342/1706 1708/2345/1708
f 1657/2279/1657 1708/2345/1708 1728/2373/1728
f 1684/2316/1684 1728/2373/1728 1708/2345/1708
f 1547/2356/1547 1615/2374/1615 1684/2316/1684
f 1566/2141/1566 1718/2357/1718 1729/2375/1729
f 1685/2376/1685 1519/2377/1519 1641/2378/1641
f 1659/2281/1659 1631/2261/1631 1721/2360/1721
f 1720/2359/1720 1730/2379/1730 1693/2348/1693
f 1632/2240/1632 1573/2153/1573 1731/2380/1731
f 1598/2182/1598 1687/2320/1687 1732/2381/1732
f 1435/2265/1435 1722/2382/1722 1661/2283/1661
f 1698/2331/1698 1733/2383/1733 1675/2304/1675
f 1676/2305/1676 1734/2384/1734 1599/2184/1599
f 1166/1545/1166 1735/2385/1735 1388/1880/1388
f 1556/2222/1556 1621/2386/1621 1217/2220/1217
f 1419/1925/1419 1529/2087/1529 1736/2387/1736
f 1388/1880/1388 1735/2385/1735 1271/1953/1271
f 1363/1967/1363 1527/2083/1527 1737/2388/1737
f 1363/1841/1363 1737/2389/1737 1529/2087/1529
f 1170/1551/1170 1622/2224/1622 1725/2365/1725
f 1653/2274/1653 1726/2366/1726 1682/2314/1682
f 1691/2324/1691 1637/2249/1637 1738/2390/1738
f 1455/2391/1455 1191/2063/1191 1320/2392/1320
f 1629/2393/1629 1739/2394/1739 1472/2207/1472
f 1657/2279/1657 1727/2395/1727 1614/2209/1614
f 1707/2396/1707 1740/2397/1740 1601/2398/1601
f 1640/2399/1741 1717/2400/1742 1741/2401/1743
f 1707/2402/1744 1717/2400/1742 1640/2399/1741
f 1685/2376/1685 1742/2403/1745 1717/2404/1717
f 1685/2376/1685 1641/2378/1641 1742/2403/1745
f 1567/2142/1567 1743/2405/1746 1501/2036/1501
f 1617/2406/1617 1709/2407/1709 1711/2408/1711
f 1721/2360/1721 1730/2379/1730 1720/2359/1720
f 1711/2349/1711 1643/2263/1643 1604/2194/1604
f 1644/2264/1644 1695/2328/1695 1415/1921/1415
f 1537/2101/1537 1661/2283/1661 1687/2320/1687
f 1461/1982/1461 1673/2301/1673 1696/2329/1696
f 1674/2302/1674 1724/2363/1724 1606/2196/1606
f 1645/2266/1645 1552/2125/1552 1699/2409/1699
f 1663/2285/1663 1744/2410/1747 1697/2330/1697
f 1699/2332/1699 1712/2350/1712 1745/2411/1748
f 1635/2243/1635 1701/2335/1701 1746/2412/1749
f 1675/2413/1675 1747/2414/1750 1700/2334/1700
f 1636/2247/1636 1713/2415/1713 1609/2199/1609
f 1608/2245/1608 1748/2416/1751 1525/2417/1525
f 1582/2162/1582 1749/2418/1752 1677/2306/1677
f 1582/2163/1582 1540/2106/1540 1749/2419/1752
f 1679/2311/1679 1668/2292/1668 1726/2366/1726
f 1653/2420/1653 1638/2369/1638 1750/2421/1753
f 1587/2168/1587 1751/2422/1754 1492/2023/1492
f 1455/2391/1455 1752/2423/1755 1191/2063/1191
f 1191/2063/1191 1752/2423/1755 1563/2138/1563
f 1545/2424/1545 1544/2113/1544 1753/2425/1756
f 1753/2425/1756 1692/2426/1692 1545/2424/1545
f 1657/2279/1657 1728/2373/1728 1754/2427/1757
f 1683/2428/1683 1716/2429/1716 1755/2430/1758
f 1683/2428/1683 1756/2431/1759 1716/2429/1716
f 1684/2316/1684 1754/2427/1757 1728/2373/1728
f 1757/2432/1760 1567/2142/1567 1671/2298/1671
f 1594/2177/1594 1719/2358/1719 1758/2433/1761
f 1595/2178/1595 1759/2434/1762 1719/2358/1719
f 1536/2100/1536 1759/2434/1762 1595/2178/1595
f 1631/2261/1631 1760/2435/1763 1721/2360/1721
f 1693/2348/1693 1730/2379/1730 1660/2436/1660
f 1731/2380/1731 1573/2153/1573 1761/2437/1764
f 1762/2438/1765 1695/2328/1695 1644/2264/1644
f 1696/2329/1696 1575/2155/1575 1574/2154/1574
f 1744/2410/1747 1763/2439/1766 1697/2330/1697
f 1697/2330/1697 1763/2439/1766 1698/2331/1698
f 1698/2440/1698 1764/2441/1767 1733/2442/1733
f 1733/2443/1733 1747/2414/1750 1675/2413/1675
f 1747/2414/1750 1734/2384/1734 1700/2334/1700
f 1734/2384/1734 1676/2305/1676 1700/2334/1700
f 1576/2156/1576 1525/2081/1525 1748/2444/1751
f 1269/1692/1269 1578/2158/1578 1765/2445/1768
f 1666/2364/1666 1766/2446/1769 1648/2447/1648
f 1272/2448/1272 1703/2338/1703 1408/2337/1408
f 1612/2203/1612 1767/2449/1770 1751/2422/1754
f 1692/2450/1692 1704/2340/1704 1639/2253/1639
f 1628/2234/1628 1705/2341/1705 1768/2451/1771
f 1669/2293/1669 1769/2452/1772 1683/2315/1683
f 1657/2279/1657 1754/2427/1757 1727/2395/1727
f 1769/2453/1772 1770/2454/1773 1683/2455/1683
f 1683/2455/1683 1770/2454/1773 1630/2456/1630
f 1683/2455/1683 1630/2456/1630 1771/2457/1774
f 1683/2455/1683 1771/2457/1774 1756/2458/1759
f 1740/2397/1740 1629/2393/1629 1601/2398/1601
f 1716/2429/1716 1771/2459/1774 1630/2460/1630
f 1756/2431/1759 1771/2459/1774 1716/2429/1716
f 1707/2396/1707 1742/2403/1745 1772/2461/1775
f 1707/2396/1707 1716/2462/1716 1742/2403/1745
f 1671/2372/1671 1628/2234/1628 1768/2451/1771
f 1717/2404/1717 1742/2403/1745 1716/2462/1716
f 1671/2372/1671 1773/2463/1776 1757/2464/1760
f 1757/2432/1760 1774/2465/1777 1567/2142/1567
f 1743/2405/1746 1567/2142/1567 1774/2465/1777
f 1594/2177/1594 1758/2433/1761 1641/2259/1641
f 1721/2360/1721 1760/2435/1763 1730/2379/1730
f 1632/2240/1632 1761/2437/1764 1775/2466/1778
f 1731/2380/1731 1761/2437/1764 1632/2240/1632
f 1644/2264/1644 1672/2300/1672 1762/2438/1765
f 1776/2467/1779 1723/2362/1723 1619/2217/1619
f 1645/2266/1645 1699/2409/1699 1777/2468/1780
f 1763/2439/1766 1764/2469/1767 1698/2331/1698
f 1712/2350/1712 1635/2243/1635 1778/2470/1781
f 1635/2243/1635 1746/2412/1749 1779/2471/1782
f 1746/2412/1749 1701/2335/1701 1780/2472/1783
f 1701/2335/1701 1702/2336/1702 1781/2473/1784
f 1677/2306/1677 1749/2418/1752 1622/2224/1622
f 1649/2270/1649 1782/2474/1785 1540/2106/1540
f 1678/2307/1678 1738/2390/1738 1637/2249/1637
f 1624/2227/1624 1651/2272/1651 1513/2057/1513
f 1651/2272/1651 1783/2475/1786 1411/1915/1411
f 1411/1915/1411 1783/2475/1786 1652/2273/1652
f 1612/2203/1612 1751/2422/1754 1587/2168/1587
f 1612/2203/1612 1514/2059/1514 1654/2275/1654
f 1638/2369/1638 1715/2368/1715 1750/2421/1753
f 1613/2476/1613 1784/2477/1787 1715/2368/1715
f 1656/2277/1656 1727/2371/1727 1785/2478/1788
f 1769/2453/1772 1630/2456/1630 1770/2454/1773
f 1707/2396/1707 1772/2461/1775 1740/2397/1740
f 1684/2316/1684 1786/2479/1789 1754/2427/1757
f 1757/2464/1760 1773/2463/1776 1774/2480/1777
f 1566/2141/1566 1787/2481/1790 1615/2212/1615
f 1501/2036/1501 1743/2405/1746 1631/2239/1631
f 1631/2482/1631 1743/2483/1746 1788/2484/1791
f 1631/2482/1631 1788/2484/1791 1789/2485/1792
f 1719/2358/1719 1759/2434/1762 1790/2486/1793
f 1660/2436/1660 1791/2487/1794 1709/2407/1709
f 1643/2263/1643 1762/2438/1765 1672/2300/1672
f 1618/2216/1618 1761/2437/1764 1573/2153/1573
f 1674/2302/1674 1662/2284/1662 1724/2363/1724
f 1724/2363/1724 1792/2488/1795 1688/2321/1688
f 1699/2332/1699 1745/2411/1748 1777/2489/1780
f 1635/2243/1635 1779/2471/1782 1778/2470/1781
f 1779/2471/1782 1746/2412/1749 1780/2472/1783
f 1793/2490/1796 1747/2414/1750 1733/2443/1733
f 1702/2336/1702 1794/2491/1797 1781/2473/1784
f 1734/2384/1734 1795/2492/1798 1599/2184/1599
f 1795/2492/1798 1796/2493/1799 1599/2184/1599
f 1796/2493/1799 1689/2322/1689 1599/2184/1599
f 1690/2323/1690 1713/2415/1713 1636/2247/1636
f 1608/2245/1608 1797/2494/1800 1748/2416/1751
f 1798/2495/1801 1690/2323/1690 1689/2322/1689
f 1797/2494/1800 1608/2245/1608 1713/2351/1713
f 1799/2496/1802 1577/2157/1577 1610/2200/1610
f 1800/2497/1803 1679/2311/1679 1726/2366/1726
f 1680/2312/1680 1649/2498/1649 1681/2367/1681
f 1653/2420/1653 1750/2421/1753 1726/2499/1726
f 1492/2023/1492 1751/2422/1754 1801/2500/1804
f 1801/2500/1804 1586/2167/1586 1492/2023/1492
f 1586/2167/1586 1802/2501/1805 1627/2232/1627
f 1655/2502/1655 1752/2423/1755 1455/2391/1455
f 1692/2450/1692 1803/2503/1806 1704/2340/1704
f 1727/2371/1727 1754/2504/1757 1804/2505/1807
f 1630/2506/1630 1769/2452/1772 1658/2507/1658
f 1615/2374/1615 1786/2479/1789 1684/2316/1684
f 1631/2261/1631 1789/2508/1792 1760/2435/1763
f 1758/2433/1761 1719/2358/1719 1790/2486/1793
f 1791/2487/1794 1660/2436/1660 1805/2509/1808
f 1660/2436/1660 1730/2379/1730 1805/2509/1808
f 1730/2379/1730 1760/2435/1763 1805/2509/1808
f 1643/2510/1643 1806/2511/1809 1762/2512/1765
f 1618/2216/1618 1598/2182/1598 1732/2381/1732
f 1661/2283/1661 1722/2382/1722 1807/2513/1810
f 1575/2155/1575 1776/2467/1779 1619/2217/1619
f 1792/2488/1795 1808/2514/1811 1688/2321/1688
f 1808/2514/1811 1663/2285/1663 1688/2321/1688
f 1745/2411/1748 1712/2350/1712 1778/2470/1781
f 1764/2441/1767 1809/2515/1812 1733/2442/1733
f 1701/2335/1701 1810/2516/1813 1780/2472/1783
f 1701/2335/1701 1781/2473/1784 1810/2516/1813
f 1793/2490/1796 1734/2384/1734 1747/2414/1750
f 1576/2156/1576 1748/2444/1751 1702/2336/1702
f 1811/2517/1814 1690/2323/1690 1798/2495/1801
f 1269/1692/1269 1765/2445/1768 1527/2083/1527
f 1812/2518/1815 1578/2158/1578 1648/2269/1648
f 1526/2339/1526 1813/2519/1816 1667/2290/1667
f 1749/2419/1752 1540/2106/1540 1782/2474/1785
f 1749/2418/1752 1725/2365/1725 1622/2224/1622
f 1749/2418/1752 1680/2312/1680 1725/2365/1725
f 1726/2499/1726 1814/2520/1817 1800/2521/1803
f 1585/2166/1585 1652/2273/1652 1626/2231/1626
f 1815/2522/1818 1655/2276/1655 1626/2231/1626
f 1612/2203/1612 1816/2523/1819 1767/2449/1770
f 1658/2507/1658 1769/2452/1772 1669/2293/1669
f 1754/2504/1757 1786/2524/1789 1804/2505/1807
f 1772/2461/1775 1742/2403/1745 1740/2397/1740
f 1629/2393/1629 1740/2397/1740 1817/2525/1820
f 1566/2141/1566 1729/2375/1729 1787/2481/1790
f 1733/2443/1733 1818/2526/1821 1793/2490/1796
f 1793/2490/1796 1795/2492/1798 1734/2384/1734
f 1797/2494/1800 1819/2527/1822 1748/2416/1751
f 1820/2528/1823 1797/2494/1800 1713/2351/1713
f 1821/2529/1824 1539/2103/1539 1577/2157/1577
f 1735/2385/1735 1166/1545/1166 1714/2352/1714
f 1714/2352/1714 1419/1925/1419 1736/2387/1736
f 1666/2364/1666 1679/2310/1679 1822/2530/1825
f 1822/2531/1825 1679/2311/1679 1800/2497/1803
f 1680/2312/1680 1749/2418/1752 1823/2532/1826
f 1452/2228/1452 1625/2230/1625 1824/2533/1827
f 1825/2534/1828 1751/2422/1754 1767/2449/1770
f 1752/2423/1755 1669/2293/1669 1563/2138/1563
f 1826/2535/1829 1669/2293/1669 1827/2536/1830
f 1826/2535/1829 1828/2537/1831 1669/2293/1669
f 1472/2207/1472 1784/2538/1787 1613/2205/1613
f 1669/2293/1669 1828/2537/1831 1658/2507/1658
f 1829/2539/1832 1629/2393/1629 1817/2525/1820
f 1830/2540/1833 1739/2394/1739 1629/2393/1629
f 1829/2539/1832 1830/2540/1833 1629/2393/1629
f 1740/2397/1740 1742/2403/1745 1817/2525/1820
f 1742/2403/1745 1641/2378/1641 1831/2541/1834
f 1759/2434/1762 1832/2542/1835 1790/2486/1793
f 1536/2100/1536 1694/2327/1694 1759/2434/1762
f 1761/2437/1764 1618/2216/1618 1732/2381/1732
f 1695/2328/1695 1833/2543/1836 1673/2301/1673
f 1687/2320/1687 1661/2283/1661 1807/2513/1810
f 1722/2361/1722 1645/2266/1645 1777/2468/1780
f 1745/2411/1748 1778/2470/1781 1834/2544/1837
f 1835/2545/1838 1778/2470/1781 1779/2471/1782
f 1836/2546/1839 1779/2471/1782 1780/2472/1783
f 1780/2472/1783 1810/2516/1813 1837/2547/1840
f 1838/2548/1841 1733/2442/1733 1809/2515/1812
f 1839/2549/1842 1818/2550/1821 1838/2548/1841
f 1838/2548/1841 1818/2550/1821 1733/2442/1733
f 1840/2551/1843 1678/2307/1678 1667/2290/1667
f 1823/2532/1826 1649/2498/1649 1680/2312/1680
f 1272/2448/1272 1452/2228/1452 1841/2552/1844
f 1652/2273/1652 1815/2522/1818 1626/2231/1626
f 1654/2275/1654 1816/2523/1819 1612/2203/1612
f 1785/2478/1788 1727/2371/1727 1804/2505/1807
f 1739/2394/1739 1784/2538/1787 1472/2207/1472
f 1742/2403/1745 1831/2541/1834 1817/2525/1820
f 1671/2372/1671 1768/2451/1771 1773/2463/1776
f 1774/2480/1777 1773/2463/1776 1768/2451/1771
f 1758/2433/1761 1790/2486/1793 1842/2553/1845
f 1709/2407/1709 1843/2554/1846 1711/2408/1711
f 1760/2435/1763 1844/2555/1847 1805/2509/1808
f 1711/2408/1711 1843/2554/1846 1643/2510/1643
f 1696/2329/1696 1845/2556/1848 1575/2155/1575
f 1776/2467/1779 1662/2284/1662 1723/2362/1723
f 1662/2284/1662 1792/2488/1795 1724/2363/1724
f 1777/2557/1780 1745/2558/1748 1835/2559/1838
f 1745/2411/1748 1846/2560/1849 1835/2545/1838
f 1745/2411/1748 1834/2544/1837 1846/2560/1849
f 1846/2560/1849 1778/2470/1781 1835/2545/1838
f 1834/2544/1837 1778/2470/1781 1846/2560/1849
f 1764/2441/1767 1847/2561/1850 1809/2515/1812
f 1793/2490/1796 1818/2526/1821 1848/2562/1851
f 1781/2473/1784 1794/2491/1797 1849/2563/1852
f 1820/2528/1823 1819/2527/1822 1797/2494/1800
f 988/1345/988 1850/2564/1853 1507/2049/1507
f 1735/2385/1735 1851/2565/1854 1271/1953/1271
f 1813/2519/1816 1840/2551/1843 1667/2290/1667
f 1782/2566/1785 1823/2532/1826 1749/2418/1752
f 1814/2520/1817 1822/2567/1825 1800/2521/1803
f 1649/2498/1649 1823/2532/1826 1782/2566/1785
f 1750/2421/1753 1715/2368/1715 1852/2568/1855
f 1752/2423/1755 1827/2536/1830 1669/2293/1669
f 1827/2569/1830 1853/2570/1856 1826/2571/1829
f 1853/2570/1856 1828/2572/1831 1826/2571/1829
f 1658/2280/1658 1828/2573/1831 1349/1821/1349
f 1768/2451/1771 1854/2574/1857 1774/2480/1777
f 1709/2407/1709 1791/2487/1794 1843/2554/1846
f 1597/2181/1597 1855/2575/1858 1694/2327/1694
f 1597/2181/1597 1632/2240/1632 1855/2575/1858
f 1761/2437/1764 1856/2576/1859 1775/2466/1778
f 1810/2516/1813 1781/2473/1784 1837/2547/1840
f 1838/2548/1841 1857/2577/1860 1839/2549/1842
f 1838/2548/1841 1858/2578/1861 1857/2577/1860
f 1809/2515/1812 1858/2578/1861 1838/2548/1841
f 1839/2579/1842 1859/2580/1862 1818/2581/1821
f 1818/2526/1821 1859/2582/1862 1848/2562/1851
f 1702/2583/1702 1748/2416/1751 1860/2584/1863
f 1796/2493/1799 1798/2495/1801 1689/2322/1689
f 1748/2416/1751 1819/2527/1822 1860/2584/1863
f 1690/2323/1690 1811/2517/1814 1713/2415/1713
f 1271/1697/1271 1851/2585/1854 1336/1803/1336
f 1529/2087/1529 1737/2389/1737 1736/2387/1736
f 1556/2222/1556 1703/2338/1703 1861/2586/1864
f 1726/2499/1726 1750/2421/1753 1862/2587/1865
f 1704/2340/1704 1863/2588/1866 1705/2341/1705
f 1817/2525/1820 1831/2541/1834 1829/2539/1832
f 1790/2486/1793 1832/2542/1835 1842/2553/1845
f 1805/2509/1808 1864/2589/1867 1791/2487/1794
f 1864/2589/1867 1805/2509/1808 1844/2555/1847
f 1843/2554/1846 1806/2511/1809 1643/2510/1643
f 1865/2590/1868 1762/2512/1765 1806/2511/1809
f 1865/2591/1868 1695/2328/1695 1762/2438/1765
f 1866/2592/1869 1673/2301/1673 1833/2543/1836
f 1807/2593/1810 1722/2594/1722 1777/2557/1780
f 1777/2557/1780 1835/2559/1838 1867/2595/1870
f 1781/2473/1784 1849/2563/1852 1868/2596/1871
f 1848/2562/1851 1869/2597/1872 1793/2490/1796
f 1794/2491/1797 1870/2598/1873 1849/2563/1852
f 1793/2490/1796 1871/2599/1874 1795/2492/1798
f 1539/2103/1539 1872/2600/1875 1384/1876/1384
f 1272/2448/1272 1841/2552/1844 1703/2338/1703
f 1814/2520/1817 1726/2499/1726 1862/2587/1865
f 1783/2475/1786 1873/2601/1876 1652/2273/1652
f 1654/2275/1654 1691/2324/1691 1874/2602/1877
f 1815/2522/1818 1875/2603/1878 1655/2276/1655
f 1655/2276/1655 1875/2603/1878 1876/2604/1879
f 1586/2167/1586 1801/2500/1804 1877/2605/1880
f 1750/2421/1753 1852/2568/1855 1862/2587/1865
f 1785/2478/1788 1878/2606/1881 1656/2277/1656
f 1349/1821/1349 1828/2573/1831 1879/2607/1882
f 1789/2508/1792 1880/2608/1883 1760/2435/1763
f 1880/2608/1883 1844/2555/1847 1760/2435/1763
f 1843/2554/1846 1881/2609/1884 1806/2511/1809
f 1687/2320/1687 1807/2513/1810 1882/2610/1885
f 1575/2155/1575 1845/2556/1848 1776/2467/1779
f 1662/2284/1662 1883/2611/1886 1792/2488/1795
f 1867/2595/1870 1835/2559/1838 1884/2612/1887
f 1885/2613/1888 1663/2285/1663 1808/2514/1811
f 1835/2545/1838 1779/2471/1782 1886/2614/1889
f 1886/2614/1889 1779/2471/1782 1836/2546/1839
f 1837/2547/1840 1781/2473/1784 1887/2615/1890
f 1887/2615/1890 1781/2473/1784 1888/2616/1891
f 1781/2473/1784 1868/2596/1871 1888/2616/1891
f 1889/2617/1892 1839/2549/1842 1857/2577/1860
f 1809/2515/1812 1890/2618/1893 1857/2577/1860
f 1857/2577/1860 1858/2578/1861 1809/2515/1812
f 1793/2490/1796 1869/2597/1872 1871/2599/1874
f 1765/2445/1768 1891/2619/1894 1527/2083/1527
f 1624/2227/1624 1783/2475/1786 1651/2272/1651
f 1877/2605/1880 1802/2501/1805 1586/2167/1586
f 1656/2277/1656 1878/2606/1881 1892/2620/1895
f 1893/2621/1896 1827/2569/1830 1752/2622/1755
f 1879/2623/1882 1828/2572/1831 1853/2570/1856
f 1705/2341/1705 1894/2624/1897 1768/2451/1771
f 1831/2541/1834 1830/2540/1833 1829/2539/1832
f 1831/2541/1834 1641/2378/1641 1895/2625/1898
f 1729/2375/1729 1896/2626/1899 1897/2627/1900
f 1786/2628/1789 1615/2629/1615 1787/2630/1790
f 1854/2631/1857 1743/2405/1746 1774/2465/1777
f 1791/2487/1794 1864/2589/1867 1898/2632/1901
f 1632/2240/1632 1775/2466/1778 1855/2575/1858
f 1695/2328/1695 1865/2591/1868 1833/2543/1836
f 1732/2381/1732 1687/2320/1687 1899/2633/1902
f 1673/2301/1673 1866/2592/1869 1696/2329/1696
f 1885/2613/1888 1744/2410/1747 1663/2285/1663
f 1763/2439/1766 1847/2634/1850 1764/2469/1767
f 1847/2561/1850 1900/2635/1903 1809/2515/1812
f 1849/2563/1852 1901/2636/1904 1868/2596/1871
f 1900/2635/1903 1890/2618/1893 1809/2515/1812
f 1848/2562/1851 1859/2582/1862 1869/2597/1872
f 1869/2597/1872 1902/2637/1905 1871/2599/1874
f 1849/2563/1852 1870/2598/1873 1901/2636/1904
f 1702/2336/1702 1860/2638/1863 1794/2491/1797
f 1820/2639/1823 1713/2640/1713 1811/2641/1814
f 1714/2352/1714 1903/2642/1906 1735/2385/1735
f 1336/1803/1336 1850/2564/1853 988/1345/988
f 1840/2551/1843 1904/2643/1907 1678/2307/1678
f 1904/2643/1907 1738/2390/1738 1678/2307/1678
f 1814/2520/1817 1862/2587/1865 1905/2644/1908
f 1841/2552/1844 1452/2228/1452 1824/2533/1827
f 1738/2390/1738 1906/2645/1909 1691/2324/1691
f 1751/2422/1754 1825/2534/1828 1801/2500/1804
f 1878/2606/1881 1785/2478/1788 1907/2646/1910
f 1804/2505/1807 1907/2646/1910 1785/2478/1788
f 1753/2425/1756 1803/2647/1806 1692/2426/1692
f 1349/2648/1349 1879/2649/1882 1718/2650/1718
f 1784/2538/1787 1739/2394/1739 1908/2651/1911
f 1729/2375/1729 1897/2627/1900 1909/2652/1912
f 1786/2628/1789 1787/2630/1790 1910/2653/1913
f 1854/2654/1857 1788/2484/1791 1743/2483/1746
f 1759/2434/1762 1911/2655/1914 1832/2542/1835
f 1832/2542/1835 1911/2655/1914 1842/2553/1845
f 1844/2555/1847 1912/2656/1915 1864/2589/1867
f 1898/2632/1901 1864/2589/1867 1912/2656/1915
f 1687/2320/1687 1882/2610/1885 1899/2633/1902
f 1780/2472/1783 1913/2657/1916 1836/2546/1839
f 1913/2657/1916 1780/2472/1783 1837/2547/1840
f 1857/2577/1860 1914/2658/1917 1889/2617/1892
f 1859/2582/1862 1902/2637/1905 1869/2597/1872
f 1860/2638/1863 1915/2659/1918 1794/2491/1797
f 1821/2529/1824 1577/2157/1577 1799/2496/1802
f 1648/2447/1648 1766/2446/1769 1812/2660/1815
f 1556/2222/1556 1861/2586/1864 1916/2661/1919
f 1507/2105/1507 1917/2662/1920 1530/2089/1530
f 1876/2604/1879 1918/2663/1921 1655/2276/1655
f 1827/2569/1830 1893/2621/1896 1853/2570/1856
f 1863/2588/1866 1894/2624/1897 1705/2341/1705
f 1831/2541/1834 1895/2625/1898 1830/2540/1833
f 1786/2524/1789 1910/2664/1913 1804/2505/1807
f 1787/2481/1790 1729/2375/1729 1909/2652/1912
f 1694/2327/1694 1919/2665/1922 1759/2434/1762
f 1694/2327/1694 1855/2575/1858 1919/2665/1922
f 1806/2511/1809 1881/2609/1884 1865/2590/1868
f 1920/2666/1923 1776/2467/1779 1921/2667/1924
f 1885/2613/1888 1808/2514/1811 1792/2488/1795
f 1922/2668/1925 1886/2614/1889 1836/2546/1839
f 1888/2616/1891 1868/2596/1871 1901/2636/1904
f 1889/2669/1892 1923/2670/1926 1839/2579/1842
f 1924/2671/1927 1901/2636/1904 1870/2598/1873
f 1859/2582/1862 1925/2672/1928 1902/2637/1905
f 1902/2637/1905 1926/2673/1929 1871/2599/1874
f 1927/2674/1930 1870/2598/1873 1794/2491/1797
f 1927/2674/1930 1794/2491/1797 1928/2675/1931
f 1928/2675/1931 1794/2491/1797 1915/2659/1918
f 1929/2676/1932 1812/2660/1815 1766/2446/1769
f 1930/2677/1933 1610/2200/1610 1621/2223/1621
f 1931/2678/1934 1526/2082/1526 1665/2288/1665
f 1666/2364/1666 1822/2530/1825 1766/2446/1769
f 1932/2679/1935 1813/2519/1816 1526/2339/1526
f 1933/2680/1936 1715/2368/1715 1784/2477/1787
f 1879/2623/1882 1853/2570/1856 1893/2621/1896
f 1830/2540/1833 1934/2681/1937 1739/2394/1739
f 1895/2625/1898 1641/2378/1641 1935/2682/1938
f 1880/2608/1883 1912/2656/1915 1844/2555/1847
f 1936/2683/1939 1855/2575/1858 1775/2466/1778
f 1776/2467/1779 1920/2666/1923 1662/2284/1662
f 1920/2666/1923 1937/2684/1940 1662/2284/1662
f 1662/2284/1662 1937/2684/1940 1883/2611/1886
f 1884/2685/1887 1835/2545/1838 1922/2668/1925
f 1835/2545/1838 1886/2614/1889 1922/2668/1925
f 1836/2546/1839 1913/2657/1916 1922/2668/1925
f 1837/2547/1840 1887/2615/1890 1913/2657/1916
f 1938/2686/1941 1900/2635/1903 1847/2561/1850
f 1914/2658/1917 1857/2577/1860 1939/2687/1942
f 1839/2579/1842 1940/2688/1943 1859/2580/1862
f 1870/2598/1873 1927/2674/1930 1924/2671/1927
f 1902/2637/1905 1925/2672/1928 1941/2689/1944
f 1871/2599/1874 1942/2690/1945 1795/2492/1798
f 1736/2387/1736 1943/2691/1946 1714/2352/1714
f 1872/2600/1875 1539/2103/1539 1821/2529/1824
f 1578/2158/1578 1812/2518/1815 1765/2445/1768
f 1384/1876/1384 1872/2600/1875 1664/2287/1664
f 1737/2389/1737 1891/2692/1894 1736/2387/1736
f 1527/2083/1527 1891/2619/1894 1737/2388/1737
f 1610/2200/1610 1930/2677/1933 1799/2496/1802
f 1931/2678/1934 1665/2288/1665 1664/2287/1664
f 1530/2089/1530 1917/2662/1920 1584/2165/1584
f 1624/2227/1624 1944/2693/1947 1783/2475/1786
f 1876/2694/1879 1945/2695/1948 1918/2696/1921
f 1946/2697/1949 1852/2568/1855 1715/2368/1715
f 1908/2698/1911 1947/2699/1950 1784/2477/1787
f 1729/2375/1729 1718/2357/1718 1896/2626/1899
f 1894/2624/1897 1854/2574/1857 1768/2451/1771
f 1854/2574/1857 1948/2700/1951 1788/2701/1791
f 1949/2702/1952 1880/2703/1883 1789/2485/1792
f 1791/2487/1794 1950/2704/1953 1951/2705/1954
f 1791/2487/1794 1898/2632/1901 1950/2704/1953
f 1898/2632/1901 1912/2656/1915 1950/2704/1953
f 1807/2513/1810 1952/2706/1955 1882/2610/1885
f 1845/2556/1848 1921/2667/1924 1776/2467/1779
f 1937/2684/1940 1953/2707/1956 1883/2611/1886
f 1913/2657/1916 1887/2615/1890 1954/2708/1957
f 1857/2577/1860 1890/2618/1893 1939/2687/1942
f 1900/2635/1903 1939/2687/1942 1890/2618/1893
f 1955/2709/1958 1956/2710/1959 1839/2579/1842
f 1956/2710/1959 1940/2688/1943 1839/2579/1842
f 1940/2688/1943 1925/2711/1928 1859/2580/1862
f 1902/2637/1905 1941/2689/1944 1957/2712/1960
f 1871/2599/1874 1926/2673/1929 1942/2690/1945
f 1927/2674/1930 1928/2675/1931 1958/2713/1961
f 1959/2714/1962 1796/2493/1799 1795/2492/1798
f 1928/2675/1931 1915/2659/1918 1958/2713/1961
f 1703/2338/1703 1916/2661/1919 1861/2586/1864
f 1822/2567/1825 1814/2520/1817 1960/2715/1963
f 1783/2475/1786 1944/2693/1947 1873/2601/1876
f 1652/2273/1652 1873/2601/1876 1815/2522/1818
f 1654/2275/1654 1874/2602/1877 1961/2716/1964
f 1654/2275/1654 1961/2716/1964 1816/2523/1819
f 1767/2449/1770 1962/2717/1965 1825/2534/1828
f 1655/2502/1655 1963/2718/1966 1752/2423/1755
f 1803/2503/1806 1964/2719/1967 1704/2340/1704
f 1863/2588/1866 1965/2720/1968 1894/2624/1897
f 1753/2425/1756 1966/2721/1969 1803/2647/1806
f 1894/2624/1897 1948/2700/1951 1854/2574/1857
f 1759/2434/1762 1967/2722/1970 1911/2655/1914
f 1912/2656/1915 1968/2723/1971 1950/2704/1953
f 1791/2487/1794 1951/2705/1954 1969/2724/1972
f 1856/2576/1859 1761/2437/1764 1970/2725/1973
f 1761/2437/1764 1732/2381/1732 1970/2725/1973
f 1807/2593/1810 1777/2557/1780 1952/2726/1955
f 1744/2410/1747 1885/2613/1888 1763/2439/1766
f 1913/2657/1916 1954/2708/1957 1922/2668/1925
f 1971/2727/1974 1888/2616/1891 1972/2728/1975
f 1888/2616/1891 1901/2636/1904 1972/2728/1975
f 1923/2670/1926 1955/2709/1958 1839/2579/1842
f 1902/2637/1905 1957/2712/1960 1926/2673/1929
f 1925/2672/1928 1973/2729/1976 1941/2689/1944
f 1815/2522/1818 1873/2601/1876 1875/2603/1878
f 1875/2603/1878 1945/2730/1948 1876/2604/1879
f 1801/2500/1804 1825/2534/1828 1877/2605/1880
f 1918/2731/1921 1963/2718/1966 1655/2502/1655
f 1878/2606/1881 1974/2732/1977 1892/2620/1895
f 1964/2719/1967 1965/2720/1968 1863/2588/1866
f 1895/2625/1898 1935/2682/1938 1830/2540/1833
f 1909/2652/1912 1910/2733/1913 1787/2481/1790
f 1641/2259/1641 1975/2734/1978 1935/2735/1938
f 1788/2484/1791 1948/2736/1951 1976/2737/1979
f 1968/2723/1971 1951/2705/1954 1950/2704/1953
f 1775/2466/1778 1856/2576/1859 1936/2683/1939
f 1833/2543/1836 1865/2591/1868 1866/2592/1869
f 1883/2611/1886 1953/2707/1956 1792/2488/1795
f 1792/2488/1795 1977/2738/1980 1885/2613/1888
f 1922/2739/1925 1978/2740/1981 1979/2741/1982
f 1922/2739/1925 1954/2742/1957 1978/2740/1981
f 1980/2743/1983 1923/2744/1926 1889/2745/1892
f 1888/2616/1891 1971/2727/1974 1887/2615/1890
f 1914/2658/1917 1939/2687/1942 1981/2746/1984
f 1900/2635/1903 1938/2686/1941 1939/2687/1942
f 1955/2709/1958 1982/2747/1985 1956/2710/1959
f 1924/2671/1927 1983/2748/1986 1901/2636/1904
f 1984/2749/1987 1985/2750/1988 1956/2710/1959
f 1985/2750/1988 1986/2751/1989 1956/2710/1959
f 1926/2673/1929 1957/2712/1960 1987/2752/1990
f 1941/2689/1944 1988/2753/1991 1957/2712/1960
f 1795/2492/1798 1942/2690/1945 1959/2714/1962
f 1973/2729/1976 1989/2754/1992 1941/2689/1944
f 1811/2517/1814 1798/2495/1801 1990/2755/1993
f 1891/2692/1894 1943/2691/1946 1736/2387/1736
f 1556/2222/1556 1916/2661/1919 1621/2386/1621
f 1766/2446/1769 1822/2530/1825 1991/2756/1994
f 1624/2227/1624 1650/2271/1650 1944/2693/1947
f 1752/2622/1755 1992/2757/1995 1893/2621/1896
f 1715/2368/1715 1933/2680/1936 1946/2697/1949
f 1704/2340/1704 1964/2719/1967 1863/2588/1866
f 1976/2737/1979 1789/2485/1792 1788/2484/1791
f 1993/2758/1996 1949/2702/1952 1789/2485/1792
f 1967/2722/1970 1994/2759/1997 1911/2655/1914
f 1855/2575/1858 1936/2683/1939 1919/2665/1922
f 1952/2726/1955 1777/2557/1780 1867/2595/1870
f 1953/2707/1956 1995/2760/1998 1792/2488/1795
f 1867/2595/1870 1884/2612/1887 1996/2761/1999
f 1763/2439/1766 1997/2762/2000 1847/2634/1850
f 1978/2740/1981 1954/2742/1957 1971/2763/1974
f 1954/2708/1957 1887/2615/1890 1971/2727/1974
f 1847/2634/1850 1998/2764/2001 1999/2765/2002
f 1914/2658/1917 1981/2746/1984 1889/2617/1892
f 1999/2765/2002 1938/2766/1941 1847/2634/1850
f 1982/2747/1985 1955/2709/1958 2000/2767/2003
f 1981/2746/1984 1939/2687/1942 1938/2686/1941
f 1982/2747/1985 1984/2749/1987 1956/2710/1959
f 1926/2673/1929 1987/2752/1990 1942/2690/1945
f 1958/2713/1961 2001/2768/2004 1927/2674/1930
f 1958/2713/1961 2002/2769/2005 2001/2768/2004
f 1820/2528/1823 2003/2770/2006 1819/2527/1822
f 1714/2352/1714 1943/2691/1946 1903/2642/1906
f 1814/2520/1817 1905/2644/1908 1960/2715/1963
f 1767/2449/1770 1816/2523/1819 2004/2771/2007
f 1802/2501/1805 1877/2605/1880 2005/2772/2008
f 1625/2230/1625 1656/2277/1656 1892/2620/1895
f 1802/2501/1805 2006/2773/2009 1627/2232/1627
f 1893/2621/1896 1992/2757/1995 1879/2623/1882
f 1933/2680/1936 1784/2477/1787 2007/2774/2010
f 1966/2721/1969 2008/2775/2011 1803/2647/1806
f 1830/2540/1833 1935/2682/1938 1934/2681/1937
f 1739/2394/1739 1934/2681/1937 1908/2651/1911
f 1911/2655/1914 2009/2776/2012 1842/2553/1845
f 1791/2487/1794 1881/2609/1884 1843/2554/1846
f 1951/2705/1954 1968/2723/1971 1969/2724/1972
f 1936/2683/1939 1856/2576/1859 2010/2777/2013
f 1732/2381/1732 1899/2633/1902 1970/2725/1973
f 1995/2760/1998 1977/2738/1980 1792/2488/1795
f 1971/2763/1974 1979/2741/1982 1978/2740/1981
f 1997/2762/2000 1998/2764/2001 1847/2634/1850
f 1980/2743/1983 2011/2778/2014 1923/2744/1926
f 2012/2779/2015 1982/2780/1985 2000/2781/2003
f 1981/2746/1984 1938/2686/1941 1999/2782/2002
f 1901/2636/1904 1983/2748/1986 1972/2728/1975
f 1924/2671/1927 1927/2674/1930 1983/2748/1986
f 1940/2688/1943 2013/2783/2016 1925/2711/1928
f 1925/2711/1928 2013/2783/2016 1973/2784/1976
f 1957/2712/1960 2014/2785/2017 1987/2752/1990
f 1957/2712/1960 1988/2753/1991 2014/2785/2017
f 1941/2689/1944 2015/2786/2018 1988/2753/1991
f 1941/2689/1944 1989/2754/1992 2015/2786/2018
f 2001/2768/2004 2016/2787/2019 1927/2674/1930
f 2001/2768/2004 2017/2788/2020 2016/2787/2019
f 1959/2714/1962 2018/2789/2021 1796/2493/1799
f 1796/2493/1799 2018/2789/2021 1798/2495/1801
f 1915/2790/1918 2019/2791/2022 1958/2792/1961
f 1860/2584/1863 2020/2793/2023 1915/2790/1918
f 2020/2793/2023 2019/2791/2022 1915/2790/1918
f 1820/2639/1823 1811/2641/1814 2021/2794/2024
f 2022/2795/2025 2003/2770/2006 1820/2528/1823
f 1822/2530/1825 2023/2796/2026 1991/2756/1994
f 1813/2519/1816 1932/2679/1935 1840/2551/1843
f 1822/2567/1825 1960/2715/1963 2023/2797/2026
f 1904/2643/1907 1906/2645/1909 1738/2390/1738
f 1906/2645/1909 1874/2602/1877 1691/2324/1691
f 1627/2232/1627 1753/2425/1756 1544/2113/1544
f 1641/2259/1641 1758/2433/1761 1975/2734/1978
f 1994/2759/1997 2024/2798/2027 1911/2655/1914
f 1759/2434/1762 1919/2665/1922 1967/2722/1970
f 1866/2592/1869 1845/2556/1848 1696/2329/1696
f 1921/2667/1924 1937/2684/1940 1920/2666/1923
f 1889/2799/1892 2025/2800/2028 1980/2801/1983
f 1979/2741/1982 1971/2763/1974 2026/2802/2029
f 1889/2799/1892 2027/2803/2030 2025/2800/2028
f 1889/2799/1892 1981/2804/1984 2027/2803/2030
f 1982/2780/1985 2012/2779/2015 2028/2805/2031
f 1981/2804/1984 1999/2806/2002 2027/2803/2030
f 2000/2767/2003 1955/2709/1958 2011/2807/2014
f 1955/2709/1958 1923/2670/1926 2011/2807/2014
f 1971/2763/1974 1972/2808/1975 2029/2809/2032
f 1984/2749/1987 1982/2747/1985 2030/2810/2033
f 1985/2750/1988 1984/2749/1987 2031/2811/2034
f 1927/2674/1930 2016/2787/2019 2032/2812/2035
f 2001/2813/2004 2002/2814/2005 2017/2815/2020
f 1819/2527/1822 2020/2793/2023 1860/2584/1863
f 2003/2770/2006 2033/2816/2036 1819/2527/1822
f 1903/2642/1906 2034/2817/2037 2035/2818/2038
f 1336/2819/1336 1851/2820/1854 1850/2821/1853
f 1735/2385/1735 2035/2818/2038 1851/2565/1854
f 1526/2339/1526 2036/2822/2039 1932/2679/1935
f 1803/2503/1806 2037/2823/2040 1964/2719/1967
f 1947/2699/1950 2038/2824/2041 1784/2477/1787
f 1758/2433/1761 1842/2553/1845 2009/2776/2012
f 1967/2722/1970 2024/2798/2027 1994/2759/1997
f 1912/2656/1915 1880/2608/1883 1968/2723/1971
f 1969/2724/1972 2039/2825/2042 1791/2487/1794
f 1969/2724/1972 2040/2826/2043 2039/2825/2042
f 1968/2723/1971 2040/2826/2043 1969/2724/1972
f 1968/2723/1971 2041/2827/2044 2040/2826/2043
f 2010/2777/2013 1856/2576/1859 1970/2725/1973
f 2042/2828/2045 1921/2667/1924 1845/2556/1848
f 2043/2829/2046 1763/2439/1766 1885/2613/1888
f 1922/2739/1925 1979/2741/1982 2044/2830/2047
f 1763/2439/1766 2045/2831/2048 1997/2762/2000
f 1997/2762/2000 2027/2832/2049 1998/2764/2001
f 1997/2762/2000 2047/2833/2050 2027/2832/2049
f 2000/2781/2003 2011/2778/2014 2048/2834/2051
f 2049/2835/2052 1982/2780/1985 2028/2805/2031
f 1972/2808/1975 2050/2836/2053 2029/2809/2032
f 2049/2835/2052 2030/2837/2033 1982/2780/1985
f 2050/2836/2053 1972/2808/1975 2051/2838/2054
f 2030/2810/2033 2031/2811/2034 1984/2749/1987
f 1972/2808/1975 1983/2839/1986 2051/2838/2054
f 1956/2710/1959 1986/2751/1989 1940/2688/1943
f 1927/2674/1930 2032/2812/2035 1983/2748/1986
f 2014/2785/2017 2052/2840/2055 1987/2752/1990
f 2014/2785/2017 1988/2753/1991 2052/2840/2055
f 1942/2690/1945 1987/2752/1990 1959/2714/1962
f 2017/2815/2020 2002/2814/2005 2053/2841/2056
f 1958/2792/1961 2019/2791/2022 2002/2814/2005
f 1990/2842/1993 2021/2794/2024 1811/2641/1814
f 1799/2496/1802 2054/2843/2057 1821/2529/1824
f 1821/2529/1824 2055/2844/2058 1872/2600/1875
f 1903/2642/1906 2035/2818/2038 1735/2385/1735
f 1812/2660/1815 1929/2676/1932 2056/2845/2059
f 1862/2587/1865 1852/2568/1855 2057/2846/2060
f 1767/2449/1770 2004/2771/2007 1962/2717/1965
f 1804/2505/1807 2058/2847/2061 1907/2646/1910
f 1933/2680/1936 2007/2774/2010 1946/2697/1949
f 1803/2647/1806 2059/2848/2062 2037/2849/2040
f 1879/2850/1882 2060/2851/2063 1718/2852/1718
f 2009/2776/2012 1911/2655/1914 2061/2853/2064
f 1911/2655/1914 2024/2798/2027 2061/2853/2064
f 2024/2798/2027 2062/2854/2065 2061/2853/2064
f 2024/2798/2027 1967/2722/1970 2062/2854/2065
f 1968/2723/1971 2063/2855/2066 2041/2827/2044
f 1881/2609/1884 2064/2856/2067 1865/2590/1868
f 2039/2825/2042 2040/2826/2043 2041/2827/2044
f 1866/2592/1869 2042/2828/2045 1845/2556/1848
f 1885/2613/1888 1977/2738/1980 2043/2829/2046
f 1979/2741/1982 2026/2802/2029 2044/2830/2047
f 2065/2857/2068 2000/2781/2003 2048/2834/2051
f 2066/2858/2069 2045/2859/2048 2025/2800/2028
f 2067/2860/2070 1997/2861/2000 2066/2858/2069
f 1997/2861/2000 2068/2862/2071 2046/2863/2072
f 1997/2861/2000 2045/2859/2048 2066/2858/2069
f 2025/2800/2028 2027/2803/2030 2066/2858/2069
f 2046/2864/2073 2066/2858/2069 1998/2865/2074
f 2027/2803/2030 1998/2865/2074 2066/2858/2069
f 2000/2781/2003 2069/2866/2075 2012/2779/2015
f 1985/2750/1988 2031/2811/2034 2070/2867/2076
f 2070/2867/2076 1986/2751/1989 1985/2750/1988
f 1986/2751/1989 2071/2868/2077 1940/2688/1943
f 1987/2752/1990 2052/2840/2055 2072/2869/2078
f 1987/2752/1990 2072/2869/2078 1959/2714/1962
f 1973/2784/1976 2073/2870/2079 1989/2871/1992
f 1989/2871/1992 2073/2870/2079 2074/2872/2080
f 1798/2495/1801 2018/2789/2021 2075/2873/2081
f 1990/2755/1993 1798/2495/1801 2075/2873/2081
f 1819/2527/1822 2076/2874/2082 2020/2793/2023
f 1819/2527/1822 2033/2816/2036 2077/2875/2083
f 1916/2661/1919 2078/2876/2084 1621/2386/1621
f 1905/2644/1908 1862/2587/1865 2079/2877/2085
f 1816/2523/1819 1961/2716/1964 2004/2771/2007
f 1802/2501/1805 2005/2772/2008 2006/2773/2009
f 1907/2646/1910 2058/2847/2061 1878/2606/1881
f 1804/2505/1807 1910/2664/1913 2058/2847/2061
f 1784/2477/1787 2038/2824/2041 2007/2774/2010
f 1947/2699/1950 1908/2698/1911 2080/2878/2086
f 1897/2627/1900 2081/2879/2087 1909/2652/1912
f 1949/2702/1952 1993/2758/1996 2082/2880/2088
f 1791/2487/1794 2039/2825/2042 2083/2881/2089
f 1882/2610/1885 1952/2706/1955 2084/2882/2090
f 2085/2883/2091 2043/2829/2046 1977/2738/1980
f 2025/2800/2028 2045/2859/2048 1980/2801/1983
f 2067/2860/2070 2066/2858/2069 2086/2884/2092
f 2068/2885/2071 2086/2886/2092 2046/2887/2072
f 2087/2888/2093 2012/2779/2015 2088/2889/2094
f 2028/2805/2031 2012/2779/2015 2087/2888/2093
f 1983/2839/1986 2032/2890/2035 2089/2891/2095
f 1988/2753/1991 2015/2786/2018 2052/2840/2055
f 2052/2840/2055 2015/2786/2018 2072/2869/2078
f 1989/2754/1992 2072/2869/2078 2015/2786/2018
f 2072/2869/2078 2018/2789/2021 1959/2714/1962
f 1989/2754/1992 2074/2892/2080 2072/2869/2078
f 2072/2869/2078 2074/2892/2080 2018/2789/2021
f 1625/2230/1625 2090/2893/2096 1824/2533/1827
f 1825/2534/1828 2091/2894/2097 1877/2605/1880
f 1852/2568/1855 1946/2697/1949 2057/2846/2060
f 1947/2699/1950 2080/2878/2086 2038/2824/2041
f 1894/2624/1897 1965/2720/1968 1948/2700/1951
f 1791/2487/1794 2092/2895/2098 1881/2609/1884
f 2083/2881/2089 2092/2895/2098 1791/2487/1794
f 2063/2855/2066 2083/2881/2089 2039/2825/2042
f 2041/2827/2044 2063/2855/2066 2039/2825/2042
f 1884/2612/1887 1922/2896/1925 1996/2761/1999
f 2043/2829/2046 2093/2897/2099 1763/2439/1766
f 2094/2898/2100 2088/2889/2094 2065/2857/2068
f 2065/2857/2068 2088/2889/2094 2000/2781/2003
f 2095/2899/2101 1997/2861/2000 2067/2860/2070
f 2095/2899/2101 2096/2900/2102 1997/2861/2000
f 1997/2861/2000 2096/2900/2102 2068/2862/2071
f 2096/2901/2102 2086/2886/2092 2068/2885/2071
f 2067/2902/2070 2086/2886/2092 2097/2903/2103
f 2048/2834/2051 2011/2778/2014 2098/2904/2104
f 2098/2904/2104 2011/2778/2014 1980/2743/1983
f 2046/2905/2105 2066/2906/2106 2099/2907/2107
f 2066/2906/2106 2100/2908/2108 2099/2907/2107
f 2026/2802/2029 1971/2763/1974 2101/2909/2109
f 2102/2910/2110 2030/2837/2033 2049/2835/2052
f 2071/2868/2077 2013/2783/2016 1940/2688/1943
f 2032/2890/2035 2016/2911/2019 2103/2912/2111
f 2016/2911/2019 2104/2913/2112 2103/2912/2111
f 2016/2787/2019 2017/2788/2020 2105/2914/2113
f 2017/2788/2020 2106/2915/2114 2105/2914/2113
f 2077/2875/2083 2076/2874/2082 1819/2527/1822
f 1943/2916/1946 2107/2917/2115 1903/2918/1906
f 2108/2919/2116 1943/2916/1946 1891/2920/1894
f 1812/2660/1815 2056/2845/2059 1765/2921/1768
f 1891/2920/1894 1765/2921/1768 2108/2919/2116
f 1526/2082/1526 1931/2678/1934 2036/2922/2039
f 1703/2338/1703 1841/2552/1844 1916/2661/1919
f 1584/2165/1584 2109/2923/2117 1650/2271/1650
f 2090/2893/2096 1841/2552/1844 1824/2533/1827
f 1625/2230/1625 1892/2620/1895 2090/2893/2096
f 2110/2924/2118 2005/2772/2008 1877/2605/1880
f 2060/2925/2063 1879/2623/1882 1992/2757/1995
f 2008/2775/2011 2059/2848/2062 1803/2647/1806
f 2111/2926/2119 2062/2854/2065 1967/2722/1970
f 2061/2853/2064 2062/2854/2065 2111/2926/2119
f 2093/2897/2099 2045/2831/2048 1763/2439/1766
f 2112/2927/2120 2065/2857/2068 2048/2834/2051
f 2112/2927/2120 2048/2834/2051 2098/2904/2104
f 2098/2904/2104 1980/2743/1983 2112/2927/2120
f 2113/2928/2121 1922/2739/1925 2044/2830/2047
f 2049/2835/2052 2028/2805/2031 2102/2910/2110
f 2114/2929/2122 2046/2930/2105 2099/2931/2107
f 2088/2889/2094 2012/2779/2015 2116/2932/2123
f 2000/2781/2003 2117/2933/2124 2069/2866/2075
f 2070/2867/2076 2031/2811/2034 2118/2934/2125
f 2051/2838/2054 1983/2839/1986 2089/2891/2095
f 2089/2891/2095 2032/2890/2035 2103/2912/2111
f 2013/2783/2016 2119/2935/2126 1973/2784/1976
f 2073/2870/2079 1973/2784/1976 2119/2935/2126
f 2076/2874/2082 2019/2791/2022 2020/2793/2023
f 2022/2936/2025 1820/2639/1823 2021/2794/2024
f 2120/2937/2127 1799/2496/1802 1930/2677/1933
f 2121/2938/2128 1917/2662/1920 1507/2105/1507
f 1960/2715/1963 1905/2644/1908 2079/2877/2085
f 1918/2696/1921 2122/2939/2129 1963/2940/1966
f 1877/2605/1880 2091/2894/2097 2110/2924/2118
f 1825/2534/1828 1962/2717/1965 2091/2894/2097
f 1892/2620/1895 1974/2732/1977 2123/2941/2130
f 1752/2942/1755 2124/2943/2131 1992/2944/1995
f 1896/2945/1899 1718/2852/1718 2060/2851/2063
f 1935/2682/1938 1908/2651/1911 1934/2681/1937
f 1993/2758/1996 1789/2485/1792 1976/2737/1979
f 1758/2433/1761 2009/2776/2012 1975/2734/1978
f 2082/2880/2088 2125/2946/2132 1949/2702/1952
f 1949/2702/1952 2126/2947/2133 1880/2703/1883
f 2009/2776/2012 2061/2853/2064 2127/2948/2134
f 2127/2948/2134 2061/2853/2064 2128/2949/2135
f 1967/2722/1970 1919/2665/1922 2129/2950/2136
f 1919/2665/1922 1936/2683/1939 2130/2951/2137
f 1980/2743/1983 2045/2952/2048 2131/2953/2138
f 2087/2888/2093 2094/2898/2100 2065/2857/2068
f 2132/2954/2139 2102/2910/2110 2028/2805/2031
f 2132/2954/2139 2028/2805/2031 2087/2888/2093
f 2026/2802/2029 2101/2909/2109 2044/2830/2047
f 2087/2888/2093 2088/2889/2094 2094/2898/2100
f 2067/2902/2070 2133/2955/2140 2095/2956/2101
f 2067/2902/2070 2097/2903/2103 2133/2955/2140
f 2096/2901/2102 2097/2903/2103 2086/2886/2092
f 2100/2957/2108 2114/2929/2122 2099/2931/2107
f 2012/2779/2015 2069/2866/2075 2116/2932/2123
f 2101/2909/2109 1971/2763/1974 2029/2809/2032
f 2030/2810/2033 2118/2934/2125 2031/2811/2034
f 2050/2836/2053 2051/2838/2054 2134/2958/2141
f 2135/2959/2142 2089/2891/2095 2103/2912/2111
f 2104/2960/2112 2016/2787/2019 2105/2914/2113
f 2073/2870/2079 2119/2935/2126 2074/2872/2080
f 2106/2915/2114 2017/2788/2020 2136/2961/2143
f 2017/2815/2020 2053/2841/2056 2136/2962/2143
f 1766/2446/1769 1991/2756/1994 1929/2676/1932
f 1961/2716/1964 2137/2963/2144 2004/2771/2007
f 1963/2940/1966 2124/2943/2131 1752/2942/1755
f 1627/2232/1627 2006/2773/2009 1753/2425/1756
f 1753/2425/1756 2006/2773/2009 1966/2721/1969
f 1964/2719/1967 2138/2964/2145 1965/2720/1968
f 1908/2698/1911 2139/2965/2146 2080/2878/2086
f 1909/2652/1912 2081/2879/2087 1910/2733/1913
f 1976/2966/1979 1948/2700/1951 1965/2720/1968
f 2140/2967/2147 1935/2735/1938 1975/2734/1978
f 1949/2702/1952 2125/2946/2132 2126/2947/2133
f 1880/2608/1883 2126/2968/2133 1968/2723/1971
f 1919/2665/1922 2130/2951/2137 2129/2950/2136
f 2083/2881/2089 2063/2855/2066 2092/2895/2098
f 1970/2725/1973 2141/2969/2148 2010/2777/2013
f 1865/2591/1868 2042/2828/2045 1866/2592/1869
f 1899/2633/1902 1882/2610/1885 2084/2882/2090
f 1867/2595/1870 1996/2761/1999 2142/2970/2149
f 1995/2760/1998 1953/2707/1956 2143/2971/2150
f 1977/2738/1980 2144/2972/2151 2085/2883/2091
f 2065/2857/2068 2145/2973/2152 2087/2888/2093
f 2065/2857/2068 2112/2927/2120 2145/2973/2152
f 1980/2743/1983 2131/2953/2138 2112/2927/2120
f 2045/2952/2048 2146/2974/2153 2131/2953/2138
f 2044/2830/2047 2101/2909/2109 2113/2928/2121
f 2095/2956/2101 2133/2955/2140 2096/2901/2102
f 2100/2908/2108 2066/2906/2106 2147/2975/2154
f 2088/2889/2094 2117/2933/2124 2000/2781/2003
f 2066/2906/2106 2148/2976/2155 2147/2975/2154
f 2114/2929/2122 2148/2977/2155 2046/2930/2105
f 2115/2978/2156 2148/2976/2155 2066/2906/2106
f 2046/2930/2105 2148/2977/2155 2115/2979/2156
f 2116/2932/2123 2069/2866/2075 2117/2933/2124
f 2050/2836/2053 2134/2958/2141 2149/2980/2157
f 2051/2838/2054 2089/2891/2095 2150/2981/2158
f 2151/2982/2159 2089/2891/2095 2135/2959/2142
f 2135/2959/2142 2152/2983/2160 2151/2982/2159
f 2152/2983/2160 2135/2959/2142 2153/2984/2161
f 2135/2959/2142 2103/2912/2111 2153/2984/2161
f 2153/2984/2161 2103/2912/2111 2154/2985/2162
f 2154/2985/2162 2103/2912/2111 2104/2913/2112
f 2071/2868/2077 2119/2935/2126 2013/2783/2016
f 2105/2914/2113 2106/2915/2114 2104/2960/2112
f 2106/2915/2114 2136/2961/2143 2104/2960/2112
f 2002/2814/2005 2019/2791/2022 2053/2841/2056
f 1962/2717/1965 2004/2771/2007 2091/2894/2097
f 1974/2732/1977 1878/2606/1881 2058/2847/2061
f 2080/2878/2086 2139/2965/2146 2038/2824/2041
f 1908/2651/1911 1935/2682/1938 2140/2986/2147
f 1975/2734/1978 2009/2776/2012 2155/2987/2163
f 2156/2988/2164 2125/2946/2132 2082/2880/2088
f 1967/2722/1970 2129/2950/2136 2157/2989/2165
f 2157/2989/2165 2111/2926/2119 1967/2722/1970
f 2126/2947/2133 2158/2990/2166 1968/2991/1971
f 2061/2853/2064 2111/2926/2119 2128/2949/2135
f 2158/2992/2166 2063/2855/2066 1968/2723/1971
f 2064/2856/2067 1881/2609/1884 2092/2895/2098
f 2159/2993/2167 2144/2972/2151 1977/2738/1980
f 2160/2994/2168 2087/2888/2093 2145/2973/2152
f 2096/2901/2102 2133/2955/2140 2097/2903/2103
f 2100/2908/2108 2147/2975/2154 2161/2995/2169
f 2161/2995/2169 2114/2996/2122 2100/2908/2108
f 2116/2932/2123 2117/2933/2124 2088/2889/2094
f 2162/2997/2170 2050/2836/2053 2149/2980/2157
f 2051/2838/2054 2150/2981/2158 2134/2958/2141
f 2150/2981/2158 2151/2982/2159 2163/2998/2171
f 2089/2891/2095 2151/2982/2159 2150/2981/2158
f 2163/2998/2171 2151/2982/2159 2164/2999/2172
f 2151/2982/2159 2152/2983/2160 2164/2999/2172
f 2152/2983/2160 2165/3000/2173 2164/2999/2172
f 2154/2985/2162 2165/3000/2173 2152/2983/2160
f 2166/3001/2174 1986/2751/1989 2070/2867/2076
f 2154/2985/2162 2152/2983/2160 2153/2984/2161
f 2119/2935/2126 2167/3002/2175 2074/2872/2080
f 2104/2913/2112 2136/3003/2143 2168/3004/2176
f 2053/2841/2056 2169/3005/2177 2136/2962/2143
f 1943/2916/1946 2108/2919/2116 2170/3006/2178
f 1507/3007/1507 1850/2821/1853 2121/3008/2128
f 2108/2919/2116 1765/2921/1768 2171/3009/2179
f 1931/2678/1934 1664/2287/1664 2172/3010/2180
f 1917/2662/1920 2109/2923/2117 1584/2165/1584
f 2173/3011/2181 2090/2893/2096 1892/2620/1895
f 2174/3012/2182 2005/2772/2008 2110/2924/2118
f 2175/3013/2183 1992/2944/1995 2124/2943/2131
f 2175/3014/2183 2060/2925/2063 1992/2757/1995
f 2176/3015/2184 1964/2719/1967 2037/2823/2040
f 1896/2945/1899 2060/2851/2063 2177/3016/2185
f 2139/2965/2146 1908/2698/1911 2140/3017/2147
f 2128/2949/2135 2111/2926/2119 2157/2989/2165
f 2178/3018/2186 2092/2895/2098 2063/2855/2066
f 2064/3019/2067 2042/2828/2045 1865/2591/1868
f 1937/2684/1940 1921/2667/1924 2042/2828/2045
f 2084/2882/2090 1952/2706/1955 2179/3020/2187
f 2143/2971/2150 1953/2707/1956 1937/2684/1940
f 2147/2975/2154 2114/2996/2122 2161/2995/2169
f 2147/2975/2154 2148/2976/2155 2114/2996/2122
f 2180/3021/2188 2030/2837/2033 2102/2910/2110
f 2180/3021/2188 2181/3022/2189 2030/2837/2033
f 2181/3023/2189 2118/2934/2125 2030/2810/2033
f 2182/3024/2190 2070/2867/2076 2118/2934/2125
f 2183/3025/2191 2150/2981/2158 2184/3026/2192
f 2185/3027/2193 2150/2981/2158 2186/3028/2194
f 2184/3026/2192 2150/2981/2158 2185/3027/2193
f 2185/3027/2193 2186/3028/2194 2187/3029/2195
f 2186/3028/2194 2165/3000/2173 2187/3029/2195
f 2150/2981/2158 2164/2999/2172 2186/3028/2194
f 2150/2981/2158 2163/2998/2171 2164/2999/2172
f 2186/3028/2194 2164/2999/2172 2165/3000/2173
f 2166/3001/2174 2071/2868/2077 1986/2751/1989
f 2071/2868/2077 2166/3001/2174 2119/2935/2126
f 2154/2985/2162 2104/2913/2112 2165/3000/2173
f 2104/2913/2112 2168/3004/2176 2165/3000/2173
f 2188/3030/2196 1943/2916/1946 2170/3006/2178
f 2189/3031/2197 2108/2919/2116 2171/3009/2179
f 2172/3010/2180 1664/2287/1664 1872/2600/1875
f 2190/3032/2198 2078/2876/2084 1916/2661/1919
f 1873/2601/1876 1944/2693/1947 1650/2271/1650
f 2173/3011/2181 1892/2620/1895 2123/2941/2130
f 2057/2846/2060 1946/2697/1949 2191/3033/2199
f 2007/2774/2010 2191/3033/2199 1946/2697/1949
f 2192/3034/2200 2176/3015/2184 2037/2823/2040
f 2139/2965/2146 2193/3035/2201 2038/2824/2041
f 2193/3035/2201 2007/2774/2010 2038/2824/2041
f 2192/3036/2200 2037/2849/2040 2194/3037/2202
f 2195/3038/2203 1976/2966/1979 1965/2720/1968
f 2196/3039/2204 2156/2988/2164 2082/2880/2088
f 2009/2776/2012 2127/2948/2134 2197/3040/2205
f 2157/2989/2165 2129/2950/2136 2128/2949/2135
f 2092/2895/2098 2198/3041/2206 2064/2856/2067
f 2178/3018/2186 2198/3041/2206 2092/2895/2098
f 2085/2883/2091 2093/2897/2099 2043/2829/2046
f 2160/2994/2168 2199/3042/2207 2087/2888/2093
f 2132/2954/2139 2087/2888/2093 2199/3042/2207
f 2181/3023/2189 2200/3043/2208 2118/2934/2125
f 2134/2958/2141 2150/2981/2158 2201/3044/2209
f 2201/3044/2209 2185/3027/2193 2187/3029/2195
f 2150/2981/2158 2183/3025/2191 2201/3044/2209
f 2183/3025/2191 2185/3027/2193 2201/3044/2209
f 2183/3025/2191 2184/3026/2192 2185/3027/2193
f 2182/3024/2190 2202/3045/2210 2070/2867/2076
f 2187/3029/2195 2165/3000/2173 2203/3046/2211
f 2202/3045/2210 2204/3047/2212 2070/2867/2076
f 2205/3048/2213 2168/3004/2176 2206/3049/2214
f 2165/3000/2173 2168/3004/2176 2205/3048/2213
f 1821/2529/1824 2054/2843/2057 2207/3050/2215
f 2035/2818/2038 2208/3051/2216 1851/2565/1854
f 2209/3052/2217 1916/2661/1919 2210/3053/2218
f 1991/2756/1994 2023/2796/2026 2211/3054/2219
f 1906/2645/1909 2212/3055/2220 1874/2602/1877
f 1974/2732/1977 2058/2847/2061 2123/2941/2130
f 2057/2846/2060 2191/3033/2199 2213/3056/2221
f 1964/2719/1967 2195/3038/2203 2138/2964/2145
f 2138/2964/2145 2195/3038/2203 1965/2720/1968
f 1975/2734/1978 2214/3057/2222 2140/2967/2147
f 2009/2776/2012 2197/3040/2205 2155/2987/2163
f 1936/2683/1939 2010/2777/2013 2215/3058/2223
f 1899/2633/1902 2216/3059/2224 1970/2725/1973
f 1867/2595/1870 2142/2970/2149 1952/2726/1955
f 1995/2760/1998 2159/2993/2167 1977/2738/1980
f 1922/2896/1925 2217/3060/2225 1996/2761/1999
f 1922/2739/1925 2113/2928/2121 2217/3061/2225
f 2093/2897/2099 2146/3062/2153 2045/2831/2048
f 2101/2909/2109 2029/2809/2032 2218/3063/2226
f 2200/3043/2208 2219/3064/2227 2118/2934/2125
f 2118/2934/2125 2220/3065/2228 2182/3024/2190
f 2203/3046/2211 2165/3000/2173 2221/3066/2229
f 2165/3000/2173 2222/3067/2230 2221/3066/2229
f 2070/2867/2076 2204/3047/2212 2166/3001/2174
f 2165/3000/2173 2205/3048/2213 2222/3067/2230
f 2136/3003/2143 2223/3068/2231 2168/3004/2176
f 2169/3005/2177 2223/3069/2231 2136/2962/2143
f 2019/2791/2022 2076/2874/2082 2053/2841/2056
f 2224/3070/2232 2076/2874/2082 2077/2875/2083
f 2033/2816/2036 2003/2770/2006 2225/3071/2233
f 2107/2917/2115 1943/2916/1946 2188/3030/2196
f 1916/2661/1919 1841/2552/1844 2210/3053/2218
f 1932/2679/1935 2226/3072/2234 1840/2551/1843
f 1840/2551/1843 2226/3072/2234 1904/2643/1907
f 1906/2645/1909 1904/2643/1907 2212/3055/2220
f 1961/2716/1964 1874/2602/1877 2137/2963/2144
f 2227/3073/2235 2006/2773/2009 2005/2772/2008
f 2176/3015/2184 2195/3038/2203 1964/2719/1967
f 2007/2774/2010 2193/3035/2201 2191/3033/2199
f 2139/2965/2146 2228/3074/2236 2193/3035/2201
f 2139/2965/2146 2140/3017/2147 2228/3074/2236
f 1896/2945/1899 2177/3016/2185 1897/3075/1900
f 2229/3076/2237 2082/2880/2088 1993/2758/1996
f 1936/2683/1939 2215/3058/2223 2130/2951/2137
f 2158/2992/2166 2178/3018/2186 2063/2855/2066
f 2112/2927/2120 2131/2953/2138 2145/2973/2152
f 2180/3021/2188 2200/3077/2208 2181/3022/2189
f 2200/3043/2208 2230/3078/2238 2219/3064/2227
f 2219/3064/2227 2220/3065/2228 2118/2934/2125
f 2220/3065/2228 2231/3079/2239 2182/3024/2190
f 2134/2958/2141 2201/3044/2209 2149/2980/2157
f 2187/3029/2195 2232/3080/2240 2201/3044/2209
f 2203/3046/2211 2232/3080/2240 2187/3029/2195
f 2222/3067/2230 2205/3048/2213 2221/3066/2229
f 2223/3068/2231 2206/3049/2214 2168/3004/2176
f 2021/2794/2024 2233/3081/2241 2022/2936/2025
f 1821/2529/1824 2207/3050/2215 2055/2844/2058
f 1903/2918/1906 2234/3082/2242 2034/3083/2037
f 1850/2821/1853 1851/2820/1854 2121/3008/2128
f 2189/3031/2197 2171/3009/2179 2235/3084/2243
f 2190/3032/2198 1916/2661/1919 2209/3052/2217
f 1874/2602/1877 2236/3085/2244 2137/2963/2144
f 1963/2940/1966 2237/3086/2245 2124/2943/2131
f 2058/3087/2061 1910/3088/1913 2081/3089/2087
f 1975/2734/1978 2155/2987/2163 2214/3057/2222
f 2127/2948/2134 2128/2949/2135 2238/3090/2246
f 2084/2882/2090 2216/3059/2224 1899/2633/1902
f 2144/2972/2151 2239/3091/2247 2085/2883/2091
f 2101/2909/2109 2240/3092/2248 2113/2928/2121
f 2131/2953/2138 2146/2974/2153 2145/2973/2152
f 2029/2809/2032 2050/2836/2053 2241/3093/2249
f 2149/2980/2157 2201/3044/2209 2232/3080/2240
f 2232/3080/2240 2203/3046/2211 2242/3094/2250
f 2221/3066/2229 2243/3095/2251 2244/3096/2252
f 2166/3001/2174 2167/3002/2175 2119/2935/2126
f 2167/3002/2175 2075/3097/2081 2074/2872/2080
f 2018/2789/2021 2074/2892/2080 2075/2873/2081
f 1903/2918/1906 2107/2917/2115 2234/3082/2242
f 2108/2919/2116 2189/3031/2197 2170/3006/2178
f 2189/3031/2197 2235/3084/2243 2170/3006/2178
f 1862/2587/1865 2057/2846/2060 2245/3098/2253
f 1874/2602/1877 2212/3055/2220 2236/3085/2244
f 2137/2963/2144 2236/3085/2244 2004/2771/2007
f 2122/2939/2129 2237/3086/2245 1963/2940/1966
f 2176/3015/2184 2246/3099/2254 2195/3038/2203
f 2193/3035/2201 2247/3100/2255 2191/3033/2199
f 2193/3035/2201 2228/3074/2236 2247/3100/2255
f 1976/2737/1979 2195/3101/2203 2229/3076/2237
f 2229/3076/2237 2196/3039/2204 2082/2880/2088
f 2248/3102/2256 2155/2987/2163 2197/3040/2205
f 2156/2988/2164 2126/2947/2133 2125/2946/2132
f 2064/3019/2067 2249/3103/2257 2042/2828/2045
f 2084/2882/2090 2179/3020/2187 2250/3104/2258
f 2159/2993/2167 2251/3105/2259 2144/2972/2151
f 1996/2761/1999 2217/3060/2225 2142/2970/2149
f 2113/2928/2121 2240/3092/2248 2217/3061/2225
f 2252/3106/2260 2200/3077/2208 2180/3021/2188
f 2050/2836/2053 2162/2997/2170 2241/3093/2249
f 2162/2997/2170 2149/2980/2157 2253/3107/2261
f 2149/2980/2157 2232/3080/2240 2253/3107/2261
f 2254/3108/2262 2255/3109/2263 2182/3024/2190
f 2182/3024/2190 2255/3109/2263 2202/3045/2210
f 2255/3109/2263 2256/3110/2264 2202/3045/2210
f 2255/3109/2263 2257/3111/2265 2256/3110/2264
f 2256/3110/2264 2257/3111/2265 2258/3112/2266
f 2256/3110/2264 2258/3112/2266 2202/3045/2210
f 2204/3047/2212 2202/3045/2210 2259/3113/2267
f 2221/3066/2229 2205/3048/2213 2243/3095/2251
f 2166/3001/2174 2260/3114/2268 2167/3002/2175
f 2053/2841/2056 2076/2874/2082 2169/3005/2177
f 1990/2842/1993 2075/3115/2081 2261/3116/2269
f 2033/2816/2036 2224/3070/2232 2077/2875/2083
f 2035/3117/2038 2034/3118/2037 2208/3119/2216
f 2109/2923/2117 1873/2601/1876 1650/2271/1650
f 1875/2603/1878 1873/2601/1876 1945/2730/1948
f 1873/3120/1876 2262/3121/2270 1945/2695/1948
f 2192/3034/2200 2263/3122/2271 2176/3015/2184
f 2176/3015/2184 2263/3122/2271 2246/3099/2254
f 2228/3074/2236 2264/3123/2272 2247/3100/2255
f 2228/3074/2236 2140/3017/2147 2264/3123/2272
f 2194/3037/2202 2037/2849/2040 2265/3124/2273
f 2264/3123/2272 2140/3017/2147 2214/3125/2222
f 1976/2737/1979 2229/3076/2237 1993/2758/1996
f 2127/2948/2134 2238/3090/2246 2197/3040/2205
f 2158/2990/2166 2266/3126/2274 2178/3127/2186
f 2198/3128/2206 2267/3129/2275 2064/3019/2067
f 2085/2883/2091 2268/3130/2276 2093/2897/2099
f 2093/2897/2099 2269/3131/2277 2146/3062/2153
f 2132/2954/2139 2199/3042/2207 2102/2910/2110
f 2270/3132/2278 2252/3106/2260 2180/3021/2188
f 2029/2809/2032 2241/3093/2249 2218/3063/2226
f 2162/2997/2170 2271/3133/2279 2241/3093/2249
f 2162/2997/2170 2253/3107/2261 2272/3134/2280
f 2220/3065/2228 2273/3135/2281 2231/3079/2239
f 2220/3065/2228 2274/3136/2282 2273/3135/2281
f 2182/3024/2190 2231/3079/2239 2254/3108/2262
f 2242/3137/2250 2244/3138/2252 2275/3139/2283
f 2221/3066/2229 2244/3096/2252 2242/3094/2250
f 2257/3111/2265 2276/3140/2284 2258/3112/2266
f 2276/3140/2284 2277/3141/2285 2258/3112/2266
f 2258/3112/2266 2277/3141/2285 2202/3045/2210
f 2205/3048/2213 2206/3049/2214 2278/3142/2286
f 2279/3143/2287 2003/2770/2006 2022/2795/2025
f 1841/2552/1844 2280/3144/2288 2210/3053/2218
f 1862/2587/1865 2245/3098/2253 2079/2877/2085
f 2124/2943/2131 2281/3145/2289 2175/3013/2183
f 2192/3034/2200 2282/3146/2290 2263/3122/2271
f 2263/3122/2271 2283/3147/2291 2284/3148/2292
f 2263/3122/2271 2284/3148/2292 2246/3099/2254
f 2194/3037/2202 2285/3149/2293 2192/3036/2200
f 2284/3148/2292 2195/3038/2203 2246/3099/2254
f 2060/2925/2063 2175/3014/2183 2177/3150/2185
f 2191/3033/2199 2247/3100/2255 2286/3151/2294
f 2006/2773/2009 2287/3152/2295 1966/2721/1969
f 2037/2849/2040 2059/2848/2062 2265/3124/2273
f 2214/3125/2222 2248/3153/2256 2264/3123/2272
f 2214/3057/2222 2155/2987/2163 2248/3102/2256
f 2248/3102/2256 2197/3040/2205 2288/3154/2296
f 2158/2990/2166 2289/3155/2297 2266/3126/2274
f 2010/2777/2013 2141/2969/2148 2215/3058/2223
f 1952/2726/1955 2142/2970/2149 2179/3156/2187
f 2251/3105/2259 2239/3091/2247 2144/2972/2151
f 2145/2973/2152 2146/2974/2153 2290/3157/2298
f 2146/2974/2153 2269/3158/2277 2290/3157/2298
f 2102/2910/2110 2270/3132/2278 2180/3021/2188
f 2200/3077/2208 2291/3159/2299 2230/3160/2238
f 2162/2997/2170 2272/3134/2280 2271/3133/2279
f 2253/3107/2261 2232/3080/2240 2272/3134/2280
f 2272/3134/2280 2232/3080/2240 2292/3161/2300
f 2230/3078/2238 2293/3162/2301 2219/3064/2227
f 2273/3135/2281 2294/3163/2302 2231/3079/2239
f 2231/3079/2239 2294/3163/2302 2254/3108/2262
f 2254/3108/2262 2295/3164/2303 2255/3109/2263
f 2242/3094/2250 2203/3046/2211 2221/3066/2229
f 2255/3109/2263 2295/3164/2303 2257/3111/2265
f 2257/3111/2265 2296/3165/2304 2276/3140/2284
f 2277/3141/2285 2276/3140/2284 2296/3165/2304
f 2296/3165/2304 2259/3113/2267 2277/3141/2285
f 2277/3141/2285 2259/3113/2267 2202/3045/2210
f 2259/3113/2267 2297/3166/2305 2204/3047/2212
f 1765/2921/1768 2056/2845/2059 2298/3167/2306
f 2056/2845/2059 1929/2676/1932 2299/3168/2307
f 2078/2876/2084 2190/3032/2198 1621/2386/1621
f 1765/2921/1768 2298/3167/2306 2171/3009/2179
f 1904/2643/1907 2226/3072/2234 2300/3169/2308
f 1960/2715/1963 2079/2877/2085 2023/2797/2026
f 2212/3055/2220 2301/3170/2309 2236/3085/2244
f 2213/3056/2221 2302/3171/2310 2057/2846/2060
f 2004/2771/2007 2236/3085/2244 2091/2894/2097
f 2005/2772/2008 2174/3012/2182 2227/3073/2235
f 2227/3073/2235 2287/3152/2295 2006/2773/2009
f 2263/3122/2271 2282/3146/2290 2283/3147/2291
f 2283/3147/2291 2282/3146/2290 2284/3148/2292
f 2264/3123/2272 2286/3151/2294 2247/3100/2255
f 2303/3172/2311 2196/3039/2204 2229/3076/2237
f 2304/3173/2312 2158/2990/2166 2126/2947/2133
f 2178/3127/2186 2305/3174/2313 2198/3175/2206
f 2084/2882/2090 2250/3104/2258 2216/3059/2224
f 2143/2971/2150 2159/2993/2167 1995/2760/1998
f 2239/3091/2247 2268/3130/2276 2085/2883/2091
f 2306/3176/2314 2307/3177/2315 2199/3042/2207
f 2307/3177/2315 2102/2910/2110 2199/3042/2207
f 2307/3177/2315 2270/3132/2278 2102/2910/2110
f 2241/3093/2249 2271/3133/2279 2308/3178/2316
f 2275/3139/2283 2309/3179/2317 2242/3137/2250
f 2291/3180/2299 2310/3181/2318 2230/3078/2238
f 2292/3161/2300 2232/3080/2240 2242/3094/2250
f 2275/3139/2283 2244/3138/2252 2311/3182/2319
f 2274/3136/2282 2294/3163/2302 2273/3135/2281
f 2312/3183/2320 2294/3163/2302 2274/3136/2282
f 2294/3163/2302 2295/3164/2303 2254/3108/2262
f 2311/3184/2319 2244/3096/2252 2313/3185/2321
f 2313/3185/2321 2244/3096/2252 2243/3095/2251
f 2297/3166/2305 2259/3113/2267 2296/3165/2304
f 2314/3186/2322 2205/3048/2213 2278/3142/2286
f 2260/3114/2268 2166/3001/2174 2315/3187/2323
f 2316/3188/2324 1621/2386/1621 2190/3032/2198
f 2299/3168/2307 1929/2676/1932 1991/2756/1994
f 2317/3189/2325 2190/3032/2198 2209/3052/2217
f 2318/3190/2326 2280/3144/2288 1841/2552/1844
f 2319/3191/2327 1918/2696/1921 1945/2695/1948
f 2191/3033/2199 2320/3192/2328 2213/3056/2221
f 2321/3193/2329 2282/3194/2290 2192/3036/2200
f 2322/3195/2330 2284/3148/2292 2282/3146/2290
f 2191/3033/2199 2286/3151/2294 2320/3192/2328
f 2284/3148/2292 2323/3196/2331 2195/3038/2203
f 2194/3037/2202 2324/3197/2332 2285/3149/2293
f 2229/3076/2237 2195/3101/2203 2323/3198/2331
f 2264/3123/2272 2248/3153/2256 2286/3151/2294
f 2325/3199/2333 2303/3172/2311 2229/3076/2237
f 2288/3154/2296 2197/3040/2205 2326/3200/2334
f 2327/3201/2335 2128/2949/2135 2328/3202/2336
f 2128/2949/2135 2129/2950/2136 2328/3202/2336
f 2266/3126/2274 2305/3174/2313 2178/3127/2186
f 2329/3203/2337 2267/3129/2275 2198/3128/2206
f 1970/2725/1973 2216/3059/2224 2330/3204/2338
f 2268/3130/2276 2269/3131/2277 2093/2897/2099
f 2101/2909/2109 2218/3063/2226 2240/3092/2248
f 2307/3177/2315 2252/3106/2260 2270/3132/2278
f 2252/3106/2260 2291/3159/2299 2200/3077/2208
f 2308/3178/2316 2271/3133/2279 2331/3205/2339
f 2271/3133/2279 2272/3134/2280 2331/3205/2339
f 2331/3205/2339 2292/3161/2300 2308/3178/2316
f 2331/3205/2339 2272/3134/2280 2292/3161/2300
f 2219/3064/2227 2332/3206/2340 2220/3065/2228
f 2274/3136/2282 2220/3065/2228 2332/3206/2340
f 2295/3164/2303 2312/3183/2320 2333/3207/2341
f 2295/3164/2303 2333/3207/2341 2257/3111/2265
f 2257/3111/2265 2333/3207/2341 2296/3165/2304
f 2297/3166/2305 2334/3208/2342 2204/3047/2212
f 2243/3095/2251 2205/3048/2213 2314/3186/2322
f 2260/3114/2268 2075/3097/2081 2167/3002/2175
f 2022/2936/2025 2233/3081/2241 2279/3209/2287
f 2054/2843/2057 2335/3210/2343 2207/3050/2215
f 2107/2917/2115 2336/3211/2344 2234/3082/2242
f 2337/3212/2345 2034/3213/2037 2234/3214/2242
f 2055/2844/2058 2172/3010/2180 1872/2600/1875
f 1930/2677/1933 1621/2223/1621 2120/2937/2127
f 2171/3009/2179 2298/3167/2306 2338/3215/2346
f 2235/3084/2243 2171/3009/2179 2338/3215/2346
f 2339/3216/2347 1991/2756/1994 2211/3054/2219
f 1841/2552/1844 2090/2893/2096 2318/3190/2326
f 2023/2797/2026 2079/2877/2085 2245/3098/2253
f 2236/3085/2244 2340/3217/2348 2091/2894/2097
f 2237/3086/2245 2281/3145/2289 2124/2943/2131
f 2213/3056/2221 2320/3192/2328 2341/3218/2349
f 2321/3193/2329 2192/3036/2200 2285/3149/2293
f 2321/3193/2329 2322/3219/2330 2282/3194/2290
f 2322/3219/2330 2323/3220/2331 2284/3221/2292
f 2323/3198/2331 2342/3222/2350 2229/3076/2237
f 2265/3223/2273 2324/3224/2332 2194/3225/2202
f 2229/3076/2237 2342/3222/2350 2325/3199/2333
f 2059/3226/2062 2325/3199/2333 2265/3223/2273
f 2267/3129/2275 2249/3103/2257 2064/3019/2067
f 2141/2969/2148 1970/2725/1973 2330/3204/2338
f 2145/2973/2152 2343/3227/2351 2160/2994/2168
f 2309/3179/2317 2275/3139/2283 2344/3228/2352
f 2275/3139/2283 2311/3182/2319 2344/3228/2352
f 2295/3164/2303 2294/3163/2302 2312/3183/2320
f 2243/3095/2251 2314/3186/2322 2313/3185/2321
f 2204/3047/2212 2345/3229/2353 2166/3001/2174
f 2260/3114/2268 2346/3230/2354 2075/3097/2081
f 2261/3116/2269 2347/3231/2355 1990/2842/1993
f 2279/3143/2287 2225/3071/2233 2003/2770/2006
f 1799/2496/1802 2120/2937/2127 2348/3232/2356
f 2235/3084/2243 2349/3233/2357 2170/3006/2178
f 2235/3084/2243 2338/3215/2346 2349/3233/2357
f 2121/3234/2128 2109/3235/2117 1917/3236/1920
f 2245/3098/2253 2057/2846/2060 2350/3237/2358
f 2212/3055/2220 1904/2643/1907 2301/3170/2309
f 1918/2696/1921 2319/3191/2327 2122/2939/2129
f 2213/3056/2221 2341/3218/2349 2302/3171/2310
f 2281/3145/2289 2351/3238/2359 2175/3013/2183
f 2320/3192/2328 2352/3239/2360 2341/3218/2349
f 2321/3193/2329 2323/3220/2331 2322/3219/2330
f 2175/3013/2183 2353/3240/2361 2177/3241/2185
f 2265/3223/2273 2325/3199/2333 2324/3224/2332
f 2342/3222/2350 2324/3224/2332 2325/3199/2333
f 2059/3226/2062 2354/3242/2362 2325/3199/2333
f 2325/3199/2333 2354/3242/2362 2303/3172/2311
f 2304/3173/2312 2289/3155/2297 2158/2990/2166
f 2218/3063/2226 2241/3093/2249 2355/3243/2363
f 2356/3244/2364 2344/3228/2352 2357/3245/2365
f 2309/3179/2317 2344/3228/2352 2356/3244/2364
f 2230/3078/2238 2310/3181/2318 2293/3162/2301
f 2332/3206/2340 2312/3183/2320 2274/3136/2282
f 2334/3208/2342 2345/3229/2353 2204/3047/2212
f 2076/2874/2082 2358/3246/2366 2169/3005/2177
f 2033/2816/2036 2359/3247/2367 2224/3070/2232
f 1799/2496/1802 2348/3232/2356 2054/2843/2057
f 2209/3052/2217 2210/3053/2218 2317/3189/2325
f 2023/2796/2026 2360/3248/2368 2211/3054/2219
f 2023/2797/2026 2245/3098/2253 2360/3249/2368
f 2300/3169/2308 2301/3170/2309 1904/2643/1907
f 2057/2846/2060 2302/3171/2310 2350/3237/2358
f 2341/3218/2349 2352/3239/2360 2361/3250/2369
f 2285/3149/2293 2323/3220/2331 2321/3193/2329
f 2362/3251/2370 2342/3252/2371 2285/3252/2372
f 1897/3075/1900 2363/3253/2373 2081/3254/2087
f 2324/3255/2332 2364/3256/2374 2285/3252/2293
f 2342/3222/2350 2365/3257/2375 2324/3224/2332
f 2286/3151/2294 2366/3258/2376 2320/3192/2328
f 2286/3151/2294 2248/3153/2256 2366/3258/2376
f 2196/3039/2204 2303/3172/2311 2156/2988/2164
f 2327/3201/2335 2238/3090/2246 2128/2949/2135
f 2328/3202/2336 2129/2950/2136 2367/3259/2377
f 2305/3174/2313 2368/3260/2378 2198/3175/2206
f 2368/3260/2378 2329/3261/2337 2198/3175/2206
f 2369/3262/2379 2370/3263/2380 2267/3129/2275
f 2371/3264/2381 2251/3105/2259 2159/2993/2167
f 2371/3264/2381 2239/3091/2247 2251/3105/2259
f 2252/3106/2260 2307/3177/2315 2306/3176/2314
f 2356/3244/2364 2372/3265/2382 2309/3179/2317
f 2357/3245/2365 2344/3228/2352 2373/3266/2383
f 2241/3093/2249 2308/3178/2316 2374/3267/2384
f 2344/3228/2352 2311/3182/2319 2373/3266/2383
f 2374/3267/2384 2308/3178/2316 2375/3268/2385
f 2375/3268/2385 2308/3178/2316 2292/3161/2300
f 2309/3179/2317 2292/3269/2300 2242/3137/2250
f 2311/3184/2319 2313/3185/2321 2376/3270/2386
f 2296/3165/2304 2333/3207/2341 2377/3271/2387
f 2377/3271/2387 2297/3166/2305 2296/3165/2304
f 2297/3166/2305 2377/3271/2387 2334/3208/2342
f 2315/3187/2323 2166/3001/2174 2345/3229/2353
f 2378/3272/2388 2314/3186/2322 2278/3142/2286
f 2223/3069/2231 2169/3005/2177 2358/3246/2366
f 2076/2874/2082 2224/3070/2232 2358/3246/2366
f 2379/3273/2389 2188/3030/2196 2170/3006/2178
f 2121/3234/2128 1851/3274/1854 2380/3275/2390
f 2123/2941/2130 2058/2847/2061 2381/3276/2391
f 2302/3171/2310 2341/3218/2349 2361/3250/2369
f 2364/3256/2374 2342/3252/2350 2285/3252/2293
f 2177/3016/2185 2382/3277/2392 1897/3075/1900
f 2364/3278/2374 2383/3279/2393 2342/3222/2350
f 2364/3278/2374 2324/3224/2332 2383/3279/2393
f 2324/3224/2332 2365/3257/2375 2383/3279/2393
f 2342/3222/2350 2383/3279/2393 2365/3257/2375
f 2384/3280/2394 2354/3242/2362 2059/3226/2062
f 2238/3090/2246 2326/3200/2334 2197/3040/2205
f 2368/3260/2378 2267/3281/2275 2329/3261/2337
f 2370/3263/2380 2249/3103/2257 2267/3129/2275
f 1937/2684/1940 2042/2828/2045 2249/3103/2257
f 2385/3282/2395 2142/2970/2149 2217/3060/2225
f 2143/2971/2150 2371/3264/2381 2159/2993/2167
f 2343/3227/2351 2145/2973/2152 2290/3157/2298
f 2240/3092/2248 2218/3063/2226 2355/3243/2363
f 2386/3283/2396 2387/3284/2397 2252/3106/2260
f 2355/3243/2363 2241/3093/2249 2374/3267/2384
f 2292/3269/2300 2309/3179/2317 2372/3265/2382
f 2293/3162/2301 2332/3206/2340 2219/3064/2227
f 2313/3185/2321 2314/3186/2322 2388/3285/2398
f 2223/3069/2231 2358/3246/2366 2389/3286/2399
f 2347/3231/2355 2390/3287/2400 2021/2794/2024
f 2390/3287/2400 2233/3081/2241 2021/2794/2024
f 2335/3210/2343 2055/2844/2058 2207/3050/2215
f 2107/2917/2115 2188/3030/2196 2336/3211/2344
f 2208/3288/2216 2380/3275/2390 1851/3274/1854
f 2170/3006/2178 2349/3233/2357 2338/3215/2346
f 2172/3010/2180 2391/3289/2401 1931/2678/1934
f 2392/3290/2402 1873/3120/1876 2109/3291/2117
f 2237/3086/2245 2393/3292/2403 2281/3145/2289
f 2175/3013/2183 2351/3238/2359 2353/3240/2361
f 2177/3241/2185 2353/3240/2361 2382/3293/2392
f 2366/3258/2376 2394/3294/2404 2320/3192/2328
f 2248/3153/2256 2288/3295/2296 2326/3296/2334
f 2248/3153/2256 2326/3296/2334 2366/3258/2376
f 2354/3242/2362 2395/3297/2405 2303/3172/2311
f 2396/3298/2406 2156/2988/2164 2303/3172/2311
f 2156/2988/2164 2396/3298/2406 2126/2947/2133
f 2126/2947/2133 2396/3298/2406 2304/3173/2312
f 2397/3299/2407 2305/3174/2313 2266/3126/2274
f 2160/2994/2168 2398/3300/2408 2199/3042/2207
f 2199/3042/2207 2386/3283/2396 2306/3176/2314
f 2306/3176/2314 2386/3283/2396 2252/3106/2260
f 2399/3301/2409 2372/3265/2382 2356/3244/2364
f 2311/3184/2319 2376/3270/2386 2400/3302/2410
f 2278/3142/2286 2206/3049/2214 2401/3303/2411
f 2075/3115/2081 2402/3304/2412 2261/3116/2269
f 1990/2842/1993 2347/3231/2355 2021/2794/2024
f 2233/3081/2241 2390/3287/2400 2279/3209/2287
f 2210/3053/2218 2280/3144/2288 2317/3189/2325
f 2392/3290/2402 2262/3121/2270 1873/3120/1876
f 2319/3191/2327 2237/3086/2245 2122/2939/2129
f 2281/3145/2289 2393/3292/2403 2403/3305/2413
f 2110/2924/2118 2091/2894/2097 2174/3012/2182
f 2361/3250/2369 2352/3239/2360 2404/3306/2414
f 2394/3294/2404 2352/3239/2360 2320/3192/2328
f 2289/3155/2297 2397/3299/2407 2266/3126/2274
f 2215/3058/2223 2141/2969/2148 2405/3307/2415
f 2142/2970/2149 2385/3282/2395 2179/3156/2187
f 2160/2994/2168 2343/3227/2351 2398/3300/2408
f 2199/3042/2207 2398/3300/2408 2386/3283/2396
f 2268/3130/2276 2406/3308/2416 2269/3131/2277
f 2269/3158/2277 2406/3309/2416 2290/3157/2298
f 2399/3301/2409 2356/3244/2364 2407/3310/2417
f 2355/3311/2363 2408/3312/2418 2409/3313/2419
f 2355/3311/2363 2410/3314/2420 2408/3312/2418
f 2411/3315/2421 2292/3269/2300 2372/3265/2382
f 2355/3243/2363 2374/3267/2384 2410/3316/2420
f 2411/3315/2421 2412/3317/2422 2292/3269/2300
f 2374/3267/2384 2375/3268/2385 2412/3318/2422
f 2413/3319/2423 2414/3320/2424 2415/3321/2425
f 2414/3322/2424 2416/3323/2426 2415/3324/2425
f 2291/3325/2299 2417/3326/2427 2310/3327/2318
f 2311/3184/2319 2400/3302/2410 2418/3328/2428
f 2293/3162/2301 2419/3329/2429 2332/3206/2340
f 2313/3185/2321 2388/3285/2398 2376/3270/2386
f 2334/3208/2342 2377/3271/2387 2345/3229/2353
f 2278/3142/2286 2420/3330/2430 2378/3272/2388
f 2223/3069/2231 2421/3331/2431 2206/3332/2214
f 2054/2843/2057 2348/3232/2356 2335/3210/2343
f 2172/3010/2180 2055/2844/2058 2391/3289/2401
f 2302/3171/2310 2361/3250/2369 2350/3237/2358
f 2058/3087/2061 2081/3089/2087 2422/3333/2432
f 2008/3334/2011 2384/3280/2394 2059/3226/2062
f 2129/2950/2136 2130/2951/2137 2367/3259/2377
f 2368/3335/2378 2369/3336/2379 2267/3337/2275
f 2217/3061/2225 2240/3092/2248 2423/3338/2433
f 2356/3244/2364 2424/3339/2434 2407/3310/2417
f 2355/3311/2363 2409/3313/2419 2399/3301/2409
f 2372/3265/2382 2399/3301/2409 2409/3313/2419
f 2356/3244/2364 2357/3245/2365 2424/3339/2434
f 2409/3313/2419 2425/3340/2435 2372/3265/2382
f 2252/3106/2260 2387/3284/2397 2291/3159/2299
f 2409/3313/2419 2408/3312/2418 2425/3340/2435
f 2408/3312/2418 2411/3315/2421 2425/3340/2435
f 2372/3265/2382 2425/3340/2435 2411/3315/2421
f 2408/3312/2418 2410/3314/2420 2411/3315/2421
f 2410/3316/2420 2374/3267/2384 2412/3318/2422
f 2387/3341/2397 2417/3326/2427 2291/3325/2299
f 2426/3342/2436 2417/3326/2427 2387/3341/2397
f 2292/3161/2300 2412/3318/2422 2375/3268/2385
f 2357/3245/2365 2373/3266/2383 2427/3343/2437
f 2413/3319/2423 2415/3321/2425 2426/3342/2436
f 2428/3344/2438 2416/3323/2426 2414/3322/2424
f 2417/3345/2427 2429/3346/2439 2310/3181/2318
f 2373/3266/2383 2311/3182/2319 2418/3347/2428
f 2429/3346/2439 2293/3162/2301 2310/3181/2318
f 2223/3069/2231 2389/3286/2399 2421/3331/2431
f 2346/3230/2354 2402/3348/2412 2075/3097/2081
f 2379/3273/2389 2170/3006/2178 2298/3167/2306
f 2318/3190/2326 2090/2893/2096 2173/3011/2181
f 2430/3349/2440 2281/3145/2289 2403/3305/2413
f 2422/3350/2432 2381/3351/2391 2058/3352/2061
f 2351/3238/2359 2281/3145/2289 2431/3353/2441
f 2174/3012/2182 2091/2894/2097 2340/3217/2348
f 2432/3354/2442 2433/3355/2443 2366/3258/2376
f 2433/3355/2443 2394/3294/2404 2366/3258/2376
f 2434/3356/2444 2354/3242/2362 2384/3280/2394
f 2434/3356/2444 2395/3297/2405 2354/3242/2362
f 2238/3090/2246 2327/3201/2335 2435/3357/2445
f 2397/3299/2407 2289/3155/2297 2304/3173/2312
f 2436/3358/2446 2268/3130/2276 2239/3091/2247
f 2217/3060/2225 2423/3359/2433 2437/3360/2447
f 2438/3361/2448 2386/3362/2396 2398/3363/2408
f 2290/3157/2298 2406/3309/2416 2439/3364/2449
f 2386/3362/2396 2438/3361/2448 2387/3341/2397
f 2410/3314/2420 2412/3317/2422 2411/3315/2421
f 2438/3361/2448 2413/3319/2423 2426/3342/2436
f 2414/3320/2424 2413/3319/2423 2438/3361/2448
f 2416/3323/2426 2428/3344/2438 2440/3365/2450
f 2332/3206/2340 2419/3329/2429 2312/3183/2320
f 2441/3366/2451 2377/3271/2387 2333/3207/2341
f 2388/3285/2398 2314/3186/2322 2378/3272/2388
f 2190/3032/2198 2317/3189/2325 2442/3367/2452
f 2335/3210/2343 2443/3368/2453 2055/2844/2058
f 2337/3212/2345 2234/3214/2242 2444/3369/2454
f 1991/2756/1994 2445/3370/2455 2299/3168/2307
f 2446/3371/2456 2430/3349/2440 2403/3305/2413
f 2361/3372/2369 2404/3373/2414 2447/3374/2457
f 2447/3374/2457 2404/3373/2414 2448/3375/2458
f 2382/3277/2392 2363/3253/2373 1897/3075/1900
f 2404/3306/2414 2352/3239/2360 2449/3376/2459
f 2352/3239/2360 2394/3294/2404 2450/3377/2460
f 2450/3377/2460 2394/3294/2404 2451/3378/2461
f 1966/3379/1969 2452/3380/2462 2008/3334/2011
f 2452/3380/2462 2384/3280/2394 2008/3334/2011
f 2394/3294/2404 2433/3355/2443 2451/3378/2461
f 2396/3298/2406 2303/3172/2311 2453/3381/2463
f 2217/3060/2225 2437/3360/2447 2385/3282/2395
f 2371/3264/2381 2454/3382/2464 2239/3091/2247
f 2455/3383/2465 2399/3301/2409 2407/3310/2417
f 2438/3361/2448 2426/3342/2436 2387/3341/2397
f 2456/3384/2466 2414/3320/2424 2438/3361/2448
f 2457/3385/2467 2428/3386/2438 2414/3320/2424
f 2415/3324/2425 2458/3387/2468 2426/3388/2436
f 2416/3323/2426 2458/3387/2468 2415/3324/2425
f 2429/3346/2439 2417/3345/2427 2459/3389/2469
f 2312/3183/2320 2419/3329/2429 2333/3207/2341
f 2261/3116/2269 2460/3390/2470 2347/3231/2355
f 2034/3213/2037 2380/3275/2390 2208/3288/2216
f 2316/3188/2324 2461/3391/2471 1621/2386/1621
f 2121/3234/2128 2392/3392/2402 2109/3235/2117
f 2319/3191/2327 2393/3292/2403 2237/3086/2245
f 2350/3237/2358 2361/3250/2369 2462/3393/2472
f 2403/3305/2413 2393/3292/2403 2446/3371/2456
f 2430/3349/2440 2463/3394/2473 2431/3353/2441
f 2281/3145/2289 2430/3349/2440 2431/3353/2441
f 2447/3374/2457 2464/3395/2474 2465/3396/2475
f 2447/3374/2457 2465/3396/2475 2361/3372/2369
f 2447/3374/2457 2448/3375/2458 2464/3395/2474
f 2179/3020/2187 2466/3397/2476 2250/3104/2258
f 2143/2971/2150 2467/3398/2477 2371/3264/2381
f 2398/3300/2408 2343/3227/2351 2468/3399/2478
f 2343/3227/2351 2439/3364/2449 2469/3400/2479
f 2290/3157/2298 2439/3364/2449 2343/3227/2351
f 2398/3363/2408 2470/3401/2480 2438/3361/2448
f 2355/3311/2363 2399/3301/2409 2455/3383/2465
f 2414/3320/2424 2456/3384/2466 2457/3385/2467
f 2426/3388/2436 2458/3387/2468 2417/3345/2427
f 2458/3387/2468 2459/3389/2469 2417/3345/2427
f 2416/3323/2426 2471/3402/2481 2458/3387/2468
f 2293/3162/2301 2429/3346/2439 2459/3389/2469
f 2333/3207/2341 2472/3403/2482 2441/3366/2451
f 2420/3330/2430 2278/3142/2286 2473/3404/2483
f 2315/3187/2323 2345/3229/2353 2260/3114/2268
f 2390/3405/2400 2474/3406/2484 2279/3143/2287
f 2190/3032/2198 2442/3367/2452 2475/3407/2485
f 2336/3211/2344 2188/3030/2196 2476/3408/2486
f 2190/3032/2198 2477/3409/2487 2316/3188/2324
f 2188/3030/2196 2379/3273/2389 2476/3408/2486
f 2170/3006/2178 2338/3215/2346 2298/3167/2306
f 2280/3144/2288 2478/3410/2488 2317/3189/2325
f 1991/2756/1994 2339/3216/2347 2445/3370/2455
f 2211/3054/2219 2360/3248/2368 2339/3216/2347
f 2361/3250/2369 2479/3411/2489 2462/3393/2472
f 2446/3371/2456 2393/3292/2403 2480/3412/2490
f 2446/3371/2456 2480/3412/2490 2430/3349/2440
f 2173/3011/2181 2123/2941/2130 2481/3413/2491
f 2480/3412/2490 2463/3394/2473 2430/3349/2440
f 2479/3414/2489 2361/3372/2369 2465/3396/2475
f 2404/3373/2414 2449/3415/2459 2448/3375/2458
f 2352/3239/2360 2450/3377/2460 2449/3376/2459
f 2287/3416/2295 2482/3417/2492 1966/3379/1969
f 2366/3258/2376 2483/3418/2493 2432/3354/2442
f 1966/3379/1969 2484/3419/2494 2452/3380/2462
f 2366/3258/2376 2326/3296/2334 2483/3418/2493
f 2130/2951/2137 2215/3058/2223 2485/3420/2495
f 2249/3103/2257 2370/3263/2380 2486/3421/2496
f 2216/3059/2224 2487/3422/2497 2330/3204/2338
f 2249/3103/2257 2486/3421/2496 1937/2684/1940
f 2216/3059/2224 2250/3104/2258 2488/3423/2498
f 2467/3398/2477 2454/3382/2464 2371/3264/2381
f 2436/3358/2446 2489/3424/2499 2268/3130/2276
f 2398/3300/2408 2468/3399/2478 2470/3425/2480
f 2268/3130/2276 2489/3424/2499 2406/3308/2416
f 2406/3309/2416 2490/3426/2500 2439/3364/2449
f 2490/3426/2500 2491/3427/2501 2439/3364/2449
f 2490/3428/2500 2492/3429/2502 2491/3430/2501
f 2357/3245/2365 2427/3343/2437 2424/3339/2434
f 2373/3266/2383 2418/3347/2428 2427/3343/2437
f 2428/3344/2438 2493/3431/2503 2440/3365/2450
f 2416/3323/2426 2440/3365/2450 2471/3402/2481
f 2333/3207/2341 2494/3432/2504 2472/3403/2482
f 2441/3366/2451 2495/3433/2505 2377/3271/2387
f 2224/3070/2232 2496/3434/2506 2358/3246/2366
f 2224/3070/2232 2359/3247/2367 2496/3434/2506
f 2497/3435/2507 2390/3436/2400 2347/3437/2355
f 2190/3032/2198 2475/3407/2485 2477/3409/2487
f 2234/3214/2242 2336/3438/2344 2444/3369/2454
f 2316/3188/2324 2477/3409/2487 2461/3391/2471
f 2226/3072/2234 2498/3439/2508 2300/3169/2308
f 2245/3098/2253 2350/3237/2358 2462/3393/2472
f 2123/2941/2130 2381/3276/2391 2481/3413/2491
f 2301/3170/2309 2340/3217/2348 2236/3085/2244
f 2340/3217/2348 2499/3440/2509 2174/3012/2182
f 2448/3375/2458 2500/3441/2510 2464/3395/2474
f 2482/3417/2492 2484/3419/2494 1966/3379/1969
f 2395/3297/2405 2453/3381/2463 2303/3172/2311
f 2304/3173/2312 2305/3174/2313 2397/3299/2407
f 2130/2951/2137 2485/3420/2495 2367/3259/2377
f 2369/3336/2379 2501/3442/2511 2370/3443/2380
f 2239/3091/2247 2454/3382/2464 2436/3358/2446
f 2355/3243/2363 2423/3338/2433 2240/3092/2248
f 2355/3311/2363 2455/3383/2465 2423/3444/2433
f 2407/3310/2417 2502/3445/2512 2455/3383/2465
f 2407/3310/2417 2503/3446/2513 2502/3445/2512
f 2492/3429/2502 2504/3447/2514 2491/3430/2501
f 2293/3162/2301 2459/3389/2469 2419/3329/2429
f 2388/3285/2398 2505/3448/2515 2376/3270/2386
f 2377/3271/2387 2495/3433/2505 2345/3229/2353
f 2345/3229/2353 2495/3433/2505 2260/3114/2268
f 2390/3436/2400 2506/3449/2516 2474/3450/2484
f 2506/3449/2516 2507/3451/2517 2474/3450/2484
f 2317/3189/2325 2508/3452/2518 2442/3367/2452
f 2056/2845/2059 2299/3168/2307 2298/3167/2306
f 2509/3453/2519 2463/3394/2473 2480/3412/2490
f 2464/3395/2474 2510/3454/2520 2465/3396/2475
f 2464/3395/2474 2500/3441/2510 2510/3454/2520
f 2448/3375/2458 2449/3415/2459 2500/3441/2510
f 2432/3354/2442 2483/3418/2493 2511/3455/2521
f 2432/3354/2442 2511/3455/2521 2512/3456/2522
f 2432/3354/2442 2513/3457/2523 2433/3355/2443
f 2452/3380/2462 2514/3458/2524 2434/3356/2444
f 2452/3380/2462 2434/3356/2444 2384/3280/2394
f 2367/3259/2377 2485/3420/2495 2515/3459/2525
f 2141/2969/2148 2330/3204/2338 2405/3307/2415
f 2143/2971/2150 1937/2684/1940 2516/3460/2526
f 2143/2971/2150 2516/3460/2526 2467/3398/2477
f 2343/3227/2351 2469/3400/2479 2468/3399/2478
f 2489/3424/2499 2490/3428/2500 2406/3308/2416
f 2491/3427/2501 2504/3461/2514 2439/3364/2449
f 2457/3462/2467 2493/3431/2503 2428/3344/2438
f 2459/3389/2469 2458/3387/2468 2419/3329/2429
f 2419/3329/2429 2458/3387/2468 2333/3207/2341
f 2376/3270/2386 2505/3448/2515 2517/3463/2527
f 2378/3272/2388 2518/3464/2528 2388/3285/2398
f 2206/3332/2214 2421/3331/2431 2401/3465/2411
f 2390/3436/2400 2497/3435/2507 2506/3449/2516
f 1621/2223/1621 2461/3466/2471 2120/2937/2127
f 2121/3234/2128 2519/3467/2529 2392/3392/2402
f 2173/3011/2181 2520/3468/2530 2318/3190/2326
f 1945/2695/1948 2262/3121/2270 2319/3191/2327
f 2521/3469/2531 2509/3453/2519 2480/3412/2490
f 2522/3470/2532 2431/3353/2441 2463/3394/2473
f 2465/3396/2475 2523/3471/2533 2479/3414/2489
f 2363/3253/2373 2422/3472/2432 2081/3254/2087
f 2382/3277/2392 2524/3473/2534 2363/3253/2373
f 2353/3240/2361 2524/3474/2534 2382/3293/2392
f 2351/3238/2359 2524/3474/2534 2353/3240/2361
f 2500/3441/2510 2449/3415/2459 2525/3475/2535
f 2227/3476/2235 2526/3477/2536 2287/3416/2295
f 2527/3478/2537 2511/3455/2521 2483/3418/2493
f 2511/3455/2521 2527/3478/2537 2512/3456/2522
f 2432/3354/2442 2512/3456/2522 2513/3457/2523
f 2326/3479/2334 2528/3480/2538 2483/3481/2493
f 2433/3355/2443 2513/3457/2523 2451/3378/2461
f 2434/3356/2444 2453/3381/2463 2395/3297/2405
f 2326/3479/2334 2238/3482/2246 2528/3480/2538
f 2435/3357/2445 2327/3201/2335 2328/3202/2336
f 2385/3282/2395 2437/3360/2447 2529/3483/2539
f 2489/3424/2499 2492/3429/2502 2490/3428/2500
f 2455/3383/2465 2502/3445/2512 2423/3444/2433
f 2438/3361/2448 2470/3401/2480 2530/3484/2540
f 2492/3429/2502 2531/3485/2541 2504/3447/2514
f 2407/3310/2417 2424/3339/2434 2503/3446/2513
f 2456/3384/2466 2438/3361/2448 2530/3484/2540
f 2456/3384/2466 2532/3486/2542 2457/3385/2467
f 2457/3385/2467 2532/3486/2542 2493/3487/2503
f 2458/3387/2468 2533/3488/2543 2333/3207/2341
f 2333/3207/2341 2533/3488/2543 2494/3432/2504
f 2388/3285/2398 2534/3489/2544 2505/3448/2515
f 2474/3406/2484 2535/3490/2545 2279/3143/2287
f 2317/3189/2325 2478/3410/2488 2508/3452/2518
f 2445/3370/2455 2536/3491/2546 2299/3168/2307
f 2380/3275/2390 2519/3467/2529 2121/3234/2128
f 2478/3410/2488 2280/3144/2288 2537/3492/2547
f 2393/3292/2403 2521/3469/2531 2480/3412/2490
f 2509/3453/2519 2522/3470/2532 2463/3394/2473
f 2301/3170/2309 2538/3493/2548 2340/3217/2348
f 2526/3477/2536 2482/3417/2492 2287/3416/2295
f 2452/3380/2462 2484/3419/2494 2539/3494/2549
f 2452/3380/2462 2539/3494/2549 2514/3458/2524
f 2540/3495/2550 2453/3381/2463 2434/3356/2444
f 2541/3496/2551 2368/3260/2378 2305/3174/2313
f 2487/3422/2497 2216/3059/2224 2488/3423/2498
f 2250/3104/2258 2542/3497/2552 2488/3423/2498
f 2385/3282/2395 2529/3483/2539 2179/3156/2187
f 2436/3358/2446 2543/3498/2553 2489/3424/2499
f 2469/3400/2479 2544/3499/2554 2468/3399/2478
f 2489/3424/2499 2543/3498/2553 2545/3500/2555
f 2489/3424/2499 2545/3500/2555 2492/3429/2502
f 2439/3364/2449 2504/3461/2514 2469/3400/2479
f 2504/3447/2514 2531/3485/2541 2546/3501/2556
f 2424/3339/2434 2427/3343/2437 2547/3502/2557
f 2547/3502/2557 2427/3343/2437 2418/3347/2428
f 2456/3384/2466 2548/3503/2558 2532/3486/2542
f 2421/3331/2431 2389/3286/2399 2549/3504/2559
f 2442/3367/2452 2508/3452/2518 2475/3407/2485
f 2335/3210/2343 2348/3232/2356 2443/3368/2453
f 2034/3213/2037 2337/3212/2345 2380/3275/2390
f 2245/3098/2253 2462/3393/2472 2360/3249/2368
f 2522/3470/2532 2550/3505/2560 2431/3353/2441
f 2381/3351/2391 2422/3350/2432 2481/3506/2491
f 2465/3396/2475 2510/3454/2520 2523/3471/2533
f 2370/3263/2380 2501/3507/2511 2486/3421/2496
f 2250/3104/2258 2466/3397/2476 2542/3497/2552
f 2551/3508/2561 2543/3498/2553 2436/3358/2446
f 2544/3499/2554 2552/3509/2562 2468/3399/2478
f 2468/3399/2478 2552/3509/2562 2470/3425/2480
f 2492/3429/2502 2545/3500/2555 2531/3485/2541
f 2530/3484/2540 2553/3510/2563 2456/3384/2466
f 2547/3502/2557 2418/3347/2428 2554/3511/2564
f 2553/3510/2563 2548/3503/2558 2456/3384/2466
f 2532/3512/2542 2555/3513/2565 2493/3431/2503
f 2400/3302/2410 2556/3514/2566 2418/3328/2428
f 2493/3431/2503 2555/3513/2565 2440/3365/2450
f 2555/3513/2565 2557/3515/2567 2440/3365/2450
f 2376/3270/2386 2517/3463/2527 2400/3302/2410
f 2534/3489/2544 2388/3285/2398 2518/3464/2528
f 2420/3330/2430 2473/3404/2483 2378/3272/2388
f 2460/3516/2470 2497/3435/2507 2347/3437/2355
f 2033/2816/2036 2225/3071/2233 2359/3247/2367
f 2535/3490/2545 2225/3071/2233 2279/3143/2287
f 2476/3408/2486 2444/3517/2454 2336/3211/2344
f 2120/2937/2127 2461/3466/2471 2558/3518/2568
f 2300/3169/2308 2559/3519/2569 2301/3170/2309
f 2173/3011/2181 2481/3413/2491 2560/3520/2570
f 2481/3521/2491 2422/3472/2432 2561/3522/2571
f 2562/3523/2572 2563/3524/2573 2431/3525/2441
f 2563/3524/2573 2351/3526/2359 2431/3525/2441
f 2227/3073/2235 2174/3012/2182 2526/3527/2536
f 2527/3478/2537 2483/3418/2493 2564/3528/2574
f 2564/3528/2574 2565/3529/2575 2527/3478/2537
f 2565/3529/2575 2513/3457/2523 2527/3478/2537
f 2449/3376/2459 2450/3377/2460 2566/3530/2576
f 2527/3478/2537 2513/3457/2523 2512/3456/2522
f 2304/3173/2312 2541/3496/2551 2305/3174/2313
f 2466/3531/2476 2567/3532/2577 2542/3533/2552
f 2466/3531/2476 2179/3156/2187 2567/3532/2577
f 2516/3460/2526 2454/3382/2464 2467/3398/2477
f 2436/3358/2446 2454/3382/2464 2551/3508/2561
f 2469/3400/2479 2568/3534/2578 2544/3499/2554
f 2543/3498/2553 2569/3535/2579 2545/3500/2555
f 2545/3500/2555 2569/3535/2579 2531/3485/2541
f 2552/3509/2562 2570/3536/2580 2470/3425/2480
f 2470/3401/2480 2570/3537/2580 2530/3484/2540
f 2532/3512/2542 2557/3515/2567 2555/3513/2565
f 2458/3387/2468 2571/3538/2581 2533/3488/2543
f 2378/3272/2388 2473/3404/2483 2518/3464/2528
f 2260/3114/2268 2495/3433/2505 2346/3230/2354
f 2421/3331/2431 2572/3539/2582 2401/3465/2411
f 2496/3434/2506 2389/3286/2399 2358/3246/2366
f 2359/3247/2367 2225/3071/2233 2496/3434/2506
f 2535/3490/2545 2573/3540/2583 2225/3071/2233
f 2474/3406/2484 2573/3540/2583 2535/3490/2545
f 2462/3541/2472 2574/3542/2584 2575/3543/2585
f 2319/3191/2327 2521/3469/2531 2393/3292/2403
f 2462/3541/2472 2479/3414/2489 2574/3542/2584
f 2301/3170/2309 2559/3519/2569 2538/3493/2548
f 2550/3505/2560 2562/3544/2572 2431/3353/2441
f 2538/3493/2548 2499/3440/2509 2340/3217/2348
f 2563/3524/2573 2576/3545/2586 2351/3526/2359
f 2564/3546/2574 2483/3481/2493 2577/3547/2587
f 2484/3419/2494 2578/3548/2588 2539/3494/2549
f 2435/3357/2445 2328/3202/2336 2579/3549/2589
f 2367/3259/2377 2515/3459/2525 2328/3202/2336
f 2485/3420/2495 2215/3058/2223 2580/3550/2590
f 2215/3058/2223 2405/3307/2415 2580/3550/2590
f 2487/3422/2497 2488/3423/2498 2581/3551/2591
f 2569/3535/2579 2582/3552/2592 2531/3485/2541
f 2504/3461/2514 2546/3553/2556 2469/3400/2479
f 2532/3512/2542 2548/3554/2558 2557/3515/2567
f 2471/3402/2481 2571/3538/2581 2458/3387/2468
f 2517/3463/2527 2583/3555/2593 2400/3302/2410
f 2494/3432/2504 2584/3556/2594 2472/3403/2482
f 2441/3366/2451 2472/3403/2482 2584/3556/2594
f 2497/3435/2507 2585/3557/2595 2586/3558/2596
f 2497/3435/2507 2586/3558/2596 2506/3449/2516
f 2474/3406/2484 2587/3559/2597 2573/3540/2583
f 2474/3450/2484 2507/3451/2517 2588/3560/2598
f 2506/3449/2516 2588/3560/2598 2507/3451/2517
f 2280/3144/2288 2589/3561/2599 2537/3492/2547
f 2280/3144/2288 2590/3562/2600 2589/3561/2599
f 2445/3370/2455 2339/3216/2347 2591/3563/2601
f 2280/3144/2288 2318/3190/2326 2590/3562/2600
f 2318/3190/2326 2592/3564/2602 2590/3562/2600
f 2036/2822/2039 2593/3565/2603 1932/2679/1935
f 1932/2679/1935 2498/3439/2508 2226/3072/2234
f 2574/3542/2584 2479/3414/2489 2523/3471/2533
f 2520/3468/2530 2173/3011/2181 2560/3520/2570
f 2594/3566/2604 2422/3472/2432 2363/3253/2373
f 2564/3546/2574 2577/3547/2587 2595/3567/2605
f 2565/3529/2575 2564/3528/2574 2596/3568/2606
f 2510/3454/2520 2500/3441/2510 2525/3475/2535
f 2565/3529/2575 2596/3568/2606 2513/3457/2523
f 2483/3481/2493 2528/3480/2538 2577/3547/2587
f 2482/3417/2492 2578/3548/2588 2484/3419/2494
f 2450/3377/2460 2451/3378/2461 2566/3530/2576
f 2540/3495/2550 2597/3569/2607 2453/3381/2463
f 2368/3335/2378 2598/3570/2608 2369/3336/2379
f 2487/3422/2497 2405/3307/2415 2330/3204/2338
f 2529/3483/2539 2599/3571/2609 2179/3156/2187
f 2543/3498/2553 2582/3552/2592 2569/3535/2579
f 2582/3552/2592 2600/3572/2610 2531/3485/2541
f 2502/3445/2512 2601/3573/2611 2423/3444/2433
f 2424/3339/2434 2602/3574/2612 2503/3446/2513
f 2502/3445/2512 2503/3446/2513 2601/3573/2611
f 2546/3553/2556 2603/3575/2613 2469/3400/2479
f 2547/3502/2557 2554/3511/2564 2604/3576/2614
f 2554/3511/2564 2605/3577/2615 2604/3576/2614
f 2418/3328/2428 2556/3514/2566 2606/3578/2616
f 2400/3302/2410 2607/3579/2617 2556/3514/2566
f 2471/3402/2481 2440/3365/2450 2608/3580/2618
f 2496/3434/2506 2225/3071/2233 2609/3581/2619
f 2460/3516/2470 2585/3557/2595 2497/3435/2507
f 2587/3559/2597 2474/3406/2484 2610/3582/2620
f 2055/2844/2058 2443/3368/2453 2611/3583/2621
f 1931/2678/1934 2593/3584/2603 2036/2922/2039
f 2462/3541/2472 2575/3543/2585 2360/3585/2368
f 2612/3586/2622 2613/3587/2623 2614/3588/2624
f 2615/3589/2625 2482/3417/2492 2526/3477/2536
f 2616/3590/2626 2514/3458/2524 2539/3494/2549
f 2616/3590/2626 2539/3494/2549 2578/3548/2588
f 2579/3549/2589 2328/3202/2336 2617/3591/2627
f 2598/3570/2608 2501/3442/2511 2369/3336/2379
f 2618/3592/2628 2486/3421/2496 2501/3507/2511
f 2619/3593/2629 2551/3508/2561 2454/3382/2464
f 2619/3593/2629 2620/3594/2630 2551/3508/2561
f 2582/3552/2592 2543/3498/2553 2551/3508/2561
f 2603/3575/2613 2546/3553/2556 2600/3595/2610
f 2600/3572/2610 2546/3501/2556 2531/3485/2541
f 2424/3339/2434 2547/3502/2557 2621/3596/2631
f 2622/3597/2632 2554/3511/2564 2418/3347/2428
f 2623/3598/2633 2557/3515/2567 2548/3554/2558
f 2400/3302/2410 2583/3555/2593 2607/3579/2617
f 2441/3366/2451 2624/3599/2634 2495/3433/2505
f 2473/3404/2483 2278/3142/2286 2401/3303/2411
f 2421/3331/2431 2549/3504/2559 2572/3539/2582
f 2402/3304/2412 2460/3390/2470 2261/3116/2269
f 2496/3434/2506 2625/3600/2635 2389/3286/2399
f 2225/3071/2233 2573/3540/2583 2626/3601/2636
f 2474/3450/2484 2588/3560/2598 2610/3602/2620
f 2506/3449/2516 2586/3558/2596 2588/3560/2598
f 2300/3169/2308 2498/3439/2508 2559/3519/2569
f 2262/3121/2270 2521/3469/2531 2319/3191/2327
f 2574/3542/2584 2627/3603/2637 2575/3543/2585
f 2509/3453/2519 2628/3604/2638 2522/3470/2532
f 2614/3588/2624 2629/3605/2639 2612/3586/2622
f 2612/3586/2622 2629/3605/2639 2630/3606/2640
f 2612/3586/2622 2630/3606/2640 2613/3587/2623
f 2522/3470/2532 2631/3607/2641 2550/3505/2560
f 2550/3608/2560 2632/3609/2642 2562/3523/2572
f 2363/3253/2373 2524/3473/2534 2633/3610/2643
f 2524/3474/2534 2351/3238/2359 2634/3611/2644
f 2635/3612/2645 2564/3528/2574 2595/3613/2605
f 2525/3614/2535 2449/3376/2459 2566/3530/2576
f 2615/3589/2625 2578/3548/2588 2482/3417/2492
f 2615/3589/2625 2616/3590/2626 2578/3548/2588
f 2636/3615/2646 2434/3356/2444 2514/3458/2524
f 2396/3298/2406 2541/3496/2551 2304/3173/2312
f 2541/3496/2551 2637/3616/2647 2368/3260/2378
f 2515/3459/2525 2485/3420/2495 2638/3617/2648
f 2485/3420/2495 2580/3550/2590 2638/3617/2648
f 2599/3571/2609 2567/3532/2577 2179/3156/2187
f 2620/3594/2630 2582/3552/2592 2551/3508/2561
f 2547/3502/2557 2604/3576/2614 2621/3596/2631
f 2605/3577/2615 2554/3511/2564 2622/3597/2632
f 2473/3404/2483 2639/3618/2649 2518/3464/2528
f 2640/3619/2650 2584/3556/2594 2494/3432/2504
f 2549/3504/2559 2389/3286/2399 2625/3600/2635
f 2626/3601/2636 2609/3581/2619 2225/3071/2233
f 2586/3620/2596 2585/3621/2595 2641/3622/2651
f 2475/3407/2485 2508/3452/2518 2642/3623/2652
f 2298/3167/2306 2299/3168/2307 2379/3273/2389
f 2391/3289/2401 2055/2844/2058 2611/3583/2621
f 2536/3491/2546 2445/3370/2455 2591/3563/2601
f 2591/3563/2601 2339/3216/2347 2360/3248/2368
f 2628/3604/2638 2509/3453/2519 2521/3469/2531
f 2614/3624/2624 2631/3607/2641 2522/3470/2532
f 2643/3625/2653 2564/3528/2574 2635/3612/2645
f 2644/3626/2654 2564/3528/2574 2643/3625/2653
f 2564/3528/2574 2644/3626/2654 2596/3568/2606
f 2644/3626/2654 2645/3627/2655 2596/3568/2606
f 2596/3568/2606 2645/3627/2655 2646/3628/2656
f 2596/3568/2606 2646/3628/2656 2513/3457/2523
f 2615/3589/2625 2514/3458/2524 2616/3590/2626
f 2540/3495/2550 2647/3629/2657 2597/3569/2607
f 2238/3482/2246 2435/3630/2445 2528/3480/2538
f 2487/3422/2497 2648/3631/2658 2405/3307/2415
f 2648/3631/2658 2487/3422/2497 2581/3551/2591
f 2542/3533/2552 2567/3532/2577 2649/3632/2659
f 2650/3633/2660 2544/3499/2554 2568/3534/2578
f 2603/3575/2613 2600/3595/2610 2651/3634/2661
f 2623/3598/2633 2652/3635/2662 2557/3515/2567
f 2653/3636/2663 2533/3488/2543 2571/3538/2581
f 2653/3636/2663 2654/3637/2664 2533/3488/2543
f 2505/3448/2515 2534/3489/2544 2518/3464/2528
f 2584/3556/2594 2624/3599/2634 2441/3366/2451
f 2624/3599/2634 2346/3230/2354 2495/3433/2505
f 2655/3638/2665 2587/3559/2597 2610/3582/2620
f 2508/3452/2518 2478/3410/2488 2656/3639/2666
f 2657/3640/2667 2380/3275/2390 2337/3212/2345
f 2657/3640/2667 2337/3212/2345 2444/3369/2454
f 2658/3641/2668 2299/3168/2307 2536/3491/2546
f 2560/3642/2570 2481/3643/2491 2561/3644/2571
f 2561/3522/2571 2422/3472/2432 2594/3566/2604
f 2499/3440/2509 2526/3527/2536 2174/3012/2182
f 2636/3615/2646 2514/3458/2524 2615/3589/2625
f 2636/3615/2646 2659/3645/2669 2434/3356/2444
f 2647/3629/2657 2540/3495/2550 2434/3356/2444
f 2328/3202/2336 2515/3459/2525 2617/3591/2627
f 2660/3646/2670 2581/3551/2591 2488/3423/2498
f 2552/3509/2562 2544/3499/2554 2650/3633/2660
f 2469/3400/2479 2603/3575/2613 2568/3534/2578
f 2570/3537/2580 2553/3510/2563 2530/3484/2540
f 2605/3577/2615 2622/3597/2632 2661/3647/2671
f 2557/3515/2567 2608/3580/2618 2440/3365/2450
f 2608/3580/2618 2662/3648/2672 2471/3402/2481
f 2401/3465/2411 2572/3539/2582 2663/3649/2673
f 2460/3390/2470 2664/3650/2674 2585/3651/2595
f 2626/3601/2636 2573/3540/2583 2665/3652/2675
f 2573/3540/2583 2587/3559/2597 2665/3652/2675
f 2641/3622/2651 2666/3653/2676 2586/3620/2596
f 2477/3409/2487 2475/3407/2485 2642/3623/2652
f 2508/3452/2518 2667/3654/2677 2642/3623/2652
f 2478/3410/2488 2537/3492/2547 2656/3639/2666
f 2537/3492/2547 2668/3655/2678 2656/3639/2666
f 2668/3655/2678 2537/3492/2547 2589/3561/2599
f 2669/3656/2679 2589/3561/2599 2590/3562/2600
f 2592/3564/2602 2318/3190/2326 2670/3657/2680
f 2360/3585/2368 2575/3543/2585 2671/3658/2681
f 2392/3290/2402 2672/3659/2682 2262/3121/2270
f 2262/3121/2270 2672/3659/2682 2521/3469/2531
f 2673/3660/2683 2574/3542/2584 2523/3471/2533
f 2614/3588/2624 2613/3587/2623 2631/3661/2641
f 2363/3253/2373 2633/3610/2643 2594/3566/2604
f 2576/3545/2586 2674/3662/2684 2351/3526/2359
f 2635/3663/2645 2675/3664/2685 2643/3665/2653
f 2643/3665/2653 2675/3664/2685 2644/3666/2654
f 2635/3663/2645 2595/3567/2605 2675/3664/2685
f 2675/3664/2685 2645/3667/2655 2644/3666/2654
f 2675/3664/2685 2595/3567/2605 2676/3668/2686
f 2595/3567/2605 2677/3669/2687 2676/3668/2686
f 2677/3669/2687 2646/3670/2656 2676/3668/2686
f 2645/3667/2655 2676/3668/2686 2646/3670/2656
f 2595/3567/2605 2577/3547/2587 2677/3669/2687
f 2678/3671/2688 2396/3298/2406 2453/3381/2463
f 2660/3672/2670 2488/3673/2498 2649/3632/2659
f 2488/3673/2498 2542/3533/2552 2649/3632/2659
f 2602/3574/2612 2424/3339/2434 2621/3596/2631
f 2679/3674/2689 2604/3576/2614 2605/3577/2615
f 2680/3675/2690 2548/3503/2558 2553/3510/2563
f 2679/3674/2689 2605/3577/2615 2681/3676/2691
f 2662/3648/2672 2571/3538/2581 2471/3402/2481
f 2624/3599/2634 2682/3677/2692 2346/3230/2354
f 2625/3600/2635 2496/3434/2506 2609/3581/2619
f 2683/3678/2693 2684/3679/2694 2685/3680/2695
f 2685/3680/2695 2641/3622/2651 2686/3681/2696
f 2684/3679/2694 2666/3653/2676 2685/3680/2695
f 2686/3681/2696 2641/3622/2651 2585/3621/2595
f 2641/3622/2651 2685/3680/2695 2666/3653/2676
f 2669/3656/2679 2668/3655/2678 2589/3561/2599
f 2669/3656/2679 2590/3562/2600 2592/3564/2602
f 2687/3682/2697 1931/2678/1934 2391/3289/2401
f 2670/3657/2680 2318/3190/2326 2688/3683/2698
f 2627/3603/2637 2574/3542/2584 2673/3660/2683
f 2689/3684/2699 2629/3605/2639 2690/3685/2700
f 2630/3606/2640 2629/3605/2639 2689/3684/2699
f 2691/3686/2701 2499/3440/2509 2538/3493/2548
f 2561/3522/2571 2594/3566/2604 2633/3610/2643
f 2692/3687/2702 2676/3668/2686 2645/3667/2655
f 2646/3670/2656 2693/3688/2703 2513/3689/2523
f 2647/3629/2657 2434/3356/2444 2659/3645/2669
f 2528/3480/2538 2435/3630/2445 2579/3690/2589
f 2648/3631/2658 2580/3550/2590 2405/3307/2415
f 2694/3691/2704 2599/3571/2609 2529/3483/2539
f 2437/3692/2447 2423/3444/2433 2695/3693/2705
f 2601/3573/2611 2695/3693/2705 2423/3444/2433
f 2583/3555/2593 2517/3463/2527 2505/3448/2515
f 2473/3404/2483 2401/3303/2411 2696/3694/2706
f 2549/3504/2559 2697/3695/2707 2572/3539/2582
f 2698/3696/2708 2585/3651/2595 2664/3650/2674
f 2683/3678/2693 2685/3680/2695 2686/3681/2696
f 2666/3697/2676 2699/3698/2709 2586/3558/2596
f 2120/2937/2127 2558/3518/2568 2348/3232/2356
f 2519/3467/2529 2700/3699/2710 2392/3392/2402
f 2591/3700/2601 2360/3585/2368 2671/3658/2681
f 1932/2679/1935 2593/3565/2603 2498/3439/2508
f 2690/3685/2700 2629/3605/2639 2614/3588/2624
f 2562/3523/2572 2632/3609/2642 2563/3524/2573
f 2563/3524/2573 2674/3662/2684 2576/3545/2586
f 2675/3664/2685 2692/3687/2702 2645/3667/2655
f 2526/3477/2536 2701/3701/2711 2615/3589/2625
f 2702/3702/2712 1937/2684/1940 2486/3421/2496
f 2454/3382/2464 2703/3703/2713 2619/3593/2629
f 2529/3704/2539 2437/3692/2447 2695/3693/2705
f 2503/3446/2513 2704/3705/2714 2601/3573/2611
f 2661/3647/2671 2681/3676/2691 2605/3577/2615
f 2418/3347/2428 2606/3706/2616 2622/3597/2632
f 2557/3515/2567 2652/3635/2662 2608/3580/2618
f 2705/3707/2715 2518/3464/2528 2639/3618/2649
f 2706/3708/2716 2640/3619/2650 2494/3432/2504
f 2640/3619/2650 2682/3677/2692 2584/3556/2594
f 2346/3230/2354 2707/3709/2717 2402/3348/2412
f 2549/3504/2559 2625/3600/2635 2697/3695/2707
f 2626/3601/2636 2708/3710/2718 2609/3581/2619
f 2709/3711/2719 2683/3678/2693 2710/3712/2720
f 2683/3678/2693 2709/3711/2719 2684/3679/2694
f 2683/3678/2693 2686/3681/2696 2710/3712/2720
f 2698/3713/2708 2686/3681/2696 2585/3621/2595
f 2586/3558/2596 2699/3698/2709 2711/3714/2721
f 2586/3558/2596 2610/3602/2620 2588/3560/2598
f 2712/3715/2722 2713/3716/2723 2714/3717/2724
f 2299/3168/2307 2658/3641/2668 2379/3273/2389
f 2536/3491/2546 2715/3718/2725 2658/3641/2668
f 2536/3491/2546 2591/3563/2601 2716/3719/2726
f 2675/3664/2685 2676/3668/2686 2692/3687/2702
f 2677/3669/2687 2693/3688/2703 2646/3670/2656
f 2647/3629/2657 2717/3720/2727 2597/3569/2607
f 2451/3721/2461 2718/3722/2728 2566/3723/2576
f 2451/3721/2461 2513/3689/2523 2718/3722/2728
f 2678/3671/2688 2719/3724/2729 2396/3298/2406
f 2396/3298/2406 2719/3724/2729 2541/3496/2551
f 2637/3725/2647 2598/3570/2608 2368/3335/2378
f 2638/3617/2648 2580/3550/2590 2720/3726/2730
f 2581/3551/2591 2660/3646/2670 2721/3727/2731
f 2702/3702/2712 2722/3728/2732 1937/2684/1940
f 2567/3532/2577 2723/3729/2733 2649/3632/2659
f 2567/3532/2577 2599/3571/2609 2723/3729/2733
f 2503/3446/2513 2602/3574/2612 2704/3705/2714
f 2661/3647/2671 2622/3597/2632 2724/3730/2734
f 2622/3597/2632 2606/3706/2616 2724/3730/2734
f 2606/3578/2616 2556/3514/2566 2725/3731/2735
f 2505/3448/2515 2518/3464/2528 2726/3732/2736
f 2584/3556/2594 2682/3677/2692 2624/3599/2634
f 2686/3681/2696 2727/3733/2737 2710/3712/2720
f 2686/3681/2696 2698/3713/2708 2727/3733/2737
f 2728/3734/2738 2587/3559/2597 2655/3638/2665
f 2587/3559/2597 2728/3734/2738 2665/3652/2675
f 2699/3698/2709 2666/3697/2676 2729/3735/2739
f 2586/3558/2596 2711/3714/2721 2610/3602/2620
f 2712/3715/2722 2730/3736/2740 2713/3716/2723
f 2730/3736/2740 2731/3737/2741 2713/3716/2723
f 2713/3716/2723 2732/3738/2742 2714/3717/2724
f 2380/3275/2390 2657/3640/2667 2519/3467/2529
f 2591/3700/2601 2671/3658/2681 2716/3739/2726
f 2392/3392/2402 2700/3699/2710 2672/3740/2682
f 2520/3468/2530 2688/3683/2698 2318/3190/2326
f 2522/3470/2532 2733/3741/2743 2614/3624/2624
f 2613/3587/2623 2734/3742/2744 2631/3661/2641
f 2560/3642/2570 2735/3743/2745 2520/3744/2530
f 2499/3745/2509 2736/3746/2746 2526/3747/2536
f 2526/3747/2536 2736/3746/2746 2737/3748/2747
f 2737/3749/2747 2701/3701/2711 2526/3477/2536
f 2701/3701/2711 2738/3750/2748 2615/3589/2625
f 2738/3750/2748 2636/3615/2646 2615/3589/2625
f 2693/3688/2703 2739/3751/2749 2513/3689/2523
f 2648/3631/2658 2740/3752/2750 2580/3550/2590
f 2501/3442/2511 2741/3753/2751 2618/3754/2628
f 2581/3551/2591 2742/3755/2752 2648/3631/2658
f 2660/3672/2670 2743/3756/2753 2721/3757/2731
f 2660/3672/2670 2649/3632/2659 2723/3729/2733
f 1937/2684/1940 2722/3728/2732 2516/3460/2526
f 2516/3460/2526 2744/3758/2754 2454/3382/2464
f 2582/3552/2592 2620/3594/2630 2600/3572/2610
f 2650/3633/2660 2745/3759/2755 2552/3509/2562
f 2552/3509/2562 2745/3759/2755 2570/3536/2580
f 2603/3575/2613 2746/3760/2756 2568/3534/2578
f 2600/3595/2610 2747/3761/2757 2651/3634/2661
f 2680/3675/2690 2553/3510/2563 2748/3762/2758
f 2680/3675/2690 2748/3762/2758 2548/3503/2558
f 2749/3763/2759 2725/3731/2735 2556/3514/2566
f 2662/3648/2672 2750/3764/2760 2571/3538/2581
f 2750/3764/2760 2653/3636/2663 2571/3538/2581
f 2706/3708/2716 2494/3432/2504 2533/3488/2543
f 2696/3765/2706 2401/3766/2411 2663/3767/2673
f 2664/3650/2674 2460/3390/2470 2402/3304/2412
f 2751/3768/2761 2709/3711/2719 2710/3712/2720
f 2626/3601/2636 2752/3769/2762 2708/3710/2718
f 2710/3712/2720 2727/3733/2737 2751/3768/2761
f 2753/3770/2763 2728/3771/2738 2655/3772/2665
f 2754/3773/2764 2729/3735/2739 2666/3697/2676
f 2476/3408/2486 2379/3273/2389 2658/3641/2668
f 2669/3656/2679 2592/3564/2602 2668/3655/2678
f 2672/3659/2682 2628/3604/2638 2521/3469/2531
f 2628/3604/2638 2733/3741/2743 2522/3470/2532
f 2733/3774/2743 2690/3685/2700 2614/3588/2624
f 2690/3685/2700 2755/3775/2765 2756/3776/2766
f 2690/3685/2700 2756/3776/2766 2689/3684/2699
f 2550/3505/2560 2631/3607/2641 2734/3777/2744
f 2757/3778/2767 2351/3526/2359 2674/3662/2684
f 2525/3779/2535 2566/3723/2576 2758/3780/2768
f 2717/3720/2727 2759/3781/2769 2597/3569/2607
f 2760/3782/2770 2597/3569/2607 2759/3781/2769
f 2637/3616/2647 2541/3496/2551 2719/3724/2729
f 2580/3550/2590 2740/3752/2750 2720/3726/2730
f 2618/3592/2628 2702/3702/2712 2486/3421/2496
f 2703/3703/2713 2620/3594/2630 2619/3593/2629
f 2568/3534/2578 2761/3783/2771 2650/3633/2660
f 2568/3534/2578 2746/3760/2756 2761/3783/2771
f 2746/3760/2756 2603/3575/2613 2762/3784/2772
f 2603/3575/2613 2651/3634/2661 2762/3784/2772
f 2604/3576/2614 2679/3674/2689 2763/3785/2773
f 2556/3514/2566 2607/3579/2617 2749/3763/2759
f 2533/3488/2543 2654/3637/2664 2764/3786/2774
f 2696/3765/2706 2663/3767/2673 2765/3787/2775
f 2572/3539/2582 2766/3788/2776 2767/3789/2777
f 2766/3788/2776 2572/3539/2582 2697/3695/2707
f 2402/3304/2412 2707/3790/2717 2664/3650/2674
f 2625/3600/2635 2768/3791/2778 2697/3695/2707
f 2751/3768/2761 2727/3733/2737 2769/3792/2779
f 2770/3793/2780 2753/3770/2763 2655/3772/2665
f 2684/3679/2694 2771/3794/2781 2666/3653/2676
f 2610/3795/2620 2772/3796/2782 2655/3772/2665
f 2699/3698/2709 2773/3797/2783 2711/3714/2721
f 2730/3736/2740 2712/3715/2722 2774/3798/2784
f 2712/3715/2722 2714/3717/2724 2774/3798/2784
f 2714/3717/2724 2732/3738/2742 2774/3798/2784
f 2775/3799/2785 2732/3738/2742 2713/3716/2723
f 2444/3369/2454 2776/3800/2786 2657/3640/2667
f 2715/3718/2725 2536/3491/2546 2716/3719/2726
f 2668/3655/2678 2592/3564/2602 2777/3801/2787
f 2700/3802/2710 2628/3604/2638 2672/3659/2682
f 2523/3471/2533 2778/3803/2788 2673/3660/2683
f 2632/3609/2642 2674/3662/2684 2563/3524/2573
f 2636/3615/2646 2738/3750/2748 2701/3701/2711
f 2677/3669/2687 2577/3547/2587 2739/3751/2749
f 2677/3669/2687 2739/3751/2749 2693/3688/2703
f 2758/3780/2768 2566/3723/2576 2779/3804/2789
f 2717/3720/2727 2760/3782/2770 2759/3781/2769
f 2780/3805/2790 2659/3645/2669 2636/3615/2646
f 2721/3727/2731 2781/3806/2791 2581/3551/2591
f 2743/3756/2753 2660/3672/2670 2723/3729/2733
f 2782/3807/2792 2723/3729/2733 2599/3571/2609
f 2782/3807/2792 2599/3571/2609 2694/3691/2704
f 2744/3758/2754 2703/3703/2713 2454/3382/2464
f 2650/3633/2660 2783/3808/2793 2745/3759/2755
f 2602/3574/2612 2621/3596/2631 2784/3809/2794
f 2785/3810/2795 2651/3634/2661 2747/3761/2757
f 2762/3784/2772 2651/3634/2661 2785/3810/2795
f 2621/3596/2631 2604/3576/2614 2763/3785/2773
f 2748/3811/2758 2623/3598/2633 2548/3554/2558
f 2652/3812/2662 2786/3813/2796 2608/3814/2618
f 2608/3580/2618 2787/3815/2797 2662/3648/2672
f 2653/3636/2663 2788/3816/2798 2654/3637/2664
f 2518/3464/2528 2789/3817/2799 2726/3732/2736
f 2518/3464/2528 2705/3707/2715 2789/3817/2799
f 2639/3818/2649 2473/3819/2483 2790/3820/2800
f 2346/3230/2354 2682/3677/2692 2791/3821/2801
f 2346/3230/2354 2791/3821/2801 2707/3709/2717
f 2572/3539/2582 2767/3789/2777 2663/3649/2673
f 2625/3600/2635 2609/3581/2619 2768/3791/2778
f 2666/3697/2676 2771/3822/2781 2754/3773/2764
f 2772/3796/2782 2792/3823/2802 2655/3772/2665
f 2711/3714/2721 2773/3797/2783 2610/3602/2620
f 2610/3795/2620 2793/3824/2803 2772/3796/2782
f 2794/3825/2804 2730/3736/2740 2774/3798/2784
f 2795/3826/2805 2775/3827/2785 2713/3828/2723
f 2476/3829/2486 2658/3830/2668 2776/3800/2786
f 2444/3369/2454 2476/3829/2486 2776/3800/2786
f 2498/3439/2508 2593/3565/2603 2796/3831/2806
f 2733/3774/2743 2797/3832/2807 2690/3685/2700
f 2630/3606/2640 2734/3742/2744 2613/3587/2623
f 2689/3684/2699 2734/3742/2744 2630/3606/2640
f 2798/3833/2808 2538/3493/2548 2559/3519/2569
f 2632/3609/2642 2799/3834/2809 2674/3662/2684
f 2351/3238/2359 2757/3835/2767 2634/3611/2644
f 2800/3836/2810 2780/3805/2790 2636/3615/2646
f 2579/3837/2589 2617/3838/2627 2739/3839/2749
f 2638/3617/2648 2720/3726/2730 2801/3840/2811
f 2721/3757/2731 2743/3756/2753 2781/3841/2791
f 2516/3460/2526 2722/3728/2732 2802/3842/2812
f 2516/3460/2526 2802/3842/2812 2744/3758/2754
f 2602/3574/2612 2784/3809/2794 2704/3705/2714
f 2695/3693/2705 2601/3573/2611 2803/3843/2813
f 2679/3674/2689 2804/3844/2814 2763/3785/2773
f 2786/3813/2796 2787/3845/2797 2608/3814/2618
f 2583/3555/2593 2505/3448/2515 2789/3817/2799
f 2790/3820/2800 2473/3819/2483 2696/3765/2706
f 2709/3711/2719 2805/3846/2815 2684/3679/2694
f 2805/3846/2815 2771/3794/2781 2684/3679/2694
f 2806/3847/2816 2728/3771/2738 2753/3770/2763
f 2770/3793/2780 2655/3772/2665 2792/3823/2802
f 2754/3773/2764 2807/3848/2817 2729/3735/2739
f 2808/3849/2818 2729/3735/2739 2807/3848/2817
f 2729/3735/2739 2808/3849/2818 2699/3698/2709
f 2809/3850/2819 2610/3602/2620 2773/3797/2783
f 2774/3851/2784 2732/3852/2742 2810/3853/2820
f 2731/3737/2741 2795/3854/2805 2713/3716/2723
f 2558/3518/2568 2811/3855/2821 2348/3232/2356
f 2700/3802/2710 2733/3741/2743 2628/3604/2638
f 2755/3775/2765 2690/3685/2700 2797/3832/2807
f 2812/3856/2822 2756/3776/2766 2755/3775/2765
f 2734/3857/2744 2632/3609/2642 2550/3608/2560
f 2538/3493/2548 2798/3833/2808 2691/3686/2701
f 2813/3858/2823 2636/3615/2646 2701/3701/2711
f 2647/3629/2657 2814/3859/2824 2717/3720/2727
f 2739/3751/2749 2577/3547/2587 2528/3480/2538
f 2597/3569/2607 2678/3671/2688 2453/3381/2463
f 2617/3591/2627 2515/3459/2525 2815/3860/2825
f 2816/3861/2826 2781/3841/2791 2743/3756/2753
f 2817/3862/2827 2620/3594/2630 2703/3703/2713
f 2529/3704/2539 2695/3693/2705 2818/3863/2828
f 2818/3863/2828 2695/3693/2705 2819/3864/2829
f 2820/3865/2830 2747/3866/2757 2600/3572/2610
f 2570/3537/2580 2821/3867/2831 2553/3510/2563
f 2763/3785/2773 2804/3844/2814 2822/3868/2832
f 2823/3869/2833 2748/3870/2758 2553/3871/2563
f 2804/3844/2814 2679/3674/2689 2824/3872/2834
f 2824/3872/2834 2679/3674/2689 2681/3676/2691
f 2606/3578/2616 2725/3731/2735 2825/3873/2835
f 2789/3817/2799 2505/3448/2515 2726/3732/2736
f 2826/3874/2836 2764/3875/2774 2654/3876/2664
f 2827/3877/2837 2639/3818/2649 2790/3820/2800
f 2828/3878/2838 2664/3650/2674 2707/3790/2717
f 2829/3879/2839 2664/3650/2674 2828/3878/2838
f 2708/3710/2718 2768/3791/2778 2609/3581/2619
f 2805/3846/2815 2751/3768/2761 2769/3792/2779
f 2698/3696/2708 2664/3650/2674 2830/3880/2840
f 2751/3768/2761 2805/3846/2815 2709/3711/2719
f 2770/3793/2780 2806/3847/2816 2753/3770/2763
f 2808/3849/2818 2773/3797/2783 2699/3698/2709
f 2730/3736/2740 2794/3825/2804 2831/3881/2841
f 2794/3825/2804 2774/3798/2784 2832/3882/2842
f 2732/3852/2742 2833/3883/2843 2810/3853/2820
f 2834/3884/2844 2775/3827/2785 2795/3826/2805
f 2732/3852/2742 2775/3827/2785 2835/3885/2845
f 2668/3655/2678 2777/3801/2787 2656/3639/2666
f 2593/3584/2603 1931/2678/1934 2687/3682/2697
f 2700/3699/2710 2797/3832/2807 2733/3774/2743
f 2755/3775/2765 2797/3832/2807 2812/3856/2822
f 2735/3743/2745 2560/3642/2570 2561/3644/2571
f 2778/3803/2788 2523/3471/2533 2510/3454/2520
f 2736/3746/2746 2499/3745/2509 2691/3886/2701
f 2737/3749/2747 2813/3858/2823 2701/3701/2711
f 2566/3723/2576 2836/3887/2846 2779/3804/2789
f 2739/3751/2749 2718/3722/2728 2513/3689/2523
f 2836/3887/2846 2566/3723/2576 2718/3722/2728
f 2814/3859/2824 2659/3645/2669 2780/3805/2790
f 2814/3859/2824 2647/3629/2657 2659/3645/2669
f 2739/3839/2749 2617/3838/2627 2815/3888/2825
f 2781/3806/2791 2742/3755/2752 2581/3551/2591
f 2650/3633/2660 2761/3783/2771 2783/3808/2793
f 2704/3705/2714 2784/3809/2794 2837/3889/2847
f 2803/3843/2813 2601/3573/2611 2704/3705/2714
f 2746/3760/2756 2762/3784/2772 2838/3890/2848
f 2762/3891/2772 2839/3892/2849 2840/3893/2850
f 2785/3894/2795 2839/3892/2849 2762/3891/2772
f 2763/3785/2773 2841/3895/2851 2621/3596/2631
f 2841/3895/2851 2763/3785/2773 2842/3896/2852
f 2607/3579/2617 2583/3555/2593 2749/3763/2759
f 2623/3897/2633 2843/3898/2853 2652/3812/2662
f 2844/3899/2854 2662/3900/2672 2787/3845/2797
f 2750/3764/2760 2788/3816/2798 2653/3636/2663
f 2705/3707/2715 2639/3618/2649 2845/3901/2855
f 2845/3902/2855 2639/3903/2649 2827/3904/2837
f 2846/3905/2856 2696/3765/2706 2765/3787/2775
f 2663/3649/2673 2767/3789/2777 2765/3906/2775
f 2769/3792/2779 2727/3733/2737 2847/3907/2857
f 2848/3908/2858 2805/3846/2815 2769/3792/2779
f 2849/3909/2859 2752/3769/2762 2626/3601/2636
f 2727/3733/2737 2850/3910/2860 2847/3907/2857
f 2727/3733/2737 2698/3713/2708 2850/3910/2860
f 2626/3601/2636 2665/3652/2675 2728/3734/2738
f 2794/3911/2804 2807/3848/2817 2754/3773/2764
f 2794/3825/2804 2771/3794/2781 2831/3881/2841
f 2807/3848/2817 2794/3911/2804 2851/3912/2861
f 2610/3602/2620 2809/3850/2819 2793/3913/2803
f 2831/3881/2841 2731/3737/2741 2730/3736/2740
f 2774/3798/2784 2852/3914/2862 2832/3882/2842
f 2774/3851/2784 2810/3853/2820 2852/3915/2862
f 2795/3854/2805 2731/3737/2741 2853/3916/2863
f 2732/3852/2742 2835/3885/2845 2833/3883/2843
f 2461/3466/2471 2477/3917/2487 2642/3918/2652
f 2391/3289/2401 2611/3583/2621 2687/3682/2697
f 2854/3919/2864 2797/3832/2807 2700/3699/2710
f 2812/3856/2822 2855/3920/2865 2856/3921/2866
f 2856/3921/2866 2756/3776/2766 2812/3856/2822
f 2756/3776/2766 2857/3922/2867 2689/3684/2699
f 2858/3923/2868 2799/3834/2809 2632/3609/2642
f 2859/3924/2869 2524/3474/2534 2634/3611/2644
f 2760/3782/2770 2678/3671/2688 2597/3569/2607
f 2815/3860/2825 2515/3459/2525 2860/3925/2870
f 2860/3925/2870 2515/3459/2525 2638/3617/2648
f 2802/3926/2812 2861/3927/2871 2744/3928/2754
f 2744/3928/2754 2862/3929/2872 2703/3930/2713
f 2620/3594/2630 2820/3865/2830 2600/3572/2610
f 2784/3809/2794 2621/3596/2631 2863/3931/2873
f 2864/3932/2874 2823/3933/2833 2553/3510/2563
f 2606/3706/2616 2865/3934/2875 2724/3730/2734
f 2652/3812/2662 2843/3898/2853 2786/3813/2796
f 2786/3813/2796 2844/3899/2854 2787/3845/2797
f 2866/3935/2876 2844/3899/2854 2786/3813/2796
f 2662/3900/2672 2867/3936/2877 2750/3937/2760
f 2533/3488/2543 2764/3786/2774 2706/3708/2716
f 2706/3708/2716 2868/3938/2878 2640/3619/2650
f 2868/3938/2878 2682/3677/2692 2640/3619/2650
f 2869/3939/2879 2791/3821/2801 2682/3677/2692
f 2767/3789/2777 2766/3788/2776 2870/3940/2880
f 2766/3788/2776 2697/3695/2707 2871/3941/2881
f 2697/3695/2707 2768/3791/2778 2871/3941/2881
f 2847/3907/2857 2848/3908/2858 2769/3792/2779
f 2626/3601/2636 2728/3734/2738 2849/3909/2859
f 2792/3823/2802 2872/3942/2882 2770/3793/2780
f 2754/3773/2764 2771/3822/2781 2794/3911/2804
f 2808/3849/2818 2807/3848/2817 2851/3912/2861
f 2808/3849/2818 2873/3943/2883 2773/3797/2783
f 2809/3944/2819 2874/3945/2884 2793/3946/2803
f 2794/3911/2804 2875/3947/2885 2851/3912/2861
f 2832/3948/2842 2875/3947/2885 2794/3911/2804
f 2775/3827/2785 2834/3884/2844 2876/3949/2886
f 2775/3827/2785 2876/3949/2886 2835/3885/2845
f 2558/3518/2568 2461/3466/2471 2811/3855/2821
f 2348/3232/2356 2811/3855/2821 2443/3368/2453
f 2592/3564/2602 2670/3657/2680 2777/3801/2787
f 2519/3467/2529 2877/3950/2887 2700/3699/2710
f 2812/3856/2822 2797/3832/2807 2855/3920/2865
f 2634/3611/2644 2757/3835/2767 2859/3924/2869
f 2739/3751/2749 2878/3951/2888 2718/3722/2728
f 2801/3840/2811 2720/3726/2730 2740/3752/2750
f 2740/3752/2750 2648/3631/2658 2879/3952/2889
f 2741/3753/2751 2880/3953/2890 2618/3754/2628
f 2879/3952/2889 2648/3631/2658 2742/3755/2752
f 2880/3954/2890 2702/3702/2712 2618/3592/2628
f 2881/3955/2891 2781/3841/2791 2816/3861/2826
f 2742/3956/2752 2781/3841/2791 2881/3955/2891
f 2882/3957/2892 2743/3756/2753 2723/3729/2733
f 2570/3536/2580 2745/3759/2755 2883/3958/2893
f 2838/3959/2848 2762/3891/2772 2840/3893/2850
f 2553/3510/2563 2821/3867/2831 2864/3932/2874
f 2748/3870/2758 2823/3869/2833 2623/3897/2633
f 2749/3960/2759 2583/3961/2593 2789/3962/2799
f 2843/3898/2853 2884/3963/2894 2786/3813/2796
f 2885/3964/2895 2789/3965/2799 2705/3966/2715
f 2791/3821/2801 2869/3939/2879 2886/3967/2896
f 2829/3879/2839 2830/3880/2840 2664/3650/2674
f 2698/3713/2708 2830/3968/2840 2850/3910/2860
f 2851/3912/2861 2887/3969/2897 2808/3849/2818
f 2773/3797/2783 2873/3943/2883 2809/3850/2819
f 2875/3947/2885 2887/3969/2897 2851/3912/2861
f 2831/3881/2841 2888/3970/2898 2731/3737/2741
f 2889/3971/2899 2853/3916/2863 2731/3737/2741
f 2810/3853/2820 2833/3883/2843 2890/3972/2900
f 2891/3973/2901 2876/3949/2886 2834/3884/2844
f 2508/3452/2518 2656/3639/2666 2667/3654/2677
f 2892/3974/2902 2716/3739/2726 2671/3658/2681
f 2877/3950/2887 2854/3919/2864 2700/3699/2710
f 2893/3975/2903 2856/3921/2866 2855/3920/2865
f 2893/3975/2903 2756/3776/2766 2856/3921/2866
f 2528/3480/2538 2579/3690/2589 2739/3751/2749
f 2816/3861/2826 2743/3756/2753 2882/3957/2892
f 2694/3976/2704 2529/3704/2539 2818/3863/2828
f 2894/3977/2904 2745/3759/2755 2783/3808/2793
f 2895/3978/2905 2783/3808/2793 2761/3783/2771
f 2761/3783/2771 2746/3760/2756 2838/3890/2848
f 2820/3865/2830 2785/3979/2795 2747/3866/2757
f 2785/3894/2795 2840/3893/2850 2839/3892/2849
f 2804/3980/2814 2824/3981/2834 2896/3982/2906
f 2896/3982/2906 2824/3981/2834 2681/3983/2691
f 2825/3984/2835 2865/3985/2875 2606/3986/2616
f 2897/3987/2907 2623/3897/2633 2898/3988/2908
f 2897/3987/2907 2843/3898/2853 2623/3897/2633
f 2870/3940/2880 2766/3788/2776 2899/3989/2909
f 2708/3710/2718 2871/3941/2881 2768/3791/2778
f 2872/3942/2882 2806/3847/2816 2770/3793/2780
f 2900/3990/2910 2806/3847/2816 2872/3942/2882
f 2900/3990/2910 2728/3771/2738 2806/3847/2816
f 2901/3991/2911 2771/3794/2781 2805/3846/2815
f 2792/3823/2802 2772/3796/2782 2793/3824/2803
f 2901/3991/2911 2831/3881/2841 2771/3794/2781
f 2875/3947/2885 2832/3948/2842 2902/3992/2912
f 2832/3993/2842 2852/3994/2862 2903/3995/2913
f 2904/3996/2914 2853/3916/2863 2889/3971/2899
f 2905/3997/2915 2852/3915/2862 2810/3853/2820
f 2906/3998/2916 2795/3999/2805 2853/4000/2863
f 2658/3830/2668 2715/4001/2725 2907/4002/2917
f 2688/3683/2698 2520/3468/2530 2908/4003/2918
f 2689/3684/2699 2857/3922/2867 2734/3742/2744
f 2734/3857/2744 2909/4004/2919 2632/3609/2642
f 2800/3836/2810 2636/3615/2646 2910/4005/2920
f 2813/3858/2823 2910/4005/2920 2636/3615/2646
f 2717/3720/2727 2911/4006/2921 2760/3782/2770
f 2758/3780/2768 2779/3804/2789 2912/4007/2922
f 2638/3617/2648 2801/3840/2811 2913/4008/2923
f 2914/4009/2924 2816/3861/2826 2882/3957/2892
f 2882/3957/2892 2723/3729/2733 2915/4010/2925
f 2861/3927/2871 2862/3929/2872 2744/3928/2754
f 2782/3807/2792 2694/3691/2704 2916/4011/2926
f 2761/3783/2771 2838/3890/2848 2895/3978/2905
f 2783/3808/2793 2895/3978/2905 2917/4012/2927
f 2695/3693/2705 2803/3843/2813 2819/3864/2829
f 2621/4013/2631 2918/4014/2928 2919/4015/2929
f 2621/4013/2631 2841/4016/2851 2918/4014/2928
f 2763/4017/2773 2822/4018/2832 2920/4019/2930
f 2750/3937/2760 2921/4020/2931 2788/4021/2798
f 2788/4022/2798 2922/4023/2932 2654/3876/2664
f 2885/3964/2895 2705/3966/2715 2845/3902/2855
f 2885/3964/2895 2845/3902/2855 2827/3904/2837
f 2790/3820/2800 2696/3765/2706 2923/4024/2933
f 2923/4024/2933 2696/3765/2706 2846/3905/2856
f 2765/3787/2775 2767/4025/2777 2846/3905/2856
f 2886/3967/2896 2707/3709/2717 2791/3821/2801
f 2924/4026/2934 2901/3991/2911 2805/3846/2815
f 2925/4027/2935 2873/3943/2883 2808/3849/2818
f 2926/4028/2936 2809/3850/2819 2873/3943/2883
f 2927/4029/2937 2809/4030/2938 2928/4031/2939
f 2927/4029/2937 2875/3947/2885 2809/4030/2938
f 2875/3947/2885 2928/4031/2939 2809/4030/2938
f 2929/4032/2940 2875/3947/2885 2902/3992/2912
f 2888/3970/2898 2831/3881/2841 2901/3991/2911
f 2832/3948/2842 2903/4033/2913 2902/3992/2912
f 2888/3970/2898 2889/3971/2899 2731/3737/2741
f 2904/4034/2914 2906/3998/2916 2853/4000/2863
f 2905/3997/2915 2810/3853/2820 2890/3972/2900
f 2906/3998/2916 2930/4035/2941 2795/3999/2805
f 2795/3826/2805 2931/4036/2942 2834/3884/2844
f 2811/3855/2821 2461/3466/2471 2642/3918/2652
f 2776/3800/2786 2658/3830/2668 2907/4002/2917
f 2657/3640/2667 2776/3800/2786 2932/4037/2943
f 2657/3640/2667 2932/4037/2943 2519/3467/2529
f 2671/3658/2681 2575/3543/2585 2892/3974/2902
f 2933/4038/2944 2797/3832/2807 2854/3919/2864
f 2498/3439/2508 2796/3831/2806 2559/3519/2569
f 2673/3660/2683 2778/3803/2788 2627/3603/2637
f 2633/3610/2643 2934/4039/2945 2561/3522/2571
f 2758/3780/2768 2935/4040/2946 2525/3779/2535
f 2800/4041/2810 2910/4042/2920 2936/4043/2947
f 2937/4044/2948 2678/3671/2688 2760/3782/2770
f 2860/3925/2870 2638/3617/2648 2913/4008/2923
f 2881/3955/2891 2938/4045/2949 2742/3956/2752
f 2816/3861/2826 2914/4009/2924 2881/3955/2891
f 2702/4046/2712 2939/4047/2950 2722/4048/2732
f 2570/3537/2580 2883/4049/2893 2940/4050/2951
f 2704/3705/2714 2941/4051/2952 2803/3843/2813
f 2785/3894/2795 2942/4052/2953 2840/3893/2850
f 2823/3869/2833 2943/4053/2954 2623/3897/2633
f 2623/3897/2633 2943/4053/2954 2898/3988/2908
f 2682/3677/2692 2868/3938/2878 2869/3939/2879
f 2707/3709/2717 2944/4054/2955 2828/4055/2838
f 2766/3788/2776 2871/3941/2881 2899/3989/2909
f 2900/3990/2910 2872/3942/2882 2945/4056/2956
f 2808/3849/2818 2927/4029/2937 2925/4027/2935
f 2808/3849/2818 2887/3969/2897 2927/4029/2937
f 2875/3947/2885 2927/4029/2937 2887/3969/2897
f 2926/4028/2936 2874/4057/2884 2809/3850/2819
f 2875/3947/2885 2929/4032/2940 2928/4031/2939
f 2946/4058/2957 2889/3971/2899 2888/3970/2898
f 2931/4036/2942 2891/3973/2901 2834/3884/2844
f 2833/3883/2843 2835/3885/2845 2890/3972/2900
f 2947/4059/2958 2876/3949/2886 2891/3973/2901
f 2715/4060/2725 2716/3739/2726 2948/4061/2959
f 2777/3801/2787 2670/3657/2680 2949/4062/2960
f 2877/3950/2887 2933/4038/2944 2854/3919/2864
f 2908/4003/2918 2950/4063/2961 2688/3683/2698
f 2855/3920/2865 2951/4064/2962 2893/3975/2903
f 2797/3832/2807 2951/4064/2962 2855/3920/2865
f 2796/3831/2806 2798/3833/2808 2559/3519/2569
f 2778/3803/2788 2952/4065/2963 2627/3603/2637
f 2632/3609/2642 2909/4004/2919 2858/3923/2868
f 2524/3473/2534 2859/4066/2869 2633/3610/2643
f 2510/3454/2520 2525/3475/2535 2935/4067/2946
f 2737/3749/2747 2910/4005/2920 2813/3858/2823
f 2911/4006/2921 2717/3720/2727 2814/3859/2824
f 2779/3804/2789 2836/3887/2846 2912/4007/2922
f 2953/4068/2964 2879/3952/2889 2954/4069/2965
f 2879/4070/2889 2742/3956/2752 2938/4045/2949
f 2879/4070/2889 2938/4045/2949 2954/4071/2965
f 2914/4009/2924 2938/4045/2949 2881/3955/2891
f 2955/4072/2966 2914/4009/2924 2882/3957/2892
f 2939/4047/2950 2956/4073/2967 2722/4048/2732
f 2704/3705/2714 2837/3889/2847 2957/4074/2968
f 2803/3843/2813 2958/4075/2969 2819/3864/2829
f 2917/4076/2927 2959/4077/2970 2783/4078/2793
f 2763/4017/2773 2920/4019/2930 2842/4079/2852
f 2681/3983/2691 2661/4080/2671 2896/3982/2906
f 2960/4081/2971 2789/3962/2799 2885/4082/2895
f 2961/4083/2972 2827/3877/2837 2790/3820/2800
f 2846/3905/2856 2767/4025/2777 2870/4084/2880
f 2830/3880/2840 2829/3879/2839 2962/4085/2973
f 2963/4086/2974 2924/4026/2934 2805/3846/2815
f 2925/4027/2935 2964/4087/2975 2873/3943/2883
f 2964/4087/2975 2926/4028/2936 2873/3943/2883
f 2927/4029/2937 2928/4031/2939 2929/4032/2940
f 2901/3991/2911 2965/4088/2976 2888/3970/2898
f 2903/3995/2913 2852/3994/2862 2966/4089/2977
f 2967/4090/2978 2852/3994/2862 2905/4091/2915
f 2930/4092/2941 2931/4036/2942 2795/3826/2805
f 2968/4093/2979 2519/3467/2529 2932/4037/2943
f 2948/4061/2959 2716/3739/2726 2969/4094/2980
f 2949/4062/2960 2670/3657/2680 2688/3683/2698
f 2969/4094/2980 2716/3739/2726 2892/3974/2902
f 2970/4095/2981 2892/3974/2902 2575/3543/2585
f 2575/3543/2585 2627/3603/2637 2970/4095/2981
f 2971/4096/2982 2893/3975/2903 2951/4064/2962
f 2908/4097/2918 2735/3743/2745 2972/4098/2983
f 2973/4099/2984 2757/3778/2767 2674/3662/2684
f 2937/4044/2948 2760/3782/2770 2911/4006/2921
f 2974/4100/2985 2780/3805/2790 2800/3836/2810
f 2974/4100/2985 2814/3859/2824 2780/3805/2790
f 2718/3722/2728 2878/3951/2888 2836/3887/2846
f 2975/4101/2986 2741/3753/2751 2501/3442/2511
f 2976/4102/2987 2702/4046/2712 2880/4103/2890
f 2817/3862/2827 2820/3865/2830 2620/3594/2630
f 2977/4104/2988 2895/3978/2905 2838/3890/2848
f 2942/4105/2953 2785/3979/2795 2820/3865/2830
f 2895/4106/2905 2959/4077/2970 2917/4076/2927
f 2863/3931/2873 2621/3596/2631 2919/4107/2929
f 2918/4014/2928 2841/4016/2851 2842/4079/2852
f 2822/4018/2832 2804/4108/2814 2920/4019/2930
f 2978/4109/2989 2804/3980/2814 2896/3982/2906
f 2661/4080/2671 2724/4110/2734 2979/4111/2990
f 2724/4110/2734 2865/3985/2875 2979/4111/2990
f 2789/3962/2799 2725/4112/2735 2749/3960/2759
f 2980/4113/2991 2662/3900/2672 2844/3899/2854
f 2867/3936/2877 2662/3900/2672 2980/4113/2991
f 2961/4083/2972 2790/3820/2800 2923/4024/2933
f 2923/4024/2933 2846/3905/2856 2981/4114/2992
f 2707/3709/2717 2886/3967/2896 2944/4054/2955
f 2828/3878/2838 2962/4085/2973 2829/3879/2839
f 2871/3941/2881 2708/3710/2718 2982/4115/2993
f 2983/4116/2994 2874/4117/2884 2926/4118/2936
f 2927/4029/2937 2929/4032/2940 2984/4119/2995
f 2874/4120/2996 2929/4121/2997 2986/4120/2998
f 2902/4122/2912 2903/3995/2913 2985/4123/2999
f 2888/3970/2898 2965/4088/2976 2946/4058/2957
f 2852/3994/2862 2987/4124/3000 2966/4089/2977
f 2967/4090/2978 2987/4124/3000 2852/3994/2862
f 2988/4125/3001 2642/3623/2652 2667/3654/2677
f 2777/3801/2787 2989/4126/3002 2656/3639/2666
f 2968/4093/2979 2877/3950/2887 2519/3467/2529
f 2933/4038/2944 2951/4064/2962 2797/3832/2807
f 2934/4127/2945 2990/4128/3003 2561/4129/2571
f 2736/3746/2746 2991/4130/3004 2737/3748/2747
f 2719/3724/2729 2992/4131/3005 2637/3616/2647
f 2992/4132/3005 2598/3570/2608 2637/3725/2647
f 2801/3840/2811 2993/4133/3006 2913/4008/2923
f 2801/3840/2811 2740/3752/2750 2993/4133/3006
f 2740/3752/2750 2994/4134/3007 2993/4133/3006
f 2995/4135/3008 2996/4136/3009 2997/4137/3010
f 2995/4135/3008 2997/4137/3010 2998/4138/3011
f 2997/4137/3010 2999/4139/3012 2998/4138/3011
f 2879/3952/2889 2953/4068/2964 3000/4140/3013
f 3000/4140/3013 2953/4068/2964 2954/4069/2965
f 3001/4141/3014 2939/4047/2950 2702/4046/2712
f 2954/4071/2965 2938/4045/2949 3002/4142/3015
f 2882/3957/2892 3003/4143/3016 2955/4072/2966
f 2914/4009/2924 2955/4072/2966 2938/4045/2949
f 3004/4144/3017 2862/3929/2872 2861/3927/2871
f 3004/4144/3017 3005/4145/3018 2862/3929/2872
f 3006/4146/3019 2837/3889/2847 2784/3809/2794
f 2745/3759/2755 2894/3977/2904 2883/3958/2893
f 2570/3537/2580 2940/4050/2951 3007/4147/3020
f 2838/3890/2848 3008/4148/3021 2977/4104/2988
f 2838/3959/2848 3009/4149/3022 3008/4150/3021
f 2978/4151/2989 2920/4019/2930 2804/4108/2814
f 2825/3984/2835 2725/4112/2735 3010/4152/3023
f 2825/3984/2835 3010/4152/3023 2865/3985/2875
f 3010/4152/3023 2725/4112/2735 2789/3962/2799
f 2922/4023/2932 2826/3874/2836 2654/3876/2664
f 2764/3875/2774 2868/4153/2878 2706/4154/2716
f 2846/3905/2856 2870/4084/2880 2981/4114/2992
f 2869/3939/2879 3011/4155/3024 2886/3967/2896
f 2708/3710/2718 2752/3769/2762 2982/4115/2993
f 2900/3990/2910 2945/4056/2956 3012/4156/3025
f 3012/4156/3025 2728/3771/2738 2900/3990/2910
f 2926/4028/2936 2964/4087/2975 2983/4157/2994
f 2927/4029/2937 2984/4119/2995 2925/4027/2935
f 2792/3823/2802 2793/3824/2803 3013/4158/3026
f 2929/4159/2940 2985/4159/2999 2984/4159/2995
f 2903/3995/2913 3014/4160/3027 2985/4123/2999
f 2890/3972/2900 3015/4161/3028 2905/3997/2915
f 3016/4162/3029 2947/4059/2958 2891/3973/2901
f 2777/3801/2787 2949/4062/2960 2989/4126/3002
f 2688/3683/2698 3017/4163/3030 2949/4062/2960
f 3018/4164/3031 2951/4064/2962 2933/4038/2944
f 2735/3743/2745 2908/4097/2918 2520/3744/2530
f 2735/4165/2745 2561/4129/2571 2990/4128/3003
f 2859/4066/2869 2934/4039/2945 2633/3610/2643
f 2935/4040/2946 3019/4166/3032 2510/4167/2520
f 2994/4134/3007 3020/4168/3033 2993/4133/3006
f 3021/4169/3034 3022/4170/3035 2995/4135/3008
f 3021/4169/3034 3023/4171/3036 3022/4170/3035
f 3021/4169/3034 3024/4172/3037 3025/4173/3038
f 2995/4135/3008 3026/4174/3039 2996/4136/3009
f 2995/4135/3008 3022/4170/3035 3026/4174/3039
f 3022/4170/3035 3023/4171/3036 3026/4174/3039
f 2996/4136/3009 3026/4174/3039 2997/4137/3010
f 3027/4175/3040 3026/4174/3039 2998/4138/3011
f 2998/4138/3011 3026/4174/3039 3028/4176/3041
f 2997/4137/3010 3026/4174/3039 2999/4139/3012
f 2998/4138/3011 3029/4177/3042 3030/4178/3043
f 2998/4138/3011 2999/4139/3012 3027/4175/3040
f 2998/4138/3011 3031/4179/3044 3029/4177/3042
f 2999/4139/3012 3026/4174/3039 3027/4175/3040
f 2879/3952/2889 3000/4140/3013 2740/3752/2750
f 3032/4180/3045 3033/4181/3046 3034/4182/3047
f 3033/4181/3046 3035/4183/3048 3034/4182/3047
f 3032/4180/3045 3034/4182/3047 3036/4184/3049
f 3032/4180/3045 3037/4185/3050 3038/4186/3051
f 3032/4180/3045 3036/4184/3049 3037/4185/3050
f 2954/4069/2965 3002/4187/3015 3000/4140/3013
f 2702/4046/2712 2976/4102/2987 3001/4141/3014
f 2939/4047/2950 3039/4188/3052 2956/4073/2967
f 2722/4048/2732 3040/4189/3053 2802/3926/2812
f 2802/3926/2812 3040/4189/3053 3041/4190/3054
f 2802/3926/2812 3042/4191/3055 2861/3927/2871
f 2703/3930/2713 3043/4192/3056 2817/4193/2827
f 2694/3976/2704 2818/3863/2828 2916/4194/2926
f 2704/3705/2714 3044/4195/3057 2941/4051/2952
f 2957/4074/2968 3044/4195/3057 2704/3705/2714
f 2803/3843/2813 2941/4051/2952 2958/4075/2969
f 2820/4196/2830 3045/4197/3058 2942/4052/2953
f 2570/3537/2580 3007/4147/3020 2821/3867/2831
f 2840/3893/2850 3009/4149/3022 2838/3959/2848
f 2840/3893/2850 3045/4197/3058 3009/4149/3022
f 2942/4052/2953 3045/4197/3058 2840/3893/2850
f 2661/4080/2671 3046/4198/3059 2896/3982/2906
f 2661/4080/2671 2979/4111/2990 3046/4198/3059
f 2960/4081/2971 3010/4152/3023 2789/3962/2799
f 2866/3935/2876 2786/3813/2796 3047/4199/3060
f 2788/4021/2798 3048/4200/3061 2922/4201/2932
f 2828/3878/2838 2944/4202/2955 2962/4085/2973
f 2849/3909/2859 3049/4203/3062 2752/3769/2762
f 2983/4204/2994 2964/4205/2975 3050/4206/3063
f 2925/4027/2935 2984/4119/2995 3050/4207/3063
f 2964/4087/2975 2925/4027/2935 3050/4207/3063
f 2872/3942/2882 2792/3823/2802 3013/4158/3026
f 2901/3991/2911 3051/4208/3064 2965/4088/2976
f 2986/4209/2998 2929/4210/2997 2985/4210/3065
f 2889/3971/2899 2946/4058/2957 3052/4211/3066
f 2905/4091/2915 3015/4212/3028 2967/4090/2978
f 2931/4036/2942 3016/4162/3029 2891/3973/2901
f 2715/4001/2725 2948/4213/2959 2907/4002/2917
f 2933/4038/2944 3053/4214/3067 3018/4164/3031
f 2971/4096/2982 2756/3776/2766 2893/3975/2903
f 2878/3951/2888 3054/4215/3068 2836/3887/2846
f 2739/3839/2749 2815/3888/2825 3055/4216/3069
f 2913/4217/2923 2993/4218/3006 3021/4169/3034
f 3021/4169/3034 2993/4218/3006 3020/4219/3033
f 2995/4135/3008 2998/4138/3011 3021/4169/3034
f 3025/4173/3038 3023/4171/3036 3021/4169/3034
f 3024/4172/3037 3023/4171/3036 3025/4173/3038
f 3028/4176/3041 3031/4179/3044 2998/4138/3011
f 3028/4176/3041 3026/4174/3039 3031/4179/3044
f 3056/4220/3070 3030/4178/3043 3057/4221/3071
f 3030/4178/3043 3058/4222/3072 3057/4221/3071
f 3029/4177/3042 3058/4222/3072 3030/4178/3043
f 3029/4177/3042 3031/4179/3044 3058/4222/3072
f 3032/4180/3045 3056/4220/3070 3057/4221/3071
f 3057/4221/3071 3058/4222/3072 3035/4183/3048
f 3038/4186/3051 3056/4220/3070 3032/4180/3045
f 3032/4180/3045 3035/4183/3048 3033/4181/3046
f 3057/4221/3071 3035/4183/3048 3032/4180/3045
f 3035/4183/3048 3059/4223/3073 3036/4184/3049
f 3035/4183/3048 3036/4184/3049 3034/4182/3047
f 3001/4141/3014 3060/4224/3074 2939/4047/2950
f 3042/4191/3055 3004/4144/3017 2861/3927/2871
f 3005/4145/3018 3043/4192/3056 2862/3929/2872
f 2862/3929/2872 3043/4192/3056 2703/3930/2713
f 2898/3988/2908 3061/4225/3075 2897/3987/2907
f 2843/3898/2853 2897/3987/2907 2884/3963/2894
f 2867/3936/2877 2921/4020/2931 2750/3937/2760
f 2921/4020/2931 3048/4200/3061 2788/4021/2798
f 2827/3904/2837 2961/4226/2972 2885/3964/2895
f 2764/3875/2774 3062/4227/3076 2868/4153/2878
f 2870/3940/2880 3063/4228/3077 3064/4229/3078
f 2847/3907/2857 3065/4230/3079 2848/3908/2858
f 2848/3908/2858 3066/4231/3080 2805/3846/2815
f 2924/4026/2934 3051/4208/3064 2901/3991/2911
f 2793/3824/2803 2986/4232/3081 3013/4158/3026
f 2903/3995/2913 2966/4089/2977 3014/4160/3027
f 2946/4058/2957 2965/4088/2976 3067/4233/3082
f 2946/4058/2957 3067/4233/3082 3052/4211/3066
f 2904/3996/2914 2889/3971/2899 3052/4211/3066
f 2835/3885/2845 3068/4234/3083 2890/3972/2900
f 2835/3885/2845 2876/3949/2886 3068/4234/3083
f 2667/3654/2677 2656/3639/2666 3069/4235/3084
f 2656/3639/2666 2989/4126/3002 3069/4235/3084
f 2968/4093/2979 3053/4214/3067 2877/3950/2887
f 2877/3950/2887 3053/4214/3067 2933/4038/2944
f 3070/4236/3085 2909/4004/2919 2734/3857/2744
f 2691/3886/2701 3071/4237/3086 2736/3746/2746
f 2858/3923/2868 3072/4238/3087 2799/3834/2809
f 2778/4239/2788 2510/4167/2520 3019/4166/3032
f 2674/3662/2684 2799/3834/2809 2973/4099/2984
f 2814/3859/2824 3073/4240/3088 2911/4006/2921
f 3074/4241/3089 2739/3839/2749 3055/4216/3069
f 3075/4242/3090 3076/4243/3091 3077/4244/3092
f 3020/4245/3033 3078/4246/3093 3023/4171/3036
f 2994/4247/3007 3078/4246/3093 3020/4245/3033
f 3026/4174/3039 3023/4171/3036 3031/4179/3044
f 3079/4248/3094 2880/3953/2890 2741/3753/2751
f 3058/4222/3072 3059/4223/3073 3035/4183/3048
f 3038/4186/3051 3080/4249/3095 3081/4250/3096
f 3059/4223/3073 3080/4249/3095 3036/4184/3049
f 3038/4186/3051 3037/4185/3050 3080/4249/3095
f 3036/4184/3049 3080/4249/3095 3037/4185/3050
f 3002/4142/3015 2938/4045/2949 3082/4251/3097
f 3003/4143/3016 3083/4252/3098 2955/4072/2966
f 3083/4252/3098 2938/4045/2949 2955/4072/2966
f 2882/3957/2892 2915/4010/2925 3003/4143/3016
f 3041/4190/3054 3042/4191/3055 2802/3926/2812
f 2782/3807/2792 3084/4253/3099 2723/3729/2733
f 2820/3865/2830 2817/3862/2827 3045/4254/3058
f 2958/4075/2969 3085/4255/3100 2819/3864/2829
f 2865/3985/2875 3010/4152/3023 3086/4256/3101
f 3010/4152/3023 2960/4081/2971 3087/4257/3102
f 2960/4081/2971 2885/4082/2895 3088/4258/3103
f 2866/3935/2876 3047/4199/3060 2844/3899/2854
f 2826/3874/2836 3062/4227/3076 2764/3875/2774
f 2961/4083/2972 2923/4024/2933 3089/4259/3104
f 2870/4084/2880 3064/4260/3078 2981/4114/2992
f 2982/4115/2993 2899/3989/2909 2871/3941/2881
f 2982/4115/2993 2752/3769/2762 3090/4261/3105
f 3065/4230/3079 3066/4231/3080 2848/3908/2858
f 2847/3907/2857 2850/3910/2860 3065/4230/3079
f 3013/4158/3026 3091/4262/3106 2872/3942/2882
f 2984/4263/2995 3092/4264/3107 3050/4206/3063
f 2642/3623/2652 2988/4125/3001 3093/4265/3108
f 2667/3654/2677 3069/4235/3084 2988/4125/3001
f 2776/3800/2786 2968/4093/2979 2932/4037/2943
f 2611/3583/2621 3094/4266/3109 2687/3682/2697
f 2688/4267/2698 2950/4268/2961 3017/4269/3030
f 2951/4064/2962 3018/4164/3031 2971/4096/2982
f 2796/3831/2806 3095/4270/3110 2798/3833/2808
f 2736/3746/2746 3071/4237/3086 3096/4271/3111
f 2911/4006/2921 3073/4240/3088 2937/4044/2948
f 2758/3780/2768 2912/4007/2922 2935/4040/2946
f 2598/3570/2608 2975/4101/2986 2501/3442/2511
f 3021/4169/3034 2998/4138/3011 3030/4178/3043
f 2994/4134/3007 2740/3752/2750 3078/4272/3093
f 3031/4179/3044 3059/4223/3073 3058/4222/3072
f 3031/4179/3044 3023/4171/3036 3059/4223/3073
f 3038/4186/3051 3097/4273/3112 3056/4220/3070
f 2740/3752/2750 3000/4140/3013 3098/4274/3113
f 3081/4275/3096 3099/4276/3114 3097/4277/3112
f 3081/4250/3096 3097/4273/3112 3038/4186/3051
f 3081/4250/3096 3080/4249/3095 3099/4278/3114
f 3079/4248/3094 2976/4279/2987 2880/3953/2890
f 3002/4187/3015 3098/4274/3113 3000/4140/3013
f 2956/4073/2967 3040/4189/3053 2722/4048/2732
f 3004/4144/3017 3100/4280/3115 3005/4145/3018
f 2782/3807/2792 2916/4011/2926 3084/4253/3099
f 2784/3809/2794 3101/4281/3116 3006/4146/3019
f 2941/4051/2952 3102/4282/3117 2958/4075/2969
f 2883/4049/2893 2894/4283/2904 3103/4284/3118
f 2863/3931/2873 3101/4281/3116 2784/3809/2794
f 3009/4149/3022 3104/4285/3119 3008/4150/3021
f 3008/4150/3021 3105/4286/3120 2977/4287/2988
f 2977/4287/2988 2959/4077/2970 2895/4106/2905
f 2896/3982/2906 3106/4288/3121 2978/4109/2989
f 2865/3985/2875 3107/4289/3122 2979/4111/2990
f 2865/3985/2875 3086/4256/3101 3107/4289/3122
f 3089/4259/3104 2923/4024/2933 2981/4114/2992
f 3089/4290/3104 2981/4291/2992 3108/4292/3123
f 3108/4292/3123 2981/4291/2992 3109/4293/3124
f 3062/4227/3076 2869/4294/2879 2868/4153/2878
f 2869/4294/2879 3110/4295/3125 3011/4296/3024
f 2886/3967/2896 3011/4155/3024 3111/4297/3126
f 2805/3846/2815 3066/4231/3080 2963/4086/2974
f 2924/4026/2934 2963/4086/2974 3112/4298/3127
f 2983/4204/2994 3050/4206/3063 3113/4299/3128
f 2983/4204/2994 3113/4299/3128 2874/4300/2884
f 2984/4263/2995 2985/4301/2999 3092/4264/3107
f 2985/4123/2999 3014/4160/3027 3092/4302/3107
f 2966/4089/2977 3114/4303/3129 3014/4160/3027
f 2966/4089/2977 2987/4124/3000 3114/4303/3129
f 2890/3972/2900 3115/4304/3130 3015/4161/3028
f 3116/4305/3131 2890/3972/2900 3068/4234/3083
f 3117/4306/3132 3068/4234/3083 2876/3949/2886
f 2947/4059/2958 3117/4306/3132 2876/3949/2886
f 2642/4307/2652 3093/4308/3108 2811/4309/2821
f 2627/3603/2637 3118/4310/3133 2970/4095/2981
f 2734/3742/2744 2857/3922/2867 3070/4311/3085
f 2735/4165/2745 2990/4128/3003 2972/4312/2983
f 2859/4313/2869 3119/4314/3134 2934/4127/2945
f 2757/3778/2767 2973/4099/2984 3120/4315/3135
f 2836/3887/2846 3054/4215/3068 2912/4007/2922
f 2878/3951/2888 2739/3751/2749 3074/4316/3089
f 3121/4317/3136 3075/4318/3090 3122/4319/3137
f 2860/4320/2870 3123/4321/3138 2815/3888/2825
f 3075/4242/3090 3077/4244/3092 3124/4322/3139
f 3021/4169/3034 3125/4323/3140 2913/4217/2923
f 2975/4101/2986 3079/4248/3094 2741/3753/2751
f 3030/4178/3043 3056/4220/3070 3021/4169/3034
f 3023/4171/3036 3078/4246/3093 3059/4223/3073
f 3097/4273/3112 3126/4324/3141 3056/4220/3070
f 2740/3752/2750 3098/4274/3113 3078/4272/3093
f 3097/4325/3112 3099/4278/3114 3127/4326/3142
f 3099/4278/3114 3080/4249/3095 3127/4326/3142
f 3059/4223/3073 3127/4326/3142 3080/4249/3095
f 3002/4327/3015 3082/4328/3097 3128/4329/3143
f 3100/4280/3115 3004/4144/3017 3042/4191/3055
f 3100/4280/3115 3129/4330/3144 3005/4145/3018
f 3101/4281/3116 2837/3889/2847 3006/4146/3019
f 3085/4255/3100 2958/4075/2969 3130/4331/3145
f 2783/4078/2793 2959/4077/2970 3131/4332/3146
f 3131/4332/3146 2959/4077/2970 3132/4333/3147
f 3104/4285/3119 3105/4286/3120 3008/4150/3021
f 3046/4198/3059 3106/4288/3121 2896/3982/2906
f 3108/4292/3123 3109/4293/3124 3133/4334/3148
f 3063/4228/3077 2870/3940/2880 2899/3989/2909
f 3134/4335/3149 2962/4085/2973 2944/4202/2955
f 2899/3989/2909 2982/4115/2993 3090/4261/3105
f 3090/4261/3105 2752/3769/2762 3049/4203/3062
f 3065/4230/3079 2850/3910/2860 3135/4336/3150
f 3136/4337/3151 2849/3909/2859 2728/3734/2738
f 2830/3968/2840 3135/4336/3150 2850/3910/2860
f 3137/4338/3152 2945/4056/2956 2872/3942/2882
f 3051/4208/3064 2924/4026/2934 3112/4298/3127
f 2874/4300/2884 3138/4339/3153 2986/4300/3081
f 3138/4339/3153 3013/4340/3026 2986/4300/3081
f 3051/4208/3064 3112/4298/3127 2965/4088/2976
f 3139/4341/3154 2904/4034/2914 3052/4342/3066
f 2969/4343/2980 3140/4344/3155 2948/4213/2959
f 3141/4345/3156 2593/3584/2603 2687/3682/2697
f 3141/4346/3156 2796/3831/2806 2593/3565/2603
f 3142/4347/3157 2798/4348/2808 3095/4349/3110
f 2627/4350/2637 2952/4351/2963 3143/4352/3158
f 3144/4353/3159 2719/3724/2729 2678/3671/2688
f 3121/4317/3136 3122/4319/3137 3145/4354/3160
f 3122/4319/3137 3124/4355/3139 3145/4354/3160
f 3122/4319/3137 3075/4318/3090 3124/4355/3139
f 3126/4356/3141 3097/4325/3112 3146/4357/3161
f 3146/4357/3161 3097/4325/3112 3127/4326/3142
f 3147/4358/3162 3098/4274/3113 3002/4187/3015
f 3148/4359/3163 2938/4045/2949 3083/4252/3098
f 2938/4045/2949 3148/4359/3163 3082/4251/3097
f 3042/4191/3055 3041/4190/3054 3149/4360/3164
f 2723/3729/2733 3084/4253/3099 2915/4010/2925
f 2916/4194/2926 2818/3863/2828 3150/4361/3165
f 2837/3889/2847 3151/4362/3166 2957/4074/2968
f 2819/3864/2829 3085/4255/3100 2818/3863/2828
f 3085/4255/3100 3130/4331/3145 2818/3863/2828
f 2783/3808/2793 3131/4363/3146 2894/3977/2904
f 2958/4075/2969 3152/4364/3167 3130/4331/3145
f 2920/4019/2930 3153/4365/3168 2842/4079/2852
f 3154/4366/3169 2920/4019/2930 2978/4151/2989
f 2979/4111/2990 3107/4289/3122 3155/4367/3170
f 3156/4368/3171 2961/4226/2972 3089/4369/3104
f 3157/4370/3172 3133/4334/3148 3109/4293/3124
f 3109/4293/3124 2981/4291/2992 3158/4371/3173
f 2981/4114/2992 3064/4260/3078 3158/4372/3173
f 3159/4373/3174 3160/4374/3175 3011/4375/3024
f 3064/4376/3078 3063/4377/3077 3161/4378/3176
f 3160/4374/3175 3111/4379/3126 3011/4375/3024
f 3162/4380/3177 3049/4203/3062 3163/4381/3178
f 3049/4203/3062 2849/3909/2859 3163/4381/3178
f 2962/4085/2973 3164/4382/3179 2830/3880/2840
f 3165/4383/3180 3012/4156/3025 2945/4056/2956
f 2728/3771/2738 3012/4156/3025 3166/4384/3181
f 3013/4158/3026 3138/4385/3153 3091/4262/3106
f 3050/4206/3063 3092/4264/3107 3113/4299/3128
f 3138/4339/3153 2874/4300/2884 3113/4299/3128
f 3167/4386/3182 3067/4233/3082 2965/4088/2976
f 3114/4303/3129 2987/4124/3000 3168/4387/3183
f 3169/4388/3184 2930/4035/2941 2906/3998/2916
f 3015/4161/3028 3115/4304/3130 3170/4389/3185
f 3115/4304/3130 2890/3972/2900 3116/4305/3131
f 2947/4059/2958 3171/4390/3186 3117/4306/3132
f 2811/4309/2821 3093/4308/3108 3172/4391/3187
f 2988/4392/3001 3069/4393/3084 3093/4308/3108
f 2776/3800/2786 3173/4394/3188 2968/4093/2979
f 2948/4213/2959 3140/4344/3155 2907/4002/2917
f 3053/4214/3067 3174/4395/3189 3018/4164/3031
f 2908/4097/2918 2972/4098/2983 3175/4396/3190
f 3071/4237/3086 3176/4397/3191 3096/4271/3111
f 2858/3923/2868 3177/4398/3192 3072/4238/3087
f 2814/3859/2824 3178/4399/3193 3073/4240/3088
f 3179/4400/3194 2974/4401/2985 2800/4041/2810
f 3055/4216/3069 2815/3888/2825 3123/4321/3138
f 3121/4317/3136 3076/4402/3091 3075/4318/3090
f 3121/4317/3136 3180/4403/3195 3076/4402/3091
f 3181/4404/3196 3182/4405/3197 2598/3570/2608
f 3180/4403/3195 3183/4406/3198 3076/4402/3091
f 2860/4320/2870 2913/4407/2923 3123/4321/3138
f 2913/4407/2923 3125/4408/3140 3123/4321/3138
f 3184/4409/3199 3021/4169/3034 3056/4220/3070
f 3059/4223/3073 3078/4246/3093 3185/4410/3200
f 3186/4411/3201 3146/4357/3161 3127/4326/3142
f 3126/4356/3141 3146/4357/3161 3186/4411/3201
f 3128/4329/3143 3147/4412/3162 3002/4327/3015
f 3187/4413/3202 3060/4414/3074 3001/4415/3014
f 3128/4329/3143 3082/4328/3097 3188/4416/3203
f 3041/4190/3054 3189/4417/3204 3149/4360/3164
f 3149/4360/3164 3190/4418/3205 3042/4191/3055
f 3190/4418/3205 3100/4280/3115 3042/4191/3055
f 2883/4049/2893 3103/4284/3118 2940/4050/2951
f 2863/4419/2873 2919/4420/2929 3101/4421/3116
f 2821/4422/2831 3191/4423/3206 2864/4424/2874
f 3104/4285/3119 3009/4149/3022 3192/4425/3207
f 3009/4149/3022 3045/4197/3058 3193/4426/3208
f 3009/4149/3022 3193/4426/3208 3192/4425/3207
f 3105/4286/3120 3194/4427/3209 3195/4428/3210
f 3105/4286/3120 3104/4285/3119 3194/4427/3209
f 2978/4109/2989 3106/4288/3121 3196/4429/3211
f 2979/4111/2990 3155/4367/3170 3046/4198/3059
f 3087/4257/3102 3197/4430/3212 3010/4152/3023
f 2960/4081/2971 3088/4258/3103 3087/4257/3102
f 2826/3874/2836 3198/4431/3213 3062/4227/3076
f 3157/4370/3172 3109/4293/3124 3158/4371/3173
f 2886/3967/2896 3111/4297/3126 2944/4054/2955
f 3199/4432/3214 3165/4383/3180 2945/4056/2956
f 3012/4156/3025 3165/4383/3180 3166/4384/3181
f 3164/4382/3179 3200/4433/3215 2830/3880/2840
f 3066/4231/3080 3201/4434/3216 2963/4086/2974
f 2872/3942/2882 3091/4262/3106 3137/4338/3152
f 3112/4298/3127 3202/4435/3217 2965/4088/2976
f 3202/4435/3217 3203/4436/3218 2965/4088/2976
f 2965/4088/2976 3203/4436/3218 3167/4386/3182
f 2906/3998/2916 3204/4437/3219 3169/4388/3184
f 3117/4306/3132 3171/4390/3186 3068/4234/3083
f 2811/3855/2821 3205/4438/3220 2443/3368/2453
f 2611/3583/2621 3205/4438/3220 3094/4266/3109
f 2971/4096/2982 3206/4439/3221 2756/3776/2766
f 2756/3776/2766 3206/4439/3221 2857/3922/2867
f 2627/3603/2637 3143/4440/3158 3118/4310/3133
f 2798/4348/2808 3142/4347/3157 2691/3886/2701
f 2691/3886/2701 3142/4347/3157 3071/4237/3086
f 2736/3746/2746 3207/4441/3222 2991/4130/3004
f 2757/3778/2767 3120/4315/3135 3208/4442/3223
f 2937/4044/2948 3073/4240/3088 3209/4443/3224
f 3077/4244/3092 3076/4243/3091 3124/4322/3139
f 3056/4220/3070 3126/4324/3141 3210/4444/3225
f 3126/4356/3141 3186/4411/3201 3211/4445/3226
f 3127/4326/3142 3059/4223/3073 3186/4411/3201
f 3212/4446/3227 3128/4329/3143 3213/4447/3228
f 3128/4329/3143 3188/4416/3203 3213/4447/3228
f 3187/4448/3202 2939/4047/2950 3060/4224/3074
f 3214/4449/3229 3215/4450/3230 3216/4451/3231
f 3214/4449/3229 3217/4452/3232 3218/4453/3233
f 3214/4449/3229 3216/4451/3231 3219/4454/3234
f 3214/4449/3229 3220/4455/3235 3217/4452/3232
f 3214/4449/3229 3219/4454/3234 3220/4455/3235
f 3219/4454/3234 3221/4456/3236 3220/4455/3235
f 3083/4252/3098 3003/4143/3016 3148/4359/3163
f 3129/4330/3144 3043/4192/3056 3005/4145/3018
f 2817/4457/2827 3222/4458/3237 3045/4197/3058
f 2818/3863/2828 3130/4331/3145 3223/4459/3238
f 3224/4460/3239 3152/4364/3167 3225/4461/3240
f 2842/4079/2852 3226/4462/3241 2918/4014/2928
f 3222/4458/3237 3193/4426/3208 3045/4197/3058
f 3227/4463/3242 3104/4285/3119 3192/4425/3207
f 3226/4462/3241 2842/4079/2852 3153/4365/3168
f 3195/4428/3210 2977/4287/2988 3105/4286/3120
f 3086/4256/3101 3155/4367/3170 3107/4289/3122
f 3086/4256/3101 3010/4152/3023 3197/4430/3212
f 3197/4430/3212 3087/4257/3102 3088/4258/3103
f 3228/4464/3243 2867/3936/2877 2980/4113/2991
f 3228/4464/3243 2921/4020/2931 2867/3936/2877
f 3047/4199/3060 2786/3813/2796 2884/3963/2894
f 3088/4465/3103 2885/3964/2895 2961/4226/2972
f 3229/4466/3244 2869/4294/2879 3062/4227/3076
f 3110/4295/3125 3159/4467/3174 3011/4296/3024
f 3230/4468/3245 3158/4371/3173 3231/4469/3246
f 3158/4371/3173 3064/4376/3078 3231/4469/3246
f 3231/4469/3246 3064/4376/3078 3161/4378/3176
f 2944/4202/2955 3232/4470/3247 3134/4335/3149
f 3233/4471/3248 2962/4085/2973 3134/4335/3149
f 3234/4472/3249 3199/4473/3214 2945/4474/2956
f 3136/4337/3151 3163/4381/3178 2849/3909/2859
f 2830/3880/2840 3200/4433/3215 3135/4475/3150
f 3014/4160/3027 3114/4303/3129 3235/4476/3250
f 2443/3368/2453 3205/4438/3220 2611/3583/2621
f 3053/4214/3067 2968/4093/2979 3173/4394/3188
f 3236/4477/3251 2972/4312/2983 2990/4128/3003
f 3237/4478/3252 2990/4128/3003 2934/4127/2945
f 3096/4271/3111 3207/4441/3222 2736/3746/2746
f 3238/4479/3253 2934/4127/2945 3119/4314/3134
f 2991/4130/3004 3239/4480/3254 2737/3748/2747
f 3240/4481/3255 2859/4313/2869 2757/4482/2767
f 3179/4400/3194 2800/4041/2810 2936/4043/2947
f 3241/4483/3256 2912/4007/2922 3054/4215/3068
f 3054/4215/3068 2878/3951/2888 3074/4316/3089
f 3242/4484/3257 3055/4216/3069 3123/4321/3138
f 3121/4317/3136 3243/4485/3258 3180/4403/3195
f 3244/4486/3259 3145/4354/3160 3245/4487/3260
f 3145/4354/3160 3124/4355/3139 3245/4487/3260
f 3183/4406/3198 3180/4403/3195 3246/4488/3261
f 3124/4322/3139 3076/4243/3091 3183/4489/3198
f 3247/4490/3262 3248/4491/3263 3249/4492/3264
f 3247/4490/3262 3249/4492/3264 3250/4493/3265
f 3251/4494/3266 3252/4495/3267 3249/4492/3264
f 3253/4496/3268 3250/4493/3265 3249/4492/3264
f 3247/4490/3262 3250/4493/3265 3253/4496/3268
f 3252/4495/3267 3253/4496/3268 3249/4492/3264
f 3126/4356/3141 3211/4445/3226 3254/4497/3269
f 3255/4498/3270 3256/4499/3271 3257/4500/3272
f 3258/4501/3273 3257/4500/3272 3256/4499/3271
f 3256/4499/3271 3259/4502/3274 3258/4501/3273
f 3255/4498/3270 3257/4500/3272 3260/4503/3275
f 3260/4503/3275 3257/4500/3272 3261/4504/3276
f 3261/4504/3276 3257/4500/3272 3262/4505/3277
f 3258/4501/3273 3262/4505/3277 3257/4500/3272
f 3263/4506/3278 2976/4279/2987 3079/4248/3094
f 3213/4447/3228 3264/4507/3279 3212/4446/3227
f 3265/4508/3280 3213/4447/3228 3188/4416/3203
f 3218/4453/3233 3266/4509/3281 3214/4449/3229
f 3221/4456/3236 3219/4454/3234 3216/4451/3231
f 3217/4452/3232 3220/4455/3235 3267/4510/3282
f 3268/4511/3283 3039/4188/3052 2939/4047/2950
f 2956/4073/2967 3189/4417/3204 3040/4189/3053
f 3189/4417/3204 3041/4190/3054 3040/4189/3053
f 2915/4010/2925 3084/4253/3099 3269/4512/3284
f 3130/4331/3145 3152/4364/3167 3223/4459/3238
f 3152/4364/3167 3224/4460/3239 3223/4459/3238
f 3224/4460/3239 3225/4461/3240 3270/4513/3285
f 3195/4428/3210 2959/4077/2970 2977/4287/2988
f 3106/4288/3121 3046/4198/3059 3271/4514/3286
f 3106/4288/3121 3271/4514/3286 3196/4429/3211
f 3046/4198/3059 3155/4367/3170 3271/4514/3286
f 3272/4515/3287 3273/4516/3288 3274/4517/3289
f 3272/4515/3287 3275/4518/3290 3273/4516/3288
f 3275/4518/3290 3272/4515/3287 3276/4519/3291
f 3088/4258/3103 3277/4520/3292 3197/4430/3212
f 3061/4225/3075 3278/4521/3293 2897/3987/2907
f 2921/4020/2931 3279/4522/3294 3048/4200/3061
f 3280/4523/3295 3281/4524/3296 3282/4525/3297
f 3280/4523/3295 3283/4526/3298 3284/4527/3299
f 3280/4523/3295 3282/4525/3297 3283/4526/3298
f 3285/4528/3300 3089/4290/3104 3108/4292/3123
f 3286/4529/3301 3110/4295/3125 2869/4294/2879
f 3233/4471/3248 3164/4382/3179 2962/4085/2973
f 3199/4432/3214 3166/4384/3181 3165/4383/3180
f 3287/4530/3302 3288/4531/3303 3113/4299/3128
f 3113/4299/3128 3092/4264/3107 3287/4530/3302
f 3289/4532/3304 3202/4435/3217 3112/4298/3127
f 3067/4533/3082 3139/4341/3154 3052/4342/3066
f 2930/4092/2941 3290/4534/3305 2931/4036/2942
f 3290/4534/3305 3016/4162/3029 2931/4036/2942
f 3069/4393/3084 2989/4535/3002 3291/4536/3306
f 3173/4394/3188 3292/4537/3307 3053/4214/3067
f 3141/4345/3156 2687/3682/2697 2796/4538/2806
f 3018/4164/3031 3206/4439/3221 2971/4096/2982
f 3118/4539/3133 3143/4352/3158 2970/4540/2981
f 2952/4541/2963 2778/4239/2788 3293/4542/3308
f 3236/4477/3251 2990/4128/3003 3237/4478/3252
f 2934/4127/2945 3238/4479/3253 3237/4478/3252
f 2799/3834/2809 3072/4238/3087 2973/4099/2984
f 3119/4314/3134 2859/4313/2869 3240/4481/3255
f 2935/4040/2946 2912/4007/2922 3241/4483/3256
f 2814/3859/2824 2974/4100/2985 3178/4399/3193
f 2937/4044/2948 3209/4443/3224 2678/3671/2688
f 3121/4317/3136 3145/4354/3160 3294/4543/3309
f 3145/4354/3160 3244/4486/3259 3295/4544/3310
f 3296/4545/3311 3246/4488/3261 3180/4403/3195
f 3245/4487/3260 3297/4546/3312 3244/4486/3259
f 3245/4487/3260 3298/4547/3313 3297/4546/3312
f 3245/4548/3260 3124/4322/3139 3299/4549/3314
f 3125/4323/3140 3021/4169/3034 3184/4409/3199
f 3210/4444/3225 3126/4324/3141 3254/4550/3269
f 3211/4445/3226 3186/4411/3201 3185/4410/3200
f 3186/4411/3201 3059/4223/3073 3185/4410/3200
f 3256/4499/3271 3300/4551/3315 3259/4502/3274
f 3300/4551/3315 3301/4552/3316 3259/4502/3274
f 3264/4507/3279 3213/4447/3228 3300/4551/3315
f 3259/4502/3274 3302/4553/3317 3258/4501/3273
f 3300/4551/3315 3213/4447/3228 3301/4552/3316
f 3303/4554/3318 3212/4446/3227 3264/4507/3279
f 3258/4501/3273 3302/4553/3317 3262/4505/3277
f 3301/4552/3316 3213/4447/3228 3304/4555/3319
f 3266/4509/3281 3305/4556/3320 3214/4449/3229
f 3266/4509/3281 3218/4453/3233 3306/4557/3321
f 3218/4453/3233 3217/4452/3232 3306/4557/3321
f 3306/4557/3321 3217/4452/3232 3267/4510/3282
f 3306/4557/3321 3267/4510/3282 3307/4558/3322
f 3215/4450/3230 3308/4559/3323 3216/4451/3231
f 3216/4451/3231 3309/4560/3324 3221/4456/3236
f 3308/4559/3323 3309/4560/3324 3216/4451/3231
f 3220/4455/3235 3221/4456/3236 3267/4510/3282
f 3267/4510/3282 3221/4456/3236 3310/4561/3325
f 3309/4560/3324 3310/4561/3325 3221/4456/3236
f 3039/4188/3052 3268/4511/3283 2956/4073/2967
f 3311/4562/3326 3149/4360/3164 3189/4417/3204
f 3311/4562/3326 3190/4418/3205 3149/4360/3164
f 3312/4563/3327 3148/4359/3163 3003/4143/3016
f 3313/4564/3328 3100/4280/3115 3190/4418/3205
f 3100/4280/3115 3314/4565/3329 3129/4330/3144
f 3129/4330/3144 3314/4565/3329 3043/4192/3056
f 2837/3889/2847 3101/4281/3116 3151/4362/3166
f 2894/4566/2904 3131/4567/3146 3315/4568/3330
f 2958/4075/2969 3316/4569/3331 3152/4364/3167
f 3224/4460/3239 3317/4570/3332 3223/4459/3238
f 3270/4513/3285 3317/4570/3332 3224/4460/3239
f 3225/4461/3240 3152/4364/3167 3318/4571/3333
f 3225/4461/3240 3318/4571/3333 3270/4513/3285
f 2920/4019/2930 3154/4366/3169 3153/4365/3168
f 3195/4428/3210 3194/4427/3209 3319/4572/3334
f 3320/4573/3335 3272/4515/3287 3274/4517/3289
f 3273/4516/3288 3321/4574/3336 3274/4517/3289
f 3086/4256/3101 3322/4575/3337 3155/4367/3170
f 3275/4518/3290 3323/4576/3338 3273/4516/3288
f 3323/4576/3338 3281/4524/3296 3280/4523/3295
f 2980/4113/2991 2844/3899/2854 3228/4464/3243
f 3279/4522/3294 2922/4201/2932 3048/4200/3061
f 3088/4465/3103 2961/4226/2972 3156/4368/3171
f 3324/4577/3339 3110/4295/3125 3283/4526/3298
f 3283/4526/3298 3110/4295/3125 3325/4578/3340
f 3324/4577/3339 3159/4467/3174 3110/4295/3125
f 3062/4227/3076 3198/4431/3213 3229/4466/3244
f 3158/4371/3173 3326/4579/3341 3157/4370/3172
f 3158/4371/3173 3230/4468/3245 3326/4579/3341
f 3161/4580/3176 3063/4228/3077 3327/4581/3342
f 2899/3989/2909 3327/4581/3342 3063/4228/3077
f 3232/4470/3247 3233/4471/3248 3134/4335/3149
f 3328/4582/3343 3329/4583/3344 3066/4231/3080
f 2945/4474/2956 3137/4584/3152 3234/4472/3249
f 2728/3734/2738 3166/4585/3181 3136/4337/3151
f 3201/4434/3216 3112/4298/3127 2963/4086/2974
f 3113/4299/3128 3288/4531/3303 3138/4339/3153
f 2987/4124/3000 2967/4090/2978 3330/4586/3345
f 3169/4388/3184 3290/4587/3305 2930/4035/2941
f 3069/4393/3084 3291/4536/3306 3093/4308/3108
f 2989/4126/3002 2949/4062/2960 3291/4588/3306
f 2776/3800/2786 3331/4589/3346 3173/4394/3188
f 3053/4214/3067 3292/4537/3307 3174/4395/3189
f 3018/4164/3031 3174/4395/3189 3206/4439/3221
f 2796/4590/2806 3332/4591/3347 3095/4349/3110
f 2908/4097/2918 3175/4396/3190 3333/4592/3348
f 2970/4540/2981 3143/4352/3158 3334/4593/3349
f 3335/4594/3350 3177/4398/3192 2858/3923/2868
f 3293/4542/3308 2778/4239/2788 3019/4166/3032
f 3054/4595/3068 3074/4241/3089 3055/4216/3069
f 3295/4544/3310 3336/4596/3351 3145/4354/3160
f 3145/4354/3160 3336/4596/3351 3294/4543/3309
f 3337/4597/3352 3295/4544/3310 3244/4486/3259
f 3243/4485/3258 3296/4545/3311 3180/4403/3195
f 3338/4598/3353 3339/4599/3354 3248/4491/3263
f 3339/4599/3354 3249/4492/3264 3248/4491/3263
f 3338/4598/3353 3248/4491/3263 3247/4490/3262
f 3252/4495/3267 3251/4494/3266 3340/4600/3355
f 3252/4495/3267 3341/4601/3356 3253/4496/3268
f 3252/4495/3267 3340/4600/3355 3341/4601/3356
f 3253/4496/3268 3341/4601/3356 3340/4600/3355
f 3253/4496/3268 3340/4600/3355 3342/4602/3357
f 3210/4444/3225 3184/4409/3199 3056/4220/3070
f 3343/4603/3358 3254/4497/3269 3211/4445/3226
f 3263/4506/3278 3079/4248/3094 2975/4101/2986
f 3264/4507/3279 3300/4551/3315 3256/4499/3271
f 3078/4246/3093 3098/4604/3113 3344/4605/3359
f 3345/4606/3360 3259/4502/3274 3301/4552/3316
f 3346/4607/3361 3260/4503/3275 3261/4504/3276
f 3261/4504/3276 3262/4505/3277 3347/4608/3362
f 2976/4279/2987 3187/4413/3202 3001/4415/3014
f 3304/4555/3319 3213/4447/3228 3265/4508/3280
f 3348/4609/3363 3349/4610/3364 3350/4611/3365
f 3305/4556/3320 3266/4509/3281 3351/4612/3366
f 3214/4449/3229 3305/4556/3320 3215/4450/3230
f 3215/4613/3230 3305/4614/3320 3352/4615/3367
f 3350/4616/3365 3308/4559/3323 3215/4450/3230
f 3307/4558/3322 3267/4510/3282 3353/4617/3368
f 3265/4508/3280 3188/4416/3203 3082/4328/3097
f 3353/4617/3368 3267/4510/3282 3309/4560/3324
f 3309/4560/3324 3267/4510/3282 3310/4561/3325
f 3189/4417/3204 2956/4073/2967 3268/4511/3283
f 3148/4359/3163 3312/4563/3327 3082/4251/3097
f 3100/4280/3115 3313/4564/3328 3314/4565/3329
f 3354/4618/3369 2957/4074/2968 3151/4362/3166
f 3355/4619/3370 3315/4568/3330 3131/4567/3146
f 3102/4282/3117 3316/4569/3331 2958/4075/2969
f 3317/4570/3332 3270/4513/3285 3318/4571/3333
f 3356/4620/3371 2864/4424/2874 3191/4423/3206
f 3357/4621/3372 3317/4570/3332 3318/4571/3333
f 3358/4622/3373 3317/4570/3332 3357/4621/3372
f 3131/4332/3146 3132/4333/3147 3359/4623/3374
f 3193/4426/3208 3361/4624/3375 3192/4425/3207
f 3132/4625/3147 2959/4626/2970 3362/4627/3376
f 3195/4428/3210 3319/4572/3334 2959/4077/2970
f 3363/4628/3377 3319/4572/3334 3194/4427/3209
f 2978/4151/2989 3196/4629/3211 3154/4366/3169
f 3320/4573/3335 3274/4517/3289 3364/4630/3378
f 3365/4631/3379 3272/4515/3287 3320/4573/3335
f 3364/4630/3378 3365/4631/3379 3320/4573/3335
f 3365/4631/3379 3276/4519/3291 3272/4515/3287
f 3321/4574/3336 3364/4630/3378 3274/4517/3289
f 3365/4631/3379 3275/4518/3290 3276/4519/3291
f 3366/4632/3380 3086/4256/3101 3197/4430/3212
f 3275/4518/3290 3281/4524/3296 3323/4576/3338
f 3280/4523/3295 3284/4527/3299 3367/4633/3381
f 3279/4522/3294 2921/4020/2931 3228/4464/3243
f 3368/4634/3382 3282/4525/3297 3281/4524/3296
f 3369/4635/3383 3108/4292/3123 3133/4334/3148
f 3370/4636/3384 3284/4527/3299 3325/4578/3340
f 3284/4527/3299 3283/4526/3298 3325/4578/3340
f 3283/4526/3298 3282/4525/3297 3324/4577/3339
f 2869/4294/2879 3229/4466/3244 3286/4529/3301
f 3371/4637/3385 3160/4374/3175 3159/4373/3174
f 3372/4638/3386 3090/4261/3105 3049/4203/3062
f 3373/4639/3387 3049/4203/3062 3162/4380/3177
f 3328/4582/3343 3066/4231/3080 3065/4230/3079
f 3374/4640/3388 3065/4230/3079 3135/4336/3150
f 3137/4338/3152 3091/4262/3106 3375/4641/3389
f 3376/4642/3390 3287/4530/3302 3092/4264/3107
f 3289/4532/3304 3377/4643/3391 3202/4435/3217
f 3377/4644/3391 3203/4645/3218 3202/4646/3217
f 3168/4387/3183 2987/4124/3000 3330/4586/3345
f 3330/4586/3345 2967/4090/2978 3378/4647/3392
f 2904/4034/2914 3204/4437/3219 2906/3998/2916
f 3016/4162/3029 3379/4648/3393 2947/4059/2958
f 3205/4649/3220 2811/4309/2821 3172/4391/3187
f 3173/4394/3188 3331/4589/3346 3292/4537/3307
f 3380/4650/3394 2969/4343/2980 2892/4651/2902
f 3381/4652/3395 3206/4439/3221 3174/4395/3189
f 3207/4441/3222 3382/4653/3396 2991/4130/3004
f 3383/4654/3397 2936/4043/2947 2910/4042/2920
f 2757/4482/2767 3384/4655/3398 3240/4481/3255
f 3385/4656/3399 3055/4216/3069 3242/4484/3257
f 3243/4485/3258 3121/4317/3136 3294/4543/3309
f 3386/4657/3400 2598/3570/2608 2992/4132/3005
f 3244/4486/3259 3297/4546/3312 3337/4597/3352
f 3297/4546/3312 3298/4547/3313 3387/4658/3401
f 3183/4489/3198 3388/4659/3402 3124/4322/3139
f 3124/4322/3139 3388/4659/3402 3299/4549/3314
f 3253/4496/3268 3342/4602/3357 3389/4660/3403
f 3390/4661/3404 3391/4662/3405 3392/4663/3406
f 3391/4664/3405 3393/4665/3407 3343/4666/3358
f 3393/4665/3407 3254/4550/3269 3343/4666/3358
f 3343/4667/3358 3392/4663/3406 3391/4662/3405
f 3344/4605/3359 3185/4410/3200 3078/4246/3093
f 3255/4498/3270 3394/4668/3408 3256/4499/3271
f 3256/4499/3271 3394/4668/3408 3264/4507/3279
f 3259/4502/3274 3345/4606/3360 3302/4553/3317
f 3301/4552/3316 3395/4669/3409 3345/4606/3360
f 3396/4670/3410 3215/4613/3230 3352/4615/3367
f 3396/4670/3410 3350/4611/3365 3215/4613/3230
f 3396/4670/3410 3348/4609/3363 3350/4611/3365
f 3349/4671/3364 3308/4559/3323 3350/4616/3365
f 3266/4509/3281 3306/4557/3321 3397/4672/3411
f 3397/4672/3411 3306/4557/3321 3307/4558/3322
f 3353/4617/3368 3398/4673/3412 3307/4558/3322
f 3308/4559/3323 3353/4617/3368 3309/4560/3324
f 3399/4674/3413 3400/4675/3414 3401/4676/3415
f 3402/4677/3416 3190/4418/3205 3311/4562/3326
f 3400/4678/3414 3403/4679/3417 3401/4680/3415
f 3401/4680/3415 3313/4564/3328 3402/4677/3416
f 3402/4677/3416 3313/4564/3328 3190/4418/3205
f 3401/4680/3415 3314/4565/3329 3313/4564/3328
f 3003/4143/3016 2915/4010/2925 3404/4681/3418
f 3150/4361/3165 3405/4682/3419 2916/4194/2926
f 2818/3863/2828 3223/4459/3238 3150/4361/3165
f 2941/4051/2952 3044/4195/3057 3102/4282/3117
f 2821/4422/2831 3007/4683/3020 3191/4423/3206
f 3317/4570/3332 3358/4622/3373 3406/4684/3420
f 3131/4567/3146 3359/4685/3374 3355/4619/3370
f 3193/4426/3208 3222/4458/3237 3361/4624/3375
f 3358/4622/3373 3360/4686/3421 3407/4687/3422
f 3360/4686/3421 3408/4688/3423 3407/4687/3422
f 3357/4689/3372 3408/4688/3423 3360/4686/3421
f 3132/4625/3147 3362/4627/3376 3359/4685/3374
f 3104/4285/3119 3363/4628/3377 3194/4427/3209
f 2823/3869/2833 3409/4690/3424 2943/4053/2954
f 3319/4572/3334 3363/4628/3377 3410/4691/3425
f 3365/4631/3379 3411/4692/3426 3275/4518/3290
f 3273/4516/3288 3367/4633/3381 3321/4574/3336
f 3273/4516/3288 3323/4576/3338 3367/4633/3381
f 3277/4520/3292 3088/4258/3103 3412/4693/3427
f 3197/4430/3212 3277/4520/3292 3366/4632/3380
f 3323/4576/3338 3280/4523/3295 3367/4633/3381
f 2884/3963/2894 3413/4694/3428 3047/4199/3060
f 2844/3899/2854 3047/4199/3060 3228/4464/3243
f 3369/4635/3383 3133/4334/3148 3414/4695/3429
f 2922/4023/2932 3415/4696/3430 2826/3874/2836
f 3414/4695/3429 3133/4334/3148 3416/4697/3431
f 3198/4431/3213 3417/4698/3432 3229/4466/3244
f 3325/4578/3340 3110/4295/3125 3286/4529/3301
f 3159/4373/3174 3418/4699/3433 3371/4637/3385
f 3325/4578/3340 3286/4529/3301 3229/4466/3244
f 3111/4379/3126 3419/4700/3434 2944/4701/2955
f 3420/4702/3435 3164/4382/3179 3233/4471/3248
f 3328/4582/3343 3065/4230/3079 3374/4640/3388
f 3421/4703/3436 3138/4339/3153 3288/4531/3303
f 3091/4262/3106 3138/4385/3153 3421/4704/3436
f 3092/4302/3107 3014/4160/3027 3422/4705/3437
f 3167/4386/3182 3203/4436/3218 3067/4233/3082
f 2967/4090/2978 3015/4212/3028 3378/4647/3392
f 3115/4304/3130 3116/4305/3131 3423/4706/3438
f 2907/4002/2917 3424/4707/3439 2776/3800/2786
f 2892/4651/2902 2970/4540/2981 3380/4650/3394
f 3382/4653/3396 3239/4480/3254 2991/4130/3004
f 3238/4479/3253 3119/4314/3134 3425/4708/3440
f 2737/3748/2747 3426/4709/3441 2910/4042/2920
f 3119/4314/3134 3427/4710/3442 3428/4711/3443
f 3120/4315/3135 3429/4712/3444 3208/4442/3223
f 2935/4040/2946 3430/4713/3445 3019/4166/3032
f 2757/3778/2767 3208/4442/3223 3384/4714/3398
f 3054/4595/3068 3431/4715/3446 3241/4716/3256
f 3431/4715/3446 3054/4595/3068 3055/4216/3069
f 3123/4321/3138 3432/4717/3447 3242/4484/3257
f 3386/4657/3400 3181/4404/3196 2598/3570/2608
f 3296/4545/3311 3433/4718/3448 3246/4488/3261
f 3297/4546/3312 3387/4658/3401 3434/4719/3449
f 3123/4321/3138 3125/4408/3140 3435/4720/3450
f 3339/4599/3354 3436/4721/3451 3249/4492/3264
f 3249/4492/3264 3436/4721/3451 3251/4494/3266
f 3338/4598/3353 3247/4490/3262 3437/4722/3452
f 3253/4496/3268 3389/4660/3403 3247/4490/3262
f 3340/4600/3355 3389/4660/3403 3342/4602/3357
f 3340/4600/3355 3390/4661/3404 3389/4660/3403
f 3390/4661/3404 3392/4663/3406 3389/4660/3403
f 3211/4445/3226 3185/4410/3200 3343/4603/3358
f 3438/4723/3453 3439/4724/3454 3440/4725/3455
f 3438/4723/3453 3440/4725/3455 3441/4726/3456
f 3441/4726/3456 3440/4725/3455 3352/4615/3367
f 3439/4724/3454 3396/4670/3410 3440/4725/3455
f 3261/4504/3276 3347/4608/3362 3346/4607/3361
f 3440/4725/3455 3396/4670/3410 3352/4615/3367
f 3441/4726/3456 3352/4615/3367 3305/4614/3320
f 3301/4552/3316 3304/4555/3319 3395/4669/3409
f 3262/4505/3277 3302/4553/3317 3347/4608/3362
f 3305/4614/3320 3351/4727/3366 3441/4726/3456
f 3351/4728/3366 3442/4729/3457 3443/4730/3458
f 3351/4728/3366 3397/4731/3411 3442/4729/3457
f 3351/4728/3366 3444/4732/3459 3397/4731/3411
f 3308/4559/3323 3349/4671/3364 3445/4733/3460
f 3442/4729/3457 3397/4731/3411 3399/4674/3413
f 3443/4730/3458 3442/4729/3457 3399/4674/3413
f 3308/4559/3323 3445/4733/3460 3353/4617/3368
f 3268/4511/3283 3446/4734/3461 3189/4417/3204
f 3447/4735/3462 3402/4677/3416 3311/4562/3326
f 3399/4674/3413 3401/4676/3415 3402/4736/3416
f 2916/4194/2926 3405/4682/3419 3084/4737/3099
f 3043/4192/3056 3222/4738/3237 2817/4193/2827
f 3354/4739/3369 3448/4740/3463 2957/4741/2968
f 3044/4195/3057 2957/4074/2968 3449/4742/3464
f 2894/4566/2904 3450/4743/3465 3103/4744/3118
f 3044/4195/3057 3449/4742/3464 3102/4282/3117
f 2894/4566/2904 3315/4568/3330 3450/4743/3465
f 3358/4622/3373 3407/4687/3422 3406/4684/3420
f 2864/4424/2874 3356/4620/3371 2823/3869/2833
f 3192/4425/3207 3361/4624/3375 3227/4463/3242
f 3104/4285/3119 3227/4463/3242 3363/4628/3377
f 3359/4685/3374 3362/4627/3376 3451/4745/3466
f 3319/4572/3334 3452/4746/3467 2959/4077/2970
f 3410/4691/3425 3452/4746/3467 3319/4572/3334
f 3452/4747/3467 3410/4748/3425 3453/4749/3468
f 3410/4748/3425 3365/4631/3379 3453/4749/3468
f 3453/4749/3468 3365/4631/3379 3364/4630/3378
f 3086/4256/3101 3454/4750/3469 3322/4575/3337
f 3366/4632/3380 3454/4750/3469 3086/4256/3101
f 3275/4518/3290 3411/4692/3426 3281/4524/3296
f 3088/4258/3103 3156/4751/3171 3412/4693/3427
f 2884/3963/2894 2897/3987/2907 3413/4694/3428
f 3369/4635/3383 3285/4528/3300 3108/4292/3123
f 3133/4334/3148 3157/4370/3172 3416/4697/3431
f 3285/4752/3300 3455/4753/3470 3089/4369/3104
f 3415/4696/3430 3198/4431/3213 2826/3874/2836
f 3325/4578/3340 3229/4466/3244 3417/4698/3432
f 3371/4637/3385 3456/4754/3471 3160/4374/3175
f 3166/4755/3181 3199/4473/3214 3457/4756/3472
f 3091/4262/3106 3421/4704/3436 3375/4641/3389
f 3112/4298/3127 3201/4434/3216 3289/4532/3304
f 3092/4302/3107 3422/4705/3437 3376/4757/3390
f 3203/4645/3218 3139/4341/3154 3067/4533/3082
f 3139/4341/3154 3458/4758/3473 2904/4034/2914
f 2904/4034/2914 3458/4758/3473 3459/4759/3474
f 3459/4759/3474 3204/4437/3219 2904/4034/2914
f 3423/4706/3438 3170/4389/3185 3115/4304/3130
f 3290/4534/3305 3379/4648/3393 3016/4162/3029
f 3094/4266/3109 3460/4760/3475 2687/3682/2697
f 2687/3682/2697 3461/4761/3476 2796/4538/2806
f 3070/4311/3085 2857/3922/2867 3462/4762/3477
f 3177/4398/3192 3463/4763/3478 3072/4238/3087
f 3237/4478/3252 3464/4764/3479 3236/4477/3251
f 3237/4478/3252 3425/4708/3440 3464/4764/3479
f 3237/4478/3252 3238/4479/3253 3425/4708/3440
f 3119/4314/3134 3428/4711/3443 3425/4708/3440
f 3208/4442/3223 3429/4712/3444 3384/4714/3398
f 2935/4040/2946 3241/4483/3256 3430/4713/3445
f 3119/4314/3134 3240/4481/3255 3427/4710/3442
f 3241/4716/3256 3431/4715/3446 3465/4765/3480
f 3209/4443/3224 3144/4353/3159 2678/3671/2688
f 3466/4766/3481 3433/4718/3448 3296/4545/3311
f 3337/4597/3352 3297/4546/3312 3434/4719/3449
f 3183/4489/3198 3467/4767/3482 3388/4659/3402
f 3387/4658/3401 3298/4547/3313 3468/4768/3483
f 3298/4769/3313 3299/4549/3314 3468/4770/3483
f 3245/4548/3260 3299/4549/3314 3298/4769/3313
f 3339/4599/3354 3469/4771/3484 3436/4721/3451
f 3339/4599/3354 3338/4598/3353 3469/4771/3484
f 2598/3570/2608 3182/4405/3197 2975/4101/2986
f 3254/4550/3269 3393/4665/3407 3210/4444/3225
f 3391/4664/3405 3390/4772/3404 3393/4665/3407
f 3343/4603/3358 3185/4410/3200 3392/4773/3406
f 3441/4726/3456 3470/4774/3485 3438/4723/3453
f 3470/4774/3485 3439/4724/3454 3438/4723/3453
f 3470/4774/3485 3471/4775/3486 3396/4670/3410
f 3470/4774/3485 3396/4670/3410 3439/4724/3454
f 3351/4728/3366 3443/4730/3458 3472/4776/3487
f 3351/4727/3366 3472/4777/3487 3441/4726/3456
f 3396/4670/3410 3473/4778/3488 3348/4609/3363
f 3348/4609/3363 3473/4778/3488 3349/4610/3364
f 3396/4670/3410 3307/4779/3322 3474/4780/3489
f 3187/4413/3202 3475/4781/3490 2939/4782/2950
f 3474/4780/3489 3445/4783/3460 3349/4610/3364
f 3397/4784/3411 3476/4785/3491 3399/4786/3413
f 3399/4786/3413 3476/4785/3491 3400/4787/3414
f 3443/4730/3458 3399/4674/3413 3402/4736/3416
f 3445/4733/3460 3398/4673/3412 3353/4617/3368
f 3003/4143/3016 3404/4681/3418 3312/4563/3327
f 3317/4570/3332 3406/4684/3420 3223/4459/3238
f 3152/4364/3167 3316/4569/3331 3318/4571/3333
f 3407/4687/3422 3477/4788/3492 3406/4684/3420
f 2959/4626/2970 3452/4747/3467 3362/4627/3376
f 3196/4629/3211 3478/4789/3493 3154/4366/3169
f 3453/4749/3468 3364/4630/3378 3452/4747/3467
f 3271/4514/3286 3155/4367/3170 3479/4790/3494
f 3411/4692/3426 3368/4634/3382 3281/4524/3296
f 3324/4577/3339 3282/4525/3297 3480/4791/3495
f 3370/4636/3384 3481/4792/3496 3284/4527/3299
f 3156/4368/3171 3089/4369/3104 3455/4753/3470
f 3324/4793/3339 3482/4794/3497 3159/4373/3174
f 3483/4795/3498 3157/4370/3172 3484/4796/3499
f 3161/4378/3176 3485/4797/3500 3231/4469/3246
f 3160/4374/3175 3456/4754/3471 3111/4379/3126
f 3486/4798/3501 3420/4702/3435 3232/4470/3247
f 3233/4471/3248 3232/4470/3247 3420/4702/3435
f 3049/4203/3062 3373/4639/3387 3372/4638/3386
f 3199/4473/3214 3487/4799/3502 3457/4756/3472
f 3135/4336/3150 3488/4800/3503 3374/4640/3388
f 3374/4640/3388 3488/4800/3503 3328/4582/3343
f 3234/4472/3249 3487/4799/3502 3199/4473/3214
f 3234/4472/3249 3137/4584/3152 3487/4799/3502
f 3163/4381/3178 3136/4337/3151 3166/4585/3181
f 3489/4801/3504 3329/4583/3344 3328/4582/3343
f 3287/4530/3302 3421/4703/3436 3288/4531/3303
f 3114/4303/3129 3168/4387/3183 3235/4476/3250
f 3330/4586/3345 3490/4802/3505 3168/4387/3183
f 3015/4212/3028 3170/4803/3185 3378/4647/3392
f 3491/4804/3506 3290/4587/3305 3169/4388/3184
f 3423/4706/3438 3116/4305/3131 3492/4805/3507
f 3171/4390/3186 3493/4806/3508 3068/4234/3083
f 3093/4308/3108 3291/4536/3306 3172/4391/3187
f 2776/3800/2786 3424/4707/3439 3331/4589/3346
f 3460/4760/3475 3461/4761/3476 2687/3682/2697
f 2970/4540/2981 3494/4807/3509 3380/4650/3394
f 3070/4311/3085 3462/4762/3477 3495/4808/3510
f 2858/3923/2868 2909/4004/2919 3335/4594/3350
f 3236/4477/3251 3496/4809/3511 2972/4312/2983
f 3239/4480/3254 3426/4709/3441 2737/3748/2747
f 2910/4042/2920 3426/4709/3441 3383/4654/3397
f 3383/4654/3397 3497/4810/3512 2936/4043/2947
f 3120/4315/3135 2973/4099/2984 3429/4712/3444
f 3240/4481/3255 3498/4811/3513 3427/4710/3442
f 3427/4710/3442 3498/4811/3513 3243/4485/3258
f 3294/4543/3309 3427/4710/3442 3243/4485/3258
f 3055/4216/3069 3385/4656/3399 3431/4715/3446
f 3243/4485/3258 3498/4811/3513 3296/4545/3311
f 3498/4811/3513 3466/4766/3481 3296/4545/3311
f 3144/4353/3159 2992/4131/3005 2719/3724/2729
f 3433/4718/3448 3466/4766/3481 3246/4488/3261
f 3338/4598/3353 3437/4722/3452 3469/4771/3484
f 3389/4660/3403 3437/4722/3452 3247/4490/3262
f 3392/4773/3406 3185/4410/3200 3499/4812/3514
f 3394/4668/3408 3500/4813/3515 3264/4507/3279
f 3501/4814/3516 3394/4668/3408 3255/4498/3270
f 3255/4498/3270 3260/4503/3275 3501/4814/3516
f 3345/4606/3360 3395/4669/3409 3502/4815/3517
f 3303/4554/3318 3128/4329/3143 3212/4446/3227
f 3098/4604/3113 3147/4816/3162 3344/4605/3359
f 3471/4775/3486 3476/4817/3491 3396/4670/3410
f 3307/4558/3322 3476/4818/3491 3397/4672/3411
f 3396/4670/3410 3476/4817/3491 3307/4779/3322
f 3443/4730/3458 3402/4736/3416 3472/4776/3487
f 3474/4780/3489 3473/4778/3488 3396/4670/3410
f 3473/4778/3488 3474/4780/3489 3349/4610/3364
f 3307/4779/3322 3503/4819/3518 3474/4780/3489
f 3398/4673/3412 3503/4820/3518 3307/4558/3322
f 2939/4047/2950 3475/4821/3490 3268/4511/3283
f 3445/4783/3460 3474/4780/3489 3503/4819/3518
f 3504/4822/3519 3402/4677/3416 3447/4735/3462
f 3445/4733/3460 3503/4820/3518 3398/4673/3412
f 3082/4328/3097 3312/4823/3327 3265/4508/3280
f 3311/4562/3326 3446/4734/3461 3447/4735/3462
f 3189/4417/3204 3446/4734/3461 3311/4562/3326
f 3403/4679/3417 3314/4565/3329 3401/4680/3415
f 3043/4824/3056 3314/4825/3329 3505/4826/3520
f 3043/4827/3056 3506/4828/3521 3222/4829/3237
f 3103/4744/3118 3450/4743/3465 3507/4830/3522
f 3508/4831/3523 3150/4361/3165 3223/4459/3238
f 2918/4014/2928 3226/4462/3241 3509/4832/3524
f 3222/4829/3237 3510/4833/3525 3361/4834/3375
f 3511/4835/3526 2823/3869/2833 3356/4620/3371
f 3227/4463/3242 3361/4624/3375 3512/4836/3527
f 3227/4463/3242 3512/4836/3527 3363/4628/3377
f 3361/4834/3375 3513/4837/3528 3514/4838/3529
f 3362/4627/3376 3452/4747/3467 3451/4745/3466
f 3514/4838/3529 3515/4839/3530 3361/4834/3375
f 3363/4840/3377 3365/4631/3379 3410/4748/3425
f 3271/4514/3286 3479/4790/3494 3196/4429/3211
f 3515/4839/3530 3514/4838/3529 3516/4841/3531
f 3514/4838/3529 3513/4837/3528 3516/4841/3531
f 3321/4574/3336 3517/4842/3532 3364/4630/3378
f 3321/4574/3336 3367/4633/3381 3518/4843/3533
f 3519/4844/3534 3324/4577/3339 3480/4791/3495
f 3455/4845/3470 3412/4693/3427 3156/4751/3171
f 3520/4846/3535 2922/4201/2932 3279/4522/3294
f 3368/4634/3382 3480/4791/3495 3282/4525/3297
f 3520/4846/3535 3279/4522/3294 3228/4464/3243
f 3228/4464/3243 3047/4199/3060 3413/4694/3428
f 3416/4697/3431 3157/4370/3172 3483/4795/3498
f 3521/4847/3536 3198/4431/3213 3415/4696/3430
f 3484/4796/3499 3157/4370/3172 3326/4579/3341
f 3326/4579/3341 3230/4468/3245 3484/4796/3499
f 3484/4796/3499 3230/4468/3245 3522/4848/3537
f 3485/4797/3500 3161/4378/3176 3327/4849/3342
f 2944/4701/2955 3419/4700/3434 3232/4850/3247
f 3523/4851/3538 3200/4433/3215 3164/4382/3179
f 3163/4381/3178 3166/4585/3181 3524/4852/3539
f 3068/4234/3083 3492/4805/3507 3116/4305/3131
f 2947/4059/2958 3525/4853/3540 3171/4390/3186
f 3171/4390/3186 3525/4853/3540 3526/4854/3541
f 3171/4390/3186 3526/4854/3541 3493/4806/3508
f 2907/4002/2917 3140/4344/3155 3424/4707/3439
f 2796/4590/2806 3461/4855/3476 3332/4591/3347
f 3019/4166/3032 3527/4856/3542 3293/4542/3308
f 3072/4238/3087 3528/4857/3543 2973/4099/2984
f 3207/4441/3222 3529/4858/3544 3382/4653/3396
f 3382/4653/3396 3529/4858/3544 3239/4480/3254
f 3073/4859/3088 3178/4860/3193 3530/4861/3545
f 3073/4240/3088 3530/4862/3545 3209/4443/3224
f 3179/4400/3194 3531/4863/3546 2974/4401/2985
f 3429/4712/3444 3532/4864/3547 3384/4714/3398
f 3384/4655/3398 3498/4811/3513 3240/4481/3255
f 3466/4865/3481 3533/4866/3548 3246/4867/3261
f 3251/4494/3266 3436/4721/3451 3534/4868/3549
f 3125/4408/3140 3184/4869/3199 3535/4870/3550
f 3536/4871/3551 3299/4549/3314 3388/4659/3402
f 3468/4770/3483 3299/4549/3314 3537/4872/3552
f 3392/4663/3406 3499/4873/3514 3389/4660/3403
f 3344/4605/3359 3147/4816/3162 3185/4410/3200
f 3501/4814/3516 3500/4813/3515 3394/4668/3408
f 3538/4874/3553 2976/4279/2987 3263/4506/3278
f 3472/4777/3487 3470/4774/3485 3441/4726/3456
f 3187/4413/3202 3539/4875/3554 3475/4781/3490
f 3446/4734/3461 3504/4822/3519 3447/4735/3462
f 3475/4781/3490 3446/4876/3461 3268/4877/3283
f 3304/4555/3319 3265/4508/3280 3312/4823/3327
f 3504/4878/3519 3540/4879/3555 3402/4736/3416
f 2915/4010/2925 3269/4512/3284 3404/4681/3418
f 3101/4421/3116 3541/4880/3556 3151/4881/3166
f 2919/4420/2929 3542/4882/3557 3101/4421/3116
f 3102/4282/3117 3449/4742/3464 3316/4569/3331
f 3318/4571/3333 3316/4569/3331 3543/4883/3558
f 3223/4459/3238 3406/4684/3420 3477/4788/3492
f 3318/4571/3333 3543/4883/3558 3357/4621/3372
f 3357/4689/3372 3543/4884/3558 3408/4688/3423
f 3408/4688/3423 3544/4885/3559 3407/4687/3422
f 3361/4834/3375 3510/4833/3525 3513/4837/3528
f 3512/4836/3527 3361/4624/3375 3515/4886/3530
f 3196/4629/3211 3545/4887/3560 3478/4789/3493
f 3452/4747/3467 3364/4630/3378 3451/4745/3466
f 3365/4631/3379 3363/4840/3377 3411/4692/3426
f 3479/4790/3494 3545/4888/3560 3196/4429/3211
f 3517/4842/3532 3451/4745/3466 3364/4630/3378
f 3516/4841/3531 3546/4889/3561 3515/4839/3530
f 3321/4574/3336 3518/4843/3533 3517/4842/3532
f 3547/4890/3562 3367/4633/3381 3284/4527/3299
f 3548/4891/3563 2897/3987/2907 3278/4521/3293
f 3324/4793/3339 3549/4892/3564 3550/4893/3565
f 3324/4793/3339 3550/4893/3565 3482/4794/3497
f 3417/4698/3432 3198/4431/3213 3521/4847/3536
f 3551/4894/3566 3370/4636/3384 3325/4578/3340
f 3456/4754/3471 3419/4700/3434 3111/4379/3126
f 3420/4702/3435 3523/4851/3538 3164/4382/3179
f 3329/4583/3344 3201/4434/3216 3066/4231/3080
f 3422/4705/3437 3014/4160/3027 3552/4895/3567
f 3014/4160/3027 3235/4476/3250 3552/4895/3567
f 3203/4645/3218 3458/4758/3473 3139/4341/3154
f 3330/4586/3345 3378/4647/3392 3553/4896/3568
f 3331/4589/3346 3424/4707/3439 3292/4537/3307
f 3554/4897/3569 3174/4395/3189 3292/4537/3307
f 2908/4097/2918 3555/4898/3570 2950/4268/2961
f 3333/4592/3348 3555/4898/3570 2908/4097/2918
f 3334/4593/3349 3143/4352/3158 3556/4899/3571
f 3143/4352/3158 2952/4351/2963 3556/4899/3571
f 3555/4900/3570 2972/4312/2983 3496/4809/3511
f 3072/4238/3087 3557/4901/3572 3528/4857/3543
f 3176/4397/3191 3558/4902/3573 3096/4271/3111
f 3558/4902/3573 3207/4441/3222 3096/4271/3111
f 3464/4764/3479 3559/4903/3574 3236/4477/3251
f 3425/4708/3440 3428/4711/3443 3464/4764/3479
f 3464/4764/3479 3428/4711/3443 3559/4903/3574
f 3427/4710/3442 3294/4543/3309 3560/4904/3575
f 3430/4713/3445 3241/4483/3256 3561/4905/3576
f 3384/4906/3398 3532/4907/3547 3562/4908/3577
f 3498/4909/3513 3384/4906/3398 3562/4908/3577
f 3295/4544/3310 3337/4597/3352 3563/4910/3578
f 3498/4909/3513 3562/4908/3577 3466/4865/3481
f 3562/4908/3577 3564/4911/3579 3466/4865/3481
f 3564/4911/3579 3533/4866/3548 3466/4865/3481
f 3565/4912/3580 3533/4866/3548 3564/4911/3579
f 3533/4913/3548 3566/4914/3581 3246/4915/3261
f 3183/4489/3198 3246/4915/3261 3467/4767/3482
f 3388/4659/3402 3467/4767/3482 3567/4916/3582
f 2975/4101/2986 3568/4917/3583 3263/4506/3278
f 3472/4777/3487 3471/4775/3486 3470/4774/3485
f 3472/4777/3487 3569/4918/3584 3471/4775/3486
f 3303/4554/3318 3570/4919/3585 3128/4329/3143
f 3147/4412/3162 3128/4329/3143 3570/4919/3585
f 3538/4874/3553 3187/4413/3202 2976/4279/2987
f 3345/4606/3360 3502/4815/3517 3302/4553/3317
f 3502/4815/3517 3571/4920/3586 3302/4553/3317
f 3347/4608/3362 3572/4921/3587 3346/4607/3361
f 3573/4922/3588 3540/4879/3555 3504/4878/3519
f 3347/4608/3362 3302/4553/3317 3572/4921/3587
f 3403/4923/3417 3400/4787/3414 3476/4785/3491
f 3404/4681/3418 3269/4512/3284 3312/4563/3327
f 3541/4880/3556 3354/4739/3369 3151/4881/3166
f 3315/4568/3330 3574/4924/3589 3450/4743/3465
f 3315/4568/3330 3355/4619/3370 3574/4924/3589
f 3450/4743/3465 3575/4925/3590 3507/4830/3522
f 3355/4619/3370 3359/4685/3374 3576/4926/3591
f 3543/4884/3558 3544/4885/3559 3408/4688/3423
f 3451/4745/3466 3576/4926/3591 3359/4685/3374
f 3407/4687/3422 3544/4885/3559 3477/4788/3492
f 3154/4366/3169 3478/4789/3493 3153/4365/3168
f 3510/4833/3525 3577/4927/3592 3513/4837/3528
f 3363/4840/3377 3512/4928/3527 3411/4692/3426
f 3512/4928/3527 3515/4929/3530 3519/4844/3534
f 3517/4842/3532 3578/4930/3593 3451/4745/3466
f 3513/4837/3528 3546/4889/3561 3516/4841/3531
f 3519/4844/3534 3480/4791/3495 3368/4634/3382
f 3412/4693/3427 3455/4845/3470 3277/4520/3292
f 3284/4527/3299 3481/4792/3496 3547/4890/3562
f 3520/4846/3535 3415/4931/3430 2922/4201/2932
f 3370/4636/3384 3551/4894/3566 3481/4792/3496
f 3417/4698/3432 3551/4894/3566 3325/4578/3340
f 3482/4794/3497 3418/4699/3433 3159/4373/3174
f 3418/4699/3433 3456/4754/3471 3371/4637/3385
f 3230/4468/3245 3485/4797/3500 3522/4848/3537
f 3230/4468/3245 3231/4469/3246 3485/4797/3500
f 3372/4638/3386 3373/4639/3387 3579/4932/3594
f 3162/4380/3177 3580/4933/3595 3373/4639/3387
f 3090/4261/3105 3372/4638/3386 3581/4934/3596
f 3200/4433/3215 3488/4935/3503 3135/4475/3150
f 3170/4803/3185 3582/4936/3597 3378/4647/3392
f 2947/4059/2958 3583/4937/3598 3525/4853/3540
f 3174/4395/3189 3554/4897/3569 3381/4652/3395
f 3206/4439/3221 3584/4938/3599 2857/3922/2867
f 3071/4237/3086 3585/4939/3600 3176/4397/3191
f 2952/4351/2963 3293/4940/3308 3556/4899/3571
f 3559/4903/3574 3428/4711/3443 3560/4904/3575
f 2936/4043/2947 3497/4810/3512 3179/4400/3194
f 3428/4711/3443 3427/4710/3442 3560/4904/3575
f 2974/4401/2985 3586/4941/3601 3178/4860/3193
f 3560/4904/3575 3294/4543/3309 3587/4942/3602
f 3294/4543/3309 3336/4596/3351 3587/4942/3602
f 3434/4943/3449 3387/4944/3401 3588/4945/3603
f 3436/4721/3451 3589/4946/3604 3534/4868/3549
f 3469/4771/3484 3589/4946/3604 3436/4721/3451
f 3534/4868/3549 3590/4947/3605 3251/4494/3266
f 3387/4658/3401 3468/4768/3483 3588/4948/3603
f 3246/4915/3261 3566/4914/3581 3467/4767/3482
f 3536/4871/3551 3388/4659/3402 3591/4949/3606
f 3437/4722/3452 3589/4946/3604 3469/4771/3484
f 3340/4600/3355 3251/4494/3266 3590/4947/3605
f 3340/4600/3355 3590/4947/3605 3390/4661/3404
f 3590/4950/3605 3393/4665/3407 3390/4772/3404
f 3299/4549/3314 3536/4871/3551 3537/4872/3552
f 3592/4951/3607 3593/4952/3608 3594/4953/3609
f 3389/4660/3403 3499/4873/3514 3437/4722/3452
f 3594/4953/3609 3595/4954/3610 3596/4955/3611
f 3595/4954/3610 3597/4956/3612 3596/4955/3611
f 2975/4101/2986 3182/4405/3197 3568/4917/3583
f 3593/4952/3608 3264/4507/3279 3598/4957/3613
f 3500/4813/3515 3598/4957/3613 3264/4507/3279
f 3501/4814/3516 3599/4958/3614 3500/4813/3515
f 3472/4776/3487 3600/4959/3615 3569/4960/3584
f 3569/4960/3584 3600/4959/3615 3601/4961/3616
f 3346/4607/3361 3501/4814/3516 3260/4503/3275
f 3569/4918/3584 3601/4962/3616 3471/4775/3486
f 3602/4963/3617 3540/4879/3555 3573/4922/3588
f 3402/4736/3416 3602/4963/3617 3472/4776/3487
f 3540/4879/3555 3602/4963/3617 3402/4736/3416
f 3571/4920/3586 3572/4921/3587 3302/4553/3317
f 3103/4964/3118 3603/4965/3618 2940/4966/2951
f 3150/4361/3165 3508/4831/3523 3405/4682/3419
f 3191/4423/3206 3603/4965/3618 3356/4620/3371
f 3316/4967/3331 3604/4968/3619 3543/4969/3558
f 3604/4968/3619 3316/4967/3331 3449/4970/3464
f 3355/4619/3370 3576/4926/3591 3574/4924/3589
f 3544/4971/3559 3605/4972/3620 3477/4973/3492
f 3577/4927/3592 3606/4974/3621 3513/4837/3528
f 3155/4367/3170 3322/4575/3337 3479/4790/3494
f 3513/4837/3528 3606/4974/3621 3546/4889/3561
f 3519/4844/3534 3368/4634/3382 3512/4928/3527
f 3512/4928/3527 3368/4634/3382 3411/4692/3426
f 3607/4975/3622 3515/4839/3530 3546/4889/3561
f 3369/4635/3383 3608/4976/3623 3285/4528/3300
f 3609/4977/3624 3322/4575/3337 3454/4750/3469
f 3369/4635/3383 3414/4695/3429 3610/4978/3625
f 3324/4793/3339 3519/4979/3534 3549/4892/3564
f 2899/3989/2909 3090/4261/3105 3611/4980/3626
f 2899/3989/2909 3611/4980/3626 3327/4581/3342
f 3163/4381/3178 3612/4981/3627 3162/4380/3177
f 3612/4981/3627 3163/4381/3178 3524/4852/3539
f 3523/4851/3538 3613/4982/3628 3200/4433/3215
f 3375/4983/3389 3614/4984/3629 3137/4584/3152
f 3289/4985/3304 3615/4986/3630 3377/4987/3391
f 3377/4644/3391 3458/4758/3473 3203/4645/3218
f 3378/4647/3392 3616/4988/3631 3553/4896/3568
f 3204/4437/3219 3491/4804/3506 3169/4388/3184
f 3491/4804/3506 3617/4989/3632 3290/4587/3305
f 3492/4805/3507 3068/4234/3083 3493/4806/3508
f 3583/4937/3598 2947/4059/2958 3379/4648/3393
f 3424/4707/3439 3554/4897/3569 3292/4537/3307
f 3175/4396/3190 2972/4098/2983 3333/4592/3348
f 3618/4990/3633 3070/4236/3085 3495/4991/3510
f 2909/4004/2919 3070/4236/3085 3335/4594/3350
f 3496/4809/3511 3236/4477/3251 3619/4992/3634
f 3236/4477/3251 3559/4903/3574 3619/4992/3634
f 3529/4858/3544 3426/4709/3441 3239/4480/3254
f 3620/4993/3635 3295/4544/3310 3563/4910/3578
f 3336/4596/3351 3295/4544/3310 3620/4993/3635
f 3530/4862/3545 3144/4353/3159 3209/4443/3224
f 3621/4994/3636 3532/4864/3547 3429/4712/3444
f 3621/4995/3636 3562/4908/3577 3532/4907/3547
f 3465/4765/3480 3431/4715/3446 3622/4996/3637
f 3623/4997/3638 3564/4911/3579 3624/4998/3639
f 3565/4912/3580 3564/4911/3579 3623/4997/3638
f 3625/4999/3640 3123/4321/3138 3435/4720/3450
f 3565/4912/3580 3589/4946/3604 3533/4866/3548
f 3535/5000/3550 3184/5001/3199 3626/5002/3641
f 3210/5003/3225 3393/5004/3407 3627/5005/3642
f 3628/5006/3643 3629/5007/3644 3468/4770/3483
f 3468/4770/3483 3537/4872/3552 3628/5006/3643
f 3628/5006/3643 3537/4872/3552 3536/4871/3551
f 3593/4952/3608 3630/5008/3645 3264/4507/3279
f 3597/4956/3612 3595/4954/3610 3594/4953/3609
f 3597/4956/3612 3594/4953/3609 3599/4958/3614
f 3630/5008/3645 3303/4554/3318 3264/4507/3279
f 3596/4955/3611 3597/4956/3612 3631/5009/3646
f 3593/4952/3608 3598/4957/3613 3594/4953/3609
f 3594/4953/3609 3598/4957/3613 3599/4958/3614
f 3185/4410/3200 3147/4816/3162 3499/4812/3514
f 3598/4957/3613 3500/4813/3515 3599/4958/3614
f 3599/4958/3614 3501/4814/3516 3346/4607/3361
f 3599/4958/3614 3346/4607/3361 3632/5010/3647
f 3504/4878/3519 3602/4963/3617 3573/4922/3588
f 3633/5011/3648 3504/5012/3519 3446/4876/3461
f 3632/5010/3647 3346/4607/3361 3634/5013/3649
f 3395/4669/3409 3304/4555/3319 3502/4815/3517
f 3634/5013/3649 3346/4607/3361 3572/4921/3587
f 3502/4815/3517 3304/4555/3319 3635/5014/3650
f 3603/4965/3618 3103/4964/3118 3507/5015/3522
f 3222/4829/3237 3506/4828/3521 3510/4833/3525
f 3636/5016/3651 3544/4971/3559 3543/5017/3558
f 3511/4835/3526 3409/4690/3424 2823/3869/2833
f 3506/4828/3521 3577/4927/3592 3510/4833/3525
f 3409/4690/3424 2898/3988/2908 2943/4053/2954
f 3519/4979/3534 3515/5018/3530 3607/5019/3622
f 3608/4976/3623 3369/4635/3383 3610/4978/3625
f 3637/5020/3652 3285/4528/3300 3608/4976/3623
f 3606/5021/3621 3607/5019/3622 3546/5022/3561
f 3285/5023/3300 3277/4520/3292 3455/4845/3470
f 3609/4977/3624 3454/4750/3469 3366/4632/3380
f 3416/4697/3431 3483/4795/3498 3638/5024/3653
f 3521/4847/3536 3551/4894/3566 3417/4698/3432
f 3639/5025/3654 3550/4893/3565 3640/5026/3655
f 3373/4639/3387 3641/5027/3656 3579/4932/3594
f 3642/5028/3657 3232/4850/3247 3419/4700/3434
f 3232/4850/3247 3643/5029/3658 3486/5030/3501
f 3579/4932/3594 3644/5031/3659 3372/4638/3386
f 3645/5032/3660 3523/4851/3538 3420/4702/3435
f 3645/5032/3660 3646/5033/3661 3523/4851/3538
f 3613/4982/3628 3488/4935/3503 3200/4433/3215
f 3328/4582/3343 3488/4800/3503 3489/4801/3504
f 3647/5034/3662 3615/4986/3630 3289/4985/3304
f 3552/4895/3567 3235/4476/3250 3168/4387/3183
f 3648/5035/3663 3491/4804/3506 3204/4437/3219
f 3291/4536/3306 3649/5036/3664 3172/4391/3187
f 3205/4438/3220 3460/4760/3475 3094/4266/3109
f 3095/4349/3110 3332/4591/3347 3142/4347/3157
f 3142/4347/3157 3585/4939/3600 3071/4237/3086
f 3072/4238/3087 3463/4763/3478 3557/4901/3572
f 3528/4857/3543 3650/5037/3665 2973/4099/2984
f 3207/4441/3222 3558/4902/3573 3529/4858/3544
f 3019/4166/3032 3430/4713/3445 3527/4856/3542
f 3429/4712/3444 2973/4099/2984 3621/4994/3636
f 3586/4941/3601 3530/4861/3545 3178/4860/3193
f 3465/4765/3480 3622/4996/3637 3651/5038/3666
f 3622/4996/3637 3431/4715/3446 3385/4656/3399
f 3123/4321/3138 3625/4999/3640 3432/4717/3447
f 3652/5039/3667 3565/4912/3580 3623/4997/3638
f 3625/4999/3640 3435/4720/3450 3535/4870/3550
f 3435/4720/3450 3125/4408/3140 3535/4870/3550
f 3534/4868/3549 3589/4946/3604 3653/5040/3668
f 3654/5041/3669 3210/5003/3225 3627/5005/3642
f 3210/5003/3225 3654/5041/3669 3184/5001/3199
f 3566/4914/3581 3533/4913/3548 3630/5008/3645
f 3533/4866/3548 3589/4946/3604 3630/5042/3645
f 3655/5043/3670 3467/4767/3482 3566/4914/3581
f 3591/4949/3606 3388/4659/3402 3567/4916/3582
f 3588/4948/3603 3629/5044/3644 3656/5045/3671
f 3588/4948/3603 3468/4768/3483 3629/5044/3644
f 3657/5046/3672 3536/4871/3551 3591/4949/3606
f 3656/5047/3671 3629/5007/3644 3628/5006/3643
f 3592/4951/3607 3630/5008/3645 3593/4952/3608
f 3658/5048/3673 3596/4955/3611 3631/5009/3646
f 3597/4956/3612 3599/4958/3614 3631/5009/3646
f 3659/5049/3674 3658/5048/3673 3631/5009/3646
f 3599/4958/3614 3659/5049/3674 3631/5009/3646
f 3602/4963/3617 3600/4959/3615 3472/4776/3487
f 3660/5050/3675 3504/4878/3519 3633/5051/3648
f 3660/5050/3675 3602/4963/3617 3504/4878/3519
f 3661/5052/3676 3187/4413/3202 3538/4874/3553
f 3662/5053/3677 3632/5010/3647 3634/5013/3649
f 3661/5052/3676 3539/4875/3554 3187/4413/3202
f 3663/5054/3678 3403/4923/3417 3476/4785/3491
f 3634/5013/3649 3572/4921/3587 3664/5055/3679
f 3635/5014/3650 3304/4555/3319 3312/4823/3327
f 3571/4920/3586 3665/5056/3680 3572/4921/3587
f 3572/4921/3587 3666/5057/3681 3664/5055/3679
f 3572/4921/3587 3665/5056/3680 3666/5057/3681
f 3667/5058/3682 3505/4826/3520 3314/4825/3329
f 3668/5059/3683 3043/4824/3056 3505/4826/3520
f 3541/4880/3556 3101/4421/3116 3542/4882/3557
f 3603/4965/3618 3007/4683/3020 2940/4966/2951
f 3603/4965/3618 3191/4423/3206 3007/4683/3020
f 3669/5060/3684 3542/4882/3557 2919/4420/2929
f 3670/5061/3685 3604/4968/3619 3449/4970/3464
f 3223/4459/3238 3477/4788/3492 3508/4831/3523
f 3636/5016/3651 3671/5062/3686 3544/4971/3559
f 3576/4926/3591 3451/4745/3466 3672/5063/3687
f 3506/4828/3521 3673/5064/3688 3577/4927/3592
f 3637/5020/3652 3608/4976/3623 3610/4978/3625
f 3610/4978/3625 3414/4695/3429 3674/5065/3689
f 3414/4695/3429 3416/4697/3431 3674/5065/3689
f 3519/4979/3534 3607/5019/3622 3549/4892/3564
f 3607/5019/3622 3675/5066/3690 3549/4892/3564
f 3518/4843/3533 3367/4633/3381 3547/4890/3562
f 3549/4892/3564 3675/5066/3690 3640/5026/3655
f 3640/5026/3655 3550/4893/3565 3549/4892/3564
f 3675/5066/3690 3639/5025/3654 3640/5026/3655
f 3550/4893/3565 3639/5025/3654 3482/4794/3497
f 3641/5027/3656 3373/4639/3387 3580/4933/3595
f 3372/4638/3386 3644/5031/3659 3581/4934/3596
f 3646/5033/3661 3613/4982/3628 3523/4851/3538
f 3580/4933/3595 3162/4380/3177 3612/4981/3627
f 3524/4852/3539 3166/4585/3181 3457/5067/3472
f 3676/5068/3691 3329/4583/3344 3489/4801/3504
f 3375/5069/3389 3421/4703/3436 3287/4530/3302
f 3677/5070/3692 3647/5034/3662 3289/4985/3304
f 3490/4802/3505 3330/4586/3345 3553/4896/3568
f 3616/4988/3631 3378/4647/3392 3678/5071/3693
f 3170/4389/3185 3423/4706/3438 3582/5072/3597
f 3381/4652/3395 3584/4938/3599 3206/4439/3221
f 3494/4807/3509 2970/4540/2981 3334/4593/3349
f 3529/4858/3544 3679/5073/3694 3383/4654/3397
f 3529/4858/3544 3383/4654/3397 3426/4709/3441
f 3620/4993/3635 3680/5074/3695 3336/4596/3351
f 3465/4765/3480 3561/5075/3576 3241/4716/3256
f 3681/5076/3696 3652/5039/3667 3623/4997/3638
f 3681/5076/3696 3623/4997/3638 3624/4998/3639
f 3337/5077/3352 3434/4943/3449 3682/5078/3697
f 3655/5043/3670 3683/5079/3698 3467/4767/3482
f 3589/4946/3604 3437/4722/3452 3630/5042/3645
f 3467/4767/3482 3684/5080/3699 3567/4916/3582
f 3567/4916/3582 3684/5080/3699 3685/5081/3700
f 3467/4767/3482 3683/5079/3698 3684/5080/3699
f 3657/5046/3672 3628/5006/3643 3536/4871/3551
f 3656/5047/3671 3628/5006/3643 3657/5046/3672
f 3592/4951/3607 3594/4953/3609 3596/4955/3611
f 3658/5048/3673 3659/5049/3674 3686/5082/3701
f 3499/4873/3514 3147/5083/3162 3570/5084/3585
f 3687/5085/3702 3601/4961/3616 3600/4959/3615
f 3659/5049/3674 3662/5053/3677 3686/5082/3701
f 3659/5049/3674 3599/4958/3614 3662/5053/3677
f 3599/4958/3614 3632/5010/3647 3662/5053/3677
f 3601/4962/3616 3663/5086/3678 3471/4775/3486
f 3471/4775/3486 3663/5086/3678 3476/4817/3491
f 3662/5053/3677 3634/5013/3649 3686/5082/3701
f 3475/4781/3490 3688/5087/3703 3633/5011/3648
f 3475/4781/3490 3633/5011/3648 3446/4876/3461
f 3571/4920/3586 3502/4815/3517 3635/5014/3650
f 3663/5054/3678 3689/5088/3704 3403/4923/3417
f 3686/5082/3701 3634/5013/3649 3690/5089/3705
f 3634/5013/3649 3664/5055/3679 3690/5089/3705
f 3312/4563/3327 3269/4512/3284 3635/5090/3650
f 3691/5091/3706 3667/5092/3682 3314/5093/3329
f 3665/5094/3680 3692/5095/3707 3666/5096/3681
f 3043/4824/3056 3668/5059/3683 3506/5097/3521
f 3405/5098/3419 3508/5099/3523 3693/5100/3708
f 3541/4880/3556 3448/4740/3463 3354/4739/3369
f 3450/4743/3465 3574/4924/3589 3575/4925/3590
f 3153/4365/3168 3694/5101/3709 3226/4462/3241
f 3605/4972/3620 3695/5102/3710 3477/4973/3492
f 3605/4972/3620 3544/4971/3559 3696/5103/3711
f 3605/4972/3620 3696/5103/3711 3697/5104/3712
f 3451/4745/3466 3578/4930/3593 3672/5063/3687
f 3409/4690/3424 3061/4225/3075 2898/3988/2908
f 3517/4842/3532 3518/4843/3533 3578/4930/3593
f 3697/5104/3712 3674/5065/3689 3638/5024/3653
f 3697/5104/3712 3638/5024/3653 3698/5105/3713
f 3674/5065/3689 3416/4697/3431 3638/5024/3653
f 3277/4520/3292 3609/4977/3624 3366/4632/3380
f 3607/5019/3622 3606/5021/3621 3675/5066/3690
f 3548/4891/3563 3413/4694/3428 2897/3987/2907
f 3639/5025/3654 3699/5106/3714 3482/4794/3497
f 3484/4796/3499 3522/4848/3537 3700/5107/3715
f 3418/4699/3433 3701/5108/3716 3456/4754/3471
f 3702/5109/3717 3579/4932/3594 3641/5027/3656
f 3232/4850/3247 3642/5028/3657 3643/5029/3658
f 3645/5032/3660 3420/4702/3435 3486/4798/3501
f 3645/5032/3660 3703/5110/3718 3646/5033/3661
f 3611/4980/3626 3090/4261/3105 3581/4934/3596
f 3613/5111/3628 3704/5112/3719 3488/5113/3503
f 3705/5114/3720 3457/4756/3472 3487/4799/3502
f 3704/5112/3719 3489/5115/3504 3488/5113/3503
f 3201/5116/3216 3677/5070/3692 3289/4985/3304
f 3615/5117/3630 3458/4758/3473 3377/4644/3391
f 3490/4802/3505 3553/4896/3568 3616/4988/3631
f 3492/4805/3507 3493/4806/3508 3706/5118/3721
f 3460/5119/3475 3707/5120/3722 3461/4855/3476
f 2950/4268/2961 3555/4898/3570 3708/5121/3723
f 2857/3922/2867 3709/5122/3724 3462/4762/3477
f 3333/4592/3348 2972/4098/2983 3555/4898/3570
f 3462/4762/3477 3710/5123/3725 3711/5124/3726
f 3495/4808/3510 3462/4762/3477 3711/5124/3726
f 3555/4900/3570 3496/4809/3511 3619/4992/3634
f 3619/4992/3634 3559/4903/3574 3712/5125/3727
f 3650/5037/3665 3621/4994/3636 2973/4099/2984
f 3559/4903/3574 3560/4904/3575 3713/5126/3728
f 3560/4904/3575 3587/4942/3602 3713/5126/3728
f 3587/4942/3602 3336/4596/3351 3714/5127/3729
f 3680/5074/3695 3714/5127/3729 3336/4596/3351
f 3621/4995/3636 3715/5128/3730 3562/4908/3577
f 3337/5077/3352 3682/5078/3697 3563/5129/3578
f 3652/5039/3667 3653/5040/3668 3565/4912/3580
f 3682/5078/3697 3434/4943/3449 3588/4945/3603
f 3565/4912/3580 3653/5040/3668 3589/4946/3604
f 3654/5041/3669 3626/5002/3641 3184/5001/3199
f 3534/5130/3549 3716/5131/3731 3590/5132/3605
f 3566/4914/3581 3630/5008/3645 3655/5043/3670
f 3655/5043/3670 3717/5133/3732 3683/5079/3698
f 3718/5134/3733 3568/4917/3583 3182/4405/3197
f 3591/4949/3606 3567/4916/3582 3719/5135/3734
f 3655/5043/3670 3630/5008/3645 3592/4951/3607
f 3437/4722/3452 3720/5136/3735 3630/5042/3645
f 3656/5047/3671 3721/5137/3736 3722/5138/3737
f 3657/5046/3672 3721/5137/3736 3656/5047/3671
f 3685/5081/3700 3723/5139/3738 3719/5135/3734
f 3685/5081/3700 3684/5080/3699 3723/5139/3738
f 3719/5135/3734 3723/5139/3738 3724/5140/3739
f 3725/5141/3740 3724/5140/3739 3723/5139/3738
f 3723/5139/3738 3684/5080/3699 3725/5141/3740
f 3437/4722/3452 3726/5142/3741 3720/5136/3735
f 3437/4722/3452 3499/4873/3514 3726/5142/3741
f 3658/5048/3673 3727/5143/3742 3596/4955/3611
f 3499/4873/3514 3570/5084/3585 3726/5142/3741
f 3728/5144/3743 3687/5145/3702 3729/5146/3744
f 3600/4959/3615 3729/5147/3744 3687/5085/3702
f 3729/5147/3744 3600/4959/3615 3602/4963/3617
f 3660/5050/3675 3633/5051/3648 3729/5147/3744
f 3660/5050/3675 3729/5147/3744 3602/4963/3617
f 3601/4962/3616 3687/5148/3702 3663/5086/3678
f 3571/4920/3586 3635/5014/3650 3730/5149/3745
f 3505/4826/3520 3667/5058/3682 3668/5059/3683
f 3084/5150/3099 3693/5100/3708 3269/5151/3284
f 3664/5152/3679 3666/5096/3681 3731/5153/3746
f 2957/4741/2968 3732/5154/3747 3449/4970/3464
f 2919/4015/2929 2918/4014/2928 3669/5155/3684
f 3575/4925/3590 3733/5156/3748 3507/4830/3522
f 3604/4968/3619 3636/5157/3651 3543/4969/3558
f 3477/4973/3492 3695/5102/3710 3508/5158/3523
f 3671/5062/3686 3696/5103/3711 3544/4971/3559
f 3698/5105/3713 3695/5102/3710 3605/4972/3620
f 3605/4972/3620 3697/5104/3712 3698/5105/3713
f 3637/5020/3652 3734/5159/3749 3285/4528/3300
f 3577/4927/3592 3735/5160/3750 3606/4974/3621
f 3698/5105/3713 3638/5024/3653 3736/5161/3751
f 3277/4520/3292 3737/5162/3752 3609/4977/3624
f 3547/4890/3562 3738/5163/3753 3518/4843/3533
f 3638/5024/3653 3483/4795/3498 3484/4796/3499
f 3415/4931/3430 3520/4846/3535 3739/5164/3754
f 3520/4846/3535 3228/4464/3243 3740/5165/3755
f 3415/4696/3430 3739/5166/3754 3521/4847/3536
f 3551/4894/3566 3521/4847/3536 3741/5167/3756
f 3551/4894/3566 3741/5167/3756 3481/4792/3496
f 3639/5025/3654 3675/5066/3690 3699/5106/3714
f 3482/4794/3497 3742/5168/3757 3418/4699/3433
f 3485/4797/3500 3700/5107/3715 3522/4848/3537
f 3700/5107/3715 3485/4797/3500 3743/5169/3758
f 3641/5027/3656 3580/4933/3595 3744/5170/3759
f 3702/5109/3717 3644/5031/3659 3579/4932/3594
f 3613/4982/3628 3646/5033/3661 3745/5171/3760
f 3580/4933/3595 3612/4981/3627 3746/5172/3761
f 3524/4852/3539 3457/5067/3472 3612/4981/3627
f 3457/5067/3472 3705/5173/3720 3612/4981/3627
f 3614/4984/3629 3487/4799/3502 3137/4584/3152
f 3376/4757/3390 3747/5174/3762 3748/5175/3763
f 3422/4705/3437 3747/5174/3762 3376/4757/3390
f 3617/4989/3632 3749/5176/3764 3290/4587/3305
f 3379/4648/3393 3290/4534/3305 3750/5177/3765
f 3554/4897/3569 3584/4938/3599 3381/4652/3395
f 2969/4343/2980 3751/5178/3766 3140/4344/3155
f 2969/4343/2980 3380/4650/3394 3751/5178/3766
f 2950/4268/2961 3708/5121/3723 3017/4269/3030
f 2857/3922/2867 3584/4938/3599 3709/5122/3724
f 3334/4593/3349 3752/5179/3767 3494/4807/3509
f 3142/4347/3157 3332/4591/3347 3585/4939/3600
f 3070/4236/3085 3618/4990/3633 3335/4594/3350
f 3335/4594/3350 3463/4763/3478 3177/4398/3192
f 3293/4940/3308 3527/5180/3542 3753/5181/3768
f 3383/4654/3397 3679/5073/3694 3754/5182/3769
f 3621/4994/3636 3650/5037/3665 3755/5183/3770
f 3465/4765/3480 3651/5038/3666 3561/5075/3576
f 3144/4353/3159 3756/5184/3771 2992/4131/3005
f 3757/5185/3772 3624/4998/3639 3564/4911/3579
f 3716/5131/3731 3393/5004/3407 3590/5132/3605
f 3588/4945/3603 3656/5186/3671 3758/5187/3773
f 3657/5046/3672 3591/4949/3606 3759/5188/3774
f 3567/4916/3582 3685/5081/3700 3719/5135/3734
f 3722/5138/3737 3721/5137/3736 3759/5188/3774
f 3724/5140/3739 3760/5189/3775 3719/5135/3734
f 3761/5190/3776 3760/5189/3775 3729/5146/3744
f 3724/5140/3739 3762/5191/3777 3760/5189/3775
f 3630/5008/3645 3570/4919/3585 3303/4554/3318
f 3762/5191/3777 3729/5146/3744 3760/5189/3775
f 3728/5144/3743 3729/5146/3744 3762/5191/3777
f 3568/4917/3583 3538/4874/3553 3263/4506/3278
f 3686/5082/3701 3763/5192/3778 3658/5048/3673
f 3539/4875/3554 3764/5193/3779 3688/5087/3703
f 3539/4875/3554 3688/5087/3703 3475/4781/3490
f 3665/5056/3680 3571/4920/3586 3730/5149/3745
f 3403/4923/3417 3691/5091/3706 3314/5093/3329
f 3665/5056/3680 3730/5149/3745 3692/5194/3707
f 3269/5151/3284 3693/5100/3708 3635/5195/3650
f 3730/5196/3745 3765/5197/3780 3692/5198/3707
f 3405/5098/3419 3693/5100/3708 3084/5150/3099
f 2957/4741/2968 3448/4740/3463 3732/5154/3747
f 3666/5096/3681 3766/5199/3781 3731/5153/3746
f 3666/5096/3681 3692/5095/3707 3766/5199/3781
f 3575/4925/3590 3574/4924/3589 3767/5200/3782
f 3574/4924/3589 3576/4926/3591 3672/5063/3687
f 3508/5158/3523 3695/5102/3710 3768/5201/3783
f 3671/5062/3686 3769/5202/3784 3770/5203/3785
f 3695/5102/3710 3771/5204/3786 3768/5201/3783
f 3697/5104/3712 3696/5103/3711 3674/5065/3689
f 3674/5065/3689 3772/5205/3787 3610/4978/3625
f 3578/4930/3593 3518/4843/3533 3773/5206/3788
f 3479/4790/3494 3322/4575/3337 3609/4977/3624
f 3061/4225/3075 3774/5207/3789 3278/4521/3293
f 3735/5208/3750 3775/5209/3790 3606/5021/3621
f 3638/5024/3653 3484/4796/3499 3736/5161/3751
f 3484/4796/3499 3700/5107/3715 3736/5161/3751
f 3775/5209/3790 3735/5208/3750 3776/5210/3791
f 3775/5209/3790 3776/5210/3791 3777/5211/3792
f 3778/5212/3793 3776/5213/3791 3735/5160/3750
f 3776/5210/3791 3779/5214/3794 3777/5211/3792
f 3776/5210/3791 3780/5215/3795 3779/5214/3794
f 3781/5216/3796 3700/5107/3715 3743/5169/3758
f 3782/5217/3797 3783/5218/3798 3645/5032/3660
f 3782/5219/3797 3645/5220/3660 3486/5221/3501
f 3783/5218/3798 3703/5110/3718 3645/5032/3660
f 3419/4700/3434 3456/4754/3471 3642/5028/3657
f 3327/4849/3342 3743/5169/3758 3485/4797/3500
f 3580/4933/3595 3784/5222/3799 3744/5170/3759
f 3703/5110/3718 3745/5171/3760 3646/5033/3661
f 3785/5223/3800 3746/5172/3761 3612/4981/3627
f 3785/5223/3800 3612/4981/3627 3705/5173/3720
f 3526/4854/3541 3786/5224/3801 3493/4806/3508
f 3554/4897/3569 3424/4707/3439 3787/5225/3802
f 3017/4269/3030 3788/5226/3803 2949/5227/2960
f 3751/5178/3766 3380/4650/3394 3789/5228/3804
f 3334/4593/3349 3556/4899/3571 3752/5179/3767
f 3790/5229/3805 3710/5123/3725 3462/4762/3477
f 3383/4654/3397 3754/5182/3769 3497/4810/3512
f 2974/4401/2985 3791/5230/3806 3586/4941/3601
f 3144/4353/3159 3530/4862/3545 3756/5184/3771
f 3652/5039/3667 3681/5076/3696 3792/5231/3807
f 3534/5130/3549 3627/5005/3642 3716/5131/3731
f 3716/5131/3731 3627/5005/3642 3393/5004/3407
f 3717/5133/3732 3655/5043/3670 3793/5232/3808
f 3656/5047/3671 3722/5138/3737 3758/5233/3773
f 3719/5135/3734 3761/5190/3776 3591/4949/3606
f 3760/5189/3775 3761/5190/3776 3719/5135/3734
f 3720/5136/3735 3726/5142/3741 3630/5042/3645
f 3725/5141/3740 3794/5234/3809 3724/5140/3739
f 3596/4955/3611 3727/5143/3742 3592/4951/3607
f 3630/5042/3645 3726/5142/3741 3570/5084/3585
f 3568/4917/3583 3795/5235/3810 3538/4874/3553
f 3727/5143/3742 3658/5048/3673 3763/5192/3778
f 3796/5236/3811 3729/5146/3744 3633/5237/3648
f 3687/5145/3702 3728/5144/3743 3663/5054/3678
f 3796/5238/3811 3633/5011/3648 3764/5193/3779
f 3764/5193/3779 3633/5011/3648 3688/5087/3703
f 3539/4875/3554 3661/5052/3676 3764/5193/3779
f 3689/5088/3704 3691/5091/3706 3403/4923/3417
f 3635/5014/3650 3797/5239/3812 3730/5149/3745
f 3449/4970/3464 3732/5154/3747 3670/5061/3685
f 3604/4968/3619 3670/5061/3685 3636/5157/3651
f 3574/4924/3589 3672/5063/3687 3767/5200/3782
f 3636/5016/3651 3769/5202/3784 3671/5062/3686
f 3671/5062/3686 3770/5203/3785 3696/5103/3711
f 3769/5202/3784 3798/5240/3813 3770/5203/3785
f 3695/5102/3710 3698/5105/3713 3736/5161/3751
f 3799/5241/3814 3800/5242/3815 3610/4978/3625
f 3610/4978/3625 3772/5205/3787 3799/5241/3814
f 3610/4978/3625 3800/5242/3815 3637/5020/3652
f 3674/5065/3689 3696/5103/3711 3772/5205/3787
f 3545/4888/3560 3479/4790/3494 3801/5243/3816
f 3479/4790/3494 3609/4977/3624 3801/5243/3816
f 3547/4890/3562 3481/4792/3496 3738/5163/3753
f 3699/5106/3714 3742/5168/3757 3482/4794/3497
f 3742/5168/3757 3701/5108/3716 3418/4699/3433
f 3785/5223/3800 3705/5173/3720 3802/5244/3817
f 3168/4387/3183 3490/4802/3505 3552/4895/3567
f 3378/4647/3392 3582/4936/3597 3678/5071/3693
f 3423/4706/3438 3492/4805/3507 3803/5245/3818
f 3749/5246/3764 3750/5177/3765 3290/4534/3305
f 3379/4648/3393 3750/5177/3765 3583/4937/3598
f 3525/4853/3540 3804/5247/3819 3526/4854/3541
f 3380/4650/3394 3494/4807/3509 3789/5228/3804
f 3711/5248/3726 3805/5249/3820 3495/4991/3510
f 3293/4940/3308 3753/5181/3768 3556/4899/3571
f 3558/4902/3573 3176/4397/3191 3806/5250/3821
f 3558/4902/3573 3807/5251/3822 3529/4858/3544
f 3529/4858/3544 3807/5251/3822 3679/5073/3694
f 3808/5252/3823 3809/5253/3824 3620/5254/3635
f 3563/5129/3578 3808/5252/3823 3620/5254/3635
f 3586/4941/3601 3791/5230/3806 3810/5255/3825
f 3531/4863/3546 3791/5230/3806 2974/4401/2985
f 3811/5256/3826 3562/4908/3577 3715/5128/3730
f 3812/5257/3827 3622/4996/3637 3385/4656/3399
f 3564/4911/3579 3562/4908/3577 3811/5256/3826
f 3813/5258/3828 3652/5259/3667 3792/5260/3807
f 3813/5258/3828 3627/5005/3642 3534/5130/3549
f 3655/5043/3670 3592/4951/3607 3793/5232/3808
f 3721/5137/3736 3657/5046/3672 3759/5188/3774
f 3591/4949/3606 3761/5190/3776 3759/5188/3774
f 3684/5080/3699 3683/5079/3698 3794/5234/3809
f 3759/5188/3774 3761/5190/3776 3814/5261/3829
f 3794/5234/3809 3725/5141/3740 3684/5080/3699
f 3761/5190/3776 3729/5146/3744 3814/5261/3829
f 3729/5146/3744 3796/5236/3811 3814/5261/3829
f 3661/5052/3676 3796/5238/3811 3764/5193/3779
f 3686/5082/3701 3690/5089/3705 3815/5262/3830
f 3635/5195/3650 3693/5100/3708 3797/5263/3812
f 3816/5264/3831 3664/5265/3679 3817/5266/3832
f 3664/5152/3679 3731/5153/3746 3817/5267/3832
f 3731/5268/3746 3766/5269/3781 3817/5270/3832
f 3818/5271/3833 3819/5272/3834 3692/5198/3707
f 3819/5272/3834 3766/5273/3781 3692/5198/3707
f 3356/4620/3371 3820/5274/3835 3511/4835/3526
f 3767/5200/3782 3733/5156/3748 3575/4925/3590
f 3767/5200/3782 3821/5275/3836 3733/5156/3748
f 3766/5269/3781 3819/5276/3834 3822/5277/3837
f 3767/5200/3782 3672/5063/3687 3821/5275/3836
f 3508/5099/3523 3768/5278/3783 3823/5279/3838
f 3478/4789/3493 3824/5280/3839 3153/4365/3168
f 3822/5277/3837 3825/5281/3840 3817/5270/3832
f 3817/5270/3832 3766/5269/3781 3822/5277/3837
f 3769/5202/3784 3800/5242/3815 3798/5240/3813
f 3770/5203/3785 3798/5240/3813 3696/5103/3711
f 3578/4930/3593 3773/5206/3788 3672/5063/3687
f 3798/5240/3813 3800/5242/3815 3799/5241/3814
f 3695/5102/3710 3736/5161/3751 3771/5204/3786
f 3673/5064/3688 3735/5160/3750 3577/4927/3592
f 3545/4887/3560 3801/5282/3816 3478/4789/3493
f 3285/5023/3300 3737/5162/3752 3277/4520/3292
f 3606/5021/3621 3699/5106/3714 3675/5066/3690
f 3606/5021/3621 3775/5209/3790 3699/5106/3714
f 3739/5166/3754 3741/5167/3756 3521/4847/3536
f 3700/5107/3715 3826/5283/3841 3736/5161/3751
f 3777/5211/3792 3827/5284/3842 3775/5209/3790
f 3828/5285/3843 3829/5286/3844 3830/5287/3845
f 3778/5212/3793 3831/5288/3846 3776/5213/3791
f 3829/5286/3844 3828/5285/3843 3781/5216/3796
f 3777/5211/3792 3779/5214/3794 3827/5284/3842
f 3780/5215/3795 3832/5289/3847 3779/5214/3794
f 3641/5027/3656 3744/5170/3759 3833/5290/3848
f 3743/5291/3758 3327/4581/3342 3834/5292/3849
f 3327/4581/3342 3611/4980/3626 3834/5292/3849
f 3580/4933/3595 3746/5172/3761 3784/5222/3799
f 3835/5293/3850 3785/5223/3800 3802/5244/3817
f 3746/5172/3761 3785/5223/3800 3835/5293/3850
f 3836/5294/3851 3704/5112/3719 3613/5111/3628
f 3329/5295/3344 3677/5070/3692 3201/5116/3216
f 3287/4530/3302 3376/4642/3390 3375/5069/3389
f 3459/4759/3474 3837/5296/3852 3838/5297/3853
f 3804/5247/3819 3786/5224/3801 3526/4854/3541
f 3804/5247/3819 3525/4853/3540 3583/4937/3598
f 3839/5298/3854 3291/4588/3306 2949/4062/2960
f 3840/5299/3855 3424/4707/3439 3140/4344/3155
f 3788/5226/3803 3017/4269/3030 3708/5121/3723
f 3805/5249/3820 3711/5248/3726 3710/5300/3725
f 3463/4763/3478 3335/4594/3350 3618/4990/3633
f 3841/5301/3856 3712/5125/3727 3713/5126/3728
f 3712/5125/3727 3559/4903/3574 3713/5126/3728
f 3430/4713/3445 3561/4905/3576 3527/4856/3542
f 3810/5255/3825 3530/4861/3545 3586/4941/3601
f 3842/5302/3857 2992/4131/3005 3756/5184/3771
f 3651/5038/3666 3622/4996/3637 3812/5257/3827
f 3812/5257/3827 3385/4656/3399 3242/4484/3257
f 3813/5303/3828 3653/5040/3668 3652/5039/3667
f 3813/5303/3828 3534/4868/3549 3653/5040/3668
f 3654/5041/3669 3627/5005/3642 3843/5304/3858
f 3682/5078/3697 3588/4945/3603 3758/5187/3773
f 3683/5079/3698 3717/5133/3732 3794/5234/3809
f 3844/5305/3859 3793/5232/3808 3592/4951/3607
f 3718/5134/3733 3795/5235/3810 3568/4917/3583
f 3592/4951/3607 3727/5143/3742 3844/5305/3859
f 3724/5140/3739 3794/5234/3809 3762/5191/3777
f 3845/5306/3860 3538/4874/3553 3795/5235/3810
f 3538/4874/3553 3845/5306/3860 3661/5052/3676
f 3815/5262/3830 3763/5192/3778 3686/5082/3701
f 3730/5196/3745 3797/5263/3812 3765/5197/3780
f 3797/5263/3812 3693/5100/3708 3823/5279/3838
f 3693/5100/3708 3508/5099/3523 3823/5279/3838
f 3692/5198/3707 3765/5197/3780 3818/5271/3833
f 3448/4740/3463 3846/5307/3861 3847/5308/3862
f 3448/4740/3463 3541/4880/3556 3846/5307/3861
f 3507/5015/3522 3733/5309/3748 3603/4965/3618
f 2918/4014/2928 3509/4832/3524 3669/5155/3684
f 3819/5272/3834 3818/5271/3833 3848/5310/3863
f 3848/5310/3863 3818/5271/3833 3849/5311/3864
f 3850/5312/3865 3768/5201/3783 3851/5313/3866
f 3798/5240/3813 3799/5241/3814 3696/5103/3711
f 3799/5241/3814 3772/5205/3787 3696/5103/3711
f 3822/5277/3837 3852/5314/3867 3825/5281/3840
f 3518/4843/3533 3738/5163/3753 3773/5206/3788
f 3825/5281/3840 3778/5212/3793 3853/5315/3868
f 3774/5207/3789 3854/5316/3869 3278/4521/3293
f 3855/5317/3870 3778/5212/3793 3735/5160/3750
f 3855/5317/3870 3853/5315/3868 3778/5212/3793
f 3278/4521/3293 3854/5316/3869 3548/4891/3563
f 3771/5204/3786 3826/5283/3841 3828/5285/3843
f 3825/5281/3840 3856/5318/3871 3778/5212/3793
f 3825/5281/3840 3852/5314/3867 3856/5318/3871
f 3520/4846/3535 3740/5165/3755 3739/5164/3754
f 3228/4464/3243 3857/5319/3872 3740/5165/3755
f 3856/5318/3871 3831/5288/3846 3778/5212/3793
f 3851/5313/3866 3828/5285/3843 3830/5287/3845
f 3830/5287/3845 3858/5320/3873 3851/5313/3866
f 3828/5285/3843 3826/5283/3841 3781/5216/3796
f 3826/5283/3841 3700/5107/3715 3781/5216/3796
f 3776/5210/3791 3831/5321/3846 3780/5215/3795
f 3779/5214/3794 3859/5322/3874 3827/5284/3842
f 3742/5168/3757 3860/5323/3875 3701/5108/3716
f 3830/5287/3845 3861/5324/3876 3644/5325/3659
f 3862/5326/3877 3863/5327/3878 3641/5027/3656
f 3701/5108/3716 3860/5323/3875 3456/4754/3471
f 3782/5219/3797 3486/5221/3501 3864/5328/3879
f 3486/5030/3501 3643/5029/3658 3864/5329/3879
f 3456/4754/3471 3865/5330/3880 3642/5028/3657
f 3834/5292/3849 3611/4980/3626 3581/4934/3596
f 3835/5293/3850 3802/5244/3817 3866/5331/3881
f 3866/5331/3881 3746/5172/3761 3835/5293/3850
f 3677/5070/3692 3615/4986/3630 3647/5034/3662
f 3837/5296/3852 3458/4758/3473 3615/5117/3630
f 3867/5332/3882 3490/4802/3505 3616/4988/3631
f 3868/5333/3883 3204/4437/3219 3459/4759/3474
f 3582/5072/3597 3423/4706/3438 3869/5334/3884
f 3708/5121/3723 3555/4898/3570 3870/5335/3885
f 3790/5229/3805 3871/5336/3886 3710/5123/3725
f 3495/4991/3510 3872/5337/3887 3618/4990/3633
f 3805/5249/3820 3872/5337/3887 3495/4991/3510
f 3650/5037/3665 3873/5338/3888 3755/5183/3770
f 3679/5073/3694 3807/5251/3822 3754/5182/3769
f 3713/5126/3728 3587/4942/3602 3714/5127/3729
f 3755/5183/3770 3874/5339/3889 3621/4994/3636
f 3530/4862/3545 3810/5340/3825 3756/5184/3771
f 3810/5340/3825 3842/5302/3857 3756/5184/3771
f 3813/5258/3828 3843/5304/3858 3627/5005/3642
f 3875/5341/3890 3758/5187/3773 3722/5342/3737
f 3722/5342/3737 3876/5343/3891 3877/5344/3892
f 3722/5342/3737 3759/5345/3774 3876/5343/3891
f 3795/5235/3810 3876/5343/3891 3845/5306/3860
f 3814/5346/3829 3796/5238/3811 3876/5343/3891
f 3796/5238/3811 3661/5052/3676 3845/5306/3860
f 3664/5055/3679 3815/5262/3830 3690/5089/3705
f 3667/5092/3682 3878/5347/3893 3668/5348/3683
f 3816/5264/3831 3817/5266/3832 3879/5349/3894
f 3880/5350/3895 3849/5311/3864 3818/5271/3833
f 3506/4828/3521 3855/5317/3870 3673/5064/3688
f 3817/5270/3832 3825/5281/3840 3879/5351/3894
f 3511/4835/3526 3820/5274/3835 3409/4690/3424
f 3672/5063/3687 3773/5206/3788 3881/5352/3896
f 3855/5317/3870 3735/5160/3750 3673/5064/3688
f 3819/5272/3834 3848/5310/3863 3822/5353/3837
f 3881/5352/3896 3773/5206/3788 3882/5354/3897
f 3768/5201/3783 3771/5204/3786 3851/5313/3866
f 3822/5277/3837 3848/5355/3863 3852/5314/3867
f 3771/5204/3786 3736/5161/3751 3826/5283/3841
f 3828/5285/3843 3851/5313/3866 3771/5204/3786
f 3481/4792/3496 3741/5167/3756 3738/5163/3753
f 3883/5356/3898 3413/4694/3428 3548/4891/3563
f 3857/5319/3872 3228/4464/3243 3413/4694/3428
f 3775/5209/3790 3827/5284/3842 3699/5106/3714
f 3856/5318/3871 3884/5357/3899 3831/5288/3846
f 3782/5219/3797 3884/5357/3899 3856/5318/3871
f 3827/5284/3842 3860/5323/3875 3699/5106/3714
f 3856/5318/3871 3783/5358/3798 3782/5219/3797
f 3699/5106/3714 3860/5323/3875 3742/5168/3757
f 3783/5358/3798 3856/5318/3871 3833/5359/3848
f 3831/5321/3846 3832/5289/3847 3780/5215/3795
f 3781/5216/3796 3885/5360/3900 3829/5286/3844
f 3830/5287/3845 3829/5286/3844 3861/5324/3876
f 3863/5327/3878 3702/5109/3717 3641/5027/3656
f 3858/5320/3873 3644/5325/3659 3863/5361/3878
f 3858/5320/3873 3830/5287/3845 3644/5325/3659
f 3781/5216/3796 3743/5169/3758 3885/5360/3900
f 3745/5171/3760 3703/5110/3718 3886/5362/3901
f 3887/5363/3902 3836/5294/3851 3888/5364/3903
f 3784/5222/3799 3746/5172/3761 3866/5331/3881
f 3745/5365/3760 3836/5294/3851 3613/5111/3628
f 3888/5364/3903 3836/5294/3851 3745/5365/3760
f 3614/4984/3629 3375/4983/3389 3889/5366/3904
f 3747/5174/3762 3422/4705/3437 3552/4895/3567
f 3890/5367/3905 3491/4804/3506 3648/5035/3663
f 3803/5245/3818 3869/5334/3884 3423/4706/3438
f 3205/4649/3220 3172/4391/3187 3649/5036/3664
f 3649/5368/3664 3291/5369/3306 3891/5370/3906
f 3839/5371/3854 2949/5227/2960 3788/5226/3803
f 3787/5225/3802 3584/4938/3599 3554/4897/3569
f 3789/5228/3804 3494/4807/3509 3752/5179/3767
f 3790/5229/3805 3462/4762/3477 3709/5122/3724
f 3892/5372/3907 3872/5337/3887 3805/5249/3820
f 3809/5373/3824 3680/5074/3695 3620/4993/3635
f 3497/4810/3512 3893/5374/3908 3179/4400/3194
f 3893/5374/3908 3531/4863/3546 3179/4400/3194
f 3894/5375/3909 3813/5258/3828 3792/5260/3807
f 3895/5376/3910 3792/5231/3807 3681/5076/3696
f 3896/5377/3911 3182/4405/3197 3181/4404/3196
f 3722/5342/3737 3897/5378/3912 3875/5341/3890
f 3793/5232/3808 3794/5234/3809 3717/5133/3732
f 3759/5345/3774 3814/5346/3829 3876/5343/3891
f 3728/5144/3743 3762/5191/3777 3794/5234/3809
f 3844/5305/3859 3727/5143/3742 3763/5192/3778
f 3845/5306/3860 3876/5343/3891 3796/5238/3811
f 3689/5088/3704 3898/5379/3913 3691/5091/3706
f 3899/5380/3914 3878/5347/3893 3667/5092/3682
f 3797/5263/3812 3823/5279/3838 3765/5197/3780
f 3668/5381/3683 3878/5382/3893 3506/4828/3521
f 3878/5382/3893 3855/5317/3870 3506/4828/3521
f 3880/5350/3895 3765/5197/3780 3823/5279/3838
f 3765/5197/3780 3880/5350/3895 3818/5271/3833
f 3900/5383/3915 3603/4965/3618 3733/5309/3748
f 3901/5384/3916 3820/5274/3835 3356/4620/3371
f 3694/5101/3709 3153/4365/3168 3824/5280/3839
f 3880/5350/3895 3902/5385/3917 3849/5311/3864
f 3773/5206/3788 3738/5163/3753 3882/5354/3897
f 3849/5311/3864 3902/5385/3917 3848/5310/3863
f 3734/5386/3749 3737/5162/3752 3285/5023/3300
f 3852/5314/3867 3833/5359/3848 3856/5318/3871
f 3858/5320/3873 3863/5361/3878 3851/5313/3866
f 3831/5288/3846 3884/5357/3899 3864/5328/3879
f 3862/5326/3877 3641/5027/3656 3833/5290/3848
f 3782/5219/3797 3864/5328/3879 3884/5357/3899
f 3833/5387/3848 3703/5110/3718 3783/5218/3798
f 3779/5214/3794 3903/5388/3918 3859/5322/3874
f 3863/5327/3878 3644/5031/3659 3702/5109/3717
f 3904/5389/3919 3456/4754/3471 3860/5323/3875
f 3829/5286/3844 3885/5360/3900 3861/5324/3876
f 3861/5390/3876 3905/5391/3920 3644/5031/3659
f 3743/5169/3758 3834/5392/3849 3885/5360/3900
f 3905/5391/3920 3581/4934/3596 3644/5031/3659
f 3905/5391/3920 3834/5292/3849 3581/4934/3596
f 3906/5393/3921 3907/5394/3922 3887/5363/3902
f 3887/5363/3902 3888/5364/3903 3745/5365/3760
f 3887/5363/3902 3907/5394/3922 3836/5294/3851
f 3802/5244/3817 3705/5173/3720 3908/5395/3923
f 3705/5114/3720 3487/4799/3502 3909/5396/3924
f 3487/4799/3502 3614/4984/3629 3909/5396/3924
f 3376/4757/3390 3748/5175/3763 3375/4983/3389
f 3615/4986/3630 3677/5070/3692 3910/5397/3925
f 3748/5175/3763 3747/5174/3762 3552/4895/3567
f 3458/4758/3473 3837/5296/3852 3459/4759/3474
f 3648/5035/3663 3204/4437/3219 3890/5367/3905
f 3911/5398/3926 3617/4989/3632 3491/4804/3506
f 3492/4805/3507 3706/5118/3721 3803/5245/3818
f 3750/5177/3765 3912/5399/3927 3583/4937/3598
f 3912/5399/3927 3804/5247/3819 3583/4937/3598
f 3291/5369/3306 3839/5371/3854 3891/5370/3906
f 3140/4344/3155 3751/5178/3766 3840/5299/3855
f 3618/4990/3633 3872/5337/3887 3463/4763/3478
f 3528/4857/3543 3913/5400/3928 3650/5037/3665
f 3650/5037/3665 3913/5400/3928 3873/5338/3888
f 3558/4902/3573 3806/5250/3821 3807/5251/3822
f 3873/5338/3888 3914/5401/3929 3755/5183/3770
f 3754/5182/3769 3915/5402/3930 3497/4810/3512
f 3755/5183/3770 3916/5403/3931 3874/5339/3889
f 3874/5339/3889 3715/5404/3730 3621/4994/3636
f 3917/5405/3932 3561/5406/3576 3918/5407/3933
f 3561/5406/3576 3651/5408/3666 3918/5407/3933
f 3919/5409/3934 3842/5410/3857 3810/5411/3825
f 3843/5304/3858 3813/5258/3828 3894/5375/3909
f 3242/4484/3257 3432/4717/3447 3812/5257/3827
f 3624/4998/3639 3895/5376/3910 3681/5076/3696
f 3843/5304/3858 3920/5412/3935 3654/5041/3669
f 3432/4717/3447 3625/4999/3640 3535/4870/3550
f 3920/5412/3935 3626/5002/3641 3654/5041/3669
f 3896/5377/3911 3718/5134/3733 3182/4405/3197
f 3682/5078/3697 3758/5187/3773 3875/5341/3890
f 3897/5378/3912 3722/5342/3737 3877/5344/3892
f 3921/5413/3936 3795/5235/3810 3718/5134/3733
f 3922/5414/3937 3795/5235/3810 3921/5413/3936
f 3922/5414/3937 3877/5344/3892 3795/5235/3810
f 3877/5344/3892 3876/5343/3891 3795/5235/3810
f 3663/5054/3678 3923/5415/3938 3689/5088/3704
f 3815/5262/3830 3664/5055/3679 3816/5416/3831
f 3691/5091/3706 3899/5380/3914 3667/5092/3682
f 3823/5279/3838 3768/5278/3783 3880/5350/3895
f 3356/4620/3371 3603/4965/3618 3901/5384/3916
f 3768/5278/3783 3850/5417/3865 3880/5350/3895
f 3825/5281/3840 3853/5315/3868 3879/5351/3894
f 3821/5275/3836 3672/5063/3687 3881/5352/3896
f 3853/5315/3868 3855/5317/3870 3924/5418/3939
f 3850/5417/3865 3902/5385/3917 3880/5350/3895
f 3850/5417/3865 3925/5419/3940 3902/5385/3917
f 3926/5420/3941 3609/4977/3624 3737/5162/3752
f 3848/5310/3863 3902/5385/3917 3925/5419/3940
f 3927/5421/3942 3548/4891/3563 3854/5316/3869
f 3741/5167/3756 3739/5166/3754 3738/5163/3753
f 3739/5422/3754 3740/5423/3755 3738/5424/3753
f 3852/5425/3867 3848/5310/3863 3833/5426/3848
f 3925/5419/3940 3833/5426/3848 3848/5310/3863
f 3928/5427/3943 3857/5319/3872 3413/4694/3428
f 3925/5428/3940 3863/5361/3878 3833/5429/3848
f 3833/5290/3848 3863/5327/3878 3862/5326/3877
f 3860/5323/3875 3827/5284/3842 3859/5322/3874
f 3860/5323/3875 3859/5322/3874 3904/5389/3919
f 3864/5329/3879 3832/5289/3847 3831/5321/3846
f 3779/5214/3794 3832/5289/3847 3903/5388/3918
f 3864/5329/3879 3643/5029/3658 3929/5430/3944
f 3643/5029/3658 3642/5028/3657 3929/5430/3944
f 3885/5360/3900 3905/5431/3920 3861/5324/3876
f 3834/5292/3849 3905/5391/3920 3885/5432/3900
f 3886/5433/3901 3906/5393/3921 3745/5365/3760
f 3744/5170/3759 3784/5222/3799 3930/5434/3945
f 3906/5393/3921 3887/5363/3902 3745/5365/3760
f 3866/5331/3881 3931/5435/3946 3784/5222/3799
f 3866/5331/3881 3802/5244/3817 3932/5436/3947
f 3907/5394/3922 3933/5437/3948 3836/5294/3851
f 3836/5294/3851 3933/5437/3948 3704/5112/3719
f 3489/5438/3504 3933/5439/3948 3676/5440/3691
f 3489/5115/3504 3704/5112/3719 3933/5437/3948
f 3676/5440/3691 3933/5439/3948 3934/5441/3949
f 3375/4983/3389 3935/5442/3950 3889/5366/3904
f 3615/4986/3630 3910/5397/3925 3936/5443/3951
f 3459/4759/3474 3838/5297/3853 3868/5333/3883
f 3491/4804/3506 3890/5367/3905 3911/5398/3926
f 3460/4760/3475 3205/4438/3220 3937/5444/3952
f 3937/5445/3952 3707/5120/3722 3460/5119/3475
f 3555/4900/3570 3619/4992/3634 3938/5446/3953
f 3753/5181/3768 3939/5447/3954 3556/4899/3571
f 3619/4992/3634 3712/5125/3727 3940/5448/3955
f 3528/4857/3543 3557/4901/3572 3941/5449/3956
f 3713/5126/3728 3714/5127/3729 3841/5301/3856
f 2992/4132/3005 3896/5377/3911 3386/4657/3400
f 3564/4911/3579 3811/5256/3826 3757/5185/3772
f 3386/4657/3400 3896/5377/3911 3181/4404/3196
f 3920/5412/3935 3535/5000/3550 3626/5002/3641
f 3897/5378/3912 3877/5344/3892 3922/5414/3937
f 3794/5234/3809 3793/5232/3808 3942/5450/3957
f 3793/5232/3808 3844/5305/3859 3942/5450/3957
f 3794/5234/3809 3923/5415/3938 3728/5144/3743
f 3844/5305/3859 3763/5192/3778 3943/5451/3958
f 3728/5144/3743 3923/5415/3938 3663/5054/3678
f 3763/5192/3778 3815/5262/3830 3944/5452/3959
f 3689/5088/3704 3945/5453/3960 3898/5379/3913
f 3878/5382/3893 3899/5454/3914 3855/5317/3870
f 3226/4462/3241 3946/5455/3961 3509/4832/3524
f 3732/5154/3747 3947/5456/3962 3670/5061/3685
f 3670/5061/3685 3947/5456/3962 3636/5157/3651
f 3879/5351/3894 3853/5315/3868 3924/5418/3939
f 3478/4789/3493 3801/5282/3816 3824/5280/3839
f 3800/5242/3815 3948/5457/3963 3637/5020/3652
f 3637/5020/3652 3948/5457/3963 3734/5159/3749
f 3737/5162/3752 3734/5386/3749 3949/5458/3964
f 3850/5312/3865 3851/5313/3866 3925/5428/3940
f 3883/5356/3898 3928/5427/3943 3413/4694/3428
f 3851/5313/3866 3863/5361/3878 3925/5428/3940
f 3833/5387/3848 3886/5362/3901 3703/5110/3718
f 3833/5290/3848 3744/5170/3759 3886/5459/3901
f 3904/5389/3919 3865/5330/3880 3456/4754/3471
f 3642/5028/3657 3865/5330/3880 3929/5430/3944
f 3950/5460/3965 3907/5394/3922 3906/5393/3921
f 3930/5434/3945 3931/5435/3946 3951/5461/3966
f 3951/5461/3966 3931/5435/3946 3932/5436/3947
f 3930/5434/3945 3784/5222/3799 3931/5435/3946
f 3931/5435/3946 3866/5331/3881 3932/5436/3947
f 3615/4986/3630 3936/5443/3951 3837/5462/3852
f 3490/4802/3505 3867/5332/3882 3552/4895/3567
f 3867/5332/3882 3616/4988/3631 3952/5463/3967
f 3953/5464/3968 3332/4591/3347 3461/4855/3476
f 3555/4898/3570 3954/5465/3969 3955/5466/3970
f 3555/4898/3570 3938/5467/3953 3954/5465/3969
f 3556/4899/3571 3939/5447/3954 3752/5179/3767
f 3805/5249/3820 3956/5468/3971 3892/5372/3907
f 3753/5181/3768 3957/5469/3972 3939/5447/3954
f 3958/5470/3973 3806/5250/3821 3176/4397/3191
f 3753/5181/3768 3527/5180/3542 3957/5469/3972
f 3680/5074/3695 3959/5471/3974 3714/5127/3729
f 3680/5074/3695 3809/5373/3824 3959/5471/3974
f 3531/4863/3546 3893/5374/3908 3960/5472/3975
f 3531/4863/3546 3960/5472/3975 3791/5230/3806
f 3842/5410/3857 3896/5377/3911 2992/4132/3005
f 3894/5375/3909 3961/5473/3976 3843/5304/3858
f 3894/5375/3909 3962/5474/3977 3961/5473/3976
f 3432/4717/3447 3963/5475/3978 3812/5257/3827
f 3757/5185/3772 3811/5256/3826 3624/4998/3639
f 3964/5476/3979 3921/5413/3936 3718/5134/3733
f 3965/5477/3980 3922/5414/3937 3921/5413/3936
f 3794/5234/3809 3942/5450/3957 3923/5415/3938
f 3763/5192/3778 3944/5452/3959 3943/5451/3958
f 3689/5088/3704 3923/5415/3938 3945/5453/3960
f 3898/5379/3913 3899/5380/3914 3691/5091/3706
f 3541/4880/3556 3966/5478/3981 3967/5479/3982
f 3821/5275/3836 3968/5480/3983 3733/5156/3748
f 3801/5282/3816 3969/5481/3984 3824/5280/3839
f 3970/5482/3985 3774/5207/3789 3061/4225/3075
f 3865/5330/3880 3904/5389/3919 3859/5322/3874
f 3903/5388/3918 3832/5289/3847 3859/5322/3874
f 3859/5322/3874 3832/5289/3847 3865/5330/3880
f 3744/5170/3759 3930/5434/3945 3886/5459/3901
f 3971/5483/3986 3951/5484/3966 3972/5485/3987
f 3971/5483/3986 3950/5460/3965 3906/5393/3921
f 3972/5485/3987 3950/5460/3965 3971/5483/3986
f 3972/5485/3987 3951/5484/3966 3932/5486/3947
f 3907/5394/3922 3950/5460/3965 3973/5487/3988
f 3705/5114/3720 3909/5396/3924 3908/5488/3923
f 3614/4984/3629 3974/5489/3989 3909/5396/3924
f 3974/5489/3989 3614/4984/3629 3889/5366/3904
f 3910/5397/3925 3677/5070/3692 3975/5490/3990
f 3867/5332/3882 3976/5491/3991 3552/4895/3567
f 3582/4936/3597 3977/5492/3992 3678/5071/3693
f 3493/4806/3508 3786/5224/3801 3706/5118/3721
f 3584/4938/3599 3978/5493/3993 3709/5122/3724
f 3709/5122/3724 3978/5493/3993 3979/5494/3994
f 3555/4898/3570 3955/5466/3970 3870/5335/3885
f 3752/5179/3767 3980/5495/3995 3789/5228/3804
f 3710/5300/3725 3871/5496/3886 3805/5249/3820
f 3712/5125/3727 3841/5301/3856 3940/5448/3955
f 3755/5183/3770 3914/5401/3929 3916/5403/3931
f 3919/5409/3934 3981/5497/3996 3842/5410/3857
f 3894/5375/3909 3982/5498/3997 3962/5474/3977
f 3792/5260/3807 3982/5498/3997 3894/5375/3909
f 3961/5473/3976 3920/5412/3935 3843/5304/3858
f 3983/5499/3998 3682/5078/3697 3875/5341/3890
f 3624/4998/3639 3811/5256/3826 3895/5376/3910
f 3535/4870/3550 3963/5475/3978 3432/4717/3447
f 3896/5377/3911 3984/5500/3999 3718/5134/3733
f 3942/5450/3957 3943/5451/3958 3923/5415/3938
f 3943/5451/3958 3942/5450/3957 3844/5305/3859
f 3944/5452/3959 3815/5262/3830 3945/5453/3960
f 3815/5262/3830 3816/5416/3831 3945/5453/3960
f 3945/5501/3960 3816/5264/3831 3879/5349/3894
f 3899/5454/3914 3924/5418/3939 3855/5317/3870
f 3985/5502/4000 3879/5351/3894 3924/5418/3939
f 3900/5383/3915 3901/5384/3916 3603/4965/3618
f 3948/5457/3963 3800/5242/3815 3769/5202/3784
f 3548/4891/3563 3927/5421/3942 3883/5356/3898
f 3928/5427/3943 3740/5165/3755 3857/5319/3872
f 3832/5289/3847 3864/5329/3879 3865/5330/3880
f 3864/5329/3879 3929/5430/3944 3865/5330/3880
f 3886/5433/3901 3971/5483/3986 3906/5393/3921
f 3951/5484/3966 3971/5483/3986 3930/5503/3945
f 3950/5460/3965 3972/5485/3987 3986/5504/4001
f 3972/5485/3987 3932/5486/3947 3986/5504/4001
f 3907/5505/3922 3973/5506/3988 3987/5507/4002
f 3802/5244/3817 3908/5395/3923 3932/5436/3947
f 3907/5505/3922 3987/5507/4002 3933/5439/3948
f 3329/5295/3344 3988/5508/4003 3677/5070/3692
f 3935/5442/3950 3375/4983/3389 3748/5175/3763
f 3552/4895/3567 3976/5491/3991 3989/5509/4004
f 3582/4936/3597 3869/5510/3884 3990/5511/4005
f 3582/4936/3597 3990/5511/4005 3977/5492/3992
f 3649/5368/3664 3937/5445/3952 3205/5512/3220
f 3424/4707/3439 3840/5299/3855 3787/5225/3802
f 3991/5513/4006 3708/5121/3723 3870/5335/3885
f 3979/5494/3994 3790/5229/3805 3709/5122/3724
f 3805/5249/3820 3871/5496/3886 3956/5468/3971
f 3938/5446/3953 3619/4992/3634 3940/5448/3955
f 3892/5372/3907 3956/5468/3971 3872/5337/3887
f 3872/5337/3887 3992/5514/4007 3463/4763/3478
f 3714/5127/3729 3959/5471/3974 3993/5515/4008
f 3754/5182/3769 3807/5251/3822 3915/5402/3930
f 3563/5129/3578 3994/5516/4009 3808/5252/3823
f 3915/5402/3930 3893/5374/3908 3497/4810/3512
f 3994/5516/4009 3682/5078/3697 3983/5499/3998
f 3964/5476/3979 3718/5134/3733 3984/5500/3999
f 3965/5477/3980 3921/5413/3936 3964/5476/3979
f 3875/5341/3890 3897/5378/3912 3965/5477/3980
f 3965/5477/3980 3897/5378/3912 3922/5414/3937
f 3943/5451/3958 3944/5452/3959 3923/5415/3938
f 3944/5452/3959 3945/5453/3960 3923/5415/3938
f 3945/5453/3960 3899/5380/3914 3898/5379/3913
f 3899/5380/3914 3945/5453/3960 3985/5517/4000
f 3879/5349/3894 3985/5518/4000 3945/5501/3960
f 3899/5454/3914 3985/5502/4000 3924/5418/3939
f 3967/5479/3982 3846/5307/3861 3541/4880/3556
f 3995/5519/4010 3948/5457/3963 3769/5202/3784
f 3774/5207/3789 3970/5482/3985 3996/5520/4011
f 3997/5521/4012 3926/5420/3941 3737/5162/3752
f 3886/5433/3901 3930/5503/3945 3971/5483/3986
f 3986/5504/4001 3973/5487/3988 3950/5460/3965
f 3748/5175/3763 3552/4895/3567 3998/5522/4013
f 3998/5522/4013 3552/4895/3567 3989/5509/4004
f 3616/4988/3631 3678/5071/3693 3952/5463/3967
f 3868/5333/3883 3890/5367/3905 3204/4437/3219
f 3788/5226/3803 3708/5121/3723 3991/5513/4006
f 3841/5301/3856 3714/5127/3729 3993/5515/4008
f 3941/5449/3956 3913/5400/3928 3528/4857/3543
f 3913/5400/3928 3914/5401/3929 3873/5338/3888
f 3999/5523/4014 3874/5339/3889 3916/5403/3931
f 3917/5405/3932 3527/5180/3542 3561/5406/3576
f 3983/5499/3998 3875/5341/3890 3965/5477/3980
f 3732/5154/3747 3448/4740/3463 3847/5308/3862
f 3968/5480/3983 3821/5275/3836 4000/5524/4015
f 3636/5016/3651 3995/5519/4010 3769/5202/3784
f 3821/5275/3836 3881/5352/3896 4000/5524/4015
f 3996/5520/4011 4001/5525/4016 3774/5207/3789
f 3948/5457/3963 3949/5526/3964 3734/5159/3749
f 3969/5527/3984 3609/4977/3624 3926/5420/3941
f 3986/5528/4001 3932/5529/3947 4002/5530/4017
f 3986/5528/4001 3987/5507/4002 3973/5506/3988
f 3932/5529/3947 3908/5531/3923 4002/5530/4017
f 3676/5532/3691 3988/5533/4003 3329/5534/3344
f 3676/5532/3691 4003/5535/4018 3988/5533/4003
f 3936/5443/3951 4004/5536/4019 3837/5462/3852
f 3998/5522/4013 3989/5509/4004 4005/5537/4020
f 3976/5491/3991 4005/5537/4020 3989/5509/4004
f 3706/5118/3721 3786/5224/3801 4006/5538/4021
f 3584/4938/3599 3787/5225/3802 3978/5493/3993
f 3840/5299/3855 3751/5178/3766 4007/5539/4022
f 3872/5337/3887 3956/5468/3971 3992/5514/4007
f 3527/5180/3542 4008/5540/4023 3957/5469/3972
f 3563/5129/3578 3682/5078/3697 3994/5516/4009
f 4009/5541/4024 3896/5377/3911 3842/5410/3857
f 3792/5260/3807 3895/5542/3910 3982/5498/3997
f 4010/5543/4025 3984/5500/3999 3896/5377/3911
f 3963/5475/3978 4011/5544/4026 3812/5257/3827
f 4010/5543/4025 3964/5476/3979 3984/5500/3999
f 4011/5544/4026 3963/5475/3978 3535/4870/3550
f 3542/4882/3557 3966/5478/3981 3541/4880/3556
f 3226/4462/3241 4012/5545/4027 3946/5455/3961
f 3900/5383/3915 3733/5309/3748 4013/5546/4028
f 4001/5525/4016 3854/5316/3869 3774/5207/3789
f 3738/5424/3753 4014/5547/4029 4015/5548/4030
f 3740/5165/3755 3928/5427/3943 4016/5549/4031
f 3974/5489/3989 3889/5366/3904 3909/5396/3924
f 3976/5491/3991 3867/5332/3882 4005/5537/4020
f 3804/5247/3819 3912/5399/3927 4017/5550/4032
f 3786/5224/3801 3804/5247/3819 4017/5550/4032
f 3840/5299/3855 4018/5551/4033 3787/5225/3802
f 3789/5228/3804 3980/5495/3995 3751/5178/3766
f 3790/5229/3805 4019/5552/4034 3871/5336/3886
f 3557/4901/3572 3463/4763/3478 3941/5449/3956
f 3841/5301/3856 3993/5515/4008 3940/5448/3955
f 3913/5400/3928 4020/5553/4035 3914/5401/3929
f 3914/5401/3929 4020/5553/4035 3916/5403/3931
f 3981/5497/3996 4009/5541/4024 3842/5410/3857
f 3983/5499/3998 3965/5477/3980 3964/5476/3979
f 3895/5376/3910 3811/5256/3826 4021/5554/4036
f 3920/5412/3935 3961/5473/3976 4022/5555/4037
f 3920/5412/3935 4022/5555/4037 3535/5000/3550
f 3535/5000/3550 4022/5555/4037 4011/5556/4026
f 3900/5383/3915 4013/5546/4028 3901/5384/3916
f 3694/5101/3709 4012/5545/4027 3226/4462/3241
f 3820/5274/3835 4023/5557/4038 3409/4690/3424
f 3636/5157/3651 4024/5558/4039 3995/5559/4010
f 3881/5352/3896 3882/5354/3897 4000/5524/4015
f 3409/4690/3424 3970/5482/3985 3061/4225/3075
f 3996/5520/4011 3970/5482/3985 4025/5560/4040
f 4025/5560/4040 4001/5525/4016 3996/5520/4011
f 3609/4977/3624 3969/5527/3984 3801/5243/3816
f 3738/5163/3753 4015/5561/4030 3882/5354/3897
f 3949/5458/3964 3997/5521/4012 3737/5162/3752
f 3740/5423/3755 4014/5547/4029 3738/5424/3753
f 3986/5528/4001 4002/5530/4017 4026/5562/4041
f 3934/5441/3949 3933/5439/3948 4027/5563/4042
f 3867/5332/3882 3952/5463/3967 4028/5564/4043
f 3868/5333/3883 4029/5565/4044 3890/5367/3905
f 3750/5177/3765 3749/5246/3764 4030/5566/4045
f 3750/5177/3765 4030/5566/4045 3912/5399/3927
f 3891/5370/3906 4031/5567/4046 3649/5368/3664
f 3649/5368/3664 4031/5567/4046 3937/5445/3952
f 3840/5299/3855 4007/5539/4022 4018/5551/4033
f 3870/5335/3885 3955/5466/3970 4032/5568/4047
f 3939/5447/3954 4033/5569/4048 3752/5179/3767
f 3176/4397/3191 3585/4939/3600 3958/5470/3973
f 4020/5553/4035 3999/5523/4014 3916/5403/3931
f 3715/5128/3730 3874/5570/3889 3811/5256/3826
f 3651/5408/3666 4034/5571/4049 3918/5407/3933
f 3962/5474/3977 4034/5572/4049 3961/5473/3976
f 3812/5257/3827 4011/5544/4026 4034/5573/4049
f 3651/5038/3666 3812/5257/3827 4034/5573/4049
f 3961/5473/3976 4034/5572/4049 4022/5555/4037
f 3846/5307/3861 4035/5574/4050 3847/5308/3862
f 4013/5546/4028 4036/5575/4051 3901/5384/3916
f 3733/5309/3748 3968/5576/3983 4013/5546/4028
f 3824/5280/3839 4012/5545/4027 3694/5101/3709
f 3636/5157/3651 3947/5456/3962 4024/5558/4039
f 4025/5560/4040 4037/5577/4052 4001/5525/4016
f 3883/5356/3898 4038/5578/4053 3928/5427/3943
f 3986/5528/4001 4026/5562/4041 3987/5507/4002
f 3933/5439/3948 3987/5507/4002 4039/5579/4054
f 3908/5488/3923 3909/5396/3924 4040/5580/4055
f 3936/5443/3951 4041/5581/4056 4004/5536/4019
f 4005/5537/4020 4042/5582/4057 3998/5522/4013
f 3837/5462/3852 4004/5536/4019 3838/5583/3853
f 3977/5492/3992 4043/5584/4058 3678/5071/3693
f 3990/5511/4005 4043/5584/4058 3977/5492/3992
f 3869/5510/3884 3803/5585/3818 3990/5511/4005
f 3839/5371/3854 4044/5586/4059 3891/5370/3906
f 3751/5178/3766 4045/5587/4060 4007/5539/4022
f 3461/4855/3476 3707/5120/3722 3953/5464/3968
f 3870/5335/3885 4032/5568/4047 3991/5513/4006
f 3751/5178/3766 3980/5495/3995 4045/5587/4060
f 3938/5467/3953 4046/5588/4061 3954/5465/3969
f 3938/5446/3953 3940/5448/3955 4046/5589/4061
f 3992/5514/4007 3956/5468/3971 4047/5590/4062
f 3913/5400/3928 4048/5591/4063 4020/5553/4035
f 3919/5592/3934 3810/5255/3825 3981/5593/3996
f 3896/5377/3911 4009/5541/4024 4010/5543/4025
f 4010/5543/4025 3983/5499/3998 3964/5476/3979
f 3962/5474/3977 4049/5594/4064 4034/5572/4049
f 4022/5555/4037 4034/5572/4049 4011/5556/4026
f 3968/5576/3983 4000/5595/4015 4013/5546/4028
f 3901/5384/3916 4023/5557/4038 3820/5274/3835
f 4001/5525/4016 4050/5596/4065 3854/5316/3869
f 3854/5316/3869 4051/5597/4066 3927/5421/3942
f 3883/5356/3898 3927/5421/3942 4051/5597/4066
f 4002/5530/4017 3908/5531/3923 4040/5598/4055
f 3909/5396/3924 3889/5366/3904 4052/5599/4067
f 3677/5070/3692 3988/5508/4003 3975/5490/3990
f 3998/5522/4013 4053/5600/4068 3748/5175/3763
f 4041/5581/4056 3838/5583/3853 4004/5536/4019
f 3990/5511/4005 3803/5585/3818 4054/5601/4069
f 3991/5513/4006 4032/5568/4047 3788/5226/3803
f 3955/5466/3970 4055/5602/4070 4032/5568/4047
f 3955/5466/3970 3954/5465/3969 4055/5602/4070
f 3953/5464/3968 3585/4939/3600 3332/4591/3347
f 3954/5465/3969 4056/5603/4071 4055/5602/4070
f 3940/5448/3955 3959/5471/3974 4057/5604/4072
f 3959/5471/3974 3940/5448/3955 3993/5515/4008
f 4020/5553/4035 4048/5591/4063 3999/5523/4014
f 4008/5540/4023 3527/5180/3542 3917/5405/3932
f 3807/5251/3822 4058/5605/4073 3915/5402/3930
f 3915/5402/3930 4059/5606/4074 3893/5374/3908
f 3810/5255/3825 4060/5607/4075 3981/5593/3996
f 3810/5255/3825 3791/5230/3806 4061/5608/4076
f 4009/5541/4024 3983/5499/3998 4010/5543/4025
f 3966/5478/3981 4035/5574/4050 3967/5479/3982
f 3967/5479/3982 4035/5574/4050 3846/5307/3861
f 4036/5575/4051 4013/5546/4028 4062/5609/4077
f 4037/5577/4052 4063/5610/4078 4001/5525/4016
f 4001/5525/4016 4063/5610/4078 4050/5596/4065
f 3854/5316/3869 4050/5596/4065 4064/5611/4079
f 4065/5612/4080 3997/5521/4012 3949/5458/3964
f 3883/5356/3898 4051/5597/4066 4038/5578/4053
f 3987/5507/4002 4026/5562/4041 4039/5579/4054
f 4026/5562/4041 4002/5530/4017 4039/5579/4054
f 4040/5598/4055 4066/5613/4081 4002/5530/4017
f 4039/5579/4054 4066/5613/4081 3933/5439/3948
f 3933/5439/3948 4066/5613/4081 4027/5563/4042
f 4027/5614/4042 4003/5535/4018 3934/5615/3949
f 3934/5615/3949 4003/5535/4018 3676/5532/3691
f 3910/5397/3925 4067/5616/4082 3936/5443/3951
f 4067/5616/4082 4068/5617/4083 3936/5443/3951
f 3748/5175/3763 4053/5600/4068 4069/5618/4084
f 4070/5619/4085 4053/5600/4068 3998/5522/4013
f 4068/5617/4083 4041/5581/4056 3936/5443/3951
f 3998/5522/4013 4042/5582/4057 4070/5619/4085
f 4005/5537/4020 3867/5332/3882 4042/5582/4057
f 3990/5511/4005 4054/5601/4069 4043/5584/4058
f 3803/5245/3818 3706/5118/3721 4071/5620/4086
f 4018/5551/4033 4007/5539/4022 4045/5587/4060
f 3979/5494/3994 4072/5621/4087 3790/5229/3805
f 3954/5465/3969 4073/5622/4088 4056/5603/4071
f 4019/5623/4034 3956/5468/3971 3871/5496/3886
f 3954/5465/3969 4046/5588/4061 4073/5622/4088
f 3956/5468/3971 4074/5624/4089 4047/5590/4062
f 4046/5589/4061 3940/5448/3955 4057/5604/4072
f 3957/5469/3972 4008/5540/4023 3939/5447/3954
f 3959/5471/3974 3809/5373/3824 4057/5604/4072
f 3807/5251/3822 3806/5250/3821 4058/5605/4073
f 3542/4882/3557 4075/5625/4090 3966/5478/3981
f 3966/5478/3981 4075/5625/4090 4035/5574/4050
f 4013/5546/4028 4000/5595/4015 4062/5609/4077
f 3409/4690/3424 4025/5560/4040 3970/5482/3985
f 4063/5610/4078 4037/5577/4052 4025/5560/4040
f 4076/5626/4091 3948/5457/3963 3995/5519/4010
f 4065/5627/4080 3949/5526/3964 3948/5457/3963
f 4038/5578/4053 4016/5549/4031 3928/5427/3943
f 4039/5579/4054 4002/5530/4017 4066/5613/4081
f 3988/5508/4003 3910/5397/3925 3975/5490/3990
f 3748/5175/3763 4069/5618/4084 3935/5442/3950
f 3867/5332/3882 4077/5628/4092 4042/5582/4057
f 3867/5332/3882 4028/5564/4043 4077/5628/4092
f 4078/5629/4093 4029/5565/4044 3868/5333/3883
f 4029/5565/4044 4079/5630/4094 3890/5367/3905
f 4079/5630/4094 3911/5398/3926 3890/5367/3905
f 3911/5398/3926 4080/5631/4095 3617/4989/3632
f 3912/5399/3927 4081/5632/4096 4017/5550/4032
f 4017/5550/4032 4081/5632/4096 3786/5224/3801
f 4044/5586/4059 3839/5371/3854 3788/5226/3803
f 4072/5621/4087 3979/5494/3994 3978/5493/3993
f 4019/5552/4034 3790/5229/3805 4072/5621/4087
f 3980/5495/3995 3752/5179/3767 4033/5569/4048
f 4082/5633/4097 3956/5468/3971 4019/5623/4034
f 4073/5622/4088 4083/5634/4098 4056/5603/4071
f 4073/5622/4088 4046/5588/4061 4083/5634/4098
f 3809/5253/3824 3808/5252/3823 4057/5635/4072
f 3808/5252/3823 3994/5516/4009 4084/5636/4099
f 3999/5523/4014 4085/5637/4100 3874/5339/3889
f 3810/5255/3825 4061/5608/4076 4060/5607/4075
f 3893/5374/3908 4059/5606/4074 3960/5472/3975
f 3918/5407/3933 4086/5638/4101 3917/5405/3932
f 4034/5571/4049 4086/5638/4101 3918/5407/3933
f 3982/5498/3997 4049/5594/4064 3962/5474/3977
f 4036/5575/4051 4087/5639/4102 3901/5384/3916
f 3901/5384/3916 4087/5639/4102 4023/5557/4038
f 4087/5639/4102 3409/4690/3424 4023/5557/4038
f 3409/4690/3424 4087/5639/4102 4025/5560/4040
f 4000/5524/4015 3882/5354/3897 4088/5640/4103
f 3882/5354/3897 4015/5561/4030 4088/5640/4103
f 4064/5611/4079 4051/5597/4066 3854/5316/3869
f 4014/5547/4029 3740/5423/3755 4089/5641/4104
f 4066/5642/4081 4090/5643/4105 4027/5614/4042
f 4091/5644/4106 3910/5397/3925 3988/5508/4003
f 4041/5581/4056 4068/5617/4083 3838/5583/3853
f 4080/5631/4095 3749/5176/3764 3617/4989/3632
f 4092/5645/4107 4071/5620/4086 3706/5118/3721
f 3788/5226/3803 4093/5646/4108 4044/5586/4059
f 3937/5445/3952 4094/5647/4109 3707/5120/3722
f 3787/5225/3802 4018/5551/4033 3978/5493/3993
f 3788/5226/3803 4032/5568/4047 4093/5646/4108
f 4095/5648/4110 4055/5602/4070 4056/5603/4071
f 4056/5603/4071 4096/5649/4111 4097/5650/4112
f 4046/5588/4061 4098/5651/4113 4083/5634/4098
f 4046/5588/4061 4057/5652/4072 4098/5651/4113
f 3992/5514/4007 3941/5449/3956 3463/4763/3478
f 4033/5569/4048 3939/5447/3954 4008/5540/4023
f 4059/5606/4074 4099/5653/4114 3960/5472/3975
f 4036/5575/4051 4062/5609/4077 4100/5654/4115
f 4087/5639/4102 4036/5575/4051 4100/5654/4115
f 4062/5609/4077 4000/5595/4015 4100/5654/4115
f 4100/5654/4115 4025/5560/4040 4087/5639/4102
f 4000/5595/4015 4101/5655/4116 4100/5654/4115
f 4000/5595/4015 4088/5656/4103 4102/5657/4117
f 3969/5527/3984 3926/5420/3941 4103/5658/4118
f 4016/5659/4031 4104/5660/4119 3740/5423/3755
f 3909/5396/3924 4052/5599/4067 4040/5580/4055
f 3910/5397/3925 4105/5661/4120 4067/5616/4082
f 3910/5397/3925 4091/5644/4106 4105/5661/4120
f 4042/5582/4057 4106/5662/4121 4070/5619/4085
f 4068/5617/4083 4107/5663/4122 3838/5583/3853
f 4107/5663/4122 4108/5664/4123 3838/5583/3853
f 3952/5463/3967 3678/5071/3693 4109/5665/4124
f 3749/5246/3764 4080/5666/4095 4030/5566/4045
f 3706/5118/3721 4006/5538/4021 4092/5645/4107
f 3891/5370/3906 4044/5586/4059 4031/5567/4046
f 4095/5648/4110 4093/5646/4108 4032/5568/4047
f 4018/5551/4033 4045/5587/4060 4110/5667/4125
f 4055/5602/4070 4095/5648/4110 4032/5568/4047
f 4111/5668/4126 3980/5495/3995 4033/5569/4048
f 4112/5669/4127 3585/4939/3600 3953/5464/3968
f 4096/5649/4111 4056/5603/4071 4113/5670/4128
f 4074/5624/4089 3956/5468/3971 4082/5633/4097
f 4114/5671/4129 4083/5634/4098 4098/5651/4113
f 4115/5672/4130 3913/5400/3928 3941/5449/3956
f 4116/5673/4131 4117/5674/4132 4058/5605/4073
f 4085/5637/4100 3999/5523/4014 4048/5591/4063
f 4118/5675/4133 3915/5402/3930 4117/5674/4132
f 4117/5674/4132 3915/5402/3930 4058/5605/4073
f 4119/5676/4134 4085/5637/4100 4120/5677/4135
f 4085/5637/4100 4119/5676/4134 3874/5339/3889
f 4009/5541/4024 4121/5678/4136 3983/5499/3998
f 3874/5339/3889 4122/5679/4137 3811/5680/3826
f 4021/5554/4036 3811/5256/3826 4122/5681/4137
f 3669/5155/3684 3509/4832/3524 3946/5455/3961
f 4000/5595/4015 4102/5657/4117 4101/5655/4116
f 4100/5654/4115 4101/5655/4116 4025/5560/4040
f 4025/5560/4040 4101/5655/4116 4063/5610/4078
f 4123/5682/4138 4050/5596/4065 4063/5610/4078
f 3997/5521/4012 4103/5658/4118 3926/5420/3941
f 4124/5683/4139 4015/5548/4030 4014/5547/4029
f 4125/5684/4140 3997/5685/4012 4065/5686/4080
f 4124/5683/4139 4014/5547/4029 4089/5641/4104
f 4089/5641/4104 3740/5423/3755 4104/5660/4119
f 4126/5687/4141 4040/5688/4055 4052/5689/4067
f 4127/5690/4142 4003/5535/4018 4027/5614/4042
f 4128/5691/4143 4042/5582/4057 4077/5628/4092
f 4108/5692/4123 3868/5333/3883 3838/5297/3853
f 4129/5693/4144 4130/5694/4145 4131/5695/4146
f 4132/5696/4147 4133/5697/4148 4134/5698/4149
f 4135/5699/4150 3911/5398/3926 4079/5630/4094
f 4095/5648/4110 4056/5603/4071 4097/5650/4112
f 4072/5621/4087 3978/5493/3993 4019/5552/4034
f 3980/5495/3995 4111/5668/4126 4045/5587/4060
f 4056/5603/4071 4083/5634/4098 4113/5670/4128
f 4083/5634/4098 4114/5671/4129 4136/5700/4151
f 4137/5701/4152 4033/5569/4048 4008/5540/4023
f 4115/5672/4130 4048/5591/4063 3913/5400/3928
f 3808/5252/3823 4084/5636/4099 4057/5635/4072
f 4048/5591/4063 4120/5677/4135 4085/5637/4100
f 3917/5405/3932 4086/5638/4101 4138/5702/4153
f 4009/5541/4024 3981/5497/3996 4139/5703/4154
f 4140/5704/4155 3895/5376/3910 4021/5554/4036
f 3947/5456/3962 4141/5705/4156 4024/5558/4039
f 4141/5705/4156 3995/5559/4010 4024/5558/4039
f 3824/5280/3839 3969/5481/3984 4142/5706/4157
f 4123/5682/4138 4064/5611/4079 4050/5596/4065
f 4088/5707/4103 4015/5548/4030 4143/5708/4158
f 4040/5688/4055 4126/5687/4141 4066/5642/4081
f 4053/5600/4068 4070/5619/4085 4144/5709/4159
f 4128/5691/4143 4106/5662/4121 4042/5582/4057
f 3707/5120/3722 4112/5669/4127 3953/5464/3968
f 3978/5710/3993 4145/5711/4160 4019/5623/4034
f 4145/5711/4160 4082/5633/4097 4019/5623/4034
f 4113/5670/4128 4083/5634/4098 4136/5700/4151
f 4115/5672/4130 4120/5677/4135 4048/5591/4063
f 4008/5540/4023 3917/5405/3932 4146/5712/4161
f 3806/5250/3821 4147/5713/4162 4058/5605/4073
f 4116/5673/4131 4118/5675/4133 4117/5674/4132
f 4118/5675/4133 4059/5606/4074 3915/5402/3930
f 4148/5714/4163 4084/5636/4099 3994/5516/4009
f 4060/5607/4075 4061/5608/4076 3981/5593/3996
f 4139/5703/4154 4121/5678/4136 4009/5541/4024
f 3994/5516/4009 3983/5499/3998 4148/5714/4163
f 3791/5230/3806 3960/5472/3975 4149/5715/4164
f 4119/5676/4134 4122/5679/4137 3874/5339/3889
f 3732/5154/3747 4150/5716/4165 3947/5456/3962
f 3948/5457/3963 4076/5626/4091 4065/5627/4080
f 4051/5597/4066 4151/5717/4166 4038/5578/4053
f 4038/5578/4053 4152/5718/4167 4016/5549/4031
f 4053/5600/4068 4144/5709/4159 4069/5618/4084
f 4068/5617/4083 4153/5719/4168 4107/5663/4122
f 4107/5663/4122 4154/5720/4169 4108/5664/4123
f 4131/5695/4146 4133/5697/4148 4132/5696/4147
f 4130/5694/4145 4133/5697/4148 4131/5695/4146
f 4155/5721/4170 4156/5722/4171 4134/5698/4149
f 4134/5698/4149 4133/5697/4148 4155/5721/4170
f 4156/5722/4171 4157/5723/4172 4158/5724/4173
f 4159/5725/4174 3803/5245/3818 4071/5620/4086
f 3912/5399/3927 4030/5566/4045 4081/5632/4096
f 4081/5632/4096 4030/5566/4045 4160/5726/4175
f 3707/5120/3722 4094/5647/4109 4112/5669/4127
f 4018/5551/4033 4161/5727/4176 3978/5493/3993
f 3978/5710/3993 4161/5728/4176 4145/5711/4160
f 4047/5590/4062 4162/5729/4177 3992/5514/4007
f 4114/5671/4129 4098/5651/4113 4163/5730/4178
f 3992/5514/4007 4115/5672/4130 3941/5449/3956
f 3917/5405/3932 4138/5702/4153 4146/5712/4161
f 3981/5593/3996 4061/5608/4076 4139/5731/4154
f 4148/5714/4163 3983/5499/3998 4121/5678/4136
f 4149/5715/4164 4061/5608/4076 3791/5230/3806
f 4122/5679/4137 4140/5732/4155 4021/5733/4036
f 3732/5154/3747 3847/5308/3862 4150/5716/4165
f 4103/5734/4118 4164/5735/4179 3969/5736/3984
f 4124/5683/4139 4143/5708/4158 4015/5548/4030
f 4065/5686/4080 4165/5737/4180 4125/5684/4140
f 3997/5738/4012 4125/5739/4140 4103/5734/4118
f 4151/5717/4166 4152/5718/4167 4038/5578/4053
f 4090/5643/4105 4127/5690/4142 4027/5614/4042
f 4106/5662/4121 4128/5691/4143 4070/5619/4085
f 4128/5691/4143 4166/5740/4181 4167/5741/4182
f 4077/5628/4092 4028/5564/4043 4128/5691/4143
f 4108/5692/4123 4078/5629/4093 3868/5333/3883
f 4131/5695/4146 4168/5742/4183 4129/5693/4144
f 4131/5695/4146 4132/5696/4147 4168/5742/4183
f 4134/5698/4149 4156/5722/4171 4132/5696/4147
f 4156/5722/4171 4155/5721/4170 4157/5723/4172
f 4078/5629/4093 4169/5743/4184 4029/5565/4044
f 4054/5601/4069 4170/5744/4185 4043/5584/4058
f 3803/5245/3818 4159/5725/4174 4054/5745/4069
f 4092/5645/4107 4006/5538/4021 4171/5746/4186
f 4030/5566/4045 4080/5666/4095 4172/5747/4187
f 4031/5567/4046 4044/5586/4059 4173/5748/4188
f 4044/5586/4059 4093/5646/4108 4173/5748/4188
f 4095/5648/4110 4097/5650/4112 4173/5748/4188
f 4112/5669/4127 4174/5749/4189 3585/4939/3600
f 4145/5711/4160 4161/5728/4176 4082/5633/4097
f 4074/5624/4089 4175/5750/4190 4047/5590/4062
f 4175/5750/4190 4162/5729/4177 4047/5590/4062
f 4162/5729/4177 4115/5672/4130 3992/5514/4007
f 3585/4939/3600 4176/5751/4191 3958/5470/3973
f 4176/5751/4191 3806/5250/3821 3958/5470/3973
f 4008/5540/4023 4146/5712/4161 4137/5701/4152
f 3806/5250/3821 4176/5751/4191 4147/5713/4162
f 4177/5752/4192 4119/5676/4134 4120/5677/4135
f 4139/5703/4154 4148/5714/4163 4121/5678/4136
f 3960/5472/3975 4099/5653/4114 4149/5715/4164
f 4075/5625/4090 3542/4882/3557 4178/5753/4193
f 3669/5060/3684 3946/5754/3961 3542/4882/3557
f 4141/5755/4156 4076/5626/4091 3995/5519/4010
f 4102/5756/4117 4088/5707/4103 4179/5757/4194
f 3969/5736/3984 4164/5735/4179 4142/5758/4157
f 4003/5535/4018 4091/5759/4106 3988/5533/4003
f 4153/5719/4168 4180/5760/4195 4154/5720/4169
f 4153/5719/4168 4154/5720/4169 4107/5663/4122
f 4128/5691/4143 4028/5564/4043 4166/5740/4181
f 4157/5723/4172 4155/5721/4170 4158/5724/4173
f 4181/5761/4196 4182/5762/4197 4158/5724/4173
f 4158/5724/4173 4182/5762/4197 4156/5722/4171
f 4043/5584/4058 4109/5665/4124 3678/5071/3693
f 4054/5745/4069 4159/5725/4174 4170/5763/4185
f 3937/5445/3952 4031/5567/4046 4094/5647/4109
f 4095/5648/4110 4173/5748/4188 4093/5646/4108
f 4173/5748/4188 4097/5650/4112 4096/5649/4111
f 4110/5667/4125 4161/5727/4176 4018/5551/4033
f 4045/5587/4060 4111/5668/4126 4110/5667/4125
f 4033/5569/4048 4137/5701/4152 4111/5668/4126
f 4074/5624/4089 4082/5633/4097 4183/5764/4198
f 4074/5624/4089 4183/5764/4198 4175/5750/4190
f 4136/5700/4151 4114/5671/4129 4184/5765/4199
f 4114/5671/4129 4163/5730/4178 4184/5765/4199
f 4098/5651/4113 4057/5652/4072 4163/5730/4178
f 4115/5672/4130 4177/5752/4192 4120/5677/4135
f 4058/5605/4073 4147/5713/4162 4116/5673/4131
f 4122/5679/4137 4119/5676/4134 4185/5766/4200
f 4122/5679/4137 4185/5766/4200 4140/5732/4155
f 4186/5767/4201 4187/5768/4202 4188/5769/4203
f 4063/5770/4078 4101/5771/4116 4190/5772/4204
f 4142/5758/4157 4164/5735/4179 4191/5773/4205
f 4065/5774/4080 4076/5775/4091 4192/5776/4206
f 4064/5611/4079 4123/5682/4138 4193/5777/4207
f 4064/5611/4079 4194/5778/4208 4051/5597/4066
f 4066/5642/4081 4126/5687/4141 4090/5643/4105
f 4067/5616/4082 4153/5719/4168 4068/5617/4083
f 4070/5619/4085 4195/5779/4209 4144/5709/4159
f 4070/5619/4085 4128/5691/4143 4167/5741/4182
f 4130/5694/4145 4129/5693/4144 4133/5697/4148
f 4133/5697/4148 4196/5780/4210 4155/5721/4170
f 4071/5620/4086 4092/5645/4107 4159/5725/4174
f 4081/5632/4096 4197/5781/4211 3786/5224/3801
f 4094/5647/4109 4031/5567/4046 4198/5782/4212
f 4110/5667/4125 4111/5668/4126 4199/5783/4213
f 4082/5633/4097 4161/5728/4176 4183/5764/4198
f 4057/5652/4072 4084/5784/4099 4163/5730/4178
f 4116/5673/4131 4147/5713/4162 4118/5675/4133
f 4148/5785/4163 4200/5786/4214 4084/5784/4099
f 4139/5731/4154 4200/5786/4214 4148/5785/4163
f 4059/5606/4074 4201/5787/4215 4099/5653/4114
f 4034/5571/4049 4202/5788/4216 4086/5638/4101
f 4034/5572/4049 4049/5594/4064 4202/5789/4216
f 4203/5790/4217 4204/5791/4218 4188/5769/4203
f 4188/5769/4203 4204/5791/4218 4186/5767/4201
f 4188/5769/4203 4187/5768/4202 4203/5790/4217
f 4186/5767/4201 4204/5791/4218 4187/5768/4202
f 4187/5768/4202 4189/5792/4219 4205/5793/4220
f 3947/5456/3962 4150/5716/4165 4141/5705/4156
f 4088/5707/4103 4143/5708/4158 4179/5757/4194
f 4064/5611/4079 4193/5777/4207 4206/5794/4221
f 4164/5735/4179 4103/5734/4118 4207/5795/4222
f 4065/5774/4080 4192/5776/4206 4165/5796/4180
f 4206/5794/4221 4194/5778/4208 4064/5611/4079
f 4152/5797/4167 4208/5798/4223 4016/5799/4031
f 4195/5779/4209 4070/5619/4085 4167/5741/4182
f 4180/5760/4195 4108/5664/4123 4154/5720/4169
f 4209/5800/4224 4210/5801/4225 4211/5802/4226
f 4209/5800/4224 4211/5802/4226 4212/5803/4227
f 4129/5693/4144 4196/5780/4210 4133/5697/4148
f 4158/5724/4173 4213/5804/4228 4181/5761/4196
f 4135/5699/4150 4214/5805/4229 3911/5398/3926
f 4160/5726/4175 4197/5781/4211 4081/5632/4096
f 4094/5647/4109 4215/5806/4230 4112/5669/4127
f 4096/5649/4111 4113/5670/4128 4173/5748/4188
f 4110/5667/4125 4199/5783/4213 4161/5727/4176
f 4111/5668/4126 4137/5701/4152 4199/5783/4213
f 4175/5750/4190 4216/5807/4231 4162/5729/4177
f 4162/5729/4177 4216/5807/4231 4115/5672/4130
f 4137/5701/4152 4146/5712/4161 4217/5808/4232
f 4184/5765/4199 4218/5809/4233 4136/5700/4151
f 4184/5765/4199 4163/5730/4178 4219/5810/4234
f 4184/5765/4199 4219/5810/4234 4218/5809/4233
f 4163/5730/4178 4084/5784/4099 4219/5810/4234
f 4220/5811/4235 4221/5812/4236 4222/5813/4237
f 4222/5813/4237 4221/5812/4236 4223/5814/4238
f 4221/5812/4236 4224/5815/4239 4223/5814/4238
f 4224/5815/4239 4222/5813/4237 4223/5814/4238
f 4119/5676/4134 4225/5816/4240 4226/5817/4241
f 4138/5702/4153 4227/5818/4242 4146/5712/4161
f 4138/5702/4153 4086/5638/4101 4202/5788/4216
f 3982/5498/3997 4228/5819/4243 4049/5594/4064
f 4035/5574/4050 4229/5820/4244 3847/5308/3862
f 4229/5820/4244 4150/5716/4165 3847/5308/3862
f 4204/5791/4218 4230/5821/4245 4189/5822/4219
f 4189/5792/4219 4230/5823/4245 4205/5793/4220
f 3824/5280/3839 4231/5824/4246 4012/5545/4027
f 4063/5610/4078 4232/5825/4247 4123/5682/4138
f 4125/5739/4140 4207/5795/4222 4103/5734/4118
f 4194/5778/4208 4151/5717/4166 4051/5597/4066
f 4127/5690/4142 4233/5826/4248 4003/5535/4018
f 3889/5366/3904 3935/5442/3950 4234/5827/4249
f 4166/5740/4181 4235/5828/4250 4167/5741/4182
f 4028/5564/4043 4235/5828/4250 4166/5740/4181
f 4236/5829/4251 4210/5801/4225 4209/5800/4224
f 4028/5564/4043 3952/5463/3967 4237/5830/4252
f 4210/5801/4225 4238/5831/4253 4211/5802/4226
f 4239/5832/4254 4240/5833/4255 4241/5834/4256
f 4156/5835/4171 4182/5836/4197 4242/5837/4257
f 4181/5761/4196 4213/5804/4228 4182/5762/4197
f 4079/5630/4094 4029/5565/4044 4243/5838/4258
f 4175/5750/4190 4183/5764/4198 4244/5839/4259
f 4245/5840/4260 4224/5815/4239 4221/5812/4236
f 4220/5811/4235 4225/5816/4240 4221/5812/4236
f 4119/5676/4134 4177/5752/4192 4225/5816/4240
f 4222/5813/4237 4224/5815/4239 4220/5811/4235
f 4220/5811/4235 4226/5817/4241 4225/5816/4240
f 4139/5731/4154 4061/5608/4076 4200/5786/4214
f 4119/5676/4134 4226/5817/4241 4246/5841/4261
f 3946/5754/3961 4178/5753/4193 3542/4882/3557
f 4203/5790/4217 4247/5842/4262 4204/5791/4218
f 4187/5768/4202 4248/5843/4263 4203/5790/4217
f 4102/5756/4117 4179/5757/4194 4101/5771/4116
f 4190/5772/4204 4249/5844/4264 4063/5770/4078
f 4063/5770/4078 4249/5844/4264 4232/5845/4247
f 4164/5735/4179 4207/5795/4222 4191/5773/4205
f 3889/5366/3904 4234/5827/4249 4052/5599/4067
f 4153/5719/4168 4250/5846/4265 4180/5760/4195
f 4180/5760/4195 4250/5846/4265 4108/5664/4123
f 4195/5779/4209 4167/5741/4182 4235/5828/4250
f 4236/5829/4251 4251/5847/4266 4210/5801/4225
f 4209/5800/4224 4212/5803/4227 4236/5829/4251
f 4132/5696/4147 4252/5848/4267 4168/5742/4183
f 4253/5849/4268 4239/5832/4254 4254/5850/4269
f 4254/5850/4269 4239/5832/4254 4241/5834/4256
f 4155/5721/4170 4213/5804/4228 4158/5724/4173
f 4029/5565/4044 4169/5743/4184 4243/5838/4258
f 4079/5630/4094 4243/5838/4258 4255/5851/4270
f 4094/5647/4109 4198/5782/4212 4215/5806/4230
f 4215/5806/4230 4174/5749/4189 4112/5669/4127
f 4161/5728/4176 4256/5852/4271 4183/5764/4198
f 4199/5783/4213 4256/5853/4271 4161/5727/4176
f 4256/5852/4271 4244/5839/4259 4183/5764/4198
f 4199/5783/4213 4137/5701/4152 4257/5854/4272
f 4244/5839/4259 4216/5807/4231 4175/5750/4190
f 3585/4939/3600 4258/5855/4273 4176/5751/4191
f 4216/5807/4231 4177/5752/4192 4115/5672/4130
f 4225/5816/4240 4245/5840/4260 4221/5812/4236
f 4146/5712/4161 4227/5818/4242 4217/5808/4232
f 4147/5713/4162 4059/5606/4074 4118/5675/4133
f 4224/5815/4239 4226/5817/4241 4220/5811/4235
f 4140/5856/4155 4259/5857/4274 3895/5542/3910
f 3895/5542/3910 4259/5857/4274 3982/5498/3997
f 4075/5625/4090 4260/5858/4275 4035/5574/4050
f 4260/5858/4275 4229/5820/4244 4035/5574/4050
f 3946/5455/3961 4012/5545/4027 4261/5859/4276
f 4203/5790/4217 4248/5843/4263 4247/5842/4262
f 4248/5843/4263 4187/5768/4202 4262/5860/4277
f 4187/5768/4202 4205/5793/4220 4263/5861/4278
f 4205/5793/4220 4264/5862/4279 4263/5861/4278
f 3824/5280/3839 4142/5706/4157 4231/5824/4246
f 4101/5771/4116 4249/5844/4264 4190/5772/4204
f 4265/5863/4280 4142/5864/4157 4266/5865/4281
f 4142/5758/4157 4191/5773/4205 4266/5866/4281
f 4267/5867/4282 4151/5868/4166 4194/5869/4208
f 4268/5870/4283 4233/5826/4248 4127/5690/4142
f 4234/5827/4249 3935/5442/3950 4069/5618/4084
f 4069/5618/4084 4144/5709/4159 4234/5827/4249
f 4236/5829/4251 4269/5871/4284 4251/5847/4266
f 4235/5828/4250 4028/5564/4043 4237/5830/4252
f 4236/5829/4251 4212/5803/4227 4270/5872/4285
f 4211/5802/4226 4271/5873/4286 4212/5803/4227
f 4238/5831/4253 4271/5873/4286 4211/5802/4226
f 4132/5696/4147 4156/5722/4171 4252/5848/4267
f 4237/5830/4252 3952/5463/3967 4109/5665/4124
f 4272/5874/4287 4240/5833/4255 4239/5832/4254
f 4240/5833/4255 4273/5875/4288 4241/5834/4256
f 4239/5832/4254 4253/5849/4268 4272/5874/4287
f 4241/5834/4256 4273/5875/4288 4274/5876/4289
f 4254/5850/4269 4241/5834/4256 4275/5877/4290
f 4274/5876/4289 4275/5877/4290 4241/5834/4256
f 4182/5836/4197 4213/5878/4228 4276/5879/4291
f 4006/5538/4021 4197/5781/4211 4171/5746/4186
f 4006/5538/4021 3786/5224/3801 4197/5781/4211
f 4031/5567/4046 4173/5748/4188 4198/5782/4212
f 4173/5748/4188 4113/5670/4128 4277/5880/4292
f 4199/5783/4213 4257/5854/4272 4256/5853/4271
f 4137/5701/4152 4217/5808/4232 4257/5854/4272
f 4216/5807/4231 4245/5840/4260 4225/5816/4240
f 4245/5840/4260 4278/5881/4293 4224/5815/4239
f 4258/5855/4273 4147/5713/4162 4176/5751/4191
f 4216/5807/4231 4225/5816/4240 4177/5752/4192
f 4200/5786/4214 4219/5810/4234 4084/5784/4099
f 4224/5815/4239 4246/5841/4261 4226/5817/4241
f 4201/5787/4215 4059/5606/4074 4279/5882/4294
f 4099/5653/4114 4201/5787/4215 4149/5715/4164
f 4061/5608/4076 4149/5715/4164 4200/5786/4214
f 4246/5841/4261 4185/5766/4200 4119/5676/4134
f 4280/5883/4295 4138/5702/4153 4202/5788/4216
f 4204/5791/4218 4247/5842/4262 4281/5884/4296
f 4248/5843/4263 4262/5860/4277 4247/5842/4262
f 4262/5860/4277 4282/5885/4297 4247/5842/4262
f 4204/5791/4218 4281/5884/4296 4230/5821/4245
f 4230/5823/4245 4264/5862/4279 4205/5793/4220
f 4187/5768/4202 4263/5861/4278 4283/5886/4298
f 4263/5861/4278 4284/5887/4299 4283/5886/4298
f 4263/5861/4278 4264/5862/4279 4284/5887/4299
f 4142/5864/4157 4265/5863/4280 4285/5888/4300
f 4286/5889/4301 4266/5866/4281 4191/5773/4205
f 4165/5737/4180 4287/5890/4302 4125/5684/4140
f 4288/5891/4303 4289/5892/4304 4290/5893/4305
f 4289/5892/4304 4291/5894/4306 4290/5893/4305
f 4288/5891/4303 4290/5893/4305 4269/5871/4284
f 4291/5894/4306 4269/5871/4284 4290/5893/4305
f 4292/5895/4307 4108/5664/4123 4250/5846/4265
f 4269/5871/4284 4236/5829/4251 4270/5872/4285
f 4238/5831/4253 4210/5801/4225 4251/5847/4266
f 4293/5896/4308 4212/5803/4227 4271/5873/4286
f 4271/5897/4286 4240/5833/4255 4272/5874/4287
f 4273/5898/4288 4271/5873/4286 4238/5831/4253
f 4273/5875/4288 4240/5833/4255 4271/5897/4286
f 4273/5875/4288 4275/5877/4290 4274/5876/4289
f 4294/5899/4309 4253/5849/4268 4254/5850/4269
f 4295/5900/4310 4243/5838/4258 4169/5743/4184
f 4255/5851/4270 4135/5699/4150 4079/5630/4094
f 4255/5851/4270 4214/5805/4229 4135/5699/4150
f 4296/5901/4311 4215/5806/4230 4198/5782/4212
f 4113/5670/4128 4136/5700/4151 4277/5880/4292
f 4256/5853/4271 4257/5854/4272 4278/5902/4293
f 4256/5852/4271 4278/5881/4293 4216/5807/4231
f 4256/5852/4271 4216/5807/4231 4244/5839/4259
f 4245/5840/4260 4216/5807/4231 4278/5881/4293
f 4257/5854/4272 4217/5808/4232 4278/5902/4293
f 4278/5902/4293 4217/5808/4232 4297/5903/4312
f 4246/5841/4261 4224/5815/4239 4278/5881/4293
f 4147/5713/4162 4279/5882/4294 4059/5606/4074
f 4259/5857/4274 4228/5819/4243 3982/5498/3997
f 4260/5858/4275 4075/5625/4090 4298/5904/4313
f 4261/5859/4276 4012/5545/4027 4299/5905/4314
f 4247/5842/4262 4282/5885/4297 4300/5906/4315
f 4281/5884/4296 4247/5842/4262 4300/5906/4315
f 4282/5885/4297 4262/5860/4277 4300/5906/4315
f 4300/5906/4315 4262/5860/4277 4301/5907/4316
f 4301/5907/4316 4262/5860/4277 4283/5886/4298
f 4283/5886/4298 4262/5860/4277 4187/5768/4202
f 4281/5884/4296 4302/5908/4317 4230/5821/4245
f 4302/5909/4317 4264/5862/4279 4230/5823/4245
f 4285/5910/4300 4231/5824/4246 4142/5706/4157
f 4303/5911/4318 4076/5626/4091 4141/5755/4156
f 4304/5912/4319 4123/5682/4138 4232/5825/4247
f 4123/5682/4138 4304/5912/4319 4193/5777/4207
f 4207/5795/4222 4305/5913/4320 4191/5773/4205
f 4206/5914/4221 4306/5915/4321 4194/5869/4208
f 4287/5916/4302 4207/5795/4222 4125/5739/4140
f 4207/5795/4222 4287/5916/4302 4305/5913/4320
f 4153/5719/4168 4292/5895/4307 4250/5846/4265
f 4292/5917/4307 4307/5918/4322 4108/5919/4123
f 4291/5894/4306 4251/5847/4266 4269/5871/4284
f 4270/5872/4285 4212/5803/4227 4293/5896/4308
f 4108/5919/4123 4307/5918/4322 4078/5920/4093
f 4252/5921/4267 4308/5922/4323 4168/5923/4183
f 4168/5923/4183 4308/5922/4323 4129/5924/4144
f 4271/5897/4286 4272/5874/4287 4293/5925/4308
f 4293/5925/4308 4272/5874/4287 4253/5849/4268
f 4196/5780/4210 4213/5804/4228 4155/5721/4170
f 4293/5925/4308 4253/5849/4268 4294/5899/4309
f 4254/5850/4269 4275/5877/4290 4294/5899/4309
f 4276/5879/4291 4213/5878/4228 4309/5926/4324
f 3911/5398/3926 4214/5805/4229 4080/5631/4095
f 4160/5726/4175 4310/5927/4325 4197/5781/4211
f 4215/5806/4230 4296/5901/4311 4174/5749/4189
f 4174/5749/4189 4258/5855/4273 3585/4939/3600
f 4136/5700/4151 4218/5809/4233 4311/5928/4326
f 4258/5855/4273 4312/5929/4327 4147/5713/4162
f 4297/5903/4312 4217/5808/4232 4227/5818/4242
f 4149/5715/4164 4313/5930/4328 4200/5786/4214
f 4227/5818/4242 4138/5702/4153 4297/5903/4312
f 4185/5931/4200 4259/5857/4274 4140/5856/4155
f 4012/5545/4027 4231/5824/4246 4299/5905/4314
f 4314/5932/4329 4284/5887/4299 4264/5862/4279
f 4314/5932/4329 4315/5933/4330 4284/5887/4299
f 4315/5933/4330 4285/5888/4300 4265/5863/4280
f 4150/5716/4165 4303/5934/4318 4141/5705/4156
f 4194/5869/4208 4306/5915/4321 4267/5867/4282
f 4089/5641/4104 4104/5660/4119 4316/5935/4331
f 4104/5660/4119 4016/5659/4031 4316/5935/4331
f 4127/5690/4142 4090/5643/4105 4268/5870/4283
f 4317/5936/4332 4318/5937/4333 4233/5938/4248
f 4233/5826/4248 4318/5939/4333 4003/5535/4018
f 4067/5616/4082 4292/5895/4307 4153/5719/4168
f 4144/5709/4159 4195/5779/4209 4319/5940/4334
f 4320/5941/4335 4251/5847/4266 4291/5894/4306
f 4269/5871/4284 4270/5872/4285 4288/5891/4303
f 4237/5830/4252 4109/5665/4124 4321/5942/4336
f 4182/5836/4197 4276/5879/4291 4242/5837/4257
f 4213/5878/4228 4322/5943/4337 4309/5926/4324
f 4170/5763/4185 4323/5944/4338 4043/5945/4058
f 4092/5645/4107 4324/5946/4339 4159/5725/4174
f 4173/5748/4188 4277/5880/4292 4198/5782/4212
f 4218/5809/4233 4219/5810/4234 4311/5928/4326
f 4200/5786/4214 4313/5930/4328 4219/5810/4234
f 4201/5787/4215 4279/5882/4294 4149/5715/4164
f 4280/5883/4295 4297/5903/4312 4138/5702/4153
f 4325/5947/4340 4280/5883/4295 4202/5788/4216
f 4049/5594/4064 4228/5819/4243 4202/5789/4216
f 4281/5884/4296 4300/5906/4315 4302/5908/4317
f 4283/5886/4298 4326/5948/4341 4300/5906/4315
f 4301/5907/4316 4283/5886/4298 4300/5906/4315
f 4264/5862/4279 4302/5909/4317 4314/5932/4329
f 4285/5910/4300 4327/5949/4342 4231/5824/4246
f 4284/5887/4299 4315/5933/4330 4328/5950/4343
f 4315/5933/4330 4327/5951/4342 4285/5888/4300
f 4150/5952/4165 4329/5953/4344 4303/5954/4318
f 4249/5844/4264 4101/5771/4116 4179/5757/4194
f 4266/5866/4281 4286/5889/4301 4330/5955/4345
f 4193/5956/4207 4331/5957/4346 4206/5914/4221
f 4191/5773/4205 4332/5958/4347 4286/5889/4301
f 4124/5683/4139 4333/5959/4348 4334/5960/4349
f 4124/5683/4139 4089/5641/4104 4333/5959/4348
f 4152/5797/4167 4335/5961/4350 4208/5798/4223
f 4152/5797/4167 4336/5962/4351 4335/5961/4350
f 4052/5689/4067 4337/5963/4352 4126/5687/4141
f 4268/5964/4283 4317/5965/4332 4233/5966/4248
f 4195/5779/4209 4235/5828/4250 4319/5940/4334
f 4288/5891/4303 4338/5967/4353 4289/5892/4304
f 4289/5892/4304 4339/5968/4354 4291/5894/4306
f 4251/5847/4266 4273/5898/4288 4238/5831/4253
f 4129/5693/4144 4308/5969/4323 4196/5780/4210
f 4109/5665/4124 4340/5970/4355 4321/5942/4336
f 4156/5835/4171 4242/5837/4257 4341/5971/4356
f 4276/5879/4291 4309/5926/4324 4342/5972/4357
f 4343/5973/4358 4294/5974/4309 4344/5975/4359
f 4275/5976/4290 4344/5975/4359 4294/5974/4309
f 4170/5763/4185 4159/5725/4174 4323/5944/4338
f 4296/5901/4311 4198/5782/4212 4345/5977/4360
f 4345/5977/4360 4198/5782/4212 4277/5880/4292
f 4346/5978/4361 4174/5749/4189 4296/5901/4311
f 4277/5880/4292 4136/5700/4151 4347/5979/4362
f 4346/5978/4361 4348/5980/4363 4174/5749/4189
f 4174/5749/4189 4348/5980/4363 4258/5855/4273
f 4136/5700/4151 4311/5928/4326 4347/5979/4362
f 4258/5855/4273 4348/5980/4363 4312/5929/4327
f 4147/5713/4162 4312/5929/4327 4279/5882/4294
f 4278/5881/4293 4297/5981/4312 4246/5841/4261
f 4279/5882/4294 4313/5930/4328 4149/5715/4164
f 4246/5841/4261 4349/5982/4364 4185/5766/4200
f 4075/5625/4090 4178/5753/4193 4298/5904/4313
f 4178/5753/4193 3946/5754/3961 4350/5983/4365
f 4315/5933/4330 4314/5932/4329 4327/5951/4342
f 4265/5863/4280 4328/5950/4343 4315/5933/4330
f 4265/5863/4280 4351/5984/4366 4328/5950/4343
f 4331/5957/4346 4193/5956/4207 4304/5985/4319
f 4143/5708/4158 4124/5683/4139 4334/5960/4349
f 4076/5775/4091 4352/5986/4367 4192/5776/4206
f 4305/5913/4320 4332/5958/4347 4191/5773/4205
f 4287/5916/4302 4353/5987/4368 4305/5913/4320
f 4089/5641/4104 4316/5935/4331 4333/5959/4348
f 4317/5936/4332 4354/5988/4369 4318/5937/4333
f 4339/5968/4354 4289/5892/4304 4338/5967/4353
f 4338/5967/4353 4288/5891/4303 4270/5872/4285
f 4339/5968/4354 4320/5941/4335 4291/5894/4306
f 4251/5847/4266 4355/5989/4370 4273/5898/4288
f 4356/5990/4371 4275/5877/4290 4273/5875/4288
f 4109/5665/4124 4357/5991/4372 4340/5970/4355
f 4293/5992/4308 4294/5974/4309 4343/5973/4358
f 4242/5837/4257 4276/5879/4291 4342/5972/4357
f 4196/5993/4210 4322/5943/4337 4213/5878/4228
f 4342/5972/4357 4309/5926/4324 4322/5943/4337
f 4196/5993/4210 4342/5972/4357 4322/5943/4337
f 4255/5851/4270 4080/5631/4095 4214/5805/4229
f 4296/5901/4311 4345/5977/4360 4346/5978/4361
f 4277/5880/4292 4347/5979/4362 4345/5977/4360
f 4346/5978/4361 4345/5977/4360 4348/5980/4363
f 4312/5929/4327 4348/5980/4363 4347/5979/4362
f 4347/5979/4362 4358/5994/4373 4312/5929/4327
f 4347/5979/4362 4311/5928/4326 4358/5994/4373
f 4311/5928/4326 4219/5810/4234 4358/5994/4373
f 4358/5994/4373 4279/5882/4294 4312/5929/4327
f 4358/5994/4373 4219/5810/4234 4313/5930/4328
f 4279/5882/4294 4358/5994/4373 4313/5930/4328
f 4246/5841/4261 4297/5981/4312 4349/5982/4364
f 4297/5903/4312 4280/5883/4295 4349/5995/4364
f 4280/5883/4295 4325/5947/4340 4349/5995/4364
f 4228/5819/4243 4325/5996/4340 4202/5789/4216
f 4300/5906/4315 4326/5948/4341 4359/5997/4374
f 4300/5906/4315 4359/5997/4374 4302/5908/4317
f 4283/5886/4298 4284/5887/4299 4328/5950/4343
f 4179/5757/4194 4143/5708/4158 4360/5998/4375
f 4303/5954/4318 4352/5986/4367 4076/5775/4091
f 4206/5914/4221 4361/5999/4376 4306/5915/4321
f 4192/5776/4206 4362/6000/4377 4165/5796/4180
f 4305/5913/4320 4353/5987/4368 4363/6001/4378
f 4316/6002/4331 4016/5799/4031 4364/6003/4379
f 4016/5799/4031 4208/5798/4223 4364/6003/4379
f 4144/5709/4159 4319/5940/4334 4365/6004/4380
f 4270/5872/4285 4366/6005/4381 4338/5967/4353
f 4235/5828/4250 4237/5830/4252 4321/5942/4336
f 4355/6006/4370 4356/5990/4371 4273/5875/4288
f 4356/5990/4371 4367/6007/4382 4275/5877/4290
f 4109/5665/4124 4368/6008/4383 4357/5991/4372
f 4343/5973/4358 4344/5975/4359 4367/6009/4382
f 4367/6009/4382 4369/6010/4384 4343/5973/4358
f 4275/5877/4290 4367/6007/4382 4344/6011/4359
f 4324/5946/4339 4323/5944/4338 4159/5725/4174
f 4092/5645/4107 4171/5746/4186 4324/5946/4339
f 4348/5980/4363 4345/5977/4360 4347/5979/4362
f 4259/5857/4274 4370/6012/4385 4228/5819/4243
f 4298/5904/4313 4178/5753/4193 4371/6013/4386
f 3946/5754/3961 4261/6014/4276 4350/5983/4365
f 4372/6015/4387 4359/5997/4374 4326/5948/4341
f 4326/5948/4341 4283/5886/4298 4372/6015/4387
f 4266/5865/4281 4373/6016/4388 4265/5863/4280
f 4266/5866/4281 4374/6017/4389 4373/6018/4388
f 4266/5866/4281 4330/5955/4345 4374/6017/4389
f 4232/6019/4247 4375/6020/4390 4304/5985/4319
f 4303/5954/4318 4376/6021/4391 4352/5986/4367
f 4143/5708/4158 4334/5960/4349 4360/5998/4375
f 4305/5913/4320 4377/6022/4392 4332/5958/4347
f 4152/5797/4167 4151/6023/4166 4378/6024/4393
f 4354/5988/4369 4379/6025/4394 4318/5937/4333
f 4318/5937/4333 4379/6025/4394 4380/6026/4395
f 4318/5939/4333 4380/6027/4395 4003/5535/4018
f 4105/5661/4120 4380/6028/4395 4067/5616/4082
f 4338/5967/4353 4366/6005/4381 4339/5968/4354
f 4339/5968/4354 4366/6005/4381 4381/6029/4396
f 4381/6029/4396 4320/5941/4335 4339/5968/4354
f 4270/5872/4285 4293/5896/4308 4366/6005/4381
f 4293/5896/4308 4382/6030/4397 4366/6005/4381
f 4320/5941/4335 4355/5989/4370 4251/5847/4266
f 4308/5922/4323 4383/6031/4398 4196/6032/4210
f 4307/6033/4322 4384/6034/4399 4078/5629/4093
f 4342/5972/4357 4385/6035/4400 4242/5837/4257
f 4343/5973/4358 4369/6010/4384 4386/6036/4401
f 4109/5665/4124 4387/6037/4402 4368/6008/4383
f 4342/5972/4357 4196/5993/4210 4388/6038/4403
f 4171/5746/4186 4389/6039/4404 4324/5946/4339
f 4390/6040/4405 4160/5726/4175 4030/5566/4045
f 4390/6040/4405 4310/5927/4325 4160/5726/4175
f 4349/5995/4364 4325/5947/4340 4370/6041/4385
f 4349/6042/4364 4370/6012/4385 4185/5931/4200
f 4259/5857/4274 4185/5931/4200 4370/6012/4385
f 4370/6012/4385 4325/5996/4340 4228/5819/4243
f 4350/5983/4365 4261/6014/4276 4327/6043/4342
f 4327/5949/4342 4261/5859/4276 4299/5905/4314
f 4391/6044/4406 4302/5908/4317 4359/5997/4374
f 4391/6044/4406 4314/6045/4329 4302/5908/4317
f 4231/5824/4246 4327/5949/4342 4299/5905/4314
f 4260/5858/4275 4150/5716/4165 4229/5820/4244
f 4329/5953/4344 4150/5952/4165 4260/6046/4275
f 4351/5984/4366 4265/5863/4280 4373/6016/4388
f 4329/5953/4344 4376/6021/4391 4303/5954/4318
f 4352/5986/4367 4362/6000/4377 4192/5776/4206
f 4378/6024/4393 4336/5962/4351 4152/5797/4167
f 4392/6047/4407 4393/6048/4408 4394/6049/4409
f 4395/6050/4410 4394/6051/4409 4393/6052/4408
f 4392/6047/4407 4396/6053/4411 4393/6048/4408
f 4393/6052/4408 4397/6054/4412 4398/6055/4413
f 4337/6056/4352 4397/6057/4412 4396/6053/4411
f 4396/6053/4411 4397/6057/4412 4393/6048/4408
f 4397/6057/4412 4337/6056/4352 4399/6058/4414
f 4399/6059/4414 4337/6060/4352 4052/5599/4067
f 4399/6059/4414 4052/5599/4067 4234/5827/4249
f 4380/6028/4395 4105/5661/4120 4091/5644/4106
f 4365/6004/4380 4234/5827/4249 4144/5709/4159
f 4319/5940/4334 4235/5828/4250 4321/5942/4336
f 4156/5722/4171 4341/6061/4356 4252/5848/4267
f 4252/5921/4267 4341/6062/4356 4400/6063/4415
f 4293/5992/4308 4343/5973/4358 4386/6036/4401
f 4386/6036/4401 4369/6010/4384 4401/6064/4416
f 4401/6064/4416 4369/6010/4384 4367/6009/4382
f 4402/6065/4417 4172/5747/4187 4080/5666/4095
f 4172/5747/4187 4390/6040/4405 4030/5566/4045
f 4350/5983/4365 4371/6013/4386 4178/5753/4193
f 4391/6044/4406 4359/5997/4374 4372/6015/4387
f 4391/6044/4406 4327/6066/4342 4314/6045/4329
f 4283/5886/4298 4403/6067/4418 4372/6015/4387
f 4403/6067/4418 4283/5886/4298 4328/5950/4343
f 4328/5950/4343 4351/5984/4366 4404/6068/4419
f 4360/5998/4375 4405/6069/4420 4179/5757/4194
f 4329/5953/4344 4406/6070/4421 4376/6021/4391
f 4305/5913/4320 4363/6001/4378 4377/6022/4392
f 4378/6024/4393 4407/6071/4422 4336/5962/4351
f 4336/5962/4351 4408/6072/4423 4335/5961/4350
f 4354/5988/4369 4317/5936/4332 4409/6073/4424
f 4354/5988/4369 4409/6073/4424 4379/6025/4394
f 4126/6074/4141 4337/6056/4352 4410/6075/4425
f 4337/6056/4352 4396/6053/4411 4410/6075/4425
f 4410/6075/4425 4396/6053/4411 4392/6047/4407
f 4393/6052/4408 4398/6055/4413 4395/6050/4410
f 4397/6054/4412 4399/6059/4414 4398/6055/4413
f 4003/5535/4018 4380/6027/4395 4091/5759/4106
f 4380/6028/4395 4292/5895/4307 4067/5616/4082
f 4382/6076/4397 4293/6077/4308 4411/6078/4426
f 4321/5942/4336 4340/5970/4355 4412/6079/4427
f 4412/6079/4427 4340/5970/4355 4357/5991/4372
f 4384/6034/4399 4413/6080/4428 4078/5629/4093
f 4078/5629/4093 4413/6080/4428 4169/5743/4184
f 4367/6009/4382 4414/6081/4429 4401/6064/4416
f 4388/6038/4403 4196/5993/4210 4415/6082/4430
f 4109/5665/4124 4043/5584/4058 4323/6083/4338
f 4416/6084/4431 4323/5944/4338 4324/5946/4339
f 4372/6015/4387 4260/6046/4275 4298/6085/4313
f 4372/6015/4387 4417/6086/4432 4260/6046/4275
f 4260/6046/4275 4417/6086/4432 4329/5953/4344
f 4417/6086/4432 4406/6070/4421 4329/5953/4344
f 4375/6087/4390 4232/5845/4247 4418/6088/4433
f 4331/5957/4346 4361/5999/4376 4206/5914/4221
f 4286/5889/4301 4332/5958/4347 4419/6089/4434
f 4306/5915/4321 4420/6090/4435 4267/5867/4282
f 4267/5867/4282 4420/6090/4435 4421/6091/4436
f 4335/5961/4350 4408/6072/4423 4208/5798/4223
f 4126/6074/4141 4410/6075/4425 4392/6047/4407
f 4398/6055/4413 4422/6092/4437 4395/6050/4410
f 4382/6093/4397 4423/6094/4438 4381/6095/4396
f 4366/6005/4381 4382/6030/4397 4381/6029/4396
f 4381/6095/4396 4423/6094/4438 4320/6096/4335
f 4252/5921/4267 4383/6031/4398 4308/5922/4323
f 4400/6063/4415 4341/6062/4356 4424/6097/4439
f 4341/5971/4356 4242/5837/4257 4424/6098/4439
f 4383/6099/4398 4425/6100/4440 4196/6101/4210
f 4293/5992/4308 4386/6036/4401 4411/6102/4426
f 4356/6103/4371 4414/6104/4429 4367/6105/4382
f 4401/6064/4416 4414/6081/4429 4426/6106/4441
f 4386/6036/4401 4427/6107/4442 4428/6108/4443
f 4386/6036/4401 4426/6106/4441 4427/6107/4442
f 4386/6036/4401 4401/6064/4416 4426/6106/4441
f 4390/6040/4405 4429/6109/4444 4310/5927/4325
f 4373/6016/4388 4430/6110/4445 4351/5984/4366
f 4330/5955/4345 4431/6111/4446 4374/6017/4389
f 4304/5985/4319 4375/6020/4390 4432/6112/4447
f 4360/5998/4375 4334/5960/4349 4433/6113/4448
f 4362/6114/4377 4287/5890/4302 4165/5737/4180
f 4353/5987/4368 4287/5916/4302 4434/6115/4449
f 4353/5987/4368 4434/6115/4449 4363/6001/4378
f 4333/5959/4348 4435/6116/4450 4334/5960/4349
f 4333/5959/4348 4316/5935/4331 4435/6116/4450
f 4267/5867/4282 4436/6117/4451 4151/5868/4166
f 4208/5798/4223 4437/6118/4452 4364/6003/4379
f 4208/5798/4223 4408/6072/4423 4437/6118/4452
f 4394/6049/4409 4438/6119/4453 4392/6047/4407
f 4317/5965/4332 4268/5964/4283 4439/6120/4454
f 4268/5964/4283 4440/6121/4455 4441/6122/4456
f 4090/5643/4105 4126/5687/4141 4268/5870/4283
f 4395/6050/4410 4442/6123/4457 4394/6051/4409
f 4395/6050/4410 4443/6124/4458 4442/6123/4457
f 4398/6055/4413 4399/6059/4414 4422/6092/4437
f 4252/5921/4267 4400/6063/4415 4383/6031/4398
f 4423/6094/4438 4355/6006/4370 4320/6096/4335
f 4425/6100/4440 4444/6125/4459 4196/6101/4210
f 4426/6106/4441 4445/6126/4460 4427/6107/4442
f 4428/6108/4443 4427/6107/4442 4445/6126/4460
f 4310/5927/4325 4429/6109/4444 4197/5781/4211
f 4350/5983/4365 4327/6043/4342 4371/6013/4386
f 4391/6044/4406 4298/6085/4313 4371/6127/4386
f 4391/6044/4406 4371/6127/4386 4327/6066/4342
f 4372/6015/4387 4298/6085/4313 4391/6044/4406
f 4372/6015/4387 4446/6128/4461 4417/6086/4432
f 4351/5984/4366 4430/6110/4445 4404/6068/4419
f 4373/6018/4388 4447/6129/4462 4430/6130/4445
f 4373/6018/4388 4374/6017/4389 4447/6129/4462
f 4417/6086/4432 4448/6131/4463 4406/6070/4421
f 4448/6131/4463 4449/6132/4464 4406/6070/4421
f 4361/5999/4376 4331/5957/4346 4450/6133/4465
f 4451/6134/4466 4362/6000/4377 4352/5986/4367
f 4452/6135/4467 4421/6091/4436 4420/6090/4435
f 4452/6135/4467 4267/5867/4282 4421/6091/4436
f 4453/6136/4468 4126/6074/4141 4438/6119/4453
f 4438/6119/4453 4126/6074/4141 4392/6047/4407
f 4440/6121/4455 4268/5964/4283 4126/6074/4141
f 4454/6137/4469 4399/6059/4414 4234/5827/4249
f 4292/5917/4307 4455/6138/4470 4307/5918/4322
f 4355/6006/4370 4456/6139/4471 4356/5990/4371
f 4457/6140/4472 4384/6141/4399 4307/5918/4322
f 4458/6142/4473 4384/6143/4399 4457/6144/4472
f 4459/6145/4474 4412/6079/4427 4357/5991/4372
f 4357/5991/4372 4368/6008/4383 4460/6146/4475
f 4385/6035/4400 4342/5972/4357 4388/6038/4403
f 4413/6080/4428 4295/5900/4310 4169/5743/4184
f 4444/6147/4459 4415/6082/4430 4196/5993/4210
f 4388/6038/4403 4415/6082/4430 4461/6148/4476
f 4461/6148/4476 4415/6082/4430 4444/6147/4459
f 4445/6126/4460 4426/6106/4441 4462/6149/4477
f 4463/6150/4478 4461/6151/4476 4444/6125/4459
f 4464/6152/4479 4428/6108/4443 4445/6126/4460
f 4465/6153/4480 4466/6154/4481 4467/6155/4482
f 4416/6084/4431 4109/6156/4124 4323/5944/4338
f 4467/6155/4482 4466/6154/4481 4468/6157/4483
f 4469/6158/4484 4080/5631/4095 4255/5851/4270
f 4469/6159/4484 4402/6065/4417 4080/5666/4095
f 4448/6131/4463 4417/6086/4432 4446/6128/4461
f 4449/6132/4464 4376/6021/4391 4406/6070/4421
f 4470/6160/4485 4249/5844/4264 4179/5757/4194
f 4470/6160/4485 4471/6161/4486 4249/5844/4264
f 4304/5985/4319 4450/6133/4465 4331/5957/4346
f 4232/5845/4247 4249/5844/4264 4471/6161/4486
f 4472/6162/4487 4418/6088/4433 4232/5845/4247
f 4375/6020/4390 4473/6163/4488 4474/6164/4489
f 4475/6165/4490 4452/6135/4467 4420/6090/4435
f 4267/5867/4282 4452/6135/4467 4436/6117/4451
f 4476/6166/4491 4435/6116/4450 4316/5935/4331
f 4268/5964/4283 4441/6122/4456 4439/6120/4454
f 4477/6167/4492 4379/6025/4394 4409/6073/4424
f 4234/5827/4249 4365/6004/4380 4454/6137/4469
f 4478/6168/4493 4423/6094/4438 4382/6093/4397
f 4455/6138/4470 4457/6140/4472 4307/5918/4322
f 4423/6094/4438 4479/6169/4494 4355/6006/4370
f 4400/6170/4415 4424/6171/4439 4457/6172/4472
f 4383/6173/4398 4480/6174/4495 4425/6175/4440
f 4424/6098/4439 4242/5837/4257 4457/6176/4472
f 4456/6139/4471 4481/6177/4496 4356/5990/4371
f 4457/6176/4472 4242/5837/4257 4458/6178/4473
f 4481/6179/4496 4412/6079/4427 4459/6145/4474
f 4242/5837/4257 4385/6035/4400 4458/6178/4473
f 4458/6142/4473 4385/6180/4400 4384/6143/4399
f 4384/6143/4399 4385/6180/4400 4482/6181/4497
f 4385/6035/4400 4388/6038/4403 4461/6148/4476
f 4428/6108/4443 4464/6152/4479 4483/6182/4498
f 4462/6149/4477 4464/6152/4479 4445/6126/4460
f 4484/6183/4499 4466/6154/4481 4465/6153/4480
f 4484/6183/4499 4468/6157/4483 4466/6154/4481
f 4485/6184/4500 4467/6155/4482 4468/6157/4483
f 4469/6158/4484 4255/5851/4270 4243/5838/4258
f 4372/6015/4387 4403/6067/4418 4446/6128/4461
f 4403/6067/4418 4328/5950/4343 4404/6068/4419
f 4374/6017/4389 4431/6111/4446 4447/6129/4462
f 4451/6134/4466 4376/6021/4391 4449/6132/4464
f 4330/5955/4345 4286/5889/4301 4431/6111/4446
f 4405/6069/4420 4470/6160/4485 4179/5757/4194
f 4472/6162/4487 4232/5845/4247 4471/6161/4486
f 4375/6020/4390 4474/6164/4489 4486/6185/4501
f 4433/6113/4448 4487/6186/4502 4360/5998/4375
f 4451/6134/4466 4488/6187/4503 4362/6000/4377
f 4420/6090/4435 4489/6188/4504 4475/6165/4490
f 4306/5915/4321 4489/6188/4504 4420/6090/4435
f 4362/6114/4377 4490/6189/4505 4287/5890/4302
f 4287/5916/4302 4490/6190/4505 4434/6115/4449
f 4363/6001/4378 4434/6115/4449 4491/6191/4506
f 4363/6001/4378 4492/6192/4507 4377/6022/4392
f 4492/6192/4507 4493/6193/4508 4377/6022/4392
f 4440/6121/4455 4126/6074/4141 4453/6136/4468
f 4317/5936/4332 4494/6194/4509 4409/6073/4424
f 4395/6050/4410 4495/6195/4510 4443/6124/4458
f 4422/6092/4437 4495/6195/4510 4395/6050/4410
f 4399/6059/4414 4496/6196/4511 4422/6092/4437
f 4380/6026/4395 4379/6025/4394 4497/6197/4512
f 4454/6137/4469 4498/6198/4513 4399/6059/4414
f 4380/6026/4395 4499/6199/4514 4292/6200/4307
f 4292/6200/4307 4499/6199/4514 4455/6201/4470
f 4383/6173/4398 4500/6202/4515 4501/6203/4516
f 4455/6204/4470 4500/6202/4515 4400/6170/4415
f 4383/6173/4398 4400/6170/4415 4500/6202/4515
f 4383/6173/4398 4501/6203/4516 4502/6205/4517
f 4455/6204/4470 4400/6170/4415 4457/6172/4472
f 4502/6205/4517 4480/6174/4495 4383/6173/4398
f 4479/6169/4494 4503/6206/4518 4355/6006/4370
f 4355/6006/4370 4503/6206/4518 4456/6139/4471
f 4321/5942/4336 4412/6079/4427 4481/6179/4496
f 4356/6103/4371 4481/6179/4496 4459/6145/4474
f 4356/6103/4371 4459/6145/4474 4414/6104/4429
f 4414/6081/4429 4462/6149/4477 4426/6106/4441
f 4504/6207/4519 4463/6150/4478 4444/6125/4459
f 4386/6036/4401 4428/6108/4443 4411/6102/4426
f 4428/6108/4443 4483/6182/4498 4411/6102/4426
f 4463/6150/4478 4505/6208/4520 4461/6151/4476
f 4109/5665/4124 4416/6209/4431 4387/6037/4402
f 4484/6183/4499 4465/6153/4480 4483/6182/4498
f 4484/6183/4499 4483/6182/4498 4462/6149/4477
f 4483/6182/4498 4464/6152/4479 4462/6149/4477
f 4484/6183/4499 4462/6149/4477 4468/6157/4483
f 4465/6153/4480 4467/6155/4482 4485/6184/4500
f 4431/6210/4446 4286/6211/4301 4506/6212/4521
f 4432/6112/4447 4450/6133/4465 4304/5985/4319
f 4376/6021/4391 4451/6134/4466 4352/5986/4367
f 4375/6020/4390 4486/6185/4501 4432/6112/4447
f 4360/5998/4375 4487/6186/4502 4405/6069/4420
f 4375/6020/4390 4418/6213/4433 4473/6163/4488
f 4361/5999/4376 4507/6214/4522 4306/5915/4321
f 4489/6188/4504 4306/5915/4321 4507/6214/4522
f 4362/6114/4377 4488/6215/4503 4490/6189/4505
f 4334/5960/4349 4435/6116/4450 4433/6113/4448
f 4336/5962/4351 4508/6216/4523 4408/6072/4423
f 4399/6059/4414 4498/6198/4513 4496/6196/4511
f 4454/6137/4469 4365/6004/4380 4498/6198/4513
f 4478/6217/4493 4509/6218/4524 4510/6219/4525
f 4509/6220/4524 4478/6221/4493 4511/6222/4526
f 4319/6223/4334 4321/6224/4336 4512/6225/4527
f 4478/6226/4493 4513/6227/4528 4423/6228/4438
f 4478/6221/4493 4382/6076/4397 4511/6222/4526
f 4423/6228/4438 4513/6227/4528 4479/6229/4494
f 4514/6230/4529 4456/6139/4471 4503/6206/4518
f 4456/6231/4471 4515/6232/4530 4516/6233/4531
f 4516/6234/4531 4481/6177/4496 4456/6139/4471
f 4514/6235/4529 4515/6232/4530 4456/6231/4471
f 4459/6145/4474 4357/5991/4372 4517/6236/4532
f 4413/6237/4428 4384/6143/4399 4518/6238/4533
f 4357/5991/4372 4460/6146/4475 4517/6236/4532
f 4425/6100/4440 4504/6207/4519 4444/6125/4459
f 4387/6037/4402 4519/6239/4534 4368/6008/4383
f 4387/6240/4402 4416/6084/4431 4519/6241/4534
f 4465/6242/4480 4520/6243/4535 4483/6244/4498
f 4465/6242/4480 4485/6245/4500 4520/6243/4535
f 4462/6149/4477 4485/6184/4500 4468/6157/4483
f 4520/6243/4535 4485/6245/4500 4462/6246/4477
f 4324/5946/4339 4389/6039/4404 4521/6247/4536
f 4171/5746/4186 4197/5781/4211 4522/6248/4537
f 4172/5747/4187 4523/6249/4538 4390/6040/4405
f 4429/6109/4444 4523/6249/4538 4197/5781/4211
f 4404/6068/4419 4524/6250/4539 4403/6067/4418
f 4404/6068/4419 4430/6110/4445 4524/6250/4539
f 4286/6211/4301 4419/6251/4434 4506/6212/4521
f 4450/6133/4465 4525/6252/4540 4361/5999/4376
f 4474/6164/4489 4473/6163/4488 4489/6188/4504
f 4473/6163/4488 4475/6165/4490 4489/6188/4504
f 4361/5999/4376 4525/6252/4540 4507/6214/4522
f 4507/6214/4522 4526/6253/4541 4489/6188/4504
f 4453/6136/4468 4441/6122/4456 4440/6121/4455
f 4495/6195/4510 4527/6254/4542 4443/6124/4458
f 4477/6167/4492 4528/6255/4543 4379/6025/4394
f 4422/6092/4437 4529/6256/4544 4495/6195/4510
f 4422/6092/4437 4496/6196/4511 4529/6256/4544
f 4379/6025/4394 4528/6255/4543 4530/6257/4545
f 4379/6025/4394 4530/6257/4545 4497/6197/4512
f 4319/5940/4334 4531/6258/4546 4365/6004/4380
f 4510/6219/4525 4532/6259/4547 4478/6217/4493
f 4478/6226/4493 4532/6260/4547 4513/6227/4528
f 4321/6224/4336 4481/6261/4496 4516/6233/4531
f 4479/6169/4494 4514/6230/4529 4503/6206/4518
f 4514/6262/4529 4533/6263/4548 4515/6264/4530
f 4517/6236/4532 4414/6104/4429 4459/6145/4474
f 4534/6265/4549 4414/6104/4429 4517/6236/4532
f 4385/6180/4400 4461/6151/4476 4505/6208/4520
f 4504/6207/4519 4505/6208/4520 4463/6150/4478
f 4535/6266/4550 4483/6244/4498 4520/6243/4535
f 4469/6159/4484 4536/6267/4551 4402/6065/4417
f 4416/6084/4431 4324/5946/4339 4521/6247/4536
f 4449/6132/4464 4537/6268/4552 4451/6134/4466
f 4450/6133/4465 4432/6112/4447 4538/6269/4553
f 4474/6164/4489 4489/6188/4504 4526/6253/4541
f 4539/6270/4554 4473/6163/4488 4418/6213/4433
f 4540/6271/4555 4419/6089/4434 4332/5958/4347
f 4541/6272/4556 4332/5958/4347 4377/6022/4392
f 4542/6273/4557 4363/6001/4378 4491/6191/4506
f 4543/6274/4558 4316/6002/4331 4364/6003/4379
f 4544/6275/4559 4336/5962/4351 4407/6071/4422
f 4442/6276/4457 4438/6119/4453 4394/6049/4409
f 4528/6255/4543 4477/6167/4492 4409/6073/4424
f 4527/6254/4542 4495/6195/4510 4529/6256/4544
f 4545/6277/4560 4502/6205/4517 4501/6203/4516
f 4546/6278/4561 4501/6203/4516 4500/6202/4515
f 4512/6225/4527 4513/6227/4528 4319/6223/4334
f 4512/6225/4527 4479/6229/4494 4513/6227/4528
f 4321/6224/4336 4516/6233/4531 4512/6225/4527
f 4511/6222/4526 4382/6076/4397 4411/6078/4426
f 4479/6279/4494 4547/6280/4562 4514/6281/4529
f 4425/6175/4440 4548/6282/4563 4549/6283/4564
f 4515/6264/4530 4533/6263/4548 4550/6284/4565
f 4517/6236/4532 4551/6285/4566 4534/6265/4549
f 4385/6180/4400 4552/6286/4567 4482/6181/4497
f 4534/6287/4549 4553/6288/4568 4414/6289/4429
f 4414/6289/4429 4554/6290/4569 4462/6246/4477
f 4295/5900/4310 4555/6291/4570 4243/5838/4258
f 4520/6243/4535 4462/6246/4477 4554/6290/4569
f 4460/6146/4475 4368/6008/4383 4556/6292/4571
f 4535/6266/4550 4520/6243/4535 4554/6290/4569
f 4523/6249/4538 4429/6109/4444 4390/6040/4405
f 4522/6248/4537 4197/5781/4211 4523/6249/4538
f 4446/6128/4461 4557/6293/4572 4448/6131/4463
f 4448/6131/4463 4557/6293/4572 4449/6132/4464
f 4538/6269/4553 4432/6112/4447 4486/6185/4501
f 4405/6294/4420 4487/6295/4502 4470/6296/4485
f 4538/6269/4553 4525/6252/4540 4450/6133/4465
f 4486/6185/4501 4474/6164/4489 4526/6253/4541
f 4526/6253/4541 4507/6214/4522 4525/6252/4540
f 4488/6215/4503 4558/6297/4573 4490/6189/4505
f 4490/6190/4505 4491/6191/4506 4434/6115/4449
f 4452/6298/4467 4559/6299/4574 4436/6300/4451
f 4542/6273/4557 4492/6192/4507 4363/6001/4378
f 4542/6273/4557 4560/6301/4575 4492/6192/4507
f 4492/6192/4507 4561/6302/4576 4493/6193/4508
f 4316/5935/4331 4543/6303/4558 4476/6166/4491
f 4437/6118/4452 4543/6274/4558 4364/6003/4379
f 4378/6024/4393 4562/6304/4577 4407/6071/4422
f 4439/6305/4454 4563/6306/4578 4317/5936/4332
f 4317/5936/4332 4563/6306/4578 4494/6194/4509
f 4443/6124/4458 4527/6254/4542 4564/6307/4579
f 4545/6277/4560 4501/6203/4516 4546/6278/4561
f 4319/6223/4334 4513/6227/4528 4532/6260/4547
f 4502/6205/4517 4565/6308/4580 4480/6174/4495
f 4516/6233/4531 4515/6232/4530 4512/6225/4527
f 4480/6174/4495 4548/6282/4563 4425/6175/4440
f 4550/6309/4565 4512/6225/4527 4515/6232/4530
f 4514/6262/4529 4547/6310/4562 4566/6311/4581
f 4514/6262/4529 4566/6311/4581 4533/6263/4548
f 4533/6263/4548 4567/6312/4582 4550/6284/4565
f 4534/6265/4549 4551/6285/4566 4567/6313/4582
f 4567/6313/4582 4553/6314/4568 4534/6265/4549
f 4533/6263/4548 4553/6288/4568 4567/6312/4582
f 4425/6100/4440 4568/6315/4583 4504/6207/4519
f 4411/6102/4426 4483/6182/4498 4569/6316/4584
f 4385/6180/4400 4505/6208/4520 4568/6315/4583
f 4504/6207/4519 4568/6315/4583 4505/6208/4520
f 4414/6289/4429 4553/6288/4568 4554/6290/4569
f 4483/6244/4498 4535/6266/4550 4570/6317/4585
f 4555/6291/4570 4571/6318/4586 4243/5838/4258
f 4389/6039/4404 4572/6319/4587 4521/6247/4536
f 4389/6039/4404 4522/6248/4537 4572/6319/4587
f 4389/6039/4404 4171/5746/4186 4522/6248/4537
f 4557/6293/4572 4537/6268/4552 4449/6132/4464
f 4486/6185/4501 4526/6253/4541 4538/6269/4553
f 4538/6269/4553 4526/6253/4541 4525/6252/4540
f 4471/6320/4486 4573/6321/4588 4472/6322/4487
f 4451/6134/4466 4574/6323/4589 4488/6187/4503
f 4475/6324/4490 4575/6325/4590 4452/6298/4467
f 4377/6022/4392 4576/6326/4591 4541/6272/4556
f 4452/6298/4467 4575/6325/4590 4559/6299/4574
f 4577/6327/4592 4408/6072/4423 4508/6216/4523
f 4442/6276/4457 4453/6136/4468 4438/6119/4453
f 4527/6254/4542 4529/6256/4544 4578/6328/4593
f 4498/6198/4513 4579/6329/4594 4496/6196/4511
f 4497/6197/4512 4580/6330/4595 4380/6026/4395
f 4365/6004/4380 4531/6258/4546 4581/6331/4596
f 4582/6332/4597 4502/6205/4517 4545/6277/4560
f 4500/6202/4515 4455/6204/4470 4546/6278/4561
f 4319/6223/4334 4583/6333/4598 4584/6334/4599
f 4584/6334/4599 4585/6335/4600 4319/6223/4334
f 4510/6219/4525 4583/6336/4598 4532/6259/4547
f 4319/6223/4334 4532/6260/4547 4583/6333/4598
f 4411/6078/4426 4586/6337/4601 4511/6222/4526
f 4565/6308/4580 4548/6282/4563 4480/6174/4495
f 4566/6311/4581 4553/6288/4568 4533/6263/4548
f 4385/6180/4400 4568/6315/4583 4552/6286/4567
f 4483/6244/4498 4570/6317/4585 4569/6338/4584
f 4554/6290/4569 4553/6288/4568 4587/6339/4602
f 4535/6266/4550 4588/6340/4603 4570/6317/4585
f 4519/6239/4534 4556/6292/4571 4368/6008/4383
f 4535/6266/4550 4554/6290/4569 4588/6340/4603
f 4402/6065/4417 4536/6267/4551 4172/5747/4187
f 4172/5747/4187 4536/6267/4551 4589/6341/4604
f 4172/5747/4187 4589/6341/4604 4523/6249/4538
f 4403/6067/4418 4524/6250/4539 4446/6128/4461
f 4433/6113/4448 4590/6342/4605 4591/6343/4606
f 4433/6113/4448 4435/6116/4450 4590/6342/4605
f 4541/6272/4556 4540/6271/4555 4332/5958/4347
f 4436/6344/4451 4562/6304/4577 4151/6023/4166
f 4407/6071/4422 4562/6304/4577 4544/6275/4559
f 4544/6275/4559 4592/6345/4607 4336/5962/4351
f 4443/6124/4458 4593/6346/4608 4442/6123/4457
f 4564/6307/4579 4593/6346/4608 4443/6124/4458
f 4564/6307/4579 4527/6254/4542 4578/6328/4593
f 4529/6256/4544 4496/6196/4511 4578/6328/4593
f 4582/6332/4597 4594/6347/4609 4595/6348/4610
f 4582/6332/4597 4595/6348/4610 4502/6205/4517
f 4319/5940/4334 4585/6349/4600 4531/6258/4546
f 4545/6277/4560 4546/6278/4561 4582/6332/4597
f 4455/6204/4470 4596/6350/4611 4546/6278/4561
f 4510/6219/4525 4509/6218/4524 4583/6336/4598
f 4411/6078/4426 4569/6351/4584 4586/6337/4601
f 4567/6313/4582 4551/6285/4566 4550/6352/4565
f 4517/6236/4532 4597/6353/4612 4551/6285/4566
f 4425/6100/4440 4549/6354/4564 4568/6315/4583
f 4566/6311/4581 4550/6355/4565 4553/6288/4568
f 4384/6143/4399 4482/6181/4497 4518/6238/4533
f 4517/6236/4532 4460/6146/4475 4597/6353/4612
f 4295/5900/4310 4413/6080/4428 4555/6291/4570
f 4570/6317/4585 4554/6290/4569 4598/6356/4613
f 4570/6317/4585 4588/6340/4603 4554/6290/4569
f 4447/6357/4462 4599/6358/4614 4430/6359/4445
f 4431/6210/4446 4599/6358/4614 4447/6357/4462
f 4537/6268/4552 4600/6360/4615 4451/6134/4466
f 4506/6361/4521 4419/6089/4434 4601/6362/4616
f 4574/6363/4589 4558/6297/4573 4488/6215/4503
f 4475/6324/4490 4602/6364/4617 4575/6325/4590
f 4490/6189/4505 4558/6297/4573 4491/6365/4506
f 4377/6022/4392 4493/6193/4508 4576/6326/4591
f 4492/6192/4507 4560/6301/4575 4561/6302/4576
f 4151/6023/4166 4562/6304/4577 4378/6024/4393
f 4336/5962/4351 4592/6345/4607 4508/6216/4523
f 4408/6072/4423 4577/6327/4592 4603/6366/4618
f 4441/6122/4456 4453/6136/4468 4604/6367/4619
f 4453/6136/4468 4442/6276/4457 4604/6367/4619
f 4605/6368/4620 4606/6369/4621 4607/6370/4622
f 4607/6370/4622 4608/6371/4623 4609/6372/4624
f 4409/6073/4424 4610/6373/4625 4528/6255/4543
f 4409/6073/4424 4611/6374/4626 4610/6373/4625
f 4528/6255/4543 4610/6373/4625 4530/6257/4545
f 4612/6375/4627 4613/6376/4628 4614/6377/4629
f 4612/6375/4627 4615/6378/4630 4613/6376/4628
f 4496/6196/4511 4616/6379/4631 4578/6328/4593
f 4380/6026/4395 4580/6330/4595 4499/6199/4514
f 4498/6198/4513 4365/6004/4380 4579/6329/4594
f 4509/6218/4524 4617/6380/4632 4618/6381/4633
f 4479/6229/4494 4512/6225/4527 4547/6382/4562
f 4512/6225/4527 4550/6309/4565 4547/6382/4562
f 4547/6310/4562 4550/6355/4565 4566/6311/4581
f 4550/6355/4565 4551/6383/4566 4553/6288/4568
f 4568/6315/4583 4619/6384/4634 4552/6286/4567
f 4551/6383/4566 4620/6385/4635 4553/6288/4568
f 4620/6385/4635 4587/6339/4602 4553/6288/4568
f 4554/6290/4569 4587/6339/4602 4598/6356/4613
f 4598/6356/4613 4621/6386/4636 4570/6317/4585
f 4446/6128/4461 4524/6250/4539 4557/6293/4572
f 4506/6212/4521 4599/6358/4614 4431/6210/4446
f 4537/6268/4552 4557/6293/4572 4600/6360/4615
f 4475/6324/4490 4473/6387/4488 4602/6364/4617
f 4508/6216/4523 4622/6388/4637 4577/6327/4592
f 4441/6122/4456 4604/6367/4619 4439/6120/4454
f 4607/6370/4622 4623/6389/4638 4605/6368/4620
f 4605/6368/4620 4623/6389/4638 4624/6390/4639
f 4609/6372/4624 4625/6391/4640 4623/6389/4638
f 4607/6370/4622 4609/6372/4624 4623/6389/4638
f 4609/6372/4624 4608/6371/4623 4625/6391/4640
f 4606/6369/4621 4605/6368/4620 4612/6375/4627
f 4409/6073/4424 4494/6194/4509 4611/6374/4626
f 4530/6257/4545 4580/6330/4595 4497/6197/4512
f 4496/6196/4511 4579/6329/4594 4616/6379/4631
f 4595/6348/4610 4594/6347/4609 4626/6392/4641
f 4627/6393/4642 4596/6394/4611 4499/6199/4514
f 4499/6199/4514 4596/6394/4611 4455/6201/4470
f 4531/6258/4546 4585/6349/4600 4628/6395/4643
f 4509/6218/4524 4618/6381/4633 4583/6336/4598
f 4629/6396/4644 4511/6222/4526 4586/6337/4601
f 4630/6397/4645 4548/6282/4563 4565/6308/4580
f 4552/6286/4567 4631/6398/4646 4482/6181/4497
f 4552/6286/4567 4619/6384/4634 4631/6398/4646
f 4632/6399/4647 4569/6338/4584 4570/6317/4585
f 4621/6386/4636 4633/6400/4648 4570/6317/4585
f 4598/6356/4613 4587/6339/4602 4621/6386/4636
f 4416/6084/4431 4521/6247/4536 4634/6401/4649
f 4524/6250/4539 4430/6110/4445 4635/6402/4650
f 4451/6134/4466 4600/6360/4615 4574/6323/4589
f 4471/6320/4486 4636/6403/4651 4573/6321/4588
f 4418/6088/4433 4472/6162/4487 4637/6404/4652
f 4491/6191/4506 4638/6405/4653 4639/6406/4654
f 4541/6272/4556 4576/6326/4591 4640/6407/4655
f 4491/6191/4506 4639/6406/4654 4542/6273/4557
f 4542/6273/4557 4641/6408/4656 4560/6301/4575
f 4442/6123/4457 4593/6346/4608 4642/6409/4657
f 4564/6307/4579 4643/6410/4658 4593/6346/4608
f 4608/6371/4623 4644/6411/4659 4625/6391/4640
f 4564/6307/4579 4578/6328/4593 4643/6410/4658
f 4610/6373/4625 4611/6374/4626 4530/6257/4545
f 4611/6374/4626 4494/6194/4509 4580/6330/4595
f 4611/6374/4626 4580/6330/4595 4530/6257/4545
f 4615/6378/4630 4645/6412/4660 4613/6376/4628
f 4613/6376/4628 4645/6412/4660 4646/6413/4661
f 4645/6414/4660 4647/6415/4662 4646/6416/4661
f 4595/6348/4610 4626/6392/4641 4648/6417/4663
f 4581/6331/4596 4531/6258/4546 4649/6418/4664
f 4582/6332/4597 4546/6278/4561 4650/6419/4665
f 4596/6350/4611 4651/6420/4666 4546/6278/4561
f 4618/6381/4633 4652/6421/4667 4583/6336/4598
f 4583/6333/4598 4652/6422/4667 4584/6334/4599
f 4652/6422/4667 4653/6423/4668 4584/6334/4599
f 4584/6334/4599 4653/6423/4668 4585/6335/4600
f 4595/6348/4610 4648/6417/4663 4502/6205/4517
f 4509/6220/4524 4511/6222/4526 4617/6424/4632
f 4502/6205/4517 4648/6417/4663 4565/6308/4580
f 4654/6425/4669 4655/6426/4670 4656/6427/4671
f 4482/6181/4497 4657/6428/4672 4518/6238/4533
f 4568/6315/4583 4658/6429/4673 4619/6384/4634
f 4659/6430/4674 4620/6385/4635 4551/6383/4566
f 4460/6146/4475 4556/6292/4571 4660/6431/4675
f 4570/6317/4585 4633/6400/4648 4632/6399/4647
f 4243/5838/4258 4571/6318/4586 4469/6158/4484
f 4633/6400/4648 4621/6386/4636 4661/6432/4676
f 4587/6339/4602 4661/6432/4676 4621/6386/4636
f 4523/6249/4538 4589/6341/4604 4522/6248/4537
f 4430/6359/4445 4662/6433/4677 4635/6434/4650
f 4599/6358/4614 4662/6433/4677 4430/6359/4445
f 4419/6089/4434 4663/6435/4678 4601/6362/4616
f 4470/6296/4485 4487/6295/4502 4636/6403/4651
f 4473/6387/4488 4539/6436/4554 4602/6364/4617
f 4558/6297/4573 4638/6437/4653 4491/6365/4506
f 4541/6272/4556 4640/6407/4655 4540/6271/4555
f 4559/6299/4574 4664/6438/4679 4436/6300/4451
f 4476/6166/4491 4665/6439/4680 4435/6116/4450
f 4542/6273/4557 4666/6440/4681 4641/6408/4656
f 4493/6193/4508 4561/6302/4576 4576/6326/4591
f 4437/6118/4452 4667/6441/4682 4543/6274/4558
f 4605/6368/4620 4624/6390/4639 4668/6442/4683
f 4605/6368/4620 4669/6443/4684 4612/6375/4627
f 4607/6370/4622 4606/6369/4621 4614/6377/4629
f 4612/6375/4627 4614/6377/4629 4606/6369/4621
f 4612/6375/4627 4669/6443/4684 4615/6378/4630
f 4578/6328/4593 4616/6379/4631 4643/6410/4658
f 4608/6371/4623 4670/6444/4685 4644/6411/4659
f 4647/6415/4662 4671/6445/4686 4646/6416/4661
f 4580/6330/4595 4672/6446/4687 4499/6199/4514
f 4673/6447/4688 4674/6448/4689 4626/6449/4641
f 4673/6447/4688 4626/6449/4641 4675/6450/4690
f 4365/6004/4380 4581/6331/4596 4579/6329/4594
f 4626/6451/4641 4594/6452/4609 4676/6453/4691
f 4594/6452/4609 4650/6454/4665 4676/6453/4691
f 4582/6332/4597 4650/6419/4665 4594/6347/4609
f 4546/6278/4561 4651/6420/4666 4650/6419/4665
f 4617/6380/4632 4677/6455/4692 4678/6456/4693
f 4617/6380/4632 4678/6456/4693 4618/6381/4633
f 4653/6457/4668 4628/6395/4643 4585/6349/4600
f 4617/6424/4632 4511/6222/4526 4677/6458/4692
f 4656/6427/4671 4679/6459/4694 4654/6425/4669
f 4630/6397/4645 4549/6283/4564 4548/6282/4563
f 4549/6354/4564 4658/6429/4673 4568/6315/4583
f 4631/6398/4646 4657/6428/4672 4482/6181/4497
f 4619/6384/4634 4680/6460/4695 4631/6398/4646
f 4571/6318/4586 4555/6291/4570 4469/6158/4484
f 4633/6400/4648 4661/6432/4676 4681/6461/4696
f 4471/6320/4486 4470/6296/4485 4636/6403/4651
f 4433/6113/4448 4591/6343/4606 4487/6186/4502
f 4682/6462/4697 4539/6270/4554 4418/6213/4433
f 4683/6463/4698 4665/6439/4680 4476/6166/4491
f 4684/6464/4699 4562/6465/4577 4436/6300/4451
f 4685/6466/4700 4508/6216/4523 4592/6345/4607
f 4669/6443/4684 4605/6368/4620 4668/6442/4683
f 4607/6370/4622 4614/6377/4629 4608/6371/4623
f 4614/6467/4629 4686/6468/4701 4608/6469/4623
f 4643/6410/4658 4616/6379/4631 4687/6470/4702
f 4625/6391/4640 4644/6411/4659 4673/6471/4688
f 4686/6468/4701 4670/6472/4685 4608/6469/4623
f 4688/6473/4703 4645/6412/4660 4615/6378/4630
f 4673/6471/4688 4644/6411/4659 4670/6444/4685
f 4613/6376/4628 4646/6413/4661 4614/6377/4629
f 4688/6474/4703 4647/6415/4662 4645/6414/4660
f 4616/6379/4631 4579/6329/4594 4689/6475/4704
f 4670/6444/4685 4674/6476/4689 4673/6471/4688
f 4671/6445/4686 4690/6477/4705 4646/6416/4661
f 4673/6447/4688 4675/6450/4690 4691/6478/4706
f 4691/6478/4706 4675/6450/4690 4626/6449/4641
f 4691/6479/4706 4626/6451/4641 4676/6453/4691
f 4651/6480/4666 4596/6394/4611 4627/6393/4642
f 4692/6481/4707 4618/6381/4633 4678/6456/4693
f 4693/6482/4708 4652/6421/4667 4618/6381/4633
f 4694/6483/4709 4695/6484/4710 4696/6485/4711
f 4677/6458/4692 4511/6222/4526 4697/6486/4712
f 4695/6487/4710 4679/6459/4694 4656/6427/4671
f 4655/6488/4670 4696/6485/4711 4656/6489/4671
f 4695/6484/4710 4656/6489/4671 4696/6485/4711
f 4565/6308/4580 4648/6417/4663 4630/6397/4645
f 4511/6222/4526 4629/6396/4644 4697/6486/4712
f 4698/6490/4713 4699/6491/4714 4700/6492/4715
f 4700/6492/4715 4699/6491/4714 4701/6493/4716
f 4702/6494/4717 4659/6430/4674 4551/6383/4566
f 4702/6494/4717 4551/6383/4566 4597/6495/4612
f 4620/6385/4635 4659/6430/4674 4702/6494/4717
f 4597/6353/4612 4460/6146/4475 4660/6431/4675
f 4632/6399/4647 4681/6461/4696 4703/6496/4718
f 4633/6400/4648 4681/6461/4696 4632/6399/4647
f 4703/6496/4718 4681/6461/4696 4704/6497/4719
f 4661/6432/4676 4704/6497/4719 4681/6461/4696
f 4705/6498/4720 4706/6499/4721 4707/6500/4722
f 4708/6501/4723 4574/6323/4589 4600/6360/4615
f 4487/6295/4502 4709/6502/4724 4636/6403/4651
f 4663/6435/4678 4419/6089/4434 4710/6503/4725
f 4575/6325/4590 4711/6504/4726 4559/6299/4574
f 4639/6406/4654 4666/6440/4681 4542/6273/4557
f 4576/6326/4591 4561/6302/4576 4712/6505/4727
f 4544/6275/4559 4713/6506/4728 4592/6345/4607
f 4622/6388/4637 4714/6507/4729 4577/6327/4592
f 4714/6507/4729 4603/6366/4618 4577/6327/4592
f 4408/6072/4423 4603/6366/4618 4715/6508/4730
f 4439/6120/4454 4604/6367/4619 4716/6509/4731
f 4716/6509/4731 4604/6367/4619 4442/6276/4457
f 4717/6510/4732 4494/6194/4509 4563/6306/4578
f 4593/6346/4608 4643/6410/4658 4687/6470/4702
f 4579/6329/4594 4718/6511/4733 4689/6475/4704
f 4647/6415/4662 4688/6474/4703 4671/6445/4686
f 4672/6446/4687 4627/6393/4642 4499/6199/4514
f 4719/6512/4734 4626/6513/4641 4674/6514/4689
f 4579/6329/4594 4581/6331/4596 4720/6515/4735
f 4581/6331/4596 4649/6418/4664 4721/6516/4736
f 4690/6477/4705 4722/6517/4737 4677/6455/4692
f 4650/6454/4665 4723/6518/4738 4676/6453/4691
f 4649/6418/4664 4531/6258/4546 4628/6395/4643
f 4724/6519/4739 4694/6520/4709 4676/6453/4691
f 4725/6521/4740 4693/6482/4708 4618/6381/4633
f 4651/6522/4741 4726/6523/4742 4727/6524/4743
f 4678/6456/4693 4677/6455/4692 4692/6481/4707
f 4724/6525/4739 4695/6526/4710 4694/6527/4709
f 4728/6528/4744 4630/6397/4645 4648/6417/4663
f 4655/6426/4670 4654/6425/4669 4679/6459/4694
f 4629/6396/4644 4729/6529/4745 4697/6486/4712
f 4698/6490/4713 4730/6530/4746 4731/6531/4747
f 4698/6490/4713 4700/6492/4715 4732/6532/4748
f 4729/6529/4745 4629/6396/4644 4733/6533/4749
f 4629/6396/4644 4586/6337/4601 4733/6533/4749
f 4698/6534/4713 4734/6535/4750 4699/6536/4714
f 4586/6337/4601 4569/6351/4584 4733/6533/4749
f 4699/6536/4714 4734/6535/4750 4701/6537/4716
f 4732/6532/4748 4700/6492/4715 4701/6493/4716
f 4631/6398/4646 4680/6460/4695 4735/6538/4751
f 4658/6429/4673 4736/6539/4752 4619/6384/4634
f 4619/6384/4634 4736/6539/4752 4680/6460/4695
f 4569/6338/4584 4632/6399/4647 4733/6540/4749
f 4737/6541/4753 4587/6339/4602 4620/6385/4635
f 4631/6398/4646 4735/6538/4751 4657/6428/4672
f 4632/6542/4647 4738/6543/4754 4733/6544/4749
f 4413/6080/4428 4739/6545/4755 4555/6291/4570
f 4555/6291/4570 4735/6546/4751 4469/6158/4484
f 4632/6399/4647 4703/6496/4718 4704/6497/4719
f 4587/6339/4602 4704/6497/4719 4661/6432/4676
f 4632/6542/4647 4704/6547/4719 4738/6543/4754
f 4704/6547/4719 4740/6548/4756 4738/6543/4754
f 4741/6549/4757 4742/6550/4758 4743/6551/4759
f 4741/6549/4757 4743/6551/4759 4744/6552/4760
f 4416/6084/4431 4634/6401/4649 4519/6241/4534
f 4743/6553/4759 4745/6554/4761 4705/6498/4720
f 4745/6554/4761 4706/6499/4721 4705/6498/4720
f 4738/6555/4754 4706/6556/4721 4745/6557/4761
f 4738/6555/4754 4740/6558/4756 4706/6556/4721
f 4743/6553/4759 4705/6498/4720 4746/6559/4762
f 4706/6499/4721 4740/6560/4756 4747/6561/4763
f 4746/6559/4762 4705/6498/4720 4748/6562/4764
f 4748/6562/4764 4705/6498/4720 4747/6561/4763
f 4707/6500/4722 4747/6561/4763 4705/6498/4720
f 4747/6561/4763 4707/6500/4722 4706/6499/4721
f 4589/6341/4604 4749/6563/4765 4522/6248/4537
f 4635/6402/4650 4750/6564/4766 4524/6250/4539
f 4574/6363/4589 4751/6565/4767 4558/6297/4573
f 4419/6089/4434 4540/6271/4555 4710/6503/4725
f 4637/6404/4652 4472/6162/4487 4752/6566/4768
f 4602/6364/4617 4753/6567/4769 4575/6325/4590
f 4435/6116/4450 4754/6568/4770 4590/6342/4605
f 4575/6325/4590 4753/6567/4769 4711/6504/4726
f 4559/6299/4574 4711/6504/4726 4664/6438/4679
f 4435/6116/4450 4755/6569/4771 4754/6568/4770
f 4476/6166/4491 4756/6570/4772 4683/6463/4698
f 4543/6303/4558 4756/6570/4772 4476/6166/4491
f 4560/6301/4575 4757/6571/4773 4561/6302/4576
f 4442/6572/4457 4642/6573/4657 4716/6574/4731
f 4642/6409/4657 4593/6346/4608 4758/6575/4774
f 4759/6576/4775 4668/6442/4683 4624/6390/4639
f 4623/6389/4638 4759/6576/4775 4624/6390/4639
f 4668/6442/4683 4760/6577/4776 4669/6443/4684
f 4669/6443/4684 4760/6577/4776 4761/6578/4777
f 4494/6194/4509 4717/6510/4732 4580/6330/4595
f 4669/6443/4684 4688/6473/4703 4615/6378/4630
f 4673/6471/4688 4762/6579/4778 4625/6391/4640
f 4616/6379/4631 4689/6475/4704 4687/6470/4702
f 4614/6467/4629 4646/6580/4661 4763/6581/4779
f 4673/6447/4688 4764/6582/4780 4762/6583/4778
f 4646/6580/4661 4765/6584/4781 4763/6581/4779
f 4670/6472/4685 4686/6468/4701 4674/6514/4689
f 4719/6512/4734 4674/6514/4689 4686/6468/4701
f 4673/6447/4688 4691/6478/4706 4764/6582/4780
f 4646/6416/4661 4690/6477/4705 4765/6585/4781
f 4626/6392/4641 4719/6586/4734 4766/6587/4782
f 4720/6515/4735 4581/6331/4596 4721/6516/4736
f 4690/6477/4705 4671/6445/4686 4722/6517/4737
f 4627/6393/4642 4767/6588/4783 4651/6480/4666
f 4626/6392/4641 4768/6589/4784 4648/6417/4663
f 4626/6392/4641 4766/6587/4782 4768/6589/4784
f 4690/6590/4705 4677/6458/4692 4769/6591/4785
f 4770/6592/4786 4723/6518/4738 4650/6454/4665
f 4676/6453/4691 4694/6520/4709 4691/6479/4706
f 4722/6517/4737 4771/6593/4787 4677/6455/4692
f 4676/6453/4691 4723/6518/4738 4724/6519/4739
f 4771/6593/4787 4692/6481/4707 4677/6455/4692
f 4694/6594/4709 4696/6595/4711 4691/6596/4706
f 4652/6422/4667 4693/6597/4708 4653/6423/4668
f 4651/6522/4741 4772/6598/4788 4726/6523/4742
f 4726/6523/4742 4730/6599/4746 4727/6524/4743
f 4768/6589/4784 4728/6528/4744 4648/6417/4663
f 4726/6600/4742 4731/6531/4747 4730/6530/4746
f 4695/6487/4710 4773/6601/4789 4679/6459/4694
f 4655/6488/4670 4773/6602/4789 4696/6485/4711
f 4726/6600/4742 4772/6603/4788 4731/6531/4747
f 4679/6459/4694 4773/6601/4789 4655/6426/4670
f 4728/6528/4744 4774/6604/4790 4630/6397/4645
f 4731/6531/4747 4772/6603/4788 4698/6490/4713
f 4698/6490/4713 4732/6532/4748 4730/6530/4746
f 4701/6493/4716 4657/6605/4672 4732/6532/4748
f 4620/6385/4635 4702/6494/4717 4737/6541/4753
f 4658/6606/4673 4775/6607/4791 4736/6608/4752
f 4518/6238/4533 4739/6609/4755 4413/6237/4428
f 4735/6538/4751 4776/6610/4792 4657/6428/4672
f 4587/6339/4602 4777/6611/4793 4704/6497/4719
f 4738/6555/4754 4745/6557/4761 4777/6612/4793
f 4738/6555/4754 4777/6612/4793 4778/6613/4794
f 4779/6614/4795 4780/6615/4796 4781/6616/4797
f 4779/6617/4795 4781/6618/4797 4742/6550/4758
f 4778/6619/4794 4777/6620/4793 4783/6621/4798
f 4745/6557/4761 4740/6622/4756 4777/6612/4793
f 4704/6623/4719 4777/6612/4793 4740/6622/4756
f 4778/6624/4794 4783/6625/4798 4745/6557/4761
f 4782/6626/4799 4778/6624/4794 4745/6557/4761
f 4742/6550/4758 4784/6627/4800 4779/6617/4795
f 4779/6614/4795 4784/6628/4800 4780/6615/4796
f 4741/6549/4757 4784/6627/4800 4742/6550/4758
f 4742/6550/4758 4781/6618/4797 4743/6551/4759
f 4781/6618/4797 4785/6629/4801 4743/6551/4759
f 4743/6551/4759 4785/6629/4801 4745/6630/4761
f 4745/6557/4761 4783/6625/4798 4740/6622/4756
f 4741/6549/4757 4744/6552/4760 4784/6627/4800
f 4743/6551/4759 4784/6627/4800 4744/6552/4760
f 4743/6553/4759 4746/6559/4762 4784/6628/4800
f 4746/6559/4762 4786/6631/4802 4784/6628/4800
f 4783/6621/4798 4747/6561/4763 4740/6560/4756
f 4748/6562/4764 4786/6631/4802 4746/6559/4762
f 4786/6631/4802 4747/6561/4763 4783/6621/4798
f 4747/6561/4763 4786/6631/4802 4748/6562/4764
f 4524/6250/4539 4750/6564/4766 4787/6632/4803
f 4506/6361/4521 4601/6362/4616 4788/6633/4804
f 4418/6213/4433 4637/6634/4652 4682/6462/4697
f 4591/6343/4606 4590/6342/4605 4789/6635/4805
f 4472/6322/4487 4573/6321/4588 4752/6636/4768
f 4636/6403/4651 4683/6637/4698 4573/6321/4588
f 4790/6638/4806 4639/6639/4654 4638/6640/4653
f 4576/6326/4591 4712/6505/4727 4640/6407/4655
f 4639/6639/4654 4791/6641/4807 4666/6642/4681
f 4666/6642/4681 4791/6641/4807 4792/6643/4808
f 4641/6408/4656 4793/6644/4809 4560/6301/4575
f 4544/6275/4559 4562/6304/4577 4794/6645/4810
f 4508/6216/4523 4795/6646/4811 4622/6388/4637
f 4715/6508/4730 4437/6118/4452 4408/6072/4423
f 4625/6391/4640 4759/6576/4775 4623/6389/4638
f 4796/6647/4812 4669/6443/4684 4761/6578/4777
f 4688/6473/4703 4669/6443/4684 4797/6648/4813
f 4614/6467/4629 4763/6581/4779 4686/6468/4701
f 4686/6468/4701 4763/6581/4779 4719/6512/4734
f 4765/6584/4781 4719/6512/4734 4763/6581/4779
f 4765/6649/4781 4769/6591/4785 4719/6586/4734
f 4766/6587/4782 4719/6586/4734 4769/6591/4785
f 4690/6590/4705 4769/6591/4785 4765/6649/4781
f 4769/6591/4785 4677/6458/4692 4798/6650/4814
f 4693/6482/4708 4799/6651/4815 4653/6652/4668
f 4724/6525/4739 4773/6653/4789 4695/6526/4710
f 4774/6604/4790 4729/6529/4745 4630/6397/4645
f 4800/6654/4816 4702/6655/4717 4801/6656/4817
f 4549/6283/4564 4630/6397/4645 4802/6657/4818
f 4729/6529/4745 4802/6657/4818 4630/6397/4645
f 4733/6533/4749 4802/6657/4818 4729/6529/4745
f 4549/6283/4564 4802/6657/4818 4658/6658/4673
f 4802/6659/4818 4733/6544/4749 4738/6543/4754
f 4658/6606/4673 4802/6659/4818 4803/6660/4819
f 4657/6428/4672 4701/6661/4716 4518/6238/4533
f 4702/6494/4717 4597/6495/4612 4804/6662/4820
f 4658/6606/4673 4803/6660/4819 4775/6607/4791
f 4775/6607/4791 4805/6663/4821 4736/6608/4752
f 4775/6607/4791 4803/6660/4819 4805/6663/4821
f 4555/6291/4570 4806/6664/4822 4735/6546/4751
f 4738/6665/4754 4782/6666/4823 4807/6667/4824
f 4808/6668/4825 4781/6616/4797 4809/6669/4826
f 4808/6668/4825 4785/6670/4801 4781/6616/4797
f 4780/6615/4796 4810/6671/4827 4781/6616/4797
f 4781/6616/4797 4811/6672/4828 4809/6669/4826
f 4777/6620/4793 4807/6673/4829 4783/6621/4798
f 4780/6615/4796 4784/6628/4800 4810/6671/4827
f 4810/6671/4827 4811/6672/4828 4781/6616/4797
f 4810/6671/4827 4784/6628/4800 4811/6672/4828
f 4745/6630/4761 4785/6629/4801 4782/6674/4799
f 4811/6672/4828 4784/6628/4800 4812/6675/4830
f 4784/6628/4800 4786/6631/4802 4812/6675/4830
f 4469/6159/4484 4813/6676/4831 4536/6267/4551
f 4557/6293/4572 4787/6632/4803 4600/6360/4615
f 4599/6677/4614 4506/6361/4521 4788/6633/4804
f 4574/6323/4589 4708/6501/4723 4751/6678/4767
f 4752/6636/4768 4573/6321/4588 4683/6637/4698
f 4711/6679/4726 4637/6404/4652 4664/6680/4679
f 4814/6681/4832 4665/6682/4680 4683/6637/4698
f 4622/6388/4637 4795/6646/4811 4714/6507/4729
f 4716/6574/4731 4815/6683/4833 4439/6684/4454
f 4642/6573/4657 4816/6685/4834 4716/6574/4731
f 4439/6305/4454 4717/6510/4732 4563/6306/4578
f 4668/6442/4683 4817/6686/4835 4761/6578/4777
f 4668/6442/4683 4761/6578/4777 4760/6577/4776
f 4759/6576/4775 4817/6686/4835 4668/6442/4683
f 4758/6575/4774 4593/6346/4608 4687/6470/4702
f 4669/6443/4684 4796/6647/4812 4797/6648/4813
f 4758/6575/4774 4687/6470/4702 4689/6475/4704
f 4625/6391/4640 4762/6579/4778 4759/6576/4775
f 4762/6583/4778 4764/6582/4780 4818/6687/4836
f 4691/6478/4706 4819/6688/4837 4764/6582/4780
f 4688/6474/4703 4820/6689/4838 4671/6445/4686
f 4671/6445/4686 4820/6689/4838 4821/6690/4839
f 4767/6691/4783 4650/6454/4665 4651/6692/4666
f 4671/6445/4686 4821/6690/4839 4722/6517/4737
f 4720/6515/4735 4721/6516/4736 4649/6418/4664
f 4822/6693/4840 4691/6596/4706 4823/6694/4841
f 4722/6517/4737 4821/6690/4839 4771/6593/4787
f 4725/6521/4740 4824/6695/4842 4799/6651/4815
f 4725/6521/4740 4799/6651/4815 4693/6482/4708
f 4653/6457/4668 4799/6696/4815 4628/6395/4643
f 4651/6522/4741 4727/6524/4743 4772/6598/4788
f 4691/6596/4706 4696/6595/4711 4773/6653/4789
f 4725/6521/4740 4618/6381/4633 4692/6481/4707
f 4799/6651/4815 4824/6695/4842 4825/6697/4843
f 4677/6458/4692 4697/6486/4712 4798/6650/4814
f 4825/6698/4843 4826/6699/4844 4799/6700/4815
f 4825/6698/4843 4827/6701/4845 4826/6699/4844
f 4768/6589/4784 4828/6702/4846 4728/6528/4744
f 4825/6698/4843 4829/6703/4847 4827/6701/4845
f 4728/6528/4744 4828/6702/4846 4774/6604/4790
f 4827/6701/4845 4829/6703/4847 4830/6704/4848
f 4800/6654/4816 4801/6656/4817 4827/6701/4845
f 4729/6529/4745 4831/6705/4849 4697/6486/4712
f 4827/6701/4845 4830/6704/4848 4800/6654/4816
f 4830/6704/4848 4832/6706/4850 4800/6654/4816
f 4772/6598/4788 4734/6535/4750 4698/6534/4713
f 4732/6707/4748 4833/6708/4851 4730/6599/4746
f 4732/6707/4748 4834/6709/4852 4833/6708/4851
f 4800/6654/4816 4832/6706/4850 4702/6655/4717
f 4832/6710/4850 4737/6711/4753 4702/6712/4717
f 4732/6532/4748 4835/6713/4853 4836/6714/4854
f 4732/6532/4748 4657/6605/4672 4835/6713/4853
f 4657/6428/4672 4776/6610/4792 4835/6715/4853
f 4587/6339/4602 4837/6716/4855 4777/6611/4793
f 4776/6610/4792 4806/6717/4822 4835/6715/4853
f 4739/6545/4755 4806/6664/4822 4555/6291/4570
f 4806/6717/4822 4776/6610/4792 4735/6538/4751
f 4805/6663/4821 4803/6660/4819 4838/6718/4856
f 4802/6659/4818 4738/6543/4754 4785/6629/4801
f 4802/6659/4818 4785/6629/4801 4803/6660/4819
f 4738/6543/4754 4782/6674/4799 4785/6629/4801
f 4808/6668/4825 4809/6669/4826 4812/6675/4830
f 4808/6668/4825 4812/6675/4830 4785/6670/4801
f 4803/6660/4819 4785/6629/4801 4838/6718/4856
f 4811/6672/4828 4812/6675/4830 4809/6669/4826
f 4785/6670/4801 4812/6675/4830 4839/6719/4857
f 4785/6629/4801 4839/6720/4857 4838/6718/4856
f 4812/6675/4830 4786/6631/4802 4839/6719/4857
f 4839/6719/4857 4783/6621/4798 4807/6673/4829
f 4839/6719/4857 4786/6631/4802 4783/6621/4798
f 4634/6401/4649 4521/6247/4536 4840/6721/4858
f 4522/6248/4537 4841/6722/4859 4572/6319/4587
f 4751/6565/4767 4842/6723/4860 4558/6297/4573
f 4558/6297/4573 4842/6723/4860 4638/6437/4653
f 4683/6637/4698 4636/6403/4651 4814/6681/4832
f 4637/6404/4652 4752/6566/4768 4664/6680/4679
f 4665/6439/4680 4755/6569/4771 4435/6116/4450
f 4666/6440/4681 4793/6644/4809 4641/6408/4656
f 4560/6301/4575 4793/6644/4809 4757/6571/4773
f 4592/6345/4607 4713/6506/4728 4685/6466/4700
f 4685/6466/4700 4795/6646/4811 4508/6216/4523
f 4439/6684/4454 4815/6683/4833 4843/6724/4861
f 4716/6574/4731 4844/6725/4862 4815/6683/4833
f 4439/6305/4454 4843/6726/4861 4717/6510/4732
f 4642/6573/4657 4758/6727/4774 4816/6685/4834
f 4817/6686/4835 4796/6647/4812 4761/6578/4777
f 4580/6330/4595 4717/6510/4732 4672/6446/4687
f 4759/6728/4775 4762/6583/4778 4818/6687/4836
f 4579/6729/4594 4720/6730/4735 4718/6731/4733
f 4691/6596/4706 4845/6732/4863 4819/6733/4837
f 4691/6596/4706 4822/6693/4840 4845/6732/4863
f 4723/6518/4738 4770/6592/4786 4823/6734/4841
f 4649/6418/4664 4628/6395/4643 4846/6735/4864
f 4766/6587/4782 4798/6650/4814 4768/6589/4784
f 4769/6591/4785 4798/6650/4814 4766/6587/4782
f 4723/6518/4738 4823/6734/4841 4724/6519/4739
f 4691/6596/4706 4773/6653/4789 4823/6694/4841
f 4823/6694/4841 4773/6653/4789 4724/6525/4739
f 4771/6593/4787 4821/6690/4839 4692/6481/4707
f 4692/6481/4707 4821/6690/4839 4725/6521/4740
f 4772/6598/4788 4727/6524/4743 4833/6708/4851
f 4798/6650/4814 4697/6486/4712 4768/6589/4784
f 4825/6697/4843 4824/6695/4842 4829/6736/4847
f 4727/6524/4743 4730/6599/4746 4833/6708/4851
f 4701/6661/4716 4739/6609/4755 4518/6238/4533
f 4701/6537/4716 4734/6535/4750 4739/6737/4755
f 4587/6339/4602 4737/6541/4753 4837/6716/4855
f 4680/6460/4695 4847/6738/4865 4735/6538/4751
f 4805/6663/4821 4838/6718/4856 4839/6720/4857
f 4848/6739/4866 4839/6719/4857 4807/6673/4829
f 4521/6247/4536 4572/6319/4587 4840/6721/4858
f 4557/6293/4572 4524/6250/4539 4787/6632/4803
f 4600/6360/4615 4849/6740/4867 4708/6501/4723
f 4539/6436/4554 4682/6741/4697 4602/6364/4617
f 4602/6364/4617 4850/6742/4868 4753/6567/4769
f 4711/6504/4726 4851/6743/4869 4637/6744/4652
f 4852/6745/4870 4853/6746/4871 4752/6636/4768
f 4683/6637/4698 4852/6745/4870 4752/6636/4768
f 4639/6639/4654 4790/6638/4806 4791/6641/4807
f 4756/6570/4772 4854/6747/4872 4683/6463/4698
f 4757/6571/4773 4712/6505/4727 4561/6302/4576
f 4844/6725/4862 4716/6574/4731 4816/6685/4834
f 4759/6576/4775 4855/6748/4873 4817/6686/4835
f 4817/6686/4835 4855/6748/4873 4796/6647/4812
f 4764/6582/4780 4856/6749/4874 4818/6687/4836
f 4857/6750/4875 4764/6582/4780 4819/6688/4837
f 4767/6691/4783 4770/6592/4786 4650/6454/4665
f 4858/6751/4876 4770/6592/4786 4767/6691/4783
f 4858/6751/4876 4822/6752/4840 4770/6592/4786
f 4822/6752/4840 4823/6734/4841 4770/6592/4786
f 4821/6690/4839 4824/6695/4842 4725/6521/4740
f 4768/6589/4784 4697/6486/4712 4859/6753/4877
f 4831/6705/4849 4729/6529/4745 4774/6604/4790
f 4772/6598/4788 4833/6708/4851 4734/6535/4750
f 4833/6708/4851 4834/6709/4852 4734/6535/4750
f 4832/6710/4850 4860/6754/4878 4737/6711/4753
f 4801/6755/4817 4702/6756/4717 4804/6757/4820
f 4736/6539/4752 4861/6758/4879 4680/6460/4695
f 4804/6662/4820 4597/6495/4612 4660/6759/4675
f 4861/6758/4879 4847/6738/4865 4680/6460/4695
f 4848/6760/4866 4736/6608/4752 4805/6663/4821
f 4777/6620/4793 4848/6739/4866 4807/6673/4829
f 4839/6720/4857 4848/6760/4866 4805/6663/4821
f 4847/6761/4865 4813/6676/4831 4735/6762/4751
f 4813/6676/4831 4469/6159/4484 4735/6762/4751
f 4536/6267/4551 4813/6676/4831 4589/6341/4604
f 4522/6248/4537 4749/6563/4765 4841/6722/4859
f 4862/6763/4880 4600/6360/4615 4787/6632/4803
f 4862/6763/4880 4849/6740/4867 4600/6360/4615
f 4863/6764/4881 4663/6435/4678 4864/6765/4882
f 4863/6764/4881 4601/6362/4616 4663/6435/4678
f 4850/6742/4868 4602/6364/4617 4682/6741/4697
f 4865/6766/4883 4710/6503/4725 4540/6271/4555
f 4636/6403/4651 4866/6767/4884 4814/6681/4832
f 4867/6768/4885 4590/6342/4605 4754/6568/4770
f 4868/6769/4886 4814/6681/4832 4866/6767/4884
f 4865/6766/4883 4540/6271/4555 4640/6407/4655
f 4869/6770/4887 4752/6636/4768 4853/6746/4871
f 4868/6769/4886 4665/6682/4680 4814/6681/4832
f 4870/6771/4888 4640/6407/4655 4712/6505/4727
f 4871/6772/4889 4794/6773/4810 4562/6774/4577
f 4794/6645/4810 4713/6506/4728 4544/6275/4559
f 4815/6683/4833 4872/6775/4890 4843/6724/4861
f 4815/6683/4833 4844/6725/4862 4872/6775/4890
f 4843/6726/4861 4873/6776/4891 4717/6510/4732
f 4818/6687/4836 4856/6749/4874 4759/6728/4775
f 4688/6474/4703 4797/6777/4813 4820/6689/4838
f 4689/6778/4704 4718/6779/4733 4874/6780/4892
f 4856/6749/4874 4764/6582/4780 4857/6750/4875
f 4875/6781/4893 4628/6395/4643 4799/6696/4815
f 4799/6782/4815 4826/6783/4844 4876/6784/4894
f 4826/6785/4844 4830/6704/4848 4876/6786/4894
f 4876/6786/4894 4830/6704/4848 4829/6703/4847
f 4859/6753/4877 4697/6486/4712 4831/6705/4849
f 4830/6704/4848 4877/6787/4895 4832/6706/4850
f 4830/6704/4848 4801/6788/4817 4877/6787/4895
f 4877/6789/4895 4860/6754/4878 4832/6710/4850
f 4734/6535/4750 4834/6709/4852 4878/6790/4896
f 4801/6755/4817 4804/6757/4820 4877/6789/4895
f 4836/6791/4854 4861/6792/4879 4879/6793/4897
f 4835/6794/4853 4861/6792/4879 4836/6791/4854
f 4736/6539/4752 4880/6795/4898 4861/6758/4879
f 4835/6715/4853 4806/6717/4822 4861/6796/4879
f 4556/6797/4571 4519/6241/4534 4634/6401/4649
f 4813/6676/4831 4881/6798/4899 4589/6341/4604
f 4749/6563/4765 4589/6341/4604 4881/6798/4899
f 4662/6433/4677 4882/6799/4900 4635/6434/4650
f 4635/6800/4650 4883/6801/4901 4884/6802/4902
f 4682/6462/4697 4637/6634/4652 4851/6803/4869
f 4789/6635/4805 4590/6342/4605 4867/6768/4885
f 4850/6742/4868 4851/6743/4869 4753/6567/4769
f 4753/6567/4769 4851/6743/4869 4711/6504/4726
f 4842/6723/4860 4790/6804/4806 4638/6437/4653
f 4865/6766/4883 4640/6407/4655 4885/6805/4903
f 4886/6806/4904 4640/6407/4655 4870/6771/4888
f 4853/6746/4871 4887/6807/4905 4869/6770/4887
f 4683/6808/4698 4888/6809/4906 4852/6810/4870
f 4854/6811/4872 4888/6809/4906 4683/6808/4698
f 4666/6642/4681 4792/6643/4808 4793/6812/4809
f 4603/6366/4618 4889/6813/4907 4715/6508/4730
f 4437/6118/4452 4715/6508/4730 4667/6441/4682
f 4855/6748/4873 4797/6648/4813 4796/6647/4812
f 4759/6728/4775 4856/6749/4874 4855/6814/4873
f 4797/6815/4813 4855/6814/4873 4890/6816/4908
f 4855/6814/4873 4856/6749/4874 4890/6816/4908
f 4820/6689/4838 4890/6817/4908 4891/6818/4909
f 4718/6731/4733 4720/6730/4735 4874/6819/4892
f 4856/6749/4874 4857/6750/4875 4890/6816/4908
f 4890/6816/4908 4857/6750/4875 4892/6820/4910
f 4892/6821/4910 4891/6818/4909 4890/6817/4908
f 4892/6821/4910 4893/6822/4911 4891/6818/4909
f 4820/6689/4838 4894/6823/4912 4821/6690/4839
f 4821/6690/4839 4894/6823/4912 4824/6695/4842
f 4628/6395/4643 4875/6781/4893 4846/6735/4864
f 4799/6782/4815 4876/6784/4894 4875/6824/4893
f 4824/6695/4842 4876/6784/4894 4829/6736/4847
f 4768/6589/4784 4859/6753/4877 4895/6825/4913
f 4828/6702/4846 4768/6589/4784 4895/6825/4913
f 4877/6789/4895 4804/6757/4820 4860/6754/4878
f 4732/6707/4748 4878/6790/4896 4834/6709/4852
f 4836/6714/4854 4878/6826/4896 4732/6532/4748
f 4861/6792/4879 4880/6827/4898 4879/6793/4897
f 4848/6828/4866 4880/6795/4898 4736/6539/4752
f 4777/6620/4793 4837/6829/4855 4848/6739/4866
f 4806/6717/4822 4847/6830/4865 4861/6796/4879
f 4634/6401/4649 4660/6831/4675 4556/6797/4571
f 4840/6721/4858 4572/6319/4587 4841/6722/4859
f 4599/6832/4614 4896/6833/4914 4662/6834/4677
f 4662/6834/4677 4896/6833/4914 4882/6835/4900
f 4635/6434/4650 4882/6799/4900 4883/6836/4901
f 4897/6837/4915 4787/6838/4803 4750/6839/4766
f 4750/6840/4766 4635/6841/4650 4884/6842/4902
f 4487/6295/4502 4898/6843/4916 4709/6502/4724
f 4591/6343/4606 4898/6844/4916 4487/6186/4502
f 4591/6343/4606 4789/6635/4805 4898/6844/4916
f 4682/6741/4697 4851/6743/4869 4850/6742/4868
f 4640/6407/4655 4886/6806/4904 4885/6805/4903
f 4853/6746/4871 4852/6745/4870 4887/6807/4905
f 4665/6439/4680 4868/6845/4886 4755/6569/4771
f 4790/6638/4806 4899/6846/4917 4791/6641/4807
f 4900/6847/4918 4852/6848/4870 4888/6849/4906
f 4712/6505/4727 4757/6571/4773 4870/6771/4888
f 4792/6643/4808 4791/6641/4807 4901/6850/4919
f 4902/6851/4920 4795/6646/4811 4685/6466/4700
f 4714/6507/4729 4903/6852/4921 4603/6366/4618
f 4843/6724/4861 4872/6775/4890 4873/6853/4891
f 4816/6685/4834 4758/6727/4774 4904/6854/4922
f 4797/6777/4813 4890/6817/4908 4820/6689/4838
f 4819/6855/4837 4905/6856/4923 4857/6857/4875
f 4845/6858/4863 4905/6856/4923 4819/6855/4837
f 4892/6821/4910 4906/6859/4924 4893/6822/4911
f 4893/6822/4911 4907/6860/4925 4891/6818/4909
f 4875/6824/4893 4876/6784/4894 4824/6695/4842
f 4859/6753/4877 4831/6705/4849 4895/6825/4913
f 4828/6702/4846 4895/6825/4913 4774/6604/4790
f 4831/6705/4849 4774/6604/4790 4895/6825/4913
f 4737/6711/4753 4908/6861/4926 4837/6862/4855
f 4909/6863/4927 4841/6722/4859 4749/6563/4765
f 4896/6833/4914 4910/6864/4928 4882/6835/4900
f 4849/6740/4867 4911/6865/4929 4708/6501/4723
f 4709/6502/4724 4912/6866/4930 4636/6403/4651
f 4842/6723/4860 4913/6867/4931 4790/6804/4806
f 4664/6868/4679 4752/6636/4768 4914/6869/4932
f 4913/6870/4931 4899/6846/4917 4790/6638/4806
f 4900/6847/4918 4888/6849/4906 4915/6871/4933
f 4871/6772/4889 4916/6872/4934 4794/6773/4810
f 4603/6366/4618 4903/6852/4921 4889/6813/4907
f 4872/6775/4890 4917/6873/4935 4873/6853/4891
f 4844/6725/4862 4917/6873/4935 4872/6775/4890
f 4844/6725/4862 4816/6685/4834 4904/6854/4922
f 4672/6446/4687 4918/6874/4936 4627/6393/4642
f 4919/6875/4937 4892/6820/4910 4857/6750/4875
f 4627/6393/4642 4920/6876/4938 4767/6588/4783
f 4857/6857/4875 4905/6856/4923 4919/6877/4937
f 4720/6515/4735 4649/6418/4664 4846/6735/4864
f 4858/6878/4876 4845/6732/4863 4822/6693/4840
f 4893/6822/4911 4906/6859/4924 4907/6860/4925
f 4921/6879/4939 4878/6880/4896 4836/6791/4854
f 4848/6881/4866 4922/6882/4940 4880/6827/4898
f 4806/6883/4822 4923/6884/4941 4847/6761/4865
f 4634/6401/4649 4924/6885/4942 4660/6831/4675
f 4840/6721/4858 4924/6885/4942 4634/6401/4649
f 4847/6761/4865 4925/6886/4943 4813/6676/4831
f 4841/6722/4859 4909/6863/4927 4840/6721/4858
f 4787/6632/4803 4897/6887/4915 4862/6763/4880
f 4910/6864/4928 4926/6888/4944 4882/6835/4900
f 4910/6864/4928 4927/6889/4945 4926/6888/4944
f 4910/6864/4928 4928/6890/4946 4927/6889/4945
f 4663/6435/4678 4710/6503/4725 4864/6765/4882
f 4789/6635/4805 4867/6768/4885 4898/6844/4916
f 4754/6568/4770 4929/6891/4947 4867/6768/4885
f 4755/6569/4771 4929/6891/4947 4754/6568/4770
f 4900/6847/4918 4930/6892/4948 4852/6848/4870
f 4684/6464/4699 4871/6893/4889 4562/6465/4577
f 4756/6570/4772 4543/6303/4558 4854/6747/4872
f 4916/6872/4934 4931/6894/4949 4794/6773/4810
f 4794/6773/4810 4931/6894/4949 4713/6895/4728
f 4844/6725/4862 4904/6854/4922 4917/6873/4935
f 4758/6727/4774 4689/6778/4704 4874/6780/4892
f 4717/6510/4732 4873/6776/4891 4672/6446/4687
f 4873/6776/4891 4932/6896/4950 4672/6446/4687
f 4720/6730/4735 4933/6897/4951 4874/6819/4892
f 4720/6730/4735 4846/6898/4864 4933/6897/4951
f 4919/6877/4937 4905/6856/4923 4934/6899/4952
f 4892/6820/4910 4919/6875/4937 4935/6900/4953
f 4891/6818/4909 4935/6901/4953 4820/6689/4838
f 4820/6689/4838 4935/6901/4953 4894/6823/4912
f 4891/6818/4909 4907/6860/4925 4936/6902/4954
f 4824/6695/4842 4937/6903/4955 4875/6824/4893
f 4892/6821/4910 4938/6904/4956 4906/6859/4924
f 4938/6904/4956 4939/6905/4957 4906/6859/4924
f 4940/6906/4958 4941/6907/4959 4942/6908/4960
f 4737/6711/4753 4943/6909/4961 4908/6861/4926
f 4860/6754/4878 4943/6909/4961 4737/6711/4753
f 4942/6910/4960 4837/6862/4855 4908/6861/4926
f 4804/6757/4820 4944/6911/4962 4860/6754/4878
f 4879/6793/4897 4880/6827/4898 4922/6882/4940
f 4848/6912/4866 4837/6913/4855 4922/6914/4940
f 4804/6915/4820 4660/6831/4675 4944/6916/4962
f 4660/6831/4675 4945/6917/4963 4944/6916/4962
f 4660/6831/4675 4924/6885/4942 4945/6917/4963
f 4847/6761/4865 4923/6884/4941 4925/6886/4943
f 4813/6676/4831 4925/6886/4943 4881/6798/4899
f 4599/6832/4614 4946/6918/4964 4896/6833/4914
f 4601/6919/4616 4947/6920/4965 4788/6921/4804
f 4882/6835/4900 4926/6888/4944 4883/6922/4901
f 4709/6502/4724 4898/6843/4916 4912/6866/4930
f 4912/6866/4930 4866/6767/4884 4636/6403/4651
f 4865/6923/4883 4885/6924/4903 4948/6925/4966
f 4755/6569/4771 4868/6845/4886 4929/6891/4947
f 4436/6300/4451 4664/6438/4679 4684/6464/4699
f 4869/6770/4887 4949/6926/4967 4916/6872/4934
f 4869/6770/4887 4887/6807/4905 4949/6926/4967
f 4791/6641/4807 4899/6846/4917 4901/6850/4919
f 4793/6812/4809 4950/6927/4968 4757/6928/4773
f 4873/6853/4891 4917/6873/4935 4951/6929/4969
f 4952/6930/4970 4951/6929/4969 4917/6873/4935
f 4904/6854/4922 4952/6930/4970 4917/6873/4935
f 4758/6727/4774 4874/6780/4892 4904/6854/4922
f 4918/6874/4936 4920/6876/4938 4627/6393/4642
f 4892/6821/4910 4935/6931/4953 4938/6904/4956
f 4845/6858/4863 4953/6932/4971 4905/6856/4923
f 4875/6933/4893 4937/6934/4955 4846/6898/4864
f 4905/6856/4923 4954/6935/4972 4955/6936/4973
f 4905/6856/4923 4955/6936/4973 4934/6899/4952
f 4894/6823/4912 4937/6903/4955 4824/6695/4842
f 4955/6936/4973 4919/6877/4937 4934/6899/4952
f 4906/6937/4924 4956/6938/4974 4907/6939/4925
f 4939/6940/4957 4940/6906/4958 4906/6941/4924
f 4906/6937/4924 4940/6942/4958 4956/6938/4974
f 4942/6943/4960 4956/6938/4974 4940/6942/4958
f 4734/6535/4750 4878/6790/4896 4739/6737/4755
f 4941/6907/4959 4837/6913/4855 4942/6908/4960
f 4941/6907/4959 4957/6944/4975 4837/6913/4855
f 4860/6754/4878 4944/6911/4962 4943/6909/4961
f 4837/6913/4855 4957/6944/4975 4922/6914/4940
f 4881/6798/4899 4909/6863/4927 4749/6563/4765
f 4710/6945/4725 4958/6946/4976 4864/6947/4882
f 4867/6768/4885 4959/6948/4977 4898/6844/4916
f 4867/6768/4885 4929/6891/4947 4959/6948/4977
f 4950/6949/4968 4960/6950/4978 4757/6951/4773
f 4916/6872/4934 4949/6926/4967 4931/6894/4949
f 4902/6851/4920 4961/6952/4979 4795/6646/4811
f 4889/6813/4907 4962/6953/4980 4715/6508/4730
f 4715/6508/4730 4962/6953/4980 4667/6441/4682
f 4904/6854/4922 4874/6780/4892 4952/6930/4970
f 4891/6818/4909 4938/6954/4956 4935/6901/4953
f 4891/6818/4909 4936/6902/4954 4938/6954/4956
f 4954/6935/4972 4963/6955/4981 4955/6936/4973
f 4955/6936/4973 4964/6956/4982 4919/6877/4937
f 4936/6957/4954 4939/6905/4957 4938/6904/4956
f 4907/6939/4925 4956/6938/4974 4936/6958/4954
f 4879/6793/4897 4965/6959/4983 4966/6960/4984
f 4942/6943/4960 4908/6961/4926 4956/6938/4974
f 4879/6962/4897 4922/6963/4940 4967/6964/4985
f 4878/6880/4896 4968/6965/4986 4739/6966/4755
f 4909/6863/4927 4924/6885/4942 4840/6721/4858
f 4909/6863/4927 4881/6798/4899 4925/6886/4943
f 4599/6832/4614 4788/6921/4804 4946/6918/4964
f 4862/6763/4880 4911/6865/4929 4849/6740/4867
f 4928/6890/4946 4969/6967/4987 4927/6889/4945
f 4926/6968/4944 4970/6969/4988 4883/6970/4901
f 4971/6971/4989 4897/6837/4915 4972/6972/4990
f 4750/6839/4766 4972/6972/4990 4897/6837/4915
f 4972/6972/4990 4913/6867/4931 4971/6971/4989
f 4708/6501/4723 4973/6973/4991 4751/6678/4767
f 4913/6870/4931 4974/6974/4992 4899/6846/4917
f 4869/6770/4887 4975/6975/4993 4752/6636/4768
f 4870/6771/4888 4976/6976/4994 4886/6806/4904
f 4915/6871/4933 4977/6977/4995 4900/6847/4918
f 4667/6441/4682 4978/6978/4996 4543/6274/4558
f 4873/6776/4891 4951/6979/4969 4932/6896/4950
f 4672/6446/4687 4932/6896/4950 4918/6874/4936
f 4767/6980/4783 4979/6981/4997 4858/6982/4876
f 4935/6901/4953 4980/6983/4998 4894/6823/4912
f 4905/6856/4923 4953/6932/4971 4954/6935/4972
f 4894/6823/4912 4980/6983/4998 4937/6903/4955
f 4955/6984/4973 4965/6959/4983 4964/6985/4982
f 4939/6940/4957 4981/6986/4999 4940/6906/4958
f 4955/6984/4973 4963/6987/4981 4966/6960/4984
f 4955/6984/4973 4966/6960/4984 4965/6959/4983
f 4879/6962/4897 4967/6964/4985 4965/6988/4983
f 4836/6791/4854 4879/6793/4897 4921/6879/4939
f 4879/6793/4897 4966/6960/4984 4921/6879/4939
f 4922/6914/4940 4982/6989/5000 4967/6990/4985
f 4922/6914/4940 4957/6944/4975 4982/6989/5000
f 4941/6907/4959 4982/6989/5000 4957/6944/4975
f 4739/6966/4755 4968/6965/4986 4806/6991/4822
f 4806/6991/4822 4968/6965/4986 4923/6992/4941
f 4909/6863/4927 4925/6886/4943 4983/6993/5001
f 4750/6840/4766 4884/6842/4902 4984/6994/5002
f 4898/6843/4916 4985/6995/5003 4912/6866/4930
f 4984/6994/5002 4974/6974/4992 4972/6996/4990
f 4972/6996/4990 4974/6974/4992 4913/6870/4931
f 4885/6924/4903 4986/6997/5004 4948/6925/4966
f 4948/6925/4966 4987/6998/5005 4865/6923/4883
f 4751/6565/4767 4988/6999/5006 4842/6723/4860
f 4866/6767/4884 4985/6995/5003 4868/6769/4886
f 4959/6948/4977 4929/6891/4947 4985/7000/5003
f 4914/6869/4932 4752/6636/4768 4975/6975/4993
f 4868/6845/4886 4985/7000/5003 4929/6891/4947
f 4887/6807/4905 4852/6745/4870 4989/7001/5007
f 4900/6847/4918 4990/7002/5008 4930/6892/4948
f 4900/6847/4918 4991/7003/5009 4990/7002/5008
f 4900/6847/4918 4977/6977/4995 4991/7003/5009
f 4713/6895/4728 4931/6894/4949 4992/7004/5010
f 4685/6466/4700 4713/6506/4728 4902/6851/4920
f 4961/6952/4979 4993/7005/5011 4795/6646/4811
f 4903/6852/4921 4714/6507/4729 4795/6646/4811
f 4962/6953/4980 4889/6813/4907 4994/7006/5012
f 4962/6953/4980 4995/7007/5013 4667/6441/4682
f 4980/7008/4998 4935/6900/4953 4919/6875/4937
f 4953/7009/4971 4919/6875/4937 4996/7010/5014
f 4997/7011/5015 4846/6898/4864 4937/6934/4955
f 4919/6877/4937 4964/6956/4982 4996/7012/5014
f 4964/6985/4982 4965/6959/4983 4998/7013/5016
f 4998/7014/5016 4965/6988/4983 4967/6964/4985
f 4941/6907/4959 4940/6906/4958 4981/6986/4999
f 4878/6880/4896 4921/6879/4939 4968/6965/4986
f 4999/7015/5017 4910/6864/4928 4896/6833/4914
f 5000/7016/5018 4947/6920/4965 4601/6919/4616
f 5001/7017/5019 4897/6837/4915 4971/6971/4989
f 5002/7018/5020 4927/6889/4945 4969/6967/4987
f 5002/7019/5020 4863/7020/4881 4864/6947/4882
f 4969/6967/4987 4601/6919/4616 4863/7021/4881
f 4984/6994/5002 4972/6996/4990 4750/6840/4766
f 4912/6866/4930 4985/6995/5003 4866/6767/4884
f 4898/6844/4916 4959/6948/4977 4985/7000/5003
f 4973/6973/4991 4988/7022/5006 4751/6678/4767
f 4986/7023/5004 4885/6805/4903 5003/7024/5021
f 5004/7025/5022 4684/6464/4699 4664/6438/4679
f 5005/7026/5023 4852/6848/4870 4930/6892/4948
f 5005/7026/5023 4930/6892/4948 5006/7027/5024
f 4887/6807/4905 5007/7028/5025 4949/6926/4967
f 5006/7027/5024 4930/6892/4948 4990/7002/5008
f 4949/6926/4967 4992/7004/5010 4931/6894/4949
f 5008/7029/5026 4793/6812/4809 4792/6643/4808
f 4978/6978/4996 4667/6441/4682 4995/7007/5013
f 4993/7005/5011 5009/7030/5027 4795/6646/4811
f 5009/7030/5027 4903/6852/4921 4795/6646/4811
f 4920/7031/4938 4979/6981/4997 4767/6980/4783
f 4933/6897/4951 4846/6898/4864 4997/7011/5015
f 4845/6858/4863 4858/7032/4876 4953/6932/4971
f 4953/7009/4971 4980/7008/4998 4919/6875/4937
f 4954/6935/4972 4996/7033/5014 4963/6955/4981
f 4996/7034/5014 4964/6985/4982 4998/7013/5016
f 4939/6940/4957 4956/6938/4974 4981/6986/4999
f 4936/6958/4954 4956/6938/4974 4939/6940/4957
f 4956/6938/4974 4908/6961/4926 4981/6986/4999
f 4963/6987/4981 4921/6879/4939 4966/6960/4984
f 4981/6986/4999 4908/6961/4926 4941/6907/4959
f 4941/6907/4959 4908/6961/4926 4982/6989/5000
f 4943/6909/4961 4944/6911/4962 5010/7035/5028
f 4944/6911/4962 4945/7036/4963 5010/7035/5028
f 4945/7036/4963 4924/7037/4942 5010/7035/5028
f 4923/6884/4941 4983/6993/5001 4925/6886/4943
f 4909/6863/4927 4983/6993/5001 4924/6885/4942
f 4896/6833/4914 5011/7038/5029 4999/7015/5017
f 4863/7021/4881 5002/7018/5020 4969/6967/4987
f 5002/7019/5020 4864/6947/4882 4958/6946/4976
f 5001/7017/5019 4971/6971/4989 4913/6867/4931
f 4883/6801/4901 5012/7039/5030 4884/6802/4902
f 4883/6801/4901 5013/7040/5031 5014/7041/5032
f 5013/7040/5031 4986/7042/5004 5014/7041/5032
f 5013/7043/5031 4948/6925/4966 4986/6997/5004
f 4913/6867/4931 4842/6723/4860 5001/7017/5019
f 5003/7024/5021 4885/6805/4903 4886/6806/4904
f 4975/6975/4993 4869/6770/4887 4916/6872/4934
f 4887/6807/4905 4989/7001/5007 5007/7028/5025
f 5006/7027/5024 4990/7002/5008 5015/7044/5033
f 4915/6871/4933 5016/7045/5034 4977/6977/4995
f 4888/6849/4906 5016/7045/5034 4915/6871/4933
f 4950/6927/4968 4793/6812/4809 5008/7029/5026
f 4932/6896/4950 5017/7046/5035 4918/6874/4936
f 4918/6874/4936 5017/7046/5035 4920/6876/4938
f 4953/6932/4971 4996/7033/5014 4954/6935/4972
f 4980/7047/4998 5018/7048/5036 4937/6934/4955
f 4908/6961/4926 4943/7049/4961 4982/6989/5000
f 4910/6864/4928 4999/7015/5017 4928/6890/4946
f 4928/6890/4946 4999/7015/5017 4969/6967/4987
f 4883/6970/4901 4970/6969/4988 5013/7043/5031
f 4883/6801/4901 5014/7041/5032 5012/7039/5030
f 5013/7043/5031 5019/7050/5037 4948/6925/4966
f 4710/6945/4725 4865/6923/4883 4987/6998/5005
f 4842/6723/4860 5020/7051/5038 5001/7017/5019
f 4664/6438/4679 4914/7052/4932 5004/7025/5022
f 4870/6771/4888 4757/6571/4773 4976/6976/4994
f 4871/6772/4889 5021/7053/5039 4916/6872/4934
f 4854/6811/4872 4543/6274/4558 5022/7054/5040
f 4903/6852/4921 5023/7055/5041 5024/7056/5042
f 4903/6852/4921 5024/7056/5042 4889/6813/4907
f 4889/6813/4907 5023/7055/5041 4994/7006/5012
f 4932/6896/4950 4951/6979/4969 5017/7046/5035
f 4952/6930/4970 4874/6780/4892 5025/7057/5043
f 4979/6981/4997 5026/7058/5044 4858/6982/4876
f 5026/7058/5044 4953/7059/4971 4858/6982/4876
f 4980/7047/4998 4953/7059/4971 5018/7048/5036
f 4996/7060/5014 5027/7061/5045 4963/7062/4981
f 4998/7014/5016 5027/7061/5045 4996/7060/5014
f 4963/6987/4981 5027/7063/5045 4921/6879/4939
f 4982/6989/5000 4943/7049/4961 5010/7064/5028
f 4923/6992/4941 4968/6965/4986 5028/7065/5046
f 4983/6993/5001 4923/6884/4941 4924/6885/4942
f 4896/6833/4914 4946/6918/4964 5011/7038/5029
f 4969/6967/4987 5000/7016/5018 4601/6919/4616
f 4926/6968/4944 5029/7066/5047 4970/6969/4988
f 4970/6969/4988 5019/7050/5037 5013/7043/5031
f 4710/6945/4725 4987/6998/5005 5030/7067/5048
f 4911/6865/4929 4973/6973/4991 4708/6501/4723
f 4884/6842/4902 5031/7068/5049 4984/6994/5002
f 4852/6848/4870 5005/7026/5023 4989/7069/5007
f 4684/6464/4699 5032/7070/5050 4871/6893/4889
f 4792/6643/4808 4901/6850/4919 5008/7029/5026
f 4543/6274/4558 4978/6978/4996 5022/7054/5040
f 5024/7056/5042 5023/7055/5041 4889/6813/4907
f 4952/6930/4970 5025/7057/5043 4951/6929/4969
f 4874/6819/4892 4933/6897/4951 5025/7071/5043
f 4937/6934/4955 5018/7048/5036 4997/7011/5015
f 4998/7014/5016 4967/6964/4985 5027/7061/5045
f 4967/6964/4985 5028/7072/5046 5027/7061/5045
f 5027/7063/5045 5028/7065/5046 4921/6879/4939
f 4968/6965/4986 4921/6879/4939 5028/7065/5046
f 4982/6989/5000 5028/7073/5046 4967/6990/4985
f 4982/6989/5000 5010/7064/5028 5028/7073/5046
f 5010/7064/5028 4923/7074/4941 5028/7073/5046
f 4924/7075/4942 4923/7074/4941 5010/7064/5028
f 4788/6921/4804 4947/6920/4965 4946/6918/4964
f 4947/6920/4965 5000/7016/5018 5033/7076/5051
f 4926/6888/4944 4927/6889/4945 5029/7077/5047
f 4986/7042/5004 5003/7078/5021 5014/7041/5032
f 5003/7078/5021 4886/7079/4904 5034/7080/5052
f 4974/6974/4992 5035/7081/5053 4899/6846/4917
f 4684/6464/4699 5036/7082/5054 5032/7070/5050
f 4949/6926/4967 5007/7028/5025 4992/7004/5010
f 5016/7083/5034 4888/6809/4906 5022/7054/5040
f 4888/6809/4906 4854/6811/4872 5022/7054/5040
f 4951/6979/4969 5037/7084/5055 5017/7046/5035
f 4933/6897/4951 4997/7011/5015 5025/7071/5043
f 5038/7085/5056 4979/6981/4997 4920/7031/4938
f 4953/7059/4971 5026/7058/5044 5018/7048/5036
f 4911/6865/4929 4862/6763/4880 5039/7086/5057
f 4927/6889/4945 5002/7018/5020 5029/7077/5047
f 4969/6967/4987 5040/7087/5058 5000/7016/5018
f 4710/6945/4725 5030/7067/5048 4958/6946/4976
f 4842/6723/4860 4988/6999/5006 5020/7051/5038
f 5004/7025/5022 5036/7082/5054 4684/6464/4699
f 4871/6893/4889 5032/7070/5050 5021/7088/5039
f 4990/7002/5008 4991/7003/5009 5015/7044/5033
f 4992/7089/5010 5041/7090/5059 4713/7091/4728
f 4903/6852/4921 5009/7030/5027 5023/7055/5041
f 4994/7006/5012 5042/7092/5060 4962/6953/4980
f 5037/7084/5055 4951/6979/4969 5025/7093/5043
f 5017/7046/5035 5037/7084/5055 5038/7094/5056
f 5017/7046/5035 5038/7094/5056 4920/6876/4938
f 4979/6981/4997 5038/7085/5056 5026/7058/5044
f 5026/7058/5044 5043/7095/5061 5018/7048/5036
f 5018/7048/5036 5043/7095/5061 4997/7011/5015
f 4897/6887/4915 5044/7096/5062 4862/6763/4880
f 5014/7041/5032 5045/7097/5063 5012/7039/5030
f 4973/6973/4991 5046/7098/5064 4988/7022/5006
f 5012/7039/5030 5031/7099/5049 4884/6802/4902
f 4975/6975/4993 4916/6872/4934 5021/7053/5039
f 4950/6949/4968 5047/7100/5065 4960/6950/4978
f 4950/6949/4968 5008/7101/5026 5047/7100/5065
f 4757/6951/4773 4960/6950/4978 4976/7102/4994
f 5015/7044/5033 4991/7003/5009 5048/7103/5066
f 4899/6846/4917 5049/7104/5067 4901/6850/4919
f 4713/7091/4728 5050/7105/5068 4902/7106/4920
f 4962/6953/4980 5042/7092/5060 4995/7007/5013
f 5025/7071/5043 5038/7085/5056 5037/7107/5055
f 5025/7071/5043 4997/7011/5015 5043/7095/5061
f 5051/7108/5069 4973/6973/4991 4911/6865/4929
f 5019/7050/5037 5052/7109/5070 4948/6925/4966
f 4914/7052/4932 5053/7110/5071 5004/7025/5022
f 4914/6869/4932 4975/6975/4993 5053/7111/5071
f 4984/6994/5002 5054/7112/5072 4974/6974/4992
f 5035/7081/5053 4974/6974/4992 5054/7112/5072
f 5034/7080/5052 4886/7079/4904 5055/7113/5073
f 5055/7113/5073 4886/7079/4904 4976/7102/4994
f 5015/7044/5033 5048/7103/5066 5006/7027/5024
f 4991/7003/5009 4977/6977/4995 5056/7114/5074
f 4977/6977/4995 5016/7045/5034 5056/7114/5074
f 5057/7115/5075 4993/7005/5011 4961/6952/4979
f 5025/7071/5043 5043/7095/5061 5038/7085/5056
f 5026/7058/5044 5038/7085/5056 5043/7095/5061
f 5058/7116/5076 4946/6918/4964 4947/6920/4965
f 4947/6920/4965 5033/7076/5051 5058/7116/5076
f 5040/7087/5058 4969/6967/4987 4999/7015/5017
f 5033/7076/5051 5000/7016/5018 5040/7087/5058
f 5019/7050/5037 4970/6969/4988 5029/7066/5047
f 5052/7109/5070 4987/6998/5005 4948/6925/4966
f 5059/7117/5077 4988/7022/5006 5046/7098/5064
f 5060/7118/5078 5031/7099/5049 5012/7039/5030
f 5061/7119/5079 5021/7088/5039 5032/7070/5050
f 5007/7120/5025 5062/7121/5080 4992/7089/5010
f 5016/7045/5034 5022/7122/5040 5063/7123/5081
f 5056/7114/5074 5016/7045/5034 5063/7123/5081
f 5041/7090/5059 5050/7105/5068 4713/7091/4728
f 4902/6851/4920 5057/7115/5075 4961/6952/4979
f 4897/6837/4915 5001/7017/5019 5044/7124/5062
f 5002/7019/5020 4958/6946/4976 5064/7125/5082
f 5059/7126/5077 5020/7051/5038 4988/6999/5006
f 5060/7118/5078 5065/7127/5083 5031/7099/5049
f 4984/6994/5002 5031/7068/5049 5054/7112/5072
f 5004/7025/5022 5053/7110/5071 5036/7082/5054
f 4975/6975/4993 5021/7053/5039 5061/7128/5079
f 5036/7082/5054 5061/7119/5079 5032/7070/5050
f 5008/7101/5026 4901/7129/4919 5066/7130/5084
f 4946/6918/4964 5058/7116/5076 5011/7038/5029
f 4999/7015/5017 5011/7038/5029 5058/7116/5076
f 4999/7015/5017 5058/7116/5076 5040/7087/5058
f 5033/7076/5051 5040/7087/5058 5058/7116/5076
f 5044/7096/5062 5039/7086/5057 4862/6763/4880
f 4911/6865/4929 5039/7086/5057 5051/7108/5069
f 5053/7111/5071 4975/6975/4993 5061/7128/5079
f 4989/7069/5007 5005/7026/5023 5067/7131/5085
f 5053/7110/5071 5061/7119/5079 5036/7082/5054
f 4899/6846/4917 5035/7081/5053 5049/7104/5067
f 4902/7106/4920 5050/7105/5068 5057/7132/5075
f 5057/7115/5075 5068/7133/5086 4993/7005/5011
f 4993/7005/5011 5068/7133/5086 5009/7030/5027
f 5003/7078/5021 5034/7080/5052 5014/7041/5032
f 5047/7100/5065 5069/7134/5087 4960/6950/4978
f 5008/7101/5026 5070/7135/5088 5047/7100/5065
f 5023/7055/5041 5009/7030/5027 5068/7133/5086
f 4994/7006/5012 5023/7055/5041 5042/7092/5060
f 5002/7019/5020 5064/7125/5082 5029/7066/5047
f 5044/7124/5062 5001/7017/5019 5071/7136/5089
f 5051/7108/5069 5046/7098/5064 4973/6973/4991
f 5031/7099/5049 5072/7137/5090 5054/7138/5072
f 5031/7099/5049 5065/7127/5083 5072/7137/5090
f 4989/7069/5007 5067/7131/5085 5007/7120/5025
f 5047/7100/5065 5073/7139/5091 5069/7134/5087
f 5047/7100/5065 5074/7140/5092 5073/7139/5091
f 5062/7121/5080 5075/7141/5093 4992/7089/5010
f 5048/7103/5066 4991/7003/5009 5076/7142/5094
f 5023/7055/5041 5068/7133/5086 5077/7143/5095
f 5044/7096/5062 5078/7144/5096 5039/7086/5057
f 5054/7138/5072 5079/7145/5097 5035/7146/5053
f 5006/7027/5024 5076/7142/5094 5005/7026/5023
f 5006/7027/5024 5048/7103/5066 5076/7142/5094
f 5047/7100/5065 5070/7135/5088 5074/7140/5092
f 4978/6978/4996 4995/7007/5013 5080/7147/5098
f 5023/7055/5041 5077/7143/5095 5042/7092/5060
f 4987/6998/5005 5052/7109/5070 5081/7148/5099
f 5012/7039/5030 5082/7149/5100 5060/7118/5078
f 5012/7039/5030 5045/7097/5063 5082/7149/5100
f 5069/7134/5087 5073/7139/5091 5074/7140/5092
f 4992/7089/5010 5083/7150/5101 5041/7090/5059
f 4991/7003/5009 5056/7114/5074 5084/7151/5102
f 5063/7123/5081 5084/7151/5102 5056/7114/5074
f 4978/6978/4996 5080/7147/5098 5022/7054/5040
f 5029/7066/5047 5064/7125/5082 5085/7152/5103
f 5029/7066/5047 5086/7153/5104 5019/7050/5037
f 5020/7051/5038 5071/7136/5089 5001/7017/5019
f 5030/7067/5048 4987/6998/5005 5081/7148/5099
f 5062/7121/5080 5087/7154/5105 5075/7141/5093
f 4991/7003/5009 5084/7151/5102 5076/7142/5094
f 4901/7129/4919 5049/7155/5067 5066/7130/5084
f 4995/7007/5013 5042/7092/5060 5080/7147/5098
f 5068/7133/5086 5088/7156/5106 5077/7143/5095
f 5029/7066/5047 5085/7152/5103 5086/7153/5104
f 4958/6946/4976 5085/7152/5103 5064/7125/5082
f 4958/6946/4976 5030/7067/5048 5085/7152/5103
f 5019/7050/5037 5086/7153/5104 5052/7109/5070
f 5059/7117/5077 5046/7098/5064 5089/7157/5107
f 5059/7126/5077 5089/7158/5107 5020/7051/5038
f 5014/7041/5032 5090/7159/5108 5045/7097/5063
f 5065/7127/5083 5060/7118/5078 5072/7137/5090
f 5007/7120/5025 5067/7131/5085 5062/7121/5080
f 5075/7141/5093 5083/7150/5101 4992/7089/5010
f 5008/7101/5026 5066/7130/5084 5070/7135/5088
f 5044/7096/5062 5071/7160/5089 5078/7144/5096
f 5086/7153/5104 5081/7148/5099 5052/7109/5070
f 5020/7051/5038 5089/7158/5107 5071/7136/5089
f 5022/7122/5040 5091/7161/5109 5063/7123/5081
f 5022/7054/5040 5080/7147/5098 5091/7162/5109
f 5041/7090/5059 5083/7150/5101 5050/7105/5068
f 5077/7143/5095 5088/7156/5106 5042/7092/5060
f 5057/7132/5075 5088/7163/5106 5068/7164/5086
f 5039/7086/5057 5078/7144/5096 5092/7165/5110
f 5071/7160/5089 5092/7165/5110 5078/7144/5096
f 5039/7086/5057 5092/7165/5110 5051/7108/5069
f 5086/7153/5104 5085/7152/5103 5081/7148/5099
f 5030/7067/5048 5081/7148/5099 5085/7152/5103
f 5051/7108/5069 5092/7165/5110 5046/7098/5064
f 5082/7149/5100 5093/7166/5111 5060/7118/5078
f 5054/7138/5072 5072/7137/5090 5079/7145/5097
f 5062/7121/5080 5067/7131/5085 5087/7154/5105
f 5093/7166/5111 5094/7167/5112 5069/7134/5087
f 5069/7134/5087 5094/7167/5112 4960/6950/4978
f 4960/6950/4978 5094/7167/5112 4976/7102/4994
f 5035/7146/5053 5079/7145/5097 5049/7155/5067
f 5076/7142/5094 5084/7151/5102 5095/7168/5113
f 5063/7123/5081 5095/7168/5113 5084/7151/5102
f 5049/7155/5067 5096/7169/5114 5066/7130/5084
f 5097/7170/5115 5080/7147/5098 5042/7092/5060
f 5071/7160/5089 5089/7157/5107 5092/7165/5110
f 5046/7098/5064 5092/7165/5110 5089/7157/5107
f 5069/7134/5087 5074/7140/5092 5093/7166/5111
f 5074/7140/5092 5098/7171/5116 5093/7166/5111
f 4976/7102/4994 5099/7172/5117 5055/7113/5073
f 4976/7102/4994 5094/7167/5112 5099/7172/5117
f 5063/7123/5081 5091/7161/5109 5095/7168/5113
f 5049/7155/5067 5079/7145/5097 5096/7169/5114
f 5014/7041/5032 5034/7080/5052 5090/7159/5108
f 5093/7166/5111 5100/7173/5118 5060/7118/5078
f 5093/7166/5111 5098/7171/5116 5100/7173/5118
f 5072/7137/5090 5101/7174/5119 5079/7145/5097
f 5087/7154/5105 5102/7175/5120 5075/7141/5093
f 5076/7142/5094 5103/7176/5121 5005/7026/5023
f 5076/7142/5094 5104/7177/5122 5103/7176/5121
f 5076/7142/5094 5095/7168/5113 5104/7177/5122
f 5075/7141/5093 5105/7178/5123 5083/7150/5101
f 5070/7135/5088 5066/7130/5084 5096/7169/5114
f 5042/7092/5060 5088/7156/5106 5097/7170/5115
f 5060/7118/5078 5100/7173/5118 5072/7137/5090
f 5072/7137/5090 5106/7179/5124 5101/7174/5119
f 5082/7149/5100 5045/7097/5063 5093/7166/5111
f 5067/7131/5085 5107/7180/5125 5087/7154/5105
f 5034/7080/5052 5055/7113/5073 5108/7181/5126
f 5074/7140/5092 5109/7182/5127 5098/7171/5116
f 5074/7140/5092 5070/7135/5088 5109/7182/5127
f 5075/7141/5093 5102/7175/5120 5105/7178/5123
f 5083/7150/5101 5105/7178/5123 5103/7176/5121
f 5103/7176/5121 5050/7105/5068 5083/7150/5101
f 5080/7147/5098 5097/7170/5115 5091/7162/5109
f 5057/7132/5075 5110/7183/5128 5088/7163/5106
f 5034/7080/5052 5108/7181/5126 5090/7159/5108
f 5067/7131/5085 5005/7026/5023 5107/7180/5125
f 5070/7135/5088 5096/7169/5114 5109/7182/5127
f 5091/7161/5109 5111/7184/5129 5095/7168/5113
f 5111/7185/5129 5091/7162/5109 5097/7170/5115
f 5050/7105/5068 5112/7186/5130 5057/7132/5075
f 5098/7171/5116 5109/7182/5127 5100/7173/5118
f 5093/7166/5111 5045/7097/5063 5094/7167/5112
f 5108/7181/5126 5055/7113/5073 5099/7172/5117
f 5087/7154/5105 5107/7180/5125 5102/7175/5120
f 5102/7175/5120 5107/7180/5125 5105/7178/5123
f 5101/7174/5119 5096/7169/5114 5079/7145/5097
f 5103/7176/5121 5113/7187/5131 5050/7105/5068
f 5095/7168/5113 5111/7184/5129 5110/7183/5128
f 5088/7163/5106 5110/7183/5128 5111/7184/5129
f 5097/7188/5115 5088/7163/5106 5111/7184/5129
f 5057/7132/5075 5114/7189/5132 5110/7183/5128
f 5057/7132/5075 5112/7186/5130 5114/7189/5132
f 5090/7159/5108 5108/7181/5126 5115/7190/5133
f 5072/7137/5090 5100/7173/5118 5106/7179/5124
f 5108/7181/5126 5099/7172/5117 5115/7190/5133
f 5005/7026/5023 5103/7176/5121 5107/7180/5125
f 5103/7176/5121 5105/7178/5123 5107/7180/5125
f 5104/7177/5122 5113/7187/5131 5103/7176/5121
f 5095/7168/5113 5110/7183/5128 5116/7191/5134
f 5113/7187/5131 5112/7186/5130 5050/7105/5068
f 5110/7183/5128 5114/7189/5132 5116/7191/5134
f 5045/7097/5063 5117/7192/5135 5094/7167/5112
f 5106/7179/5124 5096/7169/5114 5101/7174/5119
f 5104/7177/5122 5116/7191/5134 5113/7187/5131
f 5104/7177/5122 5095/7168/5113 5116/7191/5134
f 5114/7189/5132 5112/7186/5130 5116/7191/5134
f 5090/7159/5108 5117/7192/5135 5045/7097/5063
f 5115/7190/5133 5117/7192/5135 5090/7159/5108
f 5100/7173/5118 5118/7193/5136 5106/7179/5124
f 5100/7173/5118 5109/7182/5127 5118/7193/5136
f 5117/7192/5135 5099/7172/5117 5094/7167/5112
f 5118/7193/5136 5096/7169/5114 5106/7179/5124
f 5096/7169/5114 5118/7193/5136 5109/7182/5127
f 5113/7187/5131 5116/7191/5134 5112/7186/5130
f 5115/7190/5133 5099/7172/5117 5117/7192/5135
