# IFF floorball - generated from SPCR 011 / SP-METHOD 1506 section 2.2.
# 72mm diameter, 26 x 10mm true holes (evenly distributed - exact layout not specified).
# units: millimetres
mtllib ball.mtl
v 0.000 72.000 0.000
v 0.000 72.000 0.000
v 0.000 72.000 0.000
v 0.000 72.000 0.000
v 0.000 72.000 0.000
v 0.000 72.000 0.000
v 0.000 72.000 0.000
v 0.000 72.000 0.000
v 0.000 72.000 0.000
v 0.000 72.000 0.000
v 0.000 72.000 0.000
v 0.000 72.000 0.000
v 0.000 72.000 0.000
v 0.000 72.000 0.000
v 0.000 72.000 0.000
v 0.000 72.000 0.000
v 0.000 72.000 0.000
v 0.000 72.000 0.000
v 0.000 72.000 0.000
v 0.000 72.000 0.000
v 0.000 72.000 0.000
v 0.000 72.000 0.000
v 0.000 72.000 0.000
v 0.000 72.000 0.000
v 0.000 72.000 0.000
v 0.000 72.000 0.000
v 0.000 72.000 0.000
v 0.000 72.000 0.000
v 0.000 72.000 0.000
v 0.000 72.000 0.000
v 0.000 72.000 0.000
v 0.000 72.000 0.000
v 0.000 72.000 0.000
v 0.000 72.000 0.000
v 0.000 72.000 0.000
v 0.000 72.000 0.000
v 0.000 72.000 0.000
v 0.000 72.000 0.000
v 0.000 72.000 0.000
v 0.000 72.000 0.000
v 0.000 72.000 0.000
v 0.000 72.000 0.000
v 0.000 72.000 0.000
v 0.000 72.000 0.000
v 0.000 72.000 0.000
v 0.000 72.000 0.000
v 0.000 72.000 0.000
v 0.000 72.000 0.000
v 0.000 72.000 0.000
v 0.000 72.000 0.000
v 0.000 72.000 0.000
v 0.000 72.000 0.000
v 0.000 72.000 0.000
v 0.000 72.000 0.000
v 0.000 72.000 0.000
v 0.000 72.000 0.000
v 0.000 72.000 0.000
v 0.000 72.000 0.000
v 0.000 72.000 0.000
v 0.000 72.000 0.000
v 0.000 72.000 0.000
v 0.000 72.000 0.000
v 0.000 72.000 0.000
v 0.000 72.000 0.000
v 0.000 72.000 0.000
v 0.000 72.000 0.000
v 0.000 72.000 0.000
v 0.000 72.000 0.000
v 0.000 72.000 0.000
v 0.000 72.000 0.000
v 0.000 72.000 0.000
v 0.000 72.000 0.000
v 0.000 72.000 0.000
v 0.000 72.000 0.000
v 0.000 72.000 0.000
v 0.000 72.000 0.000
v 0.000 72.000 0.000
v 0.000 72.000 0.000
v 0.000 72.000 0.000
v 0.000 72.000 0.000
v 0.000 72.000 0.000
v 0.000 72.000 0.000
v 0.000 72.000 0.000
v 0.000 72.000 0.000
v 0.000 72.000 0.000
v 0.000 72.000 0.000
v 0.000 72.000 0.000
v 0.000 72.000 0.000
v 0.000 72.000 0.000
v 0.000 72.000 0.000
v 0.000 72.000 0.000
v 0.000 72.000 0.000
v 0.000 72.000 0.000
v 0.000 72.000 0.000
v 0.000 72.000 0.000
v 0.000 72.000 0.000
v 1.766 71.957 0.000
v 1.763 71.957 0.116
v 1.751 71.957 0.231
v 1.732 71.957 0.345
v 1.706 71.957 0.457
v 1.673 71.957 0.568
v 1.632 71.957 0.676
v 1.584 71.957 0.781
v 1.530 71.957 0.883
v 1.469 71.957 0.981
v 1.401 71.957 1.075
v 1.328 71.957 1.165
v 1.249 71.957 1.249
v 1.165 71.957 1.328
v 1.075 71.957 1.401
v 0.981 71.957 1.469
v 0.883 71.957 1.530
v 0.781 71.957 1.584
v 0.676 71.957 1.632
v 0.568 71.957 1.673
v 0.457 71.957 1.706
v 0.345 71.957 1.732
v 0.231 71.957 1.751
v 0.116 71.957 1.763
v 0.000 71.957 1.766
v -0.116 71.957 1.763
v -0.231 71.957 1.751
v -0.345 71.957 1.732
v -0.457 71.957 1.706
v -0.568 71.957 1.673
v -0.676 71.957 1.632
v -0.781 71.957 1.584
v -0.883 71.957 1.530
v -0.981 71.957 1.469
v -1.075 71.957 1.401
v -1.165 71.957 1.328
v -1.249 71.957 1.249
v -1.328 71.957 1.165
v -1.401 71.957 1.075
v -1.469 71.957 0.981
v -1.530 71.957 0.883
v -1.584 71.957 0.781
v -1.632 71.957 0.676
v -1.673 71.957 0.568
v -1.706 71.957 0.457
v -1.732 71.957 0.345
v -1.751 71.957 0.231
v -1.763 71.957 0.116
v -1.766 71.957 0.000
v -1.763 71.957 -0.116
v -1.751 71.957 -0.231
v -1.732 71.957 -0.345
v -1.706 71.957 -0.457
v -1.673 71.957 -0.568
v -1.632 71.957 -0.676
v -1.584 71.957 -0.781
v -1.530 71.957 -0.883
v -1.469 71.957 -0.981
v -1.401 71.957 -1.075
v -1.328 71.957 -1.165
v -1.249 71.957 -1.249
v -1.165 71.957 -1.328
v -1.075 71.957 -1.401
v -0.981 71.957 -1.469
v -0.883 71.957 -1.530
v -0.781 71.957 -1.584
v -0.676 71.957 -1.632
v -0.568 71.957 -1.673
v -0.457 71.957 -1.706
v -0.345 71.957 -1.732
v -0.231 71.957 -1.751
v -0.116 71.957 -1.763
v -0.000 71.957 -1.766
v 0.116 71.957 -1.763
v 0.231 71.957 -1.751
v 0.345 71.957 -1.732
v 0.457 71.957 -1.706
v 0.568 71.957 -1.673
v 0.676 71.957 -1.632
v 0.781 71.957 -1.584
v 0.883 71.957 -1.530
v 0.981 71.957 -1.469
v 1.075 71.957 -1.401
v 1.165 71.957 -1.328
v 1.249 71.957 -1.249
v 1.328 71.957 -1.165
v 1.401 71.957 -1.075
v 1.469 71.957 -0.981
v 1.530 71.957 -0.883
v 1.584 71.957 -0.781
v 1.632 71.957 -0.676
v 1.673 71.957 -0.568
v 1.706 71.957 -0.457
v 1.732 71.957 -0.345
v 1.751 71.957 -0.231
v 1.763 71.957 -0.116
v 3.529 71.827 0.000
v 3.521 71.827 0.231
v 3.498 71.827 0.461
v 3.461 71.827 0.688
v 3.408 71.827 0.913
v 3.341 71.827 1.134
v 3.260 71.827 1.350
v 3.165 71.827 1.561
v 3.056 71.827 1.764
v 2.934 71.827 1.960
v 2.799 71.827 2.148
v 2.653 71.827 2.327
v 2.495 71.827 2.495
v 2.327 71.827 2.653
v 2.148 71.827 2.799
v 1.960 71.827 2.934
v 1.764 71.827 3.056
v 1.561 71.827 3.165
v 1.350 71.827 3.260
v 1.134 71.827 3.341
v 0.913 71.827 3.408
v 0.688 71.827 3.461
v 0.461 71.827 3.498
v 0.231 71.827 3.521
v 0.000 71.827 3.529
v -0.231 71.827 3.521
v -0.461 71.827 3.498
v -0.688 71.827 3.461
v -0.913 71.827 3.408
v -1.134 71.827 3.341
v -1.350 71.827 3.260
v -1.561 71.827 3.165
v -1.764 71.827 3.056
v -1.960 71.827 2.934
v -2.148 71.827 2.799
v -2.327 71.827 2.653
v -2.495 71.827 2.495
v -2.653 71.827 2.327
v -2.799 71.827 2.148
v -2.934 71.827 1.960
v -3.056 71.827 1.764
v -3.165 71.827 1.561
v -3.260 71.827 1.350
v -3.341 71.827 1.134
v -3.408 71.827 0.913
v -3.461 71.827 0.688
v -3.498 71.827 0.461
v -3.521 71.827 0.231
v -3.529 71.827 0.000
v -3.521 71.827 -0.231
v -3.498 71.827 -0.461
v -3.461 71.827 -0.688
v -3.408 71.827 -0.913
v -3.341 71.827 -1.134
v -3.260 71.827 -1.350
v -3.165 71.827 -1.561
v -3.056 71.827 -1.764
v -2.934 71.827 -1.960
v -2.799 71.827 -2.148
v -2.653 71.827 -2.327
v -2.495 71.827 -2.495
v -2.327 71.827 -2.653
v -2.148 71.827 -2.799
v -1.960 71.827 -2.934
v -1.764 71.827 -3.056
v -1.561 71.827 -3.165
v -1.350 71.827 -3.260
v -1.134 71.827 -3.341
v -0.913 71.827 -3.408
v -0.688 71.827 -3.461
v -0.461 71.827 -3.498
v -0.231 71.827 -3.521
v -0.000 71.827 -3.529
v 0.231 71.827 -3.521
v 0.461 71.827 -3.498
v 0.688 71.827 -3.461
v 0.913 71.827 -3.408
v 1.134 71.827 -3.341
v 1.350 71.827 -3.260
v 1.561 71.827 -3.165
v 1.764 71.827 -3.056
v 1.960 71.827 -2.934
v 2.148 71.827 -2.799
v 2.327 71.827 -2.653
v 2.495 71.827 -2.495
v 2.653 71.827 -2.327
v 2.799 71.827 -2.148
v 2.934 71.827 -1.960
v 3.056 71.827 -1.764
v 3.165 71.827 -1.561
v 3.260 71.827 -1.350
v 3.341 71.827 -1.134
v 3.408 71.827 -0.913
v 3.461 71.827 -0.688
v 3.498 71.827 -0.461
v 3.521 71.827 -0.231
v 5.282 71.610 0.000
v 5.271 71.610 0.345
v 5.237 71.610 0.689
v 5.181 71.610 1.031
v 5.102 71.610 1.367
v 5.002 71.610 1.698
v 4.880 71.610 2.021
v 4.738 71.610 2.336
v 4.575 71.610 2.641
v 4.392 71.610 2.935
v 4.191 71.610 3.216
v 3.971 71.610 3.483
v 3.735 71.610 3.735
v 3.483 71.610 3.971
v 3.216 71.610 4.191
v 2.935 71.610 4.392
v 2.641 71.610 4.575
v 2.336 71.610 4.738
v 2.021 71.610 4.880
v 1.698 71.610 5.002
v 1.367 71.610 5.102
v 1.031 71.610 5.181
v 0.689 71.610 5.237
v 0.345 71.610 5.271
v 0.000 71.610 5.282
v -0.345 71.610 5.271
v -0.689 71.610 5.237
v -1.031 71.610 5.181
v -1.367 71.610 5.102
v -1.698 71.610 5.002
v -2.021 71.610 4.880
v -2.336 71.610 4.738
v -2.641 71.610 4.575
v -2.935 71.610 4.392
v -3.216 71.610 4.191
v -3.483 71.610 3.971
v -3.735 71.610 3.735
v -3.971 71.610 3.483
v -4.191 71.610 3.216
v -4.392 71.610 2.935
v -4.575 71.610 2.641
v -4.738 71.610 2.336
v -4.880 71.610 2.021
v -5.002 71.610 1.698
v -5.102 71.610 1.367
v -5.181 71.610 1.031
v -5.237 71.610 0.689
v -5.271 71.610 0.345
v -5.282 71.610 0.000
v -5.271 71.610 -0.345
v -5.237 71.610 -0.689
v -5.181 71.610 -1.031
v -5.102 71.610 -1.367
v -5.002 71.610 -1.698
v -4.880 71.610 -2.021
v -4.738 71.610 -2.336
v -4.575 71.610 -2.641
v -4.392 71.610 -2.935
v -4.191 71.610 -3.216
v -3.971 71.610 -3.483
v -3.735 71.610 -3.735
v -3.483 71.610 -3.971
v -3.216 71.610 -4.191
v -2.935 71.610 -4.392
v -2.641 71.610 -4.575
v -2.336 71.610 -4.738
v -2.021 71.610 -4.880
v -1.698 71.610 -5.002
v -1.367 71.610 -5.102
v -1.031 71.610 -5.181
v -0.689 71.610 -5.237
v -0.345 71.610 -5.271
v -0.000 71.610 -5.282
v 0.345 71.610 -5.271
v 0.689 71.610 -5.237
v 1.031 71.610 -5.181
v 1.367 71.610 -5.102
v 1.698 71.610 -5.002
v 2.021 71.610 -4.880
v 2.336 71.610 -4.738
v 2.641 71.610 -4.575
v 2.935 71.610 -4.392
v 3.216 71.610 -4.191
v 3.483 71.610 -3.971
v 3.735 71.610 -3.735
v 3.971 71.610 -3.483
v 4.191 71.610 -3.216
v 4.392 71.610 -2.935
v 4.575 71.610 -2.641
v 4.738 71.610 -2.336
v 4.880 71.610 -2.021
v 5.002 71.610 -1.698
v 5.102 71.610 -1.367
v 5.181 71.610 -1.031
v 5.237 71.610 -0.689
v 5.271 71.610 -0.345
v 7.023 71.308 0.000
v 7.008 71.308 0.459
v 6.963 71.308 0.917
v 6.888 71.308 1.370
v 6.784 71.308 1.818
v 6.651 71.308 2.258
v 6.489 71.308 2.688
v 6.299 71.308 3.106
v 6.082 71.308 3.512
v 5.840 71.308 3.902
v 5.572 71.308 4.275
v 5.280 71.308 4.631
v 4.966 71.308 4.966
v 4.631 71.308 5.280
v 4.275 71.308 5.572
v 3.902 71.308 5.840
v 3.512 71.308 6.082
v 3.106 71.308 6.299
v 2.688 71.308 6.489
v 2.258 71.308 6.651
v 1.818 71.308 6.784
v 1.370 71.308 6.888
v 0.917 71.308 6.963
v 0.459 71.308 7.008
v 0.000 71.308 7.023
v -0.459 71.308 7.008
v -0.917 71.308 6.963
v -1.370 71.308 6.888
v -1.818 71.308 6.784
v -2.258 71.308 6.651
v -2.688 71.308 6.489
v -3.106 71.308 6.299
v -3.512 71.308 6.082
v -3.902 71.308 5.840
v -4.275 71.308 5.572
v -4.631 71.308 5.280
v -4.966 71.308 4.966
v -5.280 71.308 4.631
v -5.572 71.308 4.275
v -5.840 71.308 3.902
v -6.082 71.308 3.512
v -6.299 71.308 3.106
v -6.489 71.308 2.688
v -6.651 71.308 2.258
v -6.784 71.308 1.818
v -6.888 71.308 1.370
v -6.963 71.308 0.917
v -7.008 71.308 0.459
v -7.023 71.308 0.000
v -7.008 71.308 -0.459
v -6.963 71.308 -0.917
v -6.888 71.308 -1.370
v -6.784 71.308 -1.818
v -6.651 71.308 -2.258
v -6.489 71.308 -2.688
v -6.299 71.308 -3.106
v -6.082 71.308 -3.512
v -5.840 71.308 -3.902
v -5.572 71.308 -4.275
v -5.280 71.308 -4.631
v -4.966 71.308 -4.966
v -4.631 71.308 -5.280
v -4.275 71.308 -5.572
v -3.902 71.308 -5.840
v -3.512 71.308 -6.082
v -3.106 71.308 -6.299
v -2.688 71.308 -6.489
v -2.258 71.308 -6.651
v -1.818 71.308 -6.784
v -1.370 71.308 -6.888
v -0.917 71.308 -6.963
v -0.459 71.308 -7.008
v -0.000 71.308 -7.023
v 0.459 71.308 -7.008
v 0.917 71.308 -6.963
v 1.370 71.308 -6.888
v 1.818 71.308 -6.784
v 2.258 71.308 -6.651
v 2.688 71.308 -6.489
v 3.106 71.308 -6.299
v 3.512 71.308 -6.082
v 3.902 71.308 -5.840
v 4.275 71.308 -5.572
v 4.631 71.308 -5.280
v 4.966 71.308 -4.966
v 5.280 71.308 -4.631
v 5.572 71.308 -4.275
v 5.840 71.308 -3.902
v 6.082 71.308 -3.512
v 6.299 71.308 -3.106
v 6.489 71.308 -2.688
v 6.651 71.308 -2.258
v 6.784 71.308 -1.818
v 6.888 71.308 -1.370
v 6.963 71.308 -0.917
v 7.008 71.308 -0.459
v 8.747 70.921 0.000
v 8.729 70.921 0.572
v 8.672 70.921 1.142
v 8.579 70.921 1.707
v 8.449 70.921 2.264
v 8.283 70.921 2.812
v 8.081 70.921 3.347
v 7.845 70.921 3.869
v 7.575 70.921 4.374
v 7.273 70.921 4.860
v 6.940 70.921 5.325
v 6.577 70.921 5.767
v 6.185 70.921 6.185
v 5.767 70.921 6.577
v 5.325 70.921 6.940
v 4.860 70.921 7.273
v 4.374 70.921 7.575
v 3.869 70.921 7.845
v 3.347 70.921 8.081
v 2.812 70.921 8.283
v 2.264 70.921 8.449
v 1.707 70.921 8.579
v 1.142 70.921 8.672
v 0.572 70.921 8.729
v 0.000 70.921 8.747
v -0.572 70.921 8.729
v -1.142 70.921 8.672
v -1.707 70.921 8.579
v -2.264 70.921 8.449
v -2.812 70.921 8.283
v -3.347 70.921 8.081
v -3.869 70.921 7.845
v -4.374 70.921 7.575
v -4.860 70.921 7.273
v -5.325 70.921 6.940
v -5.767 70.921 6.577
v -6.185 70.921 6.185
v -6.577 70.921 5.767
v -6.940 70.921 5.325
v -7.273 70.921 4.860
v -7.575 70.921 4.374
v -7.845 70.921 3.869
v -8.081 70.921 3.347
v -8.283 70.921 2.812
v -8.449 70.921 2.264
v -8.579 70.921 1.707
v -8.672 70.921 1.142
v -8.729 70.921 0.572
v -8.747 70.921 0.000
v -8.729 70.921 -0.572
v -8.672 70.921 -1.142
v -8.579 70.921 -1.707
v -8.449 70.921 -2.264
v -8.283 70.921 -2.812
v -8.081 70.921 -3.347
v -7.845 70.921 -3.869
v -7.575 70.921 -4.374
v -7.273 70.921 -4.860
v -6.940 70.921 -5.325
v -6.577 70.921 -5.767
v -6.185 70.921 -6.185
v -5.767 70.921 -6.577
v -5.325 70.921 -6.940
v -4.860 70.921 -7.273
v -4.374 70.921 -7.575
v -3.869 70.921 -7.845
v -3.347 70.921 -8.081
v -2.812 70.921 -8.283
v -2.264 70.921 -8.449
v -1.707 70.921 -8.579
v -1.142 70.921 -8.672
v -0.572 70.921 -8.729
v -0.000 70.921 -8.747
v 0.572 70.921 -8.729
v 1.142 70.921 -8.672
v 1.707 70.921 -8.579
v 2.264 70.921 -8.449
v 2.812 70.921 -8.283
v 3.347 70.921 -8.081
v 3.869 70.921 -7.845
v 4.374 70.921 -7.575
v 4.860 70.921 -7.273
v 5.325 70.921 -6.940
v 5.767 70.921 -6.577
v 6.185 70.921 -6.185
v 6.577 70.921 -5.767
v 6.940 70.921 -5.325
v 7.273 70.921 -4.860
v 7.575 70.921 -4.374
v 7.845 70.921 -3.869
v 8.081 70.921 -3.347
v 8.283 70.921 -2.812
v 8.449 70.921 -2.264
v 8.579 70.921 -1.707
v 8.672 70.921 -1.142
v 8.729 70.921 -0.572
v 10.450 70.450 0.000
v 10.428 70.450 0.683
v 10.361 70.450 1.364
v 10.249 70.450 2.039
v 10.094 70.450 2.705
v 9.896 70.450 3.359
v 9.655 70.450 3.999
v 9.373 70.450 4.622
v 9.050 70.450 5.225
v 8.689 70.450 5.806
v 8.291 70.450 6.362
v 7.857 70.450 6.890
v 7.389 70.450 7.389
v 6.890 70.450 7.857
v 6.362 70.450 8.291
v 5.806 70.450 8.689
v 5.225 70.450 9.050
v 4.622 70.450 9.373
v 3.999 70.450 9.655
v 3.359 70.450 9.896
v 2.705 70.450 10.094
v 2.039 70.450 10.249
v 1.364 70.450 10.361
v 0.683 70.450 10.428
v 0.000 70.450 10.450
v -0.683 70.450 10.428
v -1.364 70.450 10.361
v -2.039 70.450 10.249
v -2.705 70.450 10.094
v -3.359 70.450 9.896
v -3.999 70.450 9.655
v -4.622 70.450 9.373
v -5.225 70.450 9.050
v -5.806 70.450 8.689
v -6.362 70.450 8.291
v -6.890 70.450 7.857
v -7.389 70.450 7.389
v -7.857 70.450 6.890
v -8.291 70.450 6.362
v -8.689 70.450 5.806
v -9.050 70.450 5.225
v -9.373 70.450 4.622
v -9.655 70.450 3.999
v -9.896 70.450 3.359
v -10.094 70.450 2.705
v -10.249 70.450 2.039
v -10.361 70.450 1.364
v -10.428 70.450 0.683
v -10.450 70.450 0.000
v -10.428 70.450 -0.683
v -10.361 70.450 -1.364
v -10.249 70.450 -2.039
v -10.094 70.450 -2.705
v -9.896 70.450 -3.359
v -9.655 70.450 -3.999
v -9.373 70.450 -4.622
v -9.050 70.450 -5.225
v -8.689 70.450 -5.806
v -8.291 70.450 -6.362
v -7.857 70.450 -6.890
v -7.389 70.450 -7.389
v -6.890 70.450 -7.857
v -6.362 70.450 -8.291
v -5.806 70.450 -8.689
v -5.225 70.450 -9.050
v -4.622 70.450 -9.373
v -3.999 70.450 -9.655
v -3.359 70.450 -9.896
v -2.705 70.450 -10.094
v -2.039 70.450 -10.249
v -1.364 70.450 -10.361
v -0.683 70.450 -10.428
v -0.000 70.450 -10.450
v 0.683 70.450 -10.428
v 1.364 70.450 -10.361
v 2.039 70.450 -10.249
v 2.705 70.450 -10.094
v 3.359 70.450 -9.896
v 3.999 70.450 -9.655
v 4.622 70.450 -9.373
v 5.225 70.450 -9.050
v 5.806 70.450 -8.689
v 6.362 70.450 -8.291
v 6.890 70.450 -7.857
v 7.389 70.450 -7.389
v 7.857 70.450 -6.890
v 8.291 70.450 -6.362
v 8.689 70.450 -5.806
v 9.050 70.450 -5.225
v 9.373 70.450 -4.622
v 9.655 70.450 -3.999
v 9.896 70.450 -3.359
v 10.094 70.450 -2.705
v 10.249 70.450 -2.039
v 10.361 70.450 -1.364
v 10.428 70.450 -0.683
v 12.128 69.896 0.000
v 12.102 69.896 0.793
v 12.024 69.896 1.583
v 11.895 69.896 2.366
v 11.715 69.896 3.139
v 11.484 69.896 3.898
v 11.205 69.896 4.641
v 10.877 69.896 5.364
v 10.503 69.896 6.064
v 10.084 69.896 6.738
v 9.622 69.896 7.383
v 9.118 69.896 7.997
v 8.576 69.896 8.576
v 7.997 69.896 9.118
v 7.383 69.896 9.622
v 6.738 69.896 10.084
v 6.064 69.896 10.503
v 5.364 69.896 10.877
v 4.641 69.896 11.205
v 3.898 69.896 11.484
v 3.139 69.896 11.715
v 2.366 69.896 11.895
v 1.583 69.896 12.024
v 0.793 69.896 12.102
v 0.000 69.896 12.128
v -0.793 69.896 12.102
v -1.583 69.896 12.024
v -2.366 69.896 11.895
v -3.139 69.896 11.715
v -3.898 69.896 11.484
v -4.641 69.896 11.205
v -5.364 69.896 10.877
v -6.064 69.896 10.503
v -6.738 69.896 10.084
v -7.383 69.896 9.622
v -7.997 69.896 9.118
v -8.576 69.896 8.576
v -9.118 69.896 7.997
v -9.622 69.896 7.383
v -10.084 69.896 6.738
v -10.503 69.896 6.064
v -10.877 69.896 5.364
v -11.205 69.896 4.641
v -11.484 69.896 3.898
v -11.715 69.896 3.139
v -11.895 69.896 2.366
v -12.024 69.896 1.583
v -12.102 69.896 0.793
v -12.128 69.896 0.000
v -12.102 69.896 -0.793
v -12.024 69.896 -1.583
v -11.895 69.896 -2.366
v -11.715 69.896 -3.139
v -11.484 69.896 -3.898
v -11.205 69.896 -4.641
v -10.877 69.896 -5.364
v -10.503 69.896 -6.064
v -10.084 69.896 -6.738
v -9.622 69.896 -7.383
v -9.118 69.896 -7.997
v -8.576 69.896 -8.576
v -7.997 69.896 -9.118
v -7.383 69.896 -9.622
v -6.738 69.896 -10.084
v -6.064 69.896 -10.503
v -5.364 69.896 -10.877
v -4.641 69.896 -11.205
v -3.898 69.896 -11.484
v -3.139 69.896 -11.715
v -2.366 69.896 -11.895
v -1.583 69.896 -12.024
v -0.793 69.896 -12.102
v -0.000 69.896 -12.128
v 0.793 69.896 -12.102
v 1.583 69.896 -12.024
v 2.366 69.896 -11.895
v 3.139 69.896 -11.715
v 3.898 69.896 -11.484
v 4.641 69.896 -11.205
v 5.364 69.896 -10.877
v 6.064 69.896 -10.503
v 6.738 69.896 -10.084
v 7.383 69.896 -9.622
v 7.997 69.896 -9.118
v 8.576 69.896 -8.576
v 9.118 69.896 -7.997
v 9.622 69.896 -7.383
v 10.084 69.896 -6.738
v 10.503 69.896 -6.064
v 10.877 69.896 -5.364
v 11.205 69.896 -4.641
v 11.484 69.896 -3.898
v 11.715 69.896 -3.139
v 11.895 69.896 -2.366
v 12.024 69.896 -1.583
v 12.102 69.896 -0.793
v 13.777 69.260 0.000
v 13.747 69.260 0.901
v 13.659 69.260 1.798
v 13.512 69.260 2.688
v 13.307 69.260 3.566
v 13.045 69.260 4.428
v 12.728 69.260 5.272
v 12.356 69.260 6.093
v 11.931 69.260 6.888
v 11.455 69.260 7.654
v 10.930 69.260 8.387
v 10.358 69.260 9.084
v 9.742 69.260 9.742
v 9.084 69.260 10.358
v 8.387 69.260 10.930
v 7.654 69.260 11.455
v 6.888 69.260 11.931
v 6.093 69.260 12.356
v 5.272 69.260 12.728
v 4.428 69.260 13.045
v 3.566 69.260 13.307
v 2.688 69.260 13.512
v 1.798 69.260 13.659
v 0.901 69.260 13.747
v 0.000 69.260 13.777
v -0.901 69.260 13.747
v -1.798 69.260 13.659
v -2.688 69.260 13.512
v -3.566 69.260 13.307
v -4.428 69.260 13.045
v -5.272 69.260 12.728
v -6.093 69.260 12.356
v -6.888 69.260 11.931
v -7.654 69.260 11.455
v -8.387 69.260 10.930
v -9.084 69.260 10.358
v -9.742 69.260 9.742
v -10.358 69.260 9.084
v -10.930 69.260 8.387
v -11.455 69.260 7.654
v -11.931 69.260 6.888
v -12.356 69.260 6.093
v -12.728 69.260 5.272
v -13.045 69.260 4.428
v -13.307 69.260 3.566
v -13.512 69.260 2.688
v -13.659 69.260 1.798
v -13.747 69.260 0.901
v -13.777 69.260 0.000
v -13.747 69.260 -0.901
v -13.659 69.260 -1.798
v -13.512 69.260 -2.688
v -13.307 69.260 -3.566
v -13.045 69.260 -4.428
v -12.728 69.260 -5.272
v -12.356 69.260 -6.093
v -11.931 69.260 -6.888
v -11.455 69.260 -7.654
v -10.930 69.260 -8.387
v -10.358 69.260 -9.084
v -9.742 69.260 -9.742
v -9.084 69.260 -10.358
v -8.387 69.260 -10.930
v -7.654 69.260 -11.455
v -6.888 69.260 -11.931
v -6.093 69.260 -12.356
v -5.272 69.260 -12.728
v -4.428 69.260 -13.045
v -3.566 69.260 -13.307
v -2.688 69.260 -13.512
v -1.798 69.260 -13.659
v -0.901 69.260 -13.747
v -0.000 69.260 -13.777
v 0.901 69.260 -13.747
v 1.798 69.260 -13.659
v 2.688 69.260 -13.512
v 3.566 69.260 -13.307
v 4.428 69.260 -13.045
v 5.272 69.260 -12.728
v 6.093 69.260 -12.356
v 6.888 69.260 -11.931
v 7.654 69.260 -11.455
v 8.387 69.260 -10.930
v 9.084 69.260 -10.358
v 9.742 69.260 -9.742
v 10.358 69.260 -9.084
v 10.930 69.260 -8.387
v 11.455 69.260 -7.654
v 11.931 69.260 -6.888
v 12.356 69.260 -6.093
v 12.728 69.260 -5.272
v 13.045 69.260 -4.428
v 13.307 69.260 -3.566
v 13.512 69.260 -2.688
v 13.659 69.260 -1.798
v 13.747 69.260 -0.901
v 15.392 68.544 0.000
v 15.359 68.544 1.007
v 15.260 68.544 2.009
v 15.096 68.544 3.003
v 14.868 68.544 3.984
v 14.575 68.544 4.948
v 14.220 68.544 5.890
v 13.805 68.544 6.808
v 13.330 68.544 7.696
v 12.798 68.544 8.551
v 12.211 68.544 9.370
v 11.572 68.544 10.149
v 10.884 68.544 10.884
v 10.149 68.544 11.572
v 9.370 68.544 12.211
v 8.551 68.544 12.798
v 7.696 68.544 13.330
v 6.808 68.544 13.805
v 5.890 68.544 14.220
v 4.948 68.544 14.575
v 3.984 68.544 14.868
v 3.003 68.544 15.096
v 2.009 68.544 15.260
v 1.007 68.544 15.359
v 0.000 68.544 15.392
v -1.007 68.544 15.359
v -2.009 68.544 15.260
v -3.003 68.544 15.096
v -3.984 68.544 14.868
v -4.948 68.544 14.575
v -5.890 68.544 14.220
v -6.808 68.544 13.805
v -7.696 68.544 13.330
v -8.551 68.544 12.798
v -9.370 68.544 12.211
v -10.149 68.544 11.572
v -10.884 68.544 10.884
v -11.572 68.544 10.149
v -12.211 68.544 9.370
v -12.798 68.544 8.551
v -13.330 68.544 7.696
v -13.805 68.544 6.808
v -14.220 68.544 5.890
v -14.575 68.544 4.948
v -14.868 68.544 3.984
v -15.096 68.544 3.003
v -15.260 68.544 2.009
v -15.359 68.544 1.007
v -15.392 68.544 0.000
v -15.359 68.544 -1.007
v -15.260 68.544 -2.009
v -15.096 68.544 -3.003
v -14.868 68.544 -3.984
v -14.575 68.544 -4.948
v -14.220 68.544 -5.890
v -13.805 68.544 -6.808
v -13.330 68.544 -7.696
v -12.798 68.544 -8.551
v -12.211 68.544 -9.370
v -11.572 68.544 -10.149
v -10.884 68.544 -10.884
v -10.149 68.544 -11.572
v -9.370 68.544 -12.211
v -8.551 68.544 -12.798
v -7.696 68.544 -13.330
v -6.808 68.544 -13.805
v -5.890 68.544 -14.220
v -4.948 68.544 -14.575
v -3.984 68.544 -14.868
v -3.003 68.544 -15.096
v -2.009 68.544 -15.260
v -1.007 68.544 -15.359
v -0.000 68.544 -15.392
v 1.007 68.544 -15.359
v 2.009 68.544 -15.260
v 3.003 68.544 -15.096
v 3.984 68.544 -14.868
v 4.948 68.544 -14.575
v 5.890 68.544 -14.220
v 6.808 68.544 -13.805
v 7.696 68.544 -13.330
v 8.551 68.544 -12.798
v 9.370 68.544 -12.211
v 10.149 68.544 -11.572
v 10.884 68.544 -10.884
v 11.572 68.544 -10.149
v 12.211 68.544 -9.370
v 12.798 68.544 -8.551
v 13.330 68.544 -7.696
v 13.805 68.544 -6.808
v 14.220 68.544 -5.890
v 14.575 68.544 -4.948
v 14.868 68.544 -3.984
v 15.096 68.544 -3.003
v 15.260 68.544 -2.009
v 15.359 68.544 -1.007
v 16.970 67.749 0.000
v 16.934 67.749 1.110
v 16.825 67.749 2.215
v 16.644 67.749 3.311
v 16.392 67.749 4.392
v 16.070 67.749 5.455
v 15.678 67.749 6.494
v 15.220 67.749 7.506
v 14.697 67.749 8.485
v 14.110 67.749 9.428
v 13.463 67.749 10.331
v 12.759 67.749 11.189
v 12.000 67.749 12.000
v 11.189 67.749 12.759
v 10.331 67.749 13.463
v 9.428 67.749 14.110
v 8.485 67.749 14.697
v 7.506 67.749 15.220
v 6.494 67.749 15.678
v 5.455 67.749 16.070
v 4.392 67.749 16.392
v 3.311 67.749 16.644
v 2.215 67.749 16.825
v 1.110 67.749 16.934
v 0.000 67.749 16.970
v -1.110 67.749 16.934
v -2.215 67.749 16.825
v -3.311 67.749 16.644
v -4.392 67.749 16.392
v -5.455 67.749 16.070
v -6.494 67.749 15.678
v -7.506 67.749 15.220
v -8.485 67.749 14.697
v -9.428 67.749 14.110
v -10.331 67.749 13.463
v -11.189 67.749 12.759
v -12.000 67.749 12.000
v -12.759 67.749 11.189
v -13.463 67.749 10.331
v -14.110 67.749 9.428
v -14.697 67.749 8.485
v -15.220 67.749 7.506
v -15.678 67.749 6.494
v -16.070 67.749 5.455
v -16.392 67.749 4.392
v -16.644 67.749 3.311
v -16.825 67.749 2.215
v -16.934 67.749 1.110
v -16.970 67.749 0.000
v -16.934 67.749 -1.110
v -16.825 67.749 -2.215
v -16.644 67.749 -3.311
v -16.392 67.749 -4.392
v -16.070 67.749 -5.455
v -15.678 67.749 -6.494
v -15.220 67.749 -7.506
v -14.697 67.749 -8.485
v -14.110 67.749 -9.428
v -13.463 67.749 -10.331
v -12.759 67.749 -11.189
v -12.000 67.749 -12.000
v -11.189 67.749 -12.759
v -10.331 67.749 -13.463
v -9.428 67.749 -14.110
v -8.485 67.749 -14.697
v -7.506 67.749 -15.220
v -6.494 67.749 -15.678
v -5.455 67.749 -16.070
v -4.392 67.749 -16.392
v -3.311 67.749 -16.644
v -2.215 67.749 -16.825
v -1.110 67.749 -16.934
v -0.000 67.749 -16.970
v 1.110 67.749 -16.934
v 2.215 67.749 -16.825
v 3.311 67.749 -16.644
v 4.392 67.749 -16.392
v 5.455 67.749 -16.070
v 6.494 67.749 -15.678
v 7.506 67.749 -15.220
v 8.485 67.749 -14.697
v 9.428 67.749 -14.110
v 10.331 67.749 -13.463
v 11.189 67.749 -12.759
v 12.000 67.749 -12.000
v 12.759 67.749 -11.189
v 13.463 67.749 -10.331
v 14.110 67.749 -9.428
v 14.697 67.749 -8.485
v 15.220 67.749 -7.506
v 15.678 67.749 -6.494
v 16.070 67.749 -5.455
v 16.392 67.749 -4.392
v 16.644 67.749 -3.311
v 16.825 67.749 -2.215
v 16.934 67.749 -1.110
v 18.508 66.878 0.000
v 18.468 66.878 1.210
v 18.349 66.878 2.416
v 18.152 66.878 3.611
v 17.877 66.878 4.790
v 17.525 66.878 5.949
v 17.099 66.878 7.083
v 16.599 66.878 8.186
v 16.028 66.878 9.254
v 15.389 66.878 10.282
v 14.683 66.878 11.267
v 13.915 66.878 12.203
v 13.087 66.878 13.087
v 12.203 66.878 13.915
v 11.267 66.878 14.683
v 10.282 66.878 15.389
v 9.254 66.878 16.028
v 8.186 66.878 16.599
v 7.083 66.878 17.099
v 5.949 66.878 17.525
v 4.790 66.878 17.877
v 3.611 66.878 18.152
v 2.416 66.878 18.349
v 1.210 66.878 18.468
v 0.000 66.878 18.508
v -1.210 66.878 18.468
v -2.416 66.878 18.349
v -3.611 66.878 18.152
v -4.790 66.878 17.877
v -5.949 66.878 17.525
v -7.083 66.878 17.099
v -8.186 66.878 16.599
v -9.254 66.878 16.028
v -10.282 66.878 15.389
v -11.267 66.878 14.683
v -12.203 66.878 13.915
v -13.087 66.878 13.087
v -13.915 66.878 12.203
v -14.683 66.878 11.267
v -15.389 66.878 10.282
v -16.028 66.878 9.254
v -16.599 66.878 8.186
v -17.099 66.878 7.083
v -17.525 66.878 5.949
v -17.877 66.878 4.790
v -18.152 66.878 3.611
v -18.349 66.878 2.416
v -18.468 66.878 1.210
v -18.508 66.878 0.000
v -18.468 66.878 -1.210
v -18.349 66.878 -2.416
v -18.152 66.878 -3.611
v -17.877 66.878 -4.790
v -17.525 66.878 -5.949
v -17.099 66.878 -7.083
v -16.599 66.878 -8.186
v -16.028 66.878 -9.254
v -15.389 66.878 -10.282
v -14.683 66.878 -11.267
v -13.915 66.878 -12.203
v -13.087 66.878 -13.087
v -12.203 66.878 -13.915
v -11.267 66.878 -14.683
v -10.282 66.878 -15.389
v -9.254 66.878 -16.028
v -8.186 66.878 -16.599
v -7.083 66.878 -17.099
v -5.949 66.878 -17.525
v -4.790 66.878 -17.877
v -3.611 66.878 -18.152
v -2.416 66.878 -18.349
v -1.210 66.878 -18.468
v -0.000 66.878 -18.508
v 1.210 66.878 -18.468
v 2.416 66.878 -18.349
v 3.611 66.878 -18.152
v 4.790 66.878 -17.877
v 5.949 66.878 -17.525
v 7.083 66.878 -17.099
v 8.186 66.878 -16.599
v 9.254 66.878 -16.028
v 10.282 66.878 -15.389
v 11.267 66.878 -14.683
v 12.203 66.878 -13.915
v 13.087 66.878 -13.087
v 13.915 66.878 -12.203
v 14.683 66.878 -11.267
v 15.389 66.878 -10.282
v 16.028 66.878 -9.254
v 16.599 66.878 -8.186
v 17.099 66.878 -7.083
v 17.525 66.878 -5.949
v 17.877 66.878 -4.790
v 18.152 66.878 -3.611
v 18.349 66.878 -2.416
v 18.468 66.878 -1.210
v 20.001 65.933 0.000
v 19.958 65.933 1.308
v 19.829 65.933 2.611
v 19.616 65.933 3.902
v 19.319 65.933 5.177
v 18.939 65.933 6.429
v 18.478 65.933 7.654
v 17.938 65.933 8.846
v 17.321 65.933 10.000
v 16.630 65.933 11.112
v 15.867 65.933 12.176
v 15.037 65.933 13.187
v 14.143 65.933 14.143
v 13.187 65.933 15.037
v 12.176 65.933 15.867
v 11.112 65.933 16.630
v 10.000 65.933 17.321
v 8.846 65.933 17.938
v 7.654 65.933 18.478
v 6.429 65.933 18.939
v 5.177 65.933 19.319
v 3.902 65.933 19.616
v 2.611 65.933 19.829
v 1.308 65.933 19.958
v 0.000 65.933 20.001
v -1.308 65.933 19.958
v -2.611 65.933 19.829
v -3.902 65.933 19.616
v -5.177 65.933 19.319
v -6.429 65.933 18.939
v -7.654 65.933 18.478
v -8.846 65.933 17.938
v -10.000 65.933 17.321
v -11.112 65.933 16.630
v -12.176 65.933 15.867
v -13.187 65.933 15.037
v -14.143 65.933 14.143
v -15.037 65.933 13.187
v -15.867 65.933 12.176
v -16.630 65.933 11.112
v -17.321 65.933 10.000
v -17.938 65.933 8.846
v -18.478 65.933 7.654
v -18.939 65.933 6.429
v -19.319 65.933 5.177
v -19.616 65.933 3.902
v -19.829 65.933 2.611
v -19.958 65.933 1.308
v -20.001 65.933 0.000
v -19.958 65.933 -1.308
v -19.829 65.933 -2.611
v -19.616 65.933 -3.902
v -19.319 65.933 -5.177
v -18.939 65.933 -6.429
v -18.478 65.933 -7.654
v -17.938 65.933 -8.846
v -17.321 65.933 -10.000
v -16.630 65.933 -11.112
v -15.867 65.933 -12.176
v -15.037 65.933 -13.187
v -14.143 65.933 -14.143
v -13.187 65.933 -15.037
v -12.176 65.933 -15.867
v -11.112 65.933 -16.630
v -10.000 65.933 -17.321
v -8.846 65.933 -17.938
v -7.654 65.933 -18.478
v -6.429 65.933 -18.939
v -5.177 65.933 -19.319
v -3.902 65.933 -19.616
v -2.611 65.933 -19.829
v -1.308 65.933 -19.958
v -0.000 65.933 -20.001
v 1.308 65.933 -19.958
v 2.611 65.933 -19.829
v 3.902 65.933 -19.616
v 5.177 65.933 -19.319
v 6.429 65.933 -18.939
v 7.654 65.933 -18.478
v 8.846 65.933 -17.938
v 10.000 65.933 -17.321
v 11.112 65.933 -16.630
v 12.176 65.933 -15.867
v 13.187 65.933 -15.037
v 14.143 65.933 -14.143
v 15.037 65.933 -13.187
v 15.867 65.933 -12.176
v 16.630 65.933 -11.112
v 17.321 65.933 -10.000
v 17.938 65.933 -8.846
v 18.478 65.933 -7.654
v 18.939 65.933 -6.429
v 19.319 65.933 -5.177
v 19.616 65.933 -3.902
v 19.829 65.933 -2.611
v 19.958 65.933 -1.308
v 21.445 64.915 0.000
v 21.399 64.915 1.403
v 21.262 64.915 2.799
v 21.033 64.915 4.184
v 20.714 64.915 5.550
v 20.307 64.915 6.893
v 19.813 64.915 8.207
v 19.234 64.915 9.485
v 18.572 64.915 10.723
v 17.831 64.915 11.914
v 17.014 64.915 13.055
v 16.123 64.915 14.140
v 15.164 64.915 15.164
v 14.140 64.915 16.123
v 13.055 64.915 17.014
v 11.914 64.915 17.831
v 10.723 64.915 18.572
v 9.485 64.915 19.234
v 8.207 64.915 19.813
v 6.893 64.915 20.307
v 5.550 64.915 20.714
v 4.184 64.915 21.033
v 2.799 64.915 21.262
v 1.403 64.915 21.399
v 0.000 64.915 21.445
v -1.403 64.915 21.399
v -2.799 64.915 21.262
v -4.184 64.915 21.033
v -5.550 64.915 20.714
v -6.893 64.915 20.307
v -8.207 64.915 19.813
v -9.485 64.915 19.234
v -10.723 64.915 18.572
v -11.914 64.915 17.831
v -13.055 64.915 17.014
v -14.140 64.915 16.123
v -15.164 64.915 15.164
v -16.123 64.915 14.140
v -17.014 64.915 13.055
v -17.831 64.915 11.914
v -18.572 64.915 10.723
v -19.234 64.915 9.485
v -19.813 64.915 8.207
v -20.307 64.915 6.893
v -20.714 64.915 5.550
v -21.033 64.915 4.184
v -21.262 64.915 2.799
v -21.399 64.915 1.403
v -21.445 64.915 0.000
v -21.399 64.915 -1.403
v -21.262 64.915 -2.799
v -21.033 64.915 -4.184
v -20.714 64.915 -5.550
v -20.307 64.915 -6.893
v -19.813 64.915 -8.207
v -19.234 64.915 -9.485
v -18.572 64.915 -10.723
v -17.831 64.915 -11.914
v -17.014 64.915 -13.055
v -16.123 64.915 -14.140
v -15.164 64.915 -15.164
v -14.140 64.915 -16.123
v -13.055 64.915 -17.014
v -11.914 64.915 -17.831
v -10.723 64.915 -18.572
v -9.485 64.915 -19.234
v -8.207 64.915 -19.813
v -6.893 64.915 -20.307
v -5.550 64.915 -20.714
v -4.184 64.915 -21.033
v -2.799 64.915 -21.262
v -1.403 64.915 -21.399
v -0.000 64.915 -21.445
v 1.403 64.915 -21.399
v 2.799 64.915 -21.262
v 4.184 64.915 -21.033
v 5.550 64.915 -20.714
v 6.893 64.915 -20.307
v 8.207 64.915 -19.813
v 9.485 64.915 -19.234
v 10.723 64.915 -18.572
v 11.914 64.915 -17.831
v 13.055 64.915 -17.014
v 14.140 64.915 -16.123
v 15.164 64.915 -15.164
v 16.123 64.915 -14.140
v 17.014 64.915 -13.055
v 17.831 64.915 -11.914
v 18.572 64.915 -10.723
v 19.234 64.915 -9.485
v 19.813 64.915 -8.207
v 20.307 64.915 -6.893
v 20.714 64.915 -5.550
v 21.033 64.915 -4.184
v 21.262 64.915 -2.799
v 21.399 64.915 -1.403
v 22.838 63.828 0.000
v 22.789 63.828 1.494
v 22.643 63.828 2.981
v 22.399 63.828 4.456
v 22.060 63.828 5.911
v 21.626 63.828 7.341
v 21.100 63.828 8.740
v 20.483 63.828 10.101
v 19.778 63.828 11.419
v 18.989 63.828 12.688
v 18.119 63.828 13.903
v 17.171 63.828 15.058
v 16.149 63.828 16.149
v 15.058 63.828 17.171
v 13.903 63.828 18.119
v 12.688 63.828 18.989
v 11.419 63.828 19.778
v 10.101 63.828 20.483
v 8.740 63.828 21.100
v 7.341 63.828 21.626
v 5.911 63.828 22.060
v 4.456 63.828 22.399
v 2.981 63.828 22.643
v 1.494 63.828 22.789
v 0.000 63.828 22.838
v -1.494 63.828 22.789
v -2.981 63.828 22.643
v -4.456 63.828 22.399
v -5.911 63.828 22.060
v -7.341 63.828 21.626
v -8.740 63.828 21.100
v -10.101 63.828 20.483
v -11.419 63.828 19.778
v -12.688 63.828 18.989
v -13.903 63.828 18.119
v -15.058 63.828 17.171
v -16.149 63.828 16.149
v -17.171 63.828 15.058
v -18.119 63.828 13.903
v -18.989 63.828 12.688
v -19.778 63.828 11.419
v -20.483 63.828 10.101
v -21.100 63.828 8.740
v -21.626 63.828 7.341
v -22.060 63.828 5.911
v -22.399 63.828 4.456
v -22.643 63.828 2.981
v -22.789 63.828 1.494
v -22.838 63.828 0.000
v -22.789 63.828 -1.494
v -22.643 63.828 -2.981
v -22.399 63.828 -4.456
v -22.060 63.828 -5.911
v -21.626 63.828 -7.341
v -21.100 63.828 -8.740
v -20.483 63.828 -10.101
v -19.778 63.828 -11.419
v -18.989 63.828 -12.688
v -18.119 63.828 -13.903
v -17.171 63.828 -15.058
v -16.149 63.828 -16.149
v -15.058 63.828 -17.171
v -13.903 63.828 -18.119
v -12.688 63.828 -18.989
v -11.419 63.828 -19.778
v -10.101 63.828 -20.483
v -8.740 63.828 -21.100
v -7.341 63.828 -21.626
v -5.911 63.828 -22.060
v -4.456 63.828 -22.399
v -2.981 63.828 -22.643
v -1.494 63.828 -22.789
v -0.000 63.828 -22.838
v 1.494 63.828 -22.789
v 2.981 63.828 -22.643
v 4.456 63.828 -22.399
v 5.911 63.828 -22.060
v 7.341 63.828 -21.626
v 8.740 63.828 -21.100
v 10.101 63.828 -20.483
v 11.419 63.828 -19.778
v 12.688 63.828 -18.989
v 13.903 63.828 -18.119
v 15.058 63.828 -17.171
v 16.149 63.828 -16.149
v 17.171 63.828 -15.058
v 18.119 63.828 -13.903
v 18.989 63.828 -12.688
v 19.778 63.828 -11.419
v 20.483 63.828 -10.101
v 21.100 63.828 -8.740
v 21.626 63.828 -7.341
v 22.060 63.828 -5.911
v 22.399 63.828 -4.456
v 22.643 63.828 -2.981
v 22.789 63.828 -1.494
v 24.176 62.674 0.000
v 24.124 62.674 1.581
v 23.969 62.674 3.156
v 23.712 62.674 4.717
v 23.352 62.674 6.257
v 22.893 62.674 7.771
v 22.336 62.674 9.252
v 21.683 62.674 10.693
v 20.937 62.674 12.088
v 20.102 62.674 13.432
v 19.180 62.674 14.717
v 18.177 62.674 15.940
v 17.095 62.674 17.095
v 15.940 62.674 18.177
v 14.717 62.674 19.180
v 13.432 62.674 20.102
v 12.088 62.674 20.937
v 10.693 62.674 21.683
v 9.252 62.674 22.336
v 7.771 62.674 22.893
v 6.257 62.674 23.352
v 4.717 62.674 23.712
v 3.156 62.674 23.969
v 1.581 62.674 24.124
v 0.000 62.674 24.176
v -1.581 62.674 24.124
v -3.156 62.674 23.969
v -4.717 62.674 23.712
v -6.257 62.674 23.352
v -7.771 62.674 22.893
v -9.252 62.674 22.336
v -10.693 62.674 21.683
v -12.088 62.674 20.937
v -13.432 62.674 20.102
v -14.717 62.674 19.180
v -15.940 62.674 18.177
v -17.095 62.674 17.095
v -18.177 62.674 15.940
v -19.180 62.674 14.717
v -20.102 62.674 13.432
v -20.937 62.674 12.088
v -21.683 62.674 10.693
v -22.336 62.674 9.252
v -22.893 62.674 7.771
v -23.352 62.674 6.257
v -23.712 62.674 4.717
v -23.969 62.674 3.156
v -24.124 62.674 1.581
v -24.176 62.674 0.000
v -24.124 62.674 -1.581
v -23.969 62.674 -3.156
v -23.712 62.674 -4.717
v -23.352 62.674 -6.257
v -22.893 62.674 -7.771
v -22.336 62.674 -9.252
v -21.683 62.674 -10.693
v -20.937 62.674 -12.088
v -20.102 62.674 -13.432
v -19.180 62.674 -14.717
v -18.177 62.674 -15.940
v -17.095 62.674 -17.095
v -15.940 62.674 -18.177
v -14.717 62.674 -19.180
v -13.432 62.674 -20.102
v -12.088 62.674 -20.937
v -10.693 62.674 -21.683
v -9.252 62.674 -22.336
v -7.771 62.674 -22.893
v -6.257 62.674 -23.352
v -4.717 62.674 -23.712
v -3.156 62.674 -23.969
v -1.581 62.674 -24.124
v -0.000 62.674 -24.176
v 1.581 62.674 -24.124
v 3.156 62.674 -23.969
v 4.717 62.674 -23.712
v 6.257 62.674 -23.352
v 7.771 62.674 -22.893
v 9.252 62.674 -22.336
v 10.693 62.674 -21.683
v 12.088 62.674 -20.937
v 13.432 62.674 -20.102
v 14.717 62.674 -19.180
v 15.940 62.674 -18.177
v 17.095 62.674 -17.095
v 18.177 62.674 -15.940
v 19.180 62.674 -14.717
v 20.102 62.674 -13.432
v 20.937 62.674 -12.088
v 21.683 62.674 -10.693
v 22.336 62.674 -9.252
v 22.893 62.674 -7.771
v 23.352 62.674 -6.257
v 23.712 62.674 -4.717
v 23.969 62.674 -3.156
v 24.124 62.674 -1.581
v 25.456 61.456 0.000
v 25.401 61.456 1.665
v 25.238 61.456 3.323
v 24.967 61.456 4.966
v 24.588 61.456 6.588
v 24.105 61.456 8.183
v 23.518 61.456 9.742
v 22.831 61.456 11.259
v 22.045 61.456 12.728
v 21.166 61.456 14.143
v 20.195 61.456 15.497
v 19.139 61.456 16.784
v 18.000 61.456 18.000
v 16.784 61.456 19.139
v 15.497 61.456 20.195
v 14.143 61.456 21.166
v 12.728 61.456 22.045
v 11.259 61.456 22.831
v 9.742 61.456 23.518
v 8.183 61.456 24.105
v 6.588 61.456 24.588
v 4.966 61.456 24.967
v 3.323 61.456 25.238
v 1.665 61.456 25.401
v 0.000 61.456 25.456
v -1.665 61.456 25.401
v -3.323 61.456 25.238
v -4.966 61.456 24.967
v -6.588 61.456 24.588
v -8.183 61.456 24.105
v -9.742 61.456 23.518
v -11.259 61.456 22.831
v -12.728 61.456 22.045
v -14.143 61.456 21.166
v -15.497 61.456 20.195
v -16.784 61.456 19.139
v -18.000 61.456 18.000
v -19.139 61.456 16.784
v -20.195 61.456 15.497
v -21.166 61.456 14.143
v -22.045 61.456 12.728
v -22.831 61.456 11.259
v -23.518 61.456 9.742
v -24.105 61.456 8.183
v -24.588 61.456 6.588
v -24.967 61.456 4.966
v -25.238 61.456 3.323
v -25.401 61.456 1.665
v -25.456 61.456 0.000
v -25.401 61.456 -1.665
v -25.238 61.456 -3.323
v -24.967 61.456 -4.966
v -24.588 61.456 -6.588
v -24.105 61.456 -8.183
v -23.518 61.456 -9.742
v -22.831 61.456 -11.259
v -22.045 61.456 -12.728
v -21.166 61.456 -14.143
v -20.195 61.456 -15.497
v -19.139 61.456 -16.784
v -18.000 61.456 -18.000
v -16.784 61.456 -19.139
v -15.497 61.456 -20.195
v -14.143 61.456 -21.166
v -12.728 61.456 -22.045
v -11.259 61.456 -22.831
v -9.742 61.456 -23.518
v -8.183 61.456 -24.105
v -6.588 61.456 -24.588
v -4.966 61.456 -24.967
v -3.323 61.456 -25.238
v -1.665 61.456 -25.401
v -0.000 61.456 -25.456
v 1.665 61.456 -25.401
v 3.323 61.456 -25.238
v 4.966 61.456 -24.967
v 6.588 61.456 -24.588
v 8.183 61.456 -24.105
v 9.742 61.456 -23.518
v 11.259 61.456 -22.831
v 12.728 61.456 -22.045
v 14.143 61.456 -21.166
v 15.497 61.456 -20.195
v 16.784 61.456 -19.139
v 18.000 61.456 -18.000
v 19.139 61.456 -16.784
v 20.195 61.456 -15.497
v 21.166 61.456 -14.143
v 22.045 61.456 -12.728
v 22.831 61.456 -11.259
v 23.518 61.456 -9.742
v 24.105 61.456 -8.183
v 24.588 61.456 -6.588
v 24.967 61.456 -4.966
v 25.238 61.456 -3.323
v 25.401 61.456 -1.665
v 26.674 60.176 0.000
v 26.617 60.176 1.745
v 26.446 60.176 3.482
v 26.162 60.176 5.204
v 25.765 60.176 6.904
v 25.259 60.176 8.574
v 24.644 60.176 10.208
v 23.923 60.176 11.798
v 23.101 60.176 13.337
v 22.179 60.176 14.819
v 21.162 60.176 16.238
v 20.055 60.176 17.588
v 18.862 60.176 18.862
v 17.588 60.176 20.055
v 16.238 60.176 21.162
v 14.819 60.176 22.179
v 13.337 60.176 23.101
v 11.798 60.176 23.923
v 10.208 60.176 24.644
v 8.574 60.176 25.259
v 6.904 60.176 25.765
v 5.204 60.176 26.162
v 3.482 60.176 26.446
v 1.745 60.176 26.617
v 0.000 60.176 26.674
v -1.745 60.176 26.617
v -3.482 60.176 26.446
v -5.204 60.176 26.162
v -6.904 60.176 25.765
v -8.574 60.176 25.259
v -10.208 60.176 24.644
v -11.798 60.176 23.923
v -13.337 60.176 23.101
v -14.819 60.176 22.179
v -16.238 60.176 21.162
v -17.588 60.176 20.055
v -18.862 60.176 18.862
v -20.055 60.176 17.588
v -21.162 60.176 16.238
v -22.179 60.176 14.819
v -23.101 60.176 13.337
v -23.923 60.176 11.798
v -24.644 60.176 10.208
v -25.259 60.176 8.574
v -25.765 60.176 6.904
v -26.162 60.176 5.204
v -26.446 60.176 3.482
v -26.617 60.176 1.745
v -26.674 60.176 0.000
v -26.617 60.176 -1.745
v -26.446 60.176 -3.482
v -26.162 60.176 -5.204
v -25.765 60.176 -6.904
v -25.259 60.176 -8.574
v -24.644 60.176 -10.208
v -23.923 60.176 -11.798
v -23.101 60.176 -13.337
v -22.179 60.176 -14.819
v -21.162 60.176 -16.238
v -20.055 60.176 -17.588
v -18.862 60.176 -18.862
v -17.588 60.176 -20.055
v -16.238 60.176 -21.162
v -14.819 60.176 -22.179
v -13.337 60.176 -23.101
v -11.798 60.176 -23.923
v -10.208 60.176 -24.644
v -8.574 60.176 -25.259
v -6.904 60.176 -25.765
v -5.204 60.176 -26.162
v -3.482 60.176 -26.446
v -1.745 60.176 -26.617
v -0.000 60.176 -26.674
v 1.745 60.176 -26.617
v 3.482 60.176 -26.446
v 5.204 60.176 -26.162
v 6.904 60.176 -25.765
v 8.574 60.176 -25.259
v 10.208 60.176 -24.644
v 11.798 60.176 -23.923
v 13.337 60.176 -23.101
v 14.819 60.176 -22.179
v 16.238 60.176 -21.162
v 17.588 60.176 -20.055
v 18.862 60.176 -18.862
v 20.055 60.176 -17.588
v 21.162 60.176 -16.238
v 22.179 60.176 -14.819
v 23.101 60.176 -13.337
v 23.923 60.176 -11.798
v 24.644 60.176 -10.208
v 25.259 60.176 -8.574
v 25.765 60.176 -6.904
v 26.162 60.176 -5.204
v 26.446 60.176 -3.482
v 26.617 60.176 -1.745
v 27.828 58.838 0.000
v 27.769 58.838 1.820
v 27.590 58.838 3.632
v 27.294 58.838 5.429
v 26.880 58.838 7.203
v 26.352 58.838 8.945
v 25.710 58.838 10.649
v 24.959 58.838 12.308
v 24.100 58.838 13.914
v 23.138 58.838 15.461
v 22.078 58.838 16.941
v 20.922 58.838 18.349
v 19.678 58.838 19.678
v 18.349 58.838 20.922
v 16.941 58.838 22.078
v 15.461 58.838 23.138
v 13.914 58.838 24.100
v 12.308 58.838 24.959
v 10.649 58.838 25.710
v 8.945 58.838 26.352
v 7.203 58.838 26.880
v 5.429 58.838 27.294
v 3.632 58.838 27.590
v 1.820 58.838 27.769
v 0.000 58.838 27.828
v -1.820 58.838 27.769
v -3.632 58.838 27.590
v -5.429 58.838 27.294
v -7.203 58.838 26.880
v -8.945 58.838 26.352
v -10.649 58.838 25.710
v -12.308 58.838 24.959
v -13.914 58.838 24.100
v -15.461 58.838 23.138
v -16.941 58.838 22.078
v -18.349 58.838 20.922
v -19.678 58.838 19.678
v -20.922 58.838 18.349
v -22.078 58.838 16.941
v -23.138 58.838 15.461
v -24.100 58.838 13.914
v -24.959 58.838 12.308
v -25.710 58.838 10.649
v -26.352 58.838 8.945
v -26.880 58.838 7.203
v -27.294 58.838 5.429
v -27.590 58.838 3.632
v -27.769 58.838 1.820
v -27.828 58.838 0.000
v -27.769 58.838 -1.820
v -27.590 58.838 -3.632
v -27.294 58.838 -5.429
v -26.880 58.838 -7.203
v -26.352 58.838 -8.945
v -25.710 58.838 -10.649
v -24.959 58.838 -12.308
v -24.100 58.838 -13.914
v -23.138 58.838 -15.461
v -22.078 58.838 -16.941
v -20.922 58.838 -18.349
v -19.678 58.838 -19.678
v -18.349 58.838 -20.922
v -16.941 58.838 -22.078
v -15.461 58.838 -23.138
v -13.914 58.838 -24.100
v -12.308 58.838 -24.959
v -10.649 58.838 -25.710
v -8.945 58.838 -26.352
v -7.203 58.838 -26.880
v -5.429 58.838 -27.294
v -3.632 58.838 -27.590
v -1.820 58.838 -27.769
v -0.000 58.838 -27.828
v 1.820 58.838 -27.769
v 3.632 58.838 -27.590
v 5.429 58.838 -27.294
v 7.203 58.838 -26.880
v 8.945 58.838 -26.352
v 10.649 58.838 -25.710
v 12.308 58.838 -24.959
v 13.914 58.838 -24.100
v 15.461 58.838 -23.138
v 16.941 58.838 -22.078
v 18.349 58.838 -20.922
v 19.678 58.838 -19.678
v 20.922 58.838 -18.349
v 22.078 58.838 -16.941
v 23.138 58.838 -15.461
v 24.100 58.838 -13.914
v 24.959 58.838 -12.308
v 25.710 58.838 -10.649
v 26.352 58.838 -8.945
v 26.880 58.838 -7.203
v 27.294 58.838 -5.429
v 27.590 58.838 -3.632
v 27.769 58.838 -1.820
v 28.915 57.445 0.000
v 28.854 57.445 1.891
v 28.668 57.445 3.774
v 28.360 57.445 5.641
v 27.930 57.445 7.484
v 27.381 57.445 9.295
v 26.714 57.445 11.065
v 25.933 57.445 12.789
v 25.042 57.445 14.458
v 24.042 57.445 16.065
v 22.940 57.445 17.603
v 21.740 57.445 19.065
v 20.446 57.445 20.446
v 19.065 57.445 21.740
v 17.603 57.445 22.940
v 16.065 57.445 24.042
v 14.458 57.445 25.042
v 12.789 57.445 25.933
v 11.065 57.445 26.714
v 9.295 57.445 27.381
v 7.484 57.445 27.930
v 5.641 57.445 28.360
v 3.774 57.445 28.668
v 1.891 57.445 28.854
v 0.000 57.445 28.915
v -1.891 57.445 28.854
v -3.774 57.445 28.668
v -5.641 57.445 28.360
v -7.484 57.445 27.930
v -9.295 57.445 27.381
v -11.065 57.445 26.714
v -12.789 57.445 25.933
v -14.458 57.445 25.042
v -16.065 57.445 24.042
v -17.603 57.445 22.940
v -19.065 57.445 21.740
v -20.446 57.445 20.446
v -21.740 57.445 19.065
v -22.940 57.445 17.603
v -24.042 57.445 16.065
v -25.042 57.445 14.458
v -25.933 57.445 12.789
v -26.714 57.445 11.065
v -27.381 57.445 9.295
v -27.930 57.445 7.484
v -28.360 57.445 5.641
v -28.668 57.445 3.774
v -28.854 57.445 1.891
v -28.915 57.445 0.000
v -28.854 57.445 -1.891
v -28.668 57.445 -3.774
v -28.360 57.445 -5.641
v -27.930 57.445 -7.484
v -27.381 57.445 -9.295
v -26.714 57.445 -11.065
v -25.933 57.445 -12.789
v -25.042 57.445 -14.458
v -24.042 57.445 -16.065
v -22.940 57.445 -17.603
v -21.740 57.445 -19.065
v -20.446 57.445 -20.446
v -19.065 57.445 -21.740
v -17.603 57.445 -22.940
v -16.065 57.445 -24.042
v -14.458 57.445 -25.042
v -12.789 57.445 -25.933
v -11.065 57.445 -26.714
v -9.295 57.445 -27.381
v -7.484 57.445 -27.930
v -5.641 57.445 -28.360
v -3.774 57.445 -28.668
v -1.891 57.445 -28.854
v -0.000 57.445 -28.915
v 1.891 57.445 -28.854
v 3.774 57.445 -28.668
v 5.641 57.445 -28.360
v 7.484 57.445 -27.930
v 9.295 57.445 -27.381
v 11.065 57.445 -26.714
v 12.789 57.445 -25.933
v 14.458 57.445 -25.042
v 16.065 57.445 -24.042
v 17.603 57.445 -22.940
v 19.065 57.445 -21.740
v 20.446 57.445 -20.446
v 21.740 57.445 -19.065
v 22.940 57.445 -17.603
v 24.042 57.445 -16.065
v 25.042 57.445 -14.458
v 25.933 57.445 -12.789
v 26.714 57.445 -11.065
v 27.381 57.445 -9.295
v 27.930 57.445 -7.484
v 28.360 57.445 -5.641
v 28.668 57.445 -3.774
v 28.854 57.445 -1.891
v 29.933 56.001 0.000
v 29.869 56.001 1.958
v 29.677 56.001 3.907
v 29.358 56.001 5.840
v 28.913 56.001 7.747
v 28.344 56.001 9.622
v 27.654 56.001 11.455
v 26.846 56.001 13.239
v 25.923 56.001 14.966
v 24.888 56.001 16.630
v 23.747 56.001 18.222
v 22.505 56.001 19.736
v 21.166 56.001 21.166
v 19.736 56.001 22.505
v 18.222 56.001 23.747
v 16.630 56.001 24.888
v 14.966 56.001 25.923
v 13.239 56.001 26.846
v 11.455 56.001 27.654
v 9.622 56.001 28.344
v 7.747 56.001 28.913
v 5.840 56.001 29.358
v 3.907 56.001 29.677
v 1.958 56.001 29.869
v 0.000 56.001 29.933
v -1.958 56.001 29.869
v -3.907 56.001 29.677
v -5.840 56.001 29.358
v -7.747 56.001 28.913
v -9.622 56.001 28.344
v -11.455 56.001 27.654
v -13.239 56.001 26.846
v -14.966 56.001 25.923
v -16.630 56.001 24.888
v -18.222 56.001 23.747
v -19.736 56.001 22.505
v -21.166 56.001 21.166
v -22.505 56.001 19.736
v -23.747 56.001 18.222
v -24.888 56.001 16.630
v -25.923 56.001 14.966
v -26.846 56.001 13.239
v -27.654 56.001 11.455
v -28.344 56.001 9.622
v -28.913 56.001 7.747
v -29.358 56.001 5.840
v -29.677 56.001 3.907
v -29.869 56.001 1.958
v -29.933 56.001 0.000
v -29.869 56.001 -1.958
v -29.677 56.001 -3.907
v -29.358 56.001 -5.840
v -28.913 56.001 -7.747
v -28.344 56.001 -9.622
v -27.654 56.001 -11.455
v -26.846 56.001 -13.239
v -25.923 56.001 -14.966
v -24.888 56.001 -16.630
v -23.747 56.001 -18.222
v -22.505 56.001 -19.736
v -21.166 56.001 -21.166
v -19.736 56.001 -22.505
v -18.222 56.001 -23.747
v -16.630 56.001 -24.888
v -14.966 56.001 -25.923
v -13.239 56.001 -26.846
v -11.455 56.001 -27.654
v -9.622 56.001 -28.344
v -7.747 56.001 -28.913
v -5.840 56.001 -29.358
v -3.907 56.001 -29.677
v -1.958 56.001 -29.869
v -0.000 56.001 -29.933
v 1.958 56.001 -29.869
v 3.907 56.001 -29.677
v 5.840 56.001 -29.358
v 7.747 56.001 -28.913
v 9.622 56.001 -28.344
v 11.455 56.001 -27.654
v 13.239 56.001 -26.846
v 14.966 56.001 -25.923
v 16.630 56.001 -24.888
v 18.222 56.001 -23.747
v 19.736 56.001 -22.505
v 21.166 56.001 -21.166
v 22.505 56.001 -19.736
v 23.747 56.001 -18.222
v 24.888 56.001 -16.630
v 25.923 56.001 -14.966
v 26.846 56.001 -13.239
v 27.654 56.001 -11.455
v 28.344 56.001 -9.622
v 28.913 56.001 -7.747
v 29.358 56.001 -5.840
v 29.677 56.001 -3.907
v 29.869 56.001 -1.958
v 30.878 54.508 0.000
v 30.812 54.508 2.020
v 30.614 54.508 4.030
v 30.285 54.508 6.024
v 29.826 54.508 7.992
v 29.240 54.508 9.925
v 28.528 54.508 11.817
v 27.694 54.508 13.657
v 26.741 54.508 15.439
v 25.674 54.508 17.155
v 24.497 54.508 18.797
v 23.215 54.508 20.359
v 21.834 54.508 21.834
v 20.359 54.508 23.215
v 18.797 54.508 24.497
v 17.155 54.508 25.674
v 15.439 54.508 26.741
v 13.657 54.508 27.694
v 11.817 54.508 28.528
v 9.925 54.508 29.240
v 7.992 54.508 29.826
v 6.024 54.508 30.285
v 4.030 54.508 30.614
v 2.020 54.508 30.812
v 0.000 54.508 30.878
v -2.020 54.508 30.812
v -4.030 54.508 30.614
v -6.024 54.508 30.285
v -7.992 54.508 29.826
v -9.925 54.508 29.240
v -11.817 54.508 28.528
v -13.657 54.508 27.694
v -15.439 54.508 26.741
v -17.155 54.508 25.674
v -18.797 54.508 24.497
v -20.359 54.508 23.215
v -21.834 54.508 21.834
v -23.215 54.508 20.359
v -24.497 54.508 18.797
v -25.674 54.508 17.155
v -26.741 54.508 15.439
v -27.694 54.508 13.657
v -28.528 54.508 11.817
v -29.240 54.508 9.925
v -29.826 54.508 7.992
v -30.285 54.508 6.024
v -30.614 54.508 4.030
v -30.812 54.508 2.020
v -30.878 54.508 0.000
v -30.812 54.508 -2.020
v -30.614 54.508 -4.030
v -30.285 54.508 -6.024
v -29.826 54.508 -7.992
v -29.240 54.508 -9.925
v -28.528 54.508 -11.817
v -27.694 54.508 -13.657
v -26.741 54.508 -15.439
v -25.674 54.508 -17.155
v -24.497 54.508 -18.797
v -23.215 54.508 -20.359
v -21.834 54.508 -21.834
v -20.359 54.508 -23.215
v -18.797 54.508 -24.497
v -17.155 54.508 -25.674
v -15.439 54.508 -26.741
v -13.657 54.508 -27.694
v -11.817 54.508 -28.528
v -9.925 54.508 -29.240
v -7.992 54.508 -29.826
v -6.024 54.508 -30.285
v -4.030 54.508 -30.614
v -2.020 54.508 -30.812
v -0.000 54.508 -30.878
v 2.020 54.508 -30.812
v 4.030 54.508 -30.614
v 6.024 54.508 -30.285
v 7.992 54.508 -29.826
v 9.925 54.508 -29.240
v 11.817 54.508 -28.528
v 13.657 54.508 -27.694
v 15.439 54.508 -26.741
v 17.155 54.508 -25.674
v 18.797 54.508 -24.497
v 20.359 54.508 -23.215
v 21.834 54.508 -21.834
v 23.215 54.508 -20.359
v 24.497 54.508 -18.797
v 25.674 54.508 -17.155
v 26.741 54.508 -15.439
v 27.694 54.508 -13.657
v 28.528 54.508 -11.817
v 29.240 54.508 -9.925
v 29.826 54.508 -7.992
v 30.285 54.508 -6.024
v 30.614 54.508 -4.030
v 30.812 54.508 -2.020
v 31.749 52.970 0.000
v 31.681 52.970 2.076
v 31.478 52.970 4.144
v 31.139 52.970 6.194
v 30.667 52.970 8.217
v 30.064 52.970 10.205
v 29.332 52.970 12.150
v 28.475 52.970 14.042
v 27.496 52.970 15.875
v 26.398 52.970 17.639
v 25.188 52.970 19.328
v 23.870 52.970 20.934
v 22.450 52.970 22.450
v 20.934 52.970 23.870
v 19.328 52.970 25.188
v 17.639 52.970 26.398
v 15.875 52.970 27.496
v 14.042 52.970 28.475
v 12.150 52.970 29.332
v 10.205 52.970 30.064
v 8.217 52.970 30.667
v 6.194 52.970 31.139
v 4.144 52.970 31.478
v 2.076 52.970 31.681
v 0.000 52.970 31.749
v -2.076 52.970 31.681
v -4.144 52.970 31.478
v -6.194 52.970 31.139
v -8.217 52.970 30.667
v -10.205 52.970 30.064
v -12.150 52.970 29.332
v -14.042 52.970 28.475
v -15.875 52.970 27.496
v -17.639 52.970 26.398
v -19.328 52.970 25.188
v -20.934 52.970 23.870
v -22.450 52.970 22.450
v -23.870 52.970 20.934
v -25.188 52.970 19.328
v -26.398 52.970 17.639
v -27.496 52.970 15.875
v -28.475 52.970 14.042
v -29.332 52.970 12.150
v -30.064 52.970 10.205
v -30.667 52.970 8.217
v -31.139 52.970 6.194
v -31.478 52.970 4.144
v -31.681 52.970 2.076
v -31.749 52.970 0.000
v -31.681 52.970 -2.076
v -31.478 52.970 -4.144
v -31.139 52.970 -6.194
v -30.667 52.970 -8.217
v -30.064 52.970 -10.205
v -29.332 52.970 -12.150
v -28.475 52.970 -14.042
v -27.496 52.970 -15.875
v -26.398 52.970 -17.639
v -25.188 52.970 -19.328
v -23.870 52.970 -20.934
v -22.450 52.970 -22.450
v -20.934 52.970 -23.870
v -19.328 52.970 -25.188
v -17.639 52.970 -26.398
v -15.875 52.970 -27.496
v -14.042 52.970 -28.475
v -12.150 52.970 -29.332
v -10.205 52.970 -30.064
v -8.217 52.970 -30.667
v -6.194 52.970 -31.139
v -4.144 52.970 -31.478
v -2.076 52.970 -31.681
v -0.000 52.970 -31.749
v 2.076 52.970 -31.681
v 4.144 52.970 -31.478
v 6.194 52.970 -31.139
v 8.217 52.970 -30.667
v 10.205 52.970 -30.064
v 12.150 52.970 -29.332
v 14.042 52.970 -28.475
v 15.875 52.970 -27.496
v 17.639 52.970 -26.398
v 19.328 52.970 -25.188
v 20.934 52.970 -23.870
v 22.450 52.970 -22.450
v 23.870 52.970 -20.934
v 25.188 52.970 -19.328
v 26.398 52.970 -17.639
v 27.496 52.970 -15.875
v 28.475 52.970 -14.042
v 29.332 52.970 -12.150
v 30.064 52.970 -10.205
v 30.667 52.970 -8.217
v 31.139 52.970 -6.194
v 31.478 52.970 -4.144
v 31.681 52.970 -2.076
v 32.544 51.392 0.000
v 32.474 51.392 2.128
v 32.265 51.392 4.248
v 31.918 51.392 6.349
v 31.435 51.392 8.423
v 30.817 51.392 10.461
v 30.066 51.392 12.454
v 29.187 51.392 14.394
v 28.184 51.392 16.272
v 27.059 51.392 18.080
v 25.819 51.392 19.811
v 24.468 51.392 21.457
v 23.012 51.392 23.012
v 21.457 51.392 24.468
v 19.811 51.392 25.819
v 18.080 51.392 27.059
v 16.272 51.392 28.184
v 14.394 51.392 29.187
v 12.454 51.392 30.066
v 10.461 51.392 30.817
v 8.423 51.392 31.435
v 6.349 51.392 31.918
v 4.248 51.392 32.265
v 2.128 51.392 32.474
v 0.000 51.392 32.544
v -2.128 51.392 32.474
v -4.248 51.392 32.265
v -6.349 51.392 31.918
v -8.423 51.392 31.435
v -10.461 51.392 30.817
v -12.454 51.392 30.066
v -14.394 51.392 29.187
v -16.272 51.392 28.184
v -18.080 51.392 27.059
v -19.811 51.392 25.819
v -21.457 51.392 24.468
v -23.012 51.392 23.012
v -24.468 51.392 21.457
v -25.819 51.392 19.811
v -27.059 51.392 18.080
v -28.184 51.392 16.272
v -29.187 51.392 14.394
v -30.066 51.392 12.454
v -30.817 51.392 10.461
v -31.435 51.392 8.423
v -31.918 51.392 6.349
v -32.265 51.392 4.248
v -32.474 51.392 2.128
v -32.544 51.392 0.000
v -32.474 51.392 -2.128
v -32.265 51.392 -4.248
v -31.918 51.392 -6.349
v -31.435 51.392 -8.423
v -30.817 51.392 -10.461
v -30.066 51.392 -12.454
v -29.187 51.392 -14.394
v -28.184 51.392 -16.272
v -27.059 51.392 -18.080
v -25.819 51.392 -19.811
v -24.468 51.392 -21.457
v -23.012 51.392 -23.012
v -21.457 51.392 -24.468
v -19.811 51.392 -25.819
v -18.080 51.392 -27.059
v -16.272 51.392 -28.184
v -14.394 51.392 -29.187
v -12.454 51.392 -30.066
v -10.461 51.392 -30.817
v -8.423 51.392 -31.435
v -6.349 51.392 -31.918
v -4.248 51.392 -32.265
v -2.128 51.392 -32.474
v -0.000 51.392 -32.544
v 2.128 51.392 -32.474
v 4.248 51.392 -32.265
v 6.349 51.392 -31.918
v 8.423 51.392 -31.435
v 10.461 51.392 -30.817
v 12.454 51.392 -30.066
v 14.394 51.392 -29.187
v 16.272 51.392 -28.184
v 18.080 51.392 -27.059
v 19.811 51.392 -25.819
v 21.457 51.392 -24.468
v 23.012 51.392 -23.012
v 24.468 51.392 -21.457
v 25.819 51.392 -19.811
v 27.059 51.392 -18.080
v 28.184 51.392 -16.272
v 29.187 51.392 -14.394
v 30.066 51.392 -12.454
v 30.817 51.392 -10.461
v 31.435 51.392 -8.423
v 31.918 51.392 -6.349
v 32.265 51.392 -4.248
v 32.474 51.392 -2.128
v 33.260 49.777 0.000
v 33.188 49.777 2.175
v 32.975 49.777 4.341
v 32.621 49.777 6.489
v 32.126 49.777 8.608
v 31.495 49.777 10.691
v 30.728 49.777 12.728
v 29.830 49.777 14.710
v 28.804 49.777 16.630
v 27.654 49.777 18.478
v 26.387 49.777 20.247
v 25.006 49.777 21.930
v 23.518 49.777 23.518
v 21.930 49.777 25.006
v 20.247 49.777 26.387
v 18.478 49.777 27.654
v 16.630 49.777 28.804
v 14.710 49.777 29.830
v 12.728 49.777 30.728
v 10.691 49.777 31.495
v 8.608 49.777 32.126
v 6.489 49.777 32.621
v 4.341 49.777 32.975
v 2.175 49.777 33.188
v 0.000 49.777 33.260
v -2.175 49.777 33.188
v -4.341 49.777 32.975
v -6.489 49.777 32.621
v -8.608 49.777 32.126
v -10.691 49.777 31.495
v -12.728 49.777 30.728
v -14.710 49.777 29.830
v -16.630 49.777 28.804
v -18.478 49.777 27.654
v -20.247 49.777 26.387
v -21.930 49.777 25.006
v -23.518 49.777 23.518
v -25.006 49.777 21.930
v -26.387 49.777 20.247
v -27.654 49.777 18.478
v -28.804 49.777 16.630
v -29.830 49.777 14.710
v -30.728 49.777 12.728
v -31.495 49.777 10.691
v -32.126 49.777 8.608
v -32.621 49.777 6.489
v -32.975 49.777 4.341
v -33.188 49.777 2.175
v -33.260 49.777 0.000
v -33.188 49.777 -2.175
v -32.975 49.777 -4.341
v -32.621 49.777 -6.489
v -32.126 49.777 -8.608
v -31.495 49.777 -10.691
v -30.728 49.777 -12.728
v -29.830 49.777 -14.710
v -28.804 49.777 -16.630
v -27.654 49.777 -18.478
v -26.387 49.777 -20.247
v -25.006 49.777 -21.930
v -23.518 49.777 -23.518
v -21.930 49.777 -25.006
v -20.247 49.777 -26.387
v -18.478 49.777 -27.654
v -16.630 49.777 -28.804
v -14.710 49.777 -29.830
v -12.728 49.777 -30.728
v -10.691 49.777 -31.495
v -8.608 49.777 -32.126
v -6.489 49.777 -32.621
v -4.341 49.777 -32.975
v -2.175 49.777 -33.188
v -0.000 49.777 -33.260
v 2.175 49.777 -33.188
v 4.341 49.777 -32.975
v 6.489 49.777 -32.621
v 8.608 49.777 -32.126
v 10.691 49.777 -31.495
v 12.728 49.777 -30.728
v 14.710 49.777 -29.830
v 16.630 49.777 -28.804
v 18.478 49.777 -27.654
v 20.247 49.777 -26.387
v 21.930 49.777 -25.006
v 23.518 49.777 -23.518
v 25.006 49.777 -21.930
v 26.387 49.777 -20.247
v 27.654 49.777 -18.478
v 28.804 49.777 -16.630
v 29.830 49.777 -14.710
v 30.728 49.777 -12.728
v 31.495 49.777 -10.691
v 32.126 49.777 -8.608
v 32.621 49.777 -6.489
v 32.975 49.777 -4.341
v 33.188 49.777 -2.175
v 33.896 48.128 0.000
v 33.823 48.128 2.217
v 33.606 48.128 4.424
v 33.244 48.128 6.613
v 32.741 48.128 8.773
v 32.097 48.128 10.895
v 31.315 48.128 12.971
v 30.400 48.128 14.992
v 29.354 48.128 16.948
v 28.183 48.128 18.831
v 26.891 48.128 20.634
v 25.484 48.128 22.349
v 23.968 48.128 23.968
v 22.349 48.128 25.484
v 20.634 48.128 26.891
v 18.831 48.128 28.183
v 16.948 48.128 29.354
v 14.992 48.128 30.400
v 12.971 48.128 31.315
v 10.895 48.128 32.097
v 8.773 48.128 32.741
v 6.613 48.128 33.244
v 4.424 48.128 33.606
v 2.217 48.128 33.823
v 0.000 48.128 33.896
v -2.217 48.128 33.823
v -4.424 48.128 33.606
v -6.613 48.128 33.244
v -8.773 48.128 32.741
v -10.895 48.128 32.097
v -12.971 48.128 31.315
v -14.992 48.128 30.400
v -16.948 48.128 29.354
v -18.831 48.128 28.183
v -20.634 48.128 26.891
v -22.349 48.128 25.484
v -23.968 48.128 23.968
v -25.484 48.128 22.349
v -26.891 48.128 20.634
v -28.183 48.128 18.831
v -29.354 48.128 16.948
v -30.400 48.128 14.992
v -31.315 48.128 12.971
v -32.097 48.128 10.895
v -32.741 48.128 8.773
v -33.244 48.128 6.613
v -33.606 48.128 4.424
v -33.823 48.128 2.217
v -33.896 48.128 0.000
v -33.823 48.128 -2.217
v -33.606 48.128 -4.424
v -33.244 48.128 -6.613
v -32.741 48.128 -8.773
v -32.097 48.128 -10.895
v -31.315 48.128 -12.971
v -30.400 48.128 -14.992
v -29.354 48.128 -16.948
v -28.183 48.128 -18.831
v -26.891 48.128 -20.634
v -25.484 48.128 -22.349
v -23.968 48.128 -23.968
v -22.349 48.128 -25.484
v -20.634 48.128 -26.891
v -18.831 48.128 -28.183
v -16.948 48.128 -29.354
v -14.992 48.128 -30.400
v -12.971 48.128 -31.315
v -10.895 48.128 -32.097
v -8.773 48.128 -32.741
v -6.613 48.128 -33.244
v -4.424 48.128 -33.606
v -2.217 48.128 -33.823
v -0.000 48.128 -33.896
v 2.217 48.128 -33.823
v 4.424 48.128 -33.606
v 6.613 48.128 -33.244
v 8.773 48.128 -32.741
v 10.895 48.128 -32.097
v 12.971 48.128 -31.315
v 14.992 48.128 -30.400
v 16.948 48.128 -29.354
v 18.831 48.128 -28.183
v 20.634 48.128 -26.891
v 22.349 48.128 -25.484
v 23.968 48.128 -23.968
v 25.484 48.128 -22.349
v 26.891 48.128 -20.634
v 28.183 48.128 -18.831
v 29.354 48.128 -16.948
v 30.400 48.128 -14.992
v 31.315 48.128 -12.971
v 32.097 48.128 -10.895
v 32.741 48.128 -8.773
v 33.244 48.128 -6.613
v 33.606 48.128 -4.424
v 33.823 48.128 -2.217
v 34.450 46.450 0.000
v 34.376 46.450 2.253
v 34.155 46.450 4.497
v 33.788 46.450 6.721
v 33.276 46.450 8.916
v 32.622 46.450 11.074
v 31.828 46.450 13.183
v 30.897 46.450 15.237
v 29.834 46.450 17.225
v 28.644 46.450 19.139
v 27.331 46.450 20.972
v 25.901 46.450 22.714
v 24.360 46.450 24.360
v 22.714 46.450 25.901
v 20.972 46.450 27.331
v 19.139 46.450 28.644
v 17.225 46.450 29.834
v 15.237 46.450 30.897
v 13.183 46.450 31.828
v 11.074 46.450 32.622
v 8.916 46.450 33.276
v 6.721 46.450 33.788
v 4.497 46.450 34.155
v 2.253 46.450 34.376
v 0.000 46.450 34.450
v -2.253 46.450 34.376
v -4.497 46.450 34.155
v -6.721 46.450 33.788
v -8.916 46.450 33.276
v -11.074 46.450 32.622
v -13.183 46.450 31.828
v -15.237 46.450 30.897
v -17.225 46.450 29.834
v -19.139 46.450 28.644
v -20.972 46.450 27.331
v -22.714 46.450 25.901
v -24.360 46.450 24.360
v -25.901 46.450 22.714
v -27.331 46.450 20.972
v -28.644 46.450 19.139
v -29.834 46.450 17.225
v -30.897 46.450 15.237
v -31.828 46.450 13.183
v -32.622 46.450 11.074
v -33.276 46.450 8.916
v -33.788 46.450 6.721
v -34.155 46.450 4.497
v -34.376 46.450 2.253
v -34.450 46.450 0.000
v -34.376 46.450 -2.253
v -34.155 46.450 -4.497
v -33.788 46.450 -6.721
v -33.276 46.450 -8.916
v -32.622 46.450 -11.074
v -31.828 46.450 -13.183
v -30.897 46.450 -15.237
v -29.834 46.450 -17.225
v -28.644 46.450 -19.139
v -27.331 46.450 -20.972
v -25.901 46.450 -22.714
v -24.360 46.450 -24.360
v -22.714 46.450 -25.901
v -20.972 46.450 -27.331
v -19.139 46.450 -28.644
v -17.225 46.450 -29.834
v -15.237 46.450 -30.897
v -13.183 46.450 -31.828
v -11.074 46.450 -32.622
v -8.916 46.450 -33.276
v -6.721 46.450 -33.788
v -4.497 46.450 -34.155
v -2.253 46.450 -34.376
v -0.000 46.450 -34.450
v 2.253 46.450 -34.376
v 4.497 46.450 -34.155
v 6.721 46.450 -33.788
v 8.916 46.450 -33.276
v 11.074 46.450 -32.622
v 13.183 46.450 -31.828
v 15.237 46.450 -30.897
v 17.225 46.450 -29.834
v 19.139 46.450 -28.644
v 20.972 46.450 -27.331
v 22.714 46.450 -25.901
v 24.360 46.450 -24.360
v 25.901 46.450 -22.714
v 27.331 46.450 -20.972
v 28.644 46.450 -19.139
v 29.834 46.450 -17.225
v 30.897 46.450 -15.237
v 31.828 46.450 -13.183
v 32.622 46.450 -11.074
v 33.276 46.450 -8.916
v 33.788 46.450 -6.721
v 34.155 46.450 -4.497
v 34.376 46.450 -2.253
v 34.921 44.747 0.000
v 34.846 44.747 2.284
v 34.622 44.747 4.558
v 34.250 44.747 6.813
v 33.731 44.747 9.038
v 33.068 44.747 11.225
v 32.263 44.747 13.364
v 31.320 44.747 15.445
v 30.243 44.747 17.461
v 29.036 44.747 19.401
v 27.705 44.747 21.259
v 26.255 44.747 23.025
v 24.693 44.747 24.693
v 23.025 44.747 26.255
v 21.259 44.747 27.705
v 19.401 44.747 29.036
v 17.461 44.747 30.243
v 15.445 44.747 31.320
v 13.364 44.747 32.263
v 11.225 44.747 33.068
v 9.038 44.747 33.731
v 6.813 44.747 34.250
v 4.558 44.747 34.622
v 2.284 44.747 34.846
v 0.000 44.747 34.921
v -2.284 44.747 34.846
v -4.558 44.747 34.622
v -6.813 44.747 34.250
v -9.038 44.747 33.731
v -11.225 44.747 33.068
v -13.364 44.747 32.263
v -15.445 44.747 31.320
v -17.461 44.747 30.243
v -19.401 44.747 29.036
v -21.259 44.747 27.705
v -23.025 44.747 26.255
v -24.693 44.747 24.693
v -26.255 44.747 23.025
v -27.705 44.747 21.259
v -29.036 44.747 19.401
v -30.243 44.747 17.461
v -31.320 44.747 15.445
v -32.263 44.747 13.364
v -33.068 44.747 11.225
v -33.731 44.747 9.038
v -34.250 44.747 6.813
v -34.622 44.747 4.558
v -34.846 44.747 2.284
v -34.921 44.747 0.000
v -34.846 44.747 -2.284
v -34.622 44.747 -4.558
v -34.250 44.747 -6.813
v -33.731 44.747 -9.038
v -33.068 44.747 -11.225
v -32.263 44.747 -13.364
v -31.320 44.747 -15.445
v -30.243 44.747 -17.461
v -29.036 44.747 -19.401
v -27.705 44.747 -21.259
v -26.255 44.747 -23.025
v -24.693 44.747 -24.693
v -23.025 44.747 -26.255
v -21.259 44.747 -27.705
v -19.401 44.747 -29.036
v -17.461 44.747 -30.243
v -15.445 44.747 -31.320
v -13.364 44.747 -32.263
v -11.225 44.747 -33.068
v -9.038 44.747 -33.731
v -6.813 44.747 -34.250
v -4.558 44.747 -34.622
v -2.284 44.747 -34.846
v -0.000 44.747 -34.921
v 2.284 44.747 -34.846
v 4.558 44.747 -34.622
v 6.813 44.747 -34.250
v 9.038 44.747 -33.731
v 11.225 44.747 -33.068
v 13.364 44.747 -32.263
v 15.445 44.747 -31.320
v 17.461 44.747 -30.243
v 19.401 44.747 -29.036
v 21.259 44.747 -27.705
v 23.025 44.747 -26.255
v 24.693 44.747 -24.693
v 26.255 44.747 -23.025
v 27.705 44.747 -21.259
v 29.036 44.747 -19.401
v 30.243 44.747 -17.461
v 31.320 44.747 -15.445
v 32.263 44.747 -13.364
v 33.068 44.747 -11.225
v 33.731 44.747 -9.038
v 34.250 44.747 -6.813
v 34.622 44.747 -4.558
v 34.846 44.747 -2.284
v 35.308 43.023 0.000
v 35.233 43.023 2.309
v 35.006 43.023 4.609
v 34.630 43.023 6.888
v 34.105 43.023 9.138
v 33.434 43.023 11.349
v 32.621 43.023 13.512
v 31.667 43.023 15.616
v 30.578 43.023 17.654
v 29.358 43.023 19.616
v 28.012 43.023 21.494
v 26.546 43.023 23.280
v 24.967 43.023 24.967
v 23.280 43.023 26.546
v 21.494 43.023 28.012
v 19.616 43.023 29.358
v 17.654 43.023 30.578
v 15.616 43.023 31.667
v 13.512 43.023 32.621
v 11.349 43.023 33.434
v 9.138 43.023 34.105
v 6.888 43.023 34.630
v 4.609 43.023 35.006
v 2.309 43.023 35.233
v 0.000 43.023 35.308
v -2.309 43.023 35.233
v -4.609 43.023 35.006
v -6.888 43.023 34.630
v -9.138 43.023 34.105
v -11.349 43.023 33.434
v -13.512 43.023 32.621
v -15.616 43.023 31.667
v -17.654 43.023 30.578
v -19.616 43.023 29.358
v -21.494 43.023 28.012
v -23.280 43.023 26.546
v -24.967 43.023 24.967
v -26.546 43.023 23.280
v -28.012 43.023 21.494
v -29.358 43.023 19.616
v -30.578 43.023 17.654
v -31.667 43.023 15.616
v -32.621 43.023 13.512
v -33.434 43.023 11.349
v -34.105 43.023 9.138
v -34.630 43.023 6.888
v -35.006 43.023 4.609
v -35.233 43.023 2.309
v -35.308 43.023 0.000
v -35.233 43.023 -2.309
v -35.006 43.023 -4.609
v -34.630 43.023 -6.888
v -34.105 43.023 -9.138
v -33.434 43.023 -11.349
v -32.621 43.023 -13.512
v -31.667 43.023 -15.616
v -30.578 43.023 -17.654
v -29.358 43.023 -19.616
v -28.012 43.023 -21.494
v -26.546 43.023 -23.280
v -24.967 43.023 -24.967
v -23.280 43.023 -26.546
v -21.494 43.023 -28.012
v -19.616 43.023 -29.358
v -17.654 43.023 -30.578
v -15.616 43.023 -31.667
v -13.512 43.023 -32.621
v -11.349 43.023 -33.434
v -9.138 43.023 -34.105
v -6.888 43.023 -34.630
v -4.609 43.023 -35.006
v -2.309 43.023 -35.233
v -0.000 43.023 -35.308
v 2.309 43.023 -35.233
v 4.609 43.023 -35.006
v 6.888 43.023 -34.630
v 9.138 43.023 -34.105
v 11.349 43.023 -33.434
v 13.512 43.023 -32.621
v 15.616 43.023 -31.667
v 17.654 43.023 -30.578
v 19.616 43.023 -29.358
v 21.494 43.023 -28.012
v 23.280 43.023 -26.546
v 24.967 43.023 -24.967
v 26.546 43.023 -23.280
v 28.012 43.023 -21.494
v 29.358 43.023 -19.616
v 30.578 43.023 -17.654
v 31.667 43.023 -15.616
v 32.621 43.023 -13.512
v 33.434 43.023 -11.349
v 34.105 43.023 -9.138
v 34.630 43.023 -6.888
v 35.006 43.023 -4.609
v 35.233 43.023 -2.309
v 35.610 41.282 0.000
v 35.534 41.282 2.329
v 35.306 41.282 4.648
v 34.926 41.282 6.947
v 34.397 41.282 9.217
v 33.721 41.282 11.447
v 32.900 41.282 13.627
v 31.938 41.282 15.750
v 30.839 41.282 17.805
v 29.609 41.282 19.784
v 28.252 41.282 21.678
v 26.773 41.282 23.480
v 25.180 41.282 25.180
v 23.480 41.282 26.773
v 21.678 41.282 28.252
v 19.784 41.282 29.609
v 17.805 41.282 30.839
v 15.750 41.282 31.938
v 13.627 41.282 32.900
v 11.447 41.282 33.721
v 9.217 41.282 34.397
v 6.947 41.282 34.926
v 4.648 41.282 35.306
v 2.329 41.282 35.534
v 0.000 41.282 35.610
v -2.329 41.282 35.534
v -4.648 41.282 35.306
v -6.947 41.282 34.926
v -9.217 41.282 34.397
v -11.447 41.282 33.721
v -13.627 41.282 32.900
v -15.750 41.282 31.938
v -17.805 41.282 30.839
v -19.784 41.282 29.609
v -21.678 41.282 28.252
v -23.480 41.282 26.773
v -25.180 41.282 25.180
v -26.773 41.282 23.480
v -28.252 41.282 21.678
v -29.609 41.282 19.784
v -30.839 41.282 17.805
v -31.938 41.282 15.750
v -32.900 41.282 13.627
v -33.721 41.282 11.447
v -34.397 41.282 9.217
v -34.926 41.282 6.947
v -35.306 41.282 4.648
v -35.534 41.282 2.329
v -35.610 41.282 0.000
v -35.534 41.282 -2.329
v -35.306 41.282 -4.648
v -34.926 41.282 -6.947
v -34.397 41.282 -9.217
v -33.721 41.282 -11.447
v -32.900 41.282 -13.627
v -31.938 41.282 -15.750
v -30.839 41.282 -17.805
v -29.609 41.282 -19.784
v -28.252 41.282 -21.678
v -26.773 41.282 -23.480
v -25.180 41.282 -25.180
v -23.480 41.282 -26.773
v -21.678 41.282 -28.252
v -19.784 41.282 -29.609
v -17.805 41.282 -30.839
v -15.750 41.282 -31.938
v -13.627 41.282 -32.900
v -11.447 41.282 -33.721
v -9.217 41.282 -34.397
v -6.947 41.282 -34.926
v -4.648 41.282 -35.306
v -2.329 41.282 -35.534
v -0.000 41.282 -35.610
v 2.329 41.282 -35.534
v 4.648 41.282 -35.306
v 6.947 41.282 -34.926
v 9.217 41.282 -34.397
v 11.447 41.282 -33.721
v 13.627 41.282 -32.900
v 15.750 41.282 -31.938
v 17.805 41.282 -30.839
v 19.784 41.282 -29.609
v 21.678 41.282 -28.252
v 23.480 41.282 -26.773
v 25.180 41.282 -25.180
v 26.773 41.282 -23.480
v 28.252 41.282 -21.678
v 29.609 41.282 -19.784
v 30.839 41.282 -17.805
v 31.938 41.282 -15.750
v 32.900 41.282 -13.627
v 33.721 41.282 -11.447
v 34.397 41.282 -9.217
v 34.926 41.282 -6.947
v 35.306 41.282 -4.648
v 35.534 41.282 -2.329
v 35.827 39.529 0.000
v 35.750 39.529 2.343
v 35.520 39.529 4.676
v 35.138 39.529 6.989
v 34.606 39.529 9.273
v 33.925 39.529 11.516
v 33.100 39.529 13.710
v 32.132 39.529 15.846
v 31.027 39.529 17.913
v 29.789 39.529 19.904
v 28.423 39.529 21.810
v 26.936 39.529 23.622
v 25.333 39.529 25.333
v 23.622 39.529 26.936
v 21.810 39.529 28.423
v 19.904 39.529 29.789
v 17.913 39.529 31.027
v 15.846 39.529 32.132
v 13.710 39.529 33.100
v 11.516 39.529 33.925
v 9.273 39.529 34.606
v 6.989 39.529 35.138
v 4.676 39.529 35.520
v 2.343 39.529 35.750
v 0.000 39.529 35.827
v -2.343 39.529 35.750
v -4.676 39.529 35.520
v -6.989 39.529 35.138
v -9.273 39.529 34.606
v -11.516 39.529 33.925
v -13.710 39.529 33.100
v -15.846 39.529 32.132
v -17.913 39.529 31.027
v -19.904 39.529 29.789
v -21.810 39.529 28.423
v -23.622 39.529 26.936
v -25.333 39.529 25.333
v -26.936 39.529 23.622
v -28.423 39.529 21.810
v -29.789 39.529 19.904
v -31.027 39.529 17.913
v -32.132 39.529 15.846
v -33.100 39.529 13.710
v -33.925 39.529 11.516
v -34.606 39.529 9.273
v -35.138 39.529 6.989
v -35.520 39.529 4.676
v -35.750 39.529 2.343
v -35.827 39.529 0.000
v -35.750 39.529 -2.343
v -35.520 39.529 -4.676
v -35.138 39.529 -6.989
v -34.606 39.529 -9.273
v -33.925 39.529 -11.516
v -33.100 39.529 -13.710
v -32.132 39.529 -15.846
v -31.027 39.529 -17.913
v -29.789 39.529 -19.904
v -28.423 39.529 -21.810
v -26.936 39.529 -23.622
v -25.333 39.529 -25.333
v -23.622 39.529 -26.936
v -21.810 39.529 -28.423
v -19.904 39.529 -29.789
v -17.913 39.529 -31.027
v -15.846 39.529 -32.132
v -13.710 39.529 -33.100
v -11.516 39.529 -33.925
v -9.273 39.529 -34.606
v -6.989 39.529 -35.138
v -4.676 39.529 -35.520
v -2.343 39.529 -35.750
v -0.000 39.529 -35.827
v 2.343 39.529 -35.750
v 4.676 39.529 -35.520
v 6.989 39.529 -35.138
v 9.273 39.529 -34.606
v 11.516 39.529 -33.925
v 13.710 39.529 -33.100
v 15.846 39.529 -32.132
v 17.913 39.529 -31.027
v 19.904 39.529 -29.789
v 21.810 39.529 -28.423
v 23.622 39.529 -26.936
v 25.333 39.529 -25.333
v 26.936 39.529 -23.622
v 28.423 39.529 -21.810
v 29.789 39.529 -19.904
v 31.027 39.529 -17.913
v 32.132 39.529 -15.846
v 33.100 39.529 -13.710
v 33.925 39.529 -11.516
v 34.606 39.529 -9.273
v 35.138 39.529 -6.989
v 35.520 39.529 -4.676
v 35.750 39.529 -2.343
v 35.957 37.766 0.000
v 35.880 37.766 2.352
v 35.649 37.766 4.693
v 35.266 37.766 7.015
v 34.731 37.766 9.306
v 34.048 37.766 11.558
v 33.220 37.766 13.760
v 32.249 37.766 15.903
v 31.139 37.766 17.978
v 29.897 37.766 19.976
v 28.526 37.766 21.889
v 27.034 37.766 23.708
v 25.425 37.766 25.425
v 23.708 37.766 27.034
v 21.889 37.766 28.526
v 19.976 37.766 29.897
v 17.978 37.766 31.139
v 15.903 37.766 32.249
v 13.760 37.766 33.220
v 11.558 37.766 34.048
v 9.306 37.766 34.731
v 7.015 37.766 35.266
v 4.693 37.766 35.649
v 2.352 37.766 35.880
v 0.000 37.766 35.957
v -2.352 37.766 35.880
v -4.693 37.766 35.649
v -7.015 37.766 35.266
v -9.306 37.766 34.731
v -11.558 37.766 34.048
v -13.760 37.766 33.220
v -15.903 37.766 32.249
v -17.978 37.766 31.139
v -19.976 37.766 29.897
v -21.889 37.766 28.526
v -23.708 37.766 27.034
v -25.425 37.766 25.425
v -27.034 37.766 23.708
v -28.526 37.766 21.889
v -29.897 37.766 19.976
v -31.139 37.766 17.978
v -32.249 37.766 15.903
v -33.220 37.766 13.760
v -34.048 37.766 11.558
v -34.731 37.766 9.306
v -35.266 37.766 7.015
v -35.649 37.766 4.693
v -35.880 37.766 2.352
v -35.957 37.766 0.000
v -35.880 37.766 -2.352
v -35.649 37.766 -4.693
v -35.266 37.766 -7.015
v -34.731 37.766 -9.306
v -34.048 37.766 -11.558
v -33.220 37.766 -13.760
v -32.249 37.766 -15.903
v -31.139 37.766 -17.978
v -29.897 37.766 -19.976
v -28.526 37.766 -21.889
v -27.034 37.766 -23.708
v -25.425 37.766 -25.425
v -23.708 37.766 -27.034
v -21.889 37.766 -28.526
v -19.976 37.766 -29.897
v -17.978 37.766 -31.139
v -15.903 37.766 -32.249
v -13.760 37.766 -33.220
v -11.558 37.766 -34.048
v -9.306 37.766 -34.731
v -7.015 37.766 -35.266
v -4.693 37.766 -35.649
v -2.352 37.766 -35.880
v -0.000 37.766 -35.957
v 2.352 37.766 -35.880
v 4.693 37.766 -35.649
v 7.015 37.766 -35.266
v 9.306 37.766 -34.731
v 11.558 37.766 -34.048
v 13.760 37.766 -33.220
v 15.903 37.766 -32.249
v 17.978 37.766 -31.139
v 19.976 37.766 -29.897
v 21.889 37.766 -28.526
v 23.708 37.766 -27.034
v 25.425 37.766 -25.425
v 27.034 37.766 -23.708
v 28.526 37.766 -21.889
v 29.897 37.766 -19.976
v 31.139 37.766 -17.978
v 32.249 37.766 -15.903
v 33.220 37.766 -13.760
v 34.048 37.766 -11.558
v 34.731 37.766 -9.306
v 35.266 37.766 -7.015
v 35.649 37.766 -4.693
v 35.880 37.766 -2.352
v 36.000 36.000 0.000
v 35.923 36.000 2.355
v 35.692 36.000 4.699
v 35.308 36.000 7.023
v 34.773 36.000 9.317
v 34.089 36.000 11.572
v 33.260 36.000 13.777
v 32.287 36.000 15.922
v 31.177 36.000 18.000
v 29.933 36.000 20.001
v 28.561 36.000 21.915
v 27.066 36.000 23.736
v 25.456 36.000 25.456
v 23.736 36.000 27.066
v 21.915 36.000 28.561
v 20.001 36.000 29.933
v 18.000 36.000 31.177
v 15.922 36.000 32.287
v 13.777 36.000 33.260
v 11.572 36.000 34.089
v 9.317 36.000 34.773
v 7.023 36.000 35.308
v 4.699 36.000 35.692
v 2.355 36.000 35.923
v 0.000 36.000 36.000
v -2.355 36.000 35.923
v -4.699 36.000 35.692
v -7.023 36.000 35.308
v -9.317 36.000 34.773
v -11.572 36.000 34.089
v -13.777 36.000 33.260
v -15.922 36.000 32.287
v -18.000 36.000 31.177
v -20.001 36.000 29.933
v -21.915 36.000 28.561
v -23.736 36.000 27.066
v -25.456 36.000 25.456
v -27.066 36.000 23.736
v -28.561 36.000 21.915
v -29.933 36.000 20.001
v -31.177 36.000 18.000
v -32.287 36.000 15.922
v -33.260 36.000 13.777
v -34.089 36.000 11.572
v -34.773 36.000 9.317
v -35.308 36.000 7.023
v -35.692 36.000 4.699
v -35.923 36.000 2.355
v -36.000 36.000 0.000
v -35.923 36.000 -2.355
v -35.692 36.000 -4.699
v -35.308 36.000 -7.023
v -34.773 36.000 -9.317
v -34.089 36.000 -11.572
v -33.260 36.000 -13.777
v -32.287 36.000 -15.922
v -31.177 36.000 -18.000
v -29.933 36.000 -20.001
v -28.561 36.000 -21.915
v -27.066 36.000 -23.736
v -25.456 36.000 -25.456
v -23.736 36.000 -27.066
v -21.915 36.000 -28.561
v -20.001 36.000 -29.933
v -18.000 36.000 -31.177
v -15.922 36.000 -32.287
v -13.777 36.000 -33.260
v -11.572 36.000 -34.089
v -9.317 36.000 -34.773
v -7.023 36.000 -35.308
v -4.699 36.000 -35.692
v -2.355 36.000 -35.923
v -0.000 36.000 -36.000
v 2.355 36.000 -35.923
v 4.699 36.000 -35.692
v 7.023 36.000 -35.308
v 9.317 36.000 -34.773
v 11.572 36.000 -34.089
v 13.777 36.000 -33.260
v 15.922 36.000 -32.287
v 18.000 36.000 -31.177
v 20.001 36.000 -29.933
v 21.915 36.000 -28.561
v 23.736 36.000 -27.066
v 25.456 36.000 -25.456
v 27.066 36.000 -23.736
v 28.561 36.000 -21.915
v 29.933 36.000 -20.001
v 31.177 36.000 -18.000
v 32.287 36.000 -15.922
v 33.260 36.000 -13.777
v 34.089 36.000 -11.572
v 34.773 36.000 -9.317
v 35.308 36.000 -7.023
v 35.692 36.000 -4.699
v 35.923 36.000 -2.355
v 35.957 34.234 0.000
v 35.880 34.234 2.352
v 35.649 34.234 4.693
v 35.266 34.234 7.015
v 34.731 34.234 9.306
v 34.048 34.234 11.558
v 33.220 34.234 13.760
v 32.249 34.234 15.903
v 31.139 34.234 17.978
v 29.897 34.234 19.976
v 28.526 34.234 21.889
v 27.034 34.234 23.708
v 25.425 34.234 25.425
v 23.708 34.234 27.034
v 21.889 34.234 28.526
v 19.976 34.234 29.897
v 17.978 34.234 31.139
v 15.903 34.234 32.249
v 13.760 34.234 33.220
v 11.558 34.234 34.048
v 9.306 34.234 34.731
v 7.015 34.234 35.266
v 4.693 34.234 35.649
v 2.352 34.234 35.880
v 0.000 34.234 35.957
v -2.352 34.234 35.880
v -4.693 34.234 35.649
v -7.015 34.234 35.266
v -9.306 34.234 34.731
v -11.558 34.234 34.048
v -13.760 34.234 33.220
v -15.903 34.234 32.249
v -17.978 34.234 31.139
v -19.976 34.234 29.897
v -21.889 34.234 28.526
v -23.708 34.234 27.034
v -25.425 34.234 25.425
v -27.034 34.234 23.708
v -28.526 34.234 21.889
v -29.897 34.234 19.976
v -31.139 34.234 17.978
v -32.249 34.234 15.903
v -33.220 34.234 13.760
v -34.048 34.234 11.558
v -34.731 34.234 9.306
v -35.266 34.234 7.015
v -35.649 34.234 4.693
v -35.880 34.234 2.352
v -35.957 34.234 0.000
v -35.880 34.234 -2.352
v -35.649 34.234 -4.693
v -35.266 34.234 -7.015
v -34.731 34.234 -9.306
v -34.048 34.234 -11.558
v -33.220 34.234 -13.760
v -32.249 34.234 -15.903
v -31.139 34.234 -17.978
v -29.897 34.234 -19.976
v -28.526 34.234 -21.889
v -27.034 34.234 -23.708
v -25.425 34.234 -25.425
v -23.708 34.234 -27.034
v -21.889 34.234 -28.526
v -19.976 34.234 -29.897
v -17.978 34.234 -31.139
v -15.903 34.234 -32.249
v -13.760 34.234 -33.220
v -11.558 34.234 -34.048
v -9.306 34.234 -34.731
v -7.015 34.234 -35.266
v -4.693 34.234 -35.649
v -2.352 34.234 -35.880
v -0.000 34.234 -35.957
v 2.352 34.234 -35.880
v 4.693 34.234 -35.649
v 7.015 34.234 -35.266
v 9.306 34.234 -34.731
v 11.558 34.234 -34.048
v 13.760 34.234 -33.220
v 15.903 34.234 -32.249
v 17.978 34.234 -31.139
v 19.976 34.234 -29.897
v 21.889 34.234 -28.526
v 23.708 34.234 -27.034
v 25.425 34.234 -25.425
v 27.034 34.234 -23.708
v 28.526 34.234 -21.889
v 29.897 34.234 -19.976
v 31.139 34.234 -17.978
v 32.249 34.234 -15.903
v 33.220 34.234 -13.760
v 34.048 34.234 -11.558
v 34.731 34.234 -9.306
v 35.266 34.234 -7.015
v 35.649 34.234 -4.693
v 35.880 34.234 -2.352
v 35.827 32.471 0.000
v 35.750 32.471 2.343
v 35.520 32.471 4.676
v 35.138 32.471 6.989
v 34.606 32.471 9.273
v 33.925 32.471 11.516
v 33.100 32.471 13.710
v 32.132 32.471 15.846
v 31.027 32.471 17.913
v 29.789 32.471 19.904
v 28.423 32.471 21.810
v 26.936 32.471 23.622
v 25.333 32.471 25.333
v 23.622 32.471 26.936
v 21.810 32.471 28.423
v 19.904 32.471 29.789
v 17.913 32.471 31.027
v 15.846 32.471 32.132
v 13.710 32.471 33.100
v 11.516 32.471 33.925
v 9.273 32.471 34.606
v 6.989 32.471 35.138
v 4.676 32.471 35.520
v 2.343 32.471 35.750
v 0.000 32.471 35.827
v -2.343 32.471 35.750
v -4.676 32.471 35.520
v -6.989 32.471 35.138
v -9.273 32.471 34.606
v -11.516 32.471 33.925
v -13.710 32.471 33.100
v -15.846 32.471 32.132
v -17.913 32.471 31.027
v -19.904 32.471 29.789
v -21.810 32.471 28.423
v -23.622 32.471 26.936
v -25.333 32.471 25.333
v -26.936 32.471 23.622
v -28.423 32.471 21.810
v -29.789 32.471 19.904
v -31.027 32.471 17.913
v -32.132 32.471 15.846
v -33.100 32.471 13.710
v -33.925 32.471 11.516
v -34.606 32.471 9.273
v -35.138 32.471 6.989
v -35.520 32.471 4.676
v -35.750 32.471 2.343
v -35.827 32.471 0.000
v -35.750 32.471 -2.343
v -35.520 32.471 -4.676
v -35.138 32.471 -6.989
v -34.606 32.471 -9.273
v -33.925 32.471 -11.516
v -33.100 32.471 -13.710
v -32.132 32.471 -15.846
v -31.027 32.471 -17.913
v -29.789 32.471 -19.904
v -28.423 32.471 -21.810
v -26.936 32.471 -23.622
v -25.333 32.471 -25.333
v -23.622 32.471 -26.936
v -21.810 32.471 -28.423
v -19.904 32.471 -29.789
v -17.913 32.471 -31.027
v -15.846 32.471 -32.132
v -13.710 32.471 -33.100
v -11.516 32.471 -33.925
v -9.273 32.471 -34.606
v -6.989 32.471 -35.138
v -4.676 32.471 -35.520
v -2.343 32.471 -35.750
v -0.000 32.471 -35.827
v 2.343 32.471 -35.750
v 4.676 32.471 -35.520
v 6.989 32.471 -35.138
v 9.273 32.471 -34.606
v 11.516 32.471 -33.925
v 13.710 32.471 -33.100
v 15.846 32.471 -32.132
v 17.913 32.471 -31.027
v 19.904 32.471 -29.789
v 21.810 32.471 -28.423
v 23.622 32.471 -26.936
v 25.333 32.471 -25.333
v 26.936 32.471 -23.622
v 28.423 32.471 -21.810
v 29.789 32.471 -19.904
v 31.027 32.471 -17.913
v 32.132 32.471 -15.846
v 33.100 32.471 -13.710
v 33.925 32.471 -11.516
v 34.606 32.471 -9.273
v 35.138 32.471 -6.989
v 35.520 32.471 -4.676
v 35.750 32.471 -2.343
v 35.610 30.718 0.000
v 35.534 30.718 2.329
v 35.306 30.718 4.648
v 34.926 30.718 6.947
v 34.397 30.718 9.217
v 33.721 30.718 11.447
v 32.900 30.718 13.627
v 31.938 30.718 15.750
v 30.839 30.718 17.805
v 29.609 30.718 19.784
v 28.252 30.718 21.678
v 26.773 30.718 23.480
v 25.180 30.718 25.180
v 23.480 30.718 26.773
v 21.678 30.718 28.252
v 19.784 30.718 29.609
v 17.805 30.718 30.839
v 15.750 30.718 31.938
v 13.627 30.718 32.900
v 11.447 30.718 33.721
v 9.217 30.718 34.397
v 6.947 30.718 34.926
v 4.648 30.718 35.306
v 2.329 30.718 35.534
v 0.000 30.718 35.610
v -2.329 30.718 35.534
v -4.648 30.718 35.306
v -6.947 30.718 34.926
v -9.217 30.718 34.397
v -11.447 30.718 33.721
v -13.627 30.718 32.900
v -15.750 30.718 31.938
v -17.805 30.718 30.839
v -19.784 30.718 29.609
v -21.678 30.718 28.252
v -23.480 30.718 26.773
v -25.180 30.718 25.180
v -26.773 30.718 23.480
v -28.252 30.718 21.678
v -29.609 30.718 19.784
v -30.839 30.718 17.805
v -31.938 30.718 15.750
v -32.900 30.718 13.627
v -33.721 30.718 11.447
v -34.397 30.718 9.217
v -34.926 30.718 6.947
v -35.306 30.718 4.648
v -35.534 30.718 2.329
v -35.610 30.718 0.000
v -35.534 30.718 -2.329
v -35.306 30.718 -4.648
v -34.926 30.718 -6.947
v -34.397 30.718 -9.217
v -33.721 30.718 -11.447
v -32.900 30.718 -13.627
v -31.938 30.718 -15.750
v -30.839 30.718 -17.805
v -29.609 30.718 -19.784
v -28.252 30.718 -21.678
v -26.773 30.718 -23.480
v -25.180 30.718 -25.180
v -23.480 30.718 -26.773
v -21.678 30.718 -28.252
v -19.784 30.718 -29.609
v -17.805 30.718 -30.839
v -15.750 30.718 -31.938
v -13.627 30.718 -32.900
v -11.447 30.718 -33.721
v -9.217 30.718 -34.397
v -6.947 30.718 -34.926
v -4.648 30.718 -35.306
v -2.329 30.718 -35.534
v -0.000 30.718 -35.610
v 2.329 30.718 -35.534
v 4.648 30.718 -35.306
v 6.947 30.718 -34.926
v 9.217 30.718 -34.397
v 11.447 30.718 -33.721
v 13.627 30.718 -32.900
v 15.750 30.718 -31.938
v 17.805 30.718 -30.839
v 19.784 30.718 -29.609
v 21.678 30.718 -28.252
v 23.480 30.718 -26.773
v 25.180 30.718 -25.180
v 26.773 30.718 -23.480
v 28.252 30.718 -21.678
v 29.609 30.718 -19.784
v 30.839 30.718 -17.805
v 31.938 30.718 -15.750
v 32.900 30.718 -13.627
v 33.721 30.718 -11.447
v 34.397 30.718 -9.217
v 34.926 30.718 -6.947
v 35.306 30.718 -4.648
v 35.534 30.718 -2.329
v 35.308 28.977 0.000
v 35.233 28.977 2.309
v 35.006 28.977 4.609
v 34.630 28.977 6.888
v 34.105 28.977 9.138
v 33.434 28.977 11.349
v 32.621 28.977 13.512
v 31.667 28.977 15.616
v 30.578 28.977 17.654
v 29.358 28.977 19.616
v 28.012 28.977 21.494
v 26.546 28.977 23.280
v 24.967 28.977 24.967
v 23.280 28.977 26.546
v 21.494 28.977 28.012
v 19.616 28.977 29.358
v 17.654 28.977 30.578
v 15.616 28.977 31.667
v 13.512 28.977 32.621
v 11.349 28.977 33.434
v 9.138 28.977 34.105
v 6.888 28.977 34.630
v 4.609 28.977 35.006
v 2.309 28.977 35.233
v 0.000 28.977 35.308
v -2.309 28.977 35.233
v -4.609 28.977 35.006
v -6.888 28.977 34.630
v -9.138 28.977 34.105
v -11.349 28.977 33.434
v -13.512 28.977 32.621
v -15.616 28.977 31.667
v -17.654 28.977 30.578
v -19.616 28.977 29.358
v -21.494 28.977 28.012
v -23.280 28.977 26.546
v -24.967 28.977 24.967
v -26.546 28.977 23.280
v -28.012 28.977 21.494
v -29.358 28.977 19.616
v -30.578 28.977 17.654
v -31.667 28.977 15.616
v -32.621 28.977 13.512
v -33.434 28.977 11.349
v -34.105 28.977 9.138
v -34.630 28.977 6.888
v -35.006 28.977 4.609
v -35.233 28.977 2.309
v -35.308 28.977 0.000
v -35.233 28.977 -2.309
v -35.006 28.977 -4.609
v -34.630 28.977 -6.888
v -34.105 28.977 -9.138
v -33.434 28.977 -11.349
v -32.621 28.977 -13.512
v -31.667 28.977 -15.616
v -30.578 28.977 -17.654
v -29.358 28.977 -19.616
v -28.012 28.977 -21.494
v -26.546 28.977 -23.280
v -24.967 28.977 -24.967
v -23.280 28.977 -26.546
v -21.494 28.977 -28.012
v -19.616 28.977 -29.358
v -17.654 28.977 -30.578
v -15.616 28.977 -31.667
v -13.512 28.977 -32.621
v -11.349 28.977 -33.434
v -9.138 28.977 -34.105
v -6.888 28.977 -34.630
v -4.609 28.977 -35.006
v -2.309 28.977 -35.233
v -0.000 28.977 -35.308
v 2.309 28.977 -35.233
v 4.609 28.977 -35.006
v 6.888 28.977 -34.630
v 9.138 28.977 -34.105
v 11.349 28.977 -33.434
v 13.512 28.977 -32.621
v 15.616 28.977 -31.667
v 17.654 28.977 -30.578
v 19.616 28.977 -29.358
v 21.494 28.977 -28.012
v 23.280 28.977 -26.546
v 24.967 28.977 -24.967
v 26.546 28.977 -23.280
v 28.012 28.977 -21.494
v 29.358 28.977 -19.616
v 30.578 28.977 -17.654
v 31.667 28.977 -15.616
v 32.621 28.977 -13.512
v 33.434 28.977 -11.349
v 34.105 28.977 -9.138
v 34.630 28.977 -6.888
v 35.006 28.977 -4.609
v 35.233 28.977 -2.309
v 34.921 27.253 0.000
v 34.846 27.253 2.284
v 34.622 27.253 4.558
v 34.250 27.253 6.813
v 33.731 27.253 9.038
v 33.068 27.253 11.225
v 32.263 27.253 13.364
v 31.320 27.253 15.445
v 30.243 27.253 17.461
v 29.036 27.253 19.401
v 27.705 27.253 21.259
v 26.255 27.253 23.025
v 24.693 27.253 24.693
v 23.025 27.253 26.255
v 21.259 27.253 27.705
v 19.401 27.253 29.036
v 17.461 27.253 30.243
v 15.445 27.253 31.320
v 13.364 27.253 32.263
v 11.225 27.253 33.068
v 9.038 27.253 33.731
v 6.813 27.253 34.250
v 4.558 27.253 34.622
v 2.284 27.253 34.846
v 0.000 27.253 34.921
v -2.284 27.253 34.846
v -4.558 27.253 34.622
v -6.813 27.253 34.250
v -9.038 27.253 33.731
v -11.225 27.253 33.068
v -13.364 27.253 32.263
v -15.445 27.253 31.320
v -17.461 27.253 30.243
v -19.401 27.253 29.036
v -21.259 27.253 27.705
v -23.025 27.253 26.255
v -24.693 27.253 24.693
v -26.255 27.253 23.025
v -27.705 27.253 21.259
v -29.036 27.253 19.401
v -30.243 27.253 17.461
v -31.320 27.253 15.445
v -32.263 27.253 13.364
v -33.068 27.253 11.225
v -33.731 27.253 9.038
v -34.250 27.253 6.813
v -34.622 27.253 4.558
v -34.846 27.253 2.284
v -34.921 27.253 0.000
v -34.846 27.253 -2.284
v -34.622 27.253 -4.558
v -34.250 27.253 -6.813
v -33.731 27.253 -9.038
v -33.068 27.253 -11.225
v -32.263 27.253 -13.364
v -31.320 27.253 -15.445
v -30.243 27.253 -17.461
v -29.036 27.253 -19.401
v -27.705 27.253 -21.259
v -26.255 27.253 -23.025
v -24.693 27.253 -24.693
v -23.025 27.253 -26.255
v -21.259 27.253 -27.705
v -19.401 27.253 -29.036
v -17.461 27.253 -30.243
v -15.445 27.253 -31.320
v -13.364 27.253 -32.263
v -11.225 27.253 -33.068
v -9.038 27.253 -33.731
v -6.813 27.253 -34.250
v -4.558 27.253 -34.622
v -2.284 27.253 -34.846
v -0.000 27.253 -34.921
v 2.284 27.253 -34.846
v 4.558 27.253 -34.622
v 6.813 27.253 -34.250
v 9.038 27.253 -33.731
v 11.225 27.253 -33.068
v 13.364 27.253 -32.263
v 15.445 27.253 -31.320
v 17.461 27.253 -30.243
v 19.401 27.253 -29.036
v 21.259 27.253 -27.705
v 23.025 27.253 -26.255
v 24.693 27.253 -24.693
v 26.255 27.253 -23.025
v 27.705 27.253 -21.259
v 29.036 27.253 -19.401
v 30.243 27.253 -17.461
v 31.320 27.253 -15.445
v 32.263 27.253 -13.364
v 33.068 27.253 -11.225
v 33.731 27.253 -9.038
v 34.250 27.253 -6.813
v 34.622 27.253 -4.558
v 34.846 27.253 -2.284
v 34.450 25.550 0.000
v 34.376 25.550 2.253
v 34.155 25.550 4.497
v 33.788 25.550 6.721
v 33.276 25.550 8.916
v 32.622 25.550 11.074
v 31.828 25.550 13.183
v 30.897 25.550 15.237
v 29.834 25.550 17.225
v 28.644 25.550 19.139
v 27.331 25.550 20.972
v 25.901 25.550 22.714
v 24.360 25.550 24.360
v 22.714 25.550 25.901
v 20.972 25.550 27.331
v 19.139 25.550 28.644
v 17.225 25.550 29.834
v 15.237 25.550 30.897
v 13.183 25.550 31.828
v 11.074 25.550 32.622
v 8.916 25.550 33.276
v 6.721 25.550 33.788
v 4.497 25.550 34.155
v 2.253 25.550 34.376
v 0.000 25.550 34.450
v -2.253 25.550 34.376
v -4.497 25.550 34.155
v -6.721 25.550 33.788
v -8.916 25.550 33.276
v -11.074 25.550 32.622
v -13.183 25.550 31.828
v -15.237 25.550 30.897
v -17.225 25.550 29.834
v -19.139 25.550 28.644
v -20.972 25.550 27.331
v -22.714 25.550 25.901
v -24.360 25.550 24.360
v -25.901 25.550 22.714
v -27.331 25.550 20.972
v -28.644 25.550 19.139
v -29.834 25.550 17.225
v -30.897 25.550 15.237
v -31.828 25.550 13.183
v -32.622 25.550 11.074
v -33.276 25.550 8.916
v -33.788 25.550 6.721
v -34.155 25.550 4.497
v -34.376 25.550 2.253
v -34.450 25.550 0.000
v -34.376 25.550 -2.253
v -34.155 25.550 -4.497
v -33.788 25.550 -6.721
v -33.276 25.550 -8.916
v -32.622 25.550 -11.074
v -31.828 25.550 -13.183
v -30.897 25.550 -15.237
v -29.834 25.550 -17.225
v -28.644 25.550 -19.139
v -27.331 25.550 -20.972
v -25.901 25.550 -22.714
v -24.360 25.550 -24.360
v -22.714 25.550 -25.901
v -20.972 25.550 -27.331
v -19.139 25.550 -28.644
v -17.225 25.550 -29.834
v -15.237 25.550 -30.897
v -13.183 25.550 -31.828
v -11.074 25.550 -32.622
v -8.916 25.550 -33.276
v -6.721 25.550 -33.788
v -4.497 25.550 -34.155
v -2.253 25.550 -34.376
v -0.000 25.550 -34.450
v 2.253 25.550 -34.376
v 4.497 25.550 -34.155
v 6.721 25.550 -33.788
v 8.916 25.550 -33.276
v 11.074 25.550 -32.622
v 13.183 25.550 -31.828
v 15.237 25.550 -30.897
v 17.225 25.550 -29.834
v 19.139 25.550 -28.644
v 20.972 25.550 -27.331
v 22.714 25.550 -25.901
v 24.360 25.550 -24.360
v 25.901 25.550 -22.714
v 27.331 25.550 -20.972
v 28.644 25.550 -19.139
v 29.834 25.550 -17.225
v 30.897 25.550 -15.237
v 31.828 25.550 -13.183
v 32.622 25.550 -11.074
v 33.276 25.550 -8.916
v 33.788 25.550 -6.721
v 34.155 25.550 -4.497
v 34.376 25.550 -2.253
v 33.896 23.872 0.000
v 33.823 23.872 2.217
v 33.606 23.872 4.424
v 33.244 23.872 6.613
v 32.741 23.872 8.773
v 32.097 23.872 10.895
v 31.315 23.872 12.971
v 30.400 23.872 14.992
v 29.354 23.872 16.948
v 28.183 23.872 18.831
v 26.891 23.872 20.634
v 25.484 23.872 22.349
v 23.968 23.872 23.968
v 22.349 23.872 25.484
v 20.634 23.872 26.891
v 18.831 23.872 28.183
v 16.948 23.872 29.354
v 14.992 23.872 30.400
v 12.971 23.872 31.315
v 10.895 23.872 32.097
v 8.773 23.872 32.741
v 6.613 23.872 33.244
v 4.424 23.872 33.606
v 2.217 23.872 33.823
v 0.000 23.872 33.896
v -2.217 23.872 33.823
v -4.424 23.872 33.606
v -6.613 23.872 33.244
v -8.773 23.872 32.741
v -10.895 23.872 32.097
v -12.971 23.872 31.315
v -14.992 23.872 30.400
v -16.948 23.872 29.354
v -18.831 23.872 28.183
v -20.634 23.872 26.891
v -22.349 23.872 25.484
v -23.968 23.872 23.968
v -25.484 23.872 22.349
v -26.891 23.872 20.634
v -28.183 23.872 18.831
v -29.354 23.872 16.948
v -30.400 23.872 14.992
v -31.315 23.872 12.971
v -32.097 23.872 10.895
v -32.741 23.872 8.773
v -33.244 23.872 6.613
v -33.606 23.872 4.424
v -33.823 23.872 2.217
v -33.896 23.872 0.000
v -33.823 23.872 -2.217
v -33.606 23.872 -4.424
v -33.244 23.872 -6.613
v -32.741 23.872 -8.773
v -32.097 23.872 -10.895
v -31.315 23.872 -12.971
v -30.400 23.872 -14.992
v -29.354 23.872 -16.948
v -28.183 23.872 -18.831
v -26.891 23.872 -20.634
v -25.484 23.872 -22.349
v -23.968 23.872 -23.968
v -22.349 23.872 -25.484
v -20.634 23.872 -26.891
v -18.831 23.872 -28.183
v -16.948 23.872 -29.354
v -14.992 23.872 -30.400
v -12.971 23.872 -31.315
v -10.895 23.872 -32.097
v -8.773 23.872 -32.741
v -6.613 23.872 -33.244
v -4.424 23.872 -33.606
v -2.217 23.872 -33.823
v -0.000 23.872 -33.896
v 2.217 23.872 -33.823
v 4.424 23.872 -33.606
v 6.613 23.872 -33.244
v 8.773 23.872 -32.741
v 10.895 23.872 -32.097
v 12.971 23.872 -31.315
v 14.992 23.872 -30.400
v 16.948 23.872 -29.354
v 18.831 23.872 -28.183
v 20.634 23.872 -26.891
v 22.349 23.872 -25.484
v 23.968 23.872 -23.968
v 25.484 23.872 -22.349
v 26.891 23.872 -20.634
v 28.183 23.872 -18.831
v 29.354 23.872 -16.948
v 30.400 23.872 -14.992
v 31.315 23.872 -12.971
v 32.097 23.872 -10.895
v 32.741 23.872 -8.773
v 33.244 23.872 -6.613
v 33.606 23.872 -4.424
v 33.823 23.872 -2.217
v 33.260 22.223 0.000
v 33.188 22.223 2.175
v 32.975 22.223 4.341
v 32.621 22.223 6.489
v 32.126 22.223 8.608
v 31.495 22.223 10.691
v 30.728 22.223 12.728
v 29.830 22.223 14.710
v 28.804 22.223 16.630
v 27.654 22.223 18.478
v 26.387 22.223 20.247
v 25.006 22.223 21.930
v 23.518 22.223 23.518
v 21.930 22.223 25.006
v 20.247 22.223 26.387
v 18.478 22.223 27.654
v 16.630 22.223 28.804
v 14.710 22.223 29.830
v 12.728 22.223 30.728
v 10.691 22.223 31.495
v 8.608 22.223 32.126
v 6.489 22.223 32.621
v 4.341 22.223 32.975
v 2.175 22.223 33.188
v 0.000 22.223 33.260
v -2.175 22.223 33.188
v -4.341 22.223 32.975
v -6.489 22.223 32.621
v -8.608 22.223 32.126
v -10.691 22.223 31.495
v -12.728 22.223 30.728
v -14.710 22.223 29.830
v -16.630 22.223 28.804
v -18.478 22.223 27.654
v -20.247 22.223 26.387
v -21.930 22.223 25.006
v -23.518 22.223 23.518
v -25.006 22.223 21.930
v -26.387 22.223 20.247
v -27.654 22.223 18.478
v -28.804 22.223 16.630
v -29.830 22.223 14.710
v -30.728 22.223 12.728
v -31.495 22.223 10.691
v -32.126 22.223 8.608
v -32.621 22.223 6.489
v -32.975 22.223 4.341
v -33.188 22.223 2.175
v -33.260 22.223 0.000
v -33.188 22.223 -2.175
v -32.975 22.223 -4.341
v -32.621 22.223 -6.489
v -32.126 22.223 -8.608
v -31.495 22.223 -10.691
v -30.728 22.223 -12.728
v -29.830 22.223 -14.710
v -28.804 22.223 -16.630
v -27.654 22.223 -18.478
v -26.387 22.223 -20.247
v -25.006 22.223 -21.930
v -23.518 22.223 -23.518
v -21.930 22.223 -25.006
v -20.247 22.223 -26.387
v -18.478 22.223 -27.654
v -16.630 22.223 -28.804
v -14.710 22.223 -29.830
v -12.728 22.223 -30.728
v -10.691 22.223 -31.495
v -8.608 22.223 -32.126
v -6.489 22.223 -32.621
v -4.341 22.223 -32.975
v -2.175 22.223 -33.188
v -0.000 22.223 -33.260
v 2.175 22.223 -33.188
v 4.341 22.223 -32.975
v 6.489 22.223 -32.621
v 8.608 22.223 -32.126
v 10.691 22.223 -31.495
v 12.728 22.223 -30.728
v 14.710 22.223 -29.830
v 16.630 22.223 -28.804
v 18.478 22.223 -27.654
v 20.247 22.223 -26.387
v 21.930 22.223 -25.006
v 23.518 22.223 -23.518
v 25.006 22.223 -21.930
v 26.387 22.223 -20.247
v 27.654 22.223 -18.478
v 28.804 22.223 -16.630
v 29.830 22.223 -14.710
v 30.728 22.223 -12.728
v 31.495 22.223 -10.691
v 32.126 22.223 -8.608
v 32.621 22.223 -6.489
v 32.975 22.223 -4.341
v 33.188 22.223 -2.175
v 32.544 20.608 0.000
v 32.474 20.608 2.128
v 32.265 20.608 4.248
v 31.918 20.608 6.349
v 31.435 20.608 8.423
v 30.817 20.608 10.461
v 30.066 20.608 12.454
v 29.187 20.608 14.394
v 28.184 20.608 16.272
v 27.059 20.608 18.080
v 25.819 20.608 19.811
v 24.468 20.608 21.457
v 23.012 20.608 23.012
v 21.457 20.608 24.468
v 19.811 20.608 25.819
v 18.080 20.608 27.059
v 16.272 20.608 28.184
v 14.394 20.608 29.187
v 12.454 20.608 30.066
v 10.461 20.608 30.817
v 8.423 20.608 31.435
v 6.349 20.608 31.918
v 4.248 20.608 32.265
v 2.128 20.608 32.474
v 0.000 20.608 32.544
v -2.128 20.608 32.474
v -4.248 20.608 32.265
v -6.349 20.608 31.918
v -8.423 20.608 31.435
v -10.461 20.608 30.817
v -12.454 20.608 30.066
v -14.394 20.608 29.187
v -16.272 20.608 28.184
v -18.080 20.608 27.059
v -19.811 20.608 25.819
v -21.457 20.608 24.468
v -23.012 20.608 23.012
v -24.468 20.608 21.457
v -25.819 20.608 19.811
v -27.059 20.608 18.080
v -28.184 20.608 16.272
v -29.187 20.608 14.394
v -30.066 20.608 12.454
v -30.817 20.608 10.461
v -31.435 20.608 8.423
v -31.918 20.608 6.349
v -32.265 20.608 4.248
v -32.474 20.608 2.128
v -32.544 20.608 0.000
v -32.474 20.608 -2.128
v -32.265 20.608 -4.248
v -31.918 20.608 -6.349
v -31.435 20.608 -8.423
v -30.817 20.608 -10.461
v -30.066 20.608 -12.454
v -29.187 20.608 -14.394
v -28.184 20.608 -16.272
v -27.059 20.608 -18.080
v -25.819 20.608 -19.811
v -24.468 20.608 -21.457
v -23.012 20.608 -23.012
v -21.457 20.608 -24.468
v -19.811 20.608 -25.819
v -18.080 20.608 -27.059
v -16.272 20.608 -28.184
v -14.394 20.608 -29.187
v -12.454 20.608 -30.066
v -10.461 20.608 -30.817
v -8.423 20.608 -31.435
v -6.349 20.608 -31.918
v -4.248 20.608 -32.265
v -2.128 20.608 -32.474
v -0.000 20.608 -32.544
v 2.128 20.608 -32.474
v 4.248 20.608 -32.265
v 6.349 20.608 -31.918
v 8.423 20.608 -31.435
v 10.461 20.608 -30.817
v 12.454 20.608 -30.066
v 14.394 20.608 -29.187
v 16.272 20.608 -28.184
v 18.080 20.608 -27.059
v 19.811 20.608 -25.819
v 21.457 20.608 -24.468
v 23.012 20.608 -23.012
v 24.468 20.608 -21.457
v 25.819 20.608 -19.811
v 27.059 20.608 -18.080
v 28.184 20.608 -16.272
v 29.187 20.608 -14.394
v 30.066 20.608 -12.454
v 30.817 20.608 -10.461
v 31.435 20.608 -8.423
v 31.918 20.608 -6.349
v 32.265 20.608 -4.248
v 32.474 20.608 -2.128
v 31.749 19.030 0.000
v 31.681 19.030 2.076
v 31.478 19.030 4.144
v 31.139 19.030 6.194
v 30.667 19.030 8.217
v 30.064 19.030 10.205
v 29.332 19.030 12.150
v 28.475 19.030 14.042
v 27.496 19.030 15.875
v 26.398 19.030 17.639
v 25.188 19.030 19.328
v 23.870 19.030 20.934
v 22.450 19.030 22.450
v 20.934 19.030 23.870
v 19.328 19.030 25.188
v 17.639 19.030 26.398
v 15.875 19.030 27.496
v 14.042 19.030 28.475
v 12.150 19.030 29.332
v 10.205 19.030 30.064
v 8.217 19.030 30.667
v 6.194 19.030 31.139
v 4.144 19.030 31.478
v 2.076 19.030 31.681
v 0.000 19.030 31.749
v -2.076 19.030 31.681
v -4.144 19.030 31.478
v -6.194 19.030 31.139
v -8.217 19.030 30.667
v -10.205 19.030 30.064
v -12.150 19.030 29.332
v -14.042 19.030 28.475
v -15.875 19.030 27.496
v -17.639 19.030 26.398
v -19.328 19.030 25.188
v -20.934 19.030 23.870
v -22.450 19.030 22.450
v -23.870 19.030 20.934
v -25.188 19.030 19.328
v -26.398 19.030 17.639
v -27.496 19.030 15.875
v -28.475 19.030 14.042
v -29.332 19.030 12.150
v -30.064 19.030 10.205
v -30.667 19.030 8.217
v -31.139 19.030 6.194
v -31.478 19.030 4.144
v -31.681 19.030 2.076
v -31.749 19.030 0.000
v -31.681 19.030 -2.076
v -31.478 19.030 -4.144
v -31.139 19.030 -6.194
v -30.667 19.030 -8.217
v -30.064 19.030 -10.205
v -29.332 19.030 -12.150
v -28.475 19.030 -14.042
v -27.496 19.030 -15.875
v -26.398 19.030 -17.639
v -25.188 19.030 -19.328
v -23.870 19.030 -20.934
v -22.450 19.030 -22.450
v -20.934 19.030 -23.870
v -19.328 19.030 -25.188
v -17.639 19.030 -26.398
v -15.875 19.030 -27.496
v -14.042 19.030 -28.475
v -12.150 19.030 -29.332
v -10.205 19.030 -30.064
v -8.217 19.030 -30.667
v -6.194 19.030 -31.139
v -4.144 19.030 -31.478
v -2.076 19.030 -31.681
v -0.000 19.030 -31.749
v 2.076 19.030 -31.681
v 4.144 19.030 -31.478
v 6.194 19.030 -31.139
v 8.217 19.030 -30.667
v 10.205 19.030 -30.064
v 12.150 19.030 -29.332
v 14.042 19.030 -28.475
v 15.875 19.030 -27.496
v 17.639 19.030 -26.398
v 19.328 19.030 -25.188
v 20.934 19.030 -23.870
v 22.450 19.030 -22.450
v 23.870 19.030 -20.934
v 25.188 19.030 -19.328
v 26.398 19.030 -17.639
v 27.496 19.030 -15.875
v 28.475 19.030 -14.042
v 29.332 19.030 -12.150
v 30.064 19.030 -10.205
v 30.667 19.030 -8.217
v 31.139 19.030 -6.194
v 31.478 19.030 -4.144
v 31.681 19.030 -2.076
v 30.878 17.492 0.000
v 30.812 17.492 2.020
v 30.614 17.492 4.030
v 30.285 17.492 6.024
v 29.826 17.492 7.992
v 29.240 17.492 9.925
v 28.528 17.492 11.817
v 27.694 17.492 13.657
v 26.741 17.492 15.439
v 25.674 17.492 17.155
v 24.497 17.492 18.797
v 23.215 17.492 20.359
v 21.834 17.492 21.834
v 20.359 17.492 23.215
v 18.797 17.492 24.497
v 17.155 17.492 25.674
v 15.439 17.492 26.741
v 13.657 17.492 27.694
v 11.817 17.492 28.528
v 9.925 17.492 29.240
v 7.992 17.492 29.826
v 6.024 17.492 30.285
v 4.030 17.492 30.614
v 2.020 17.492 30.812
v 0.000 17.492 30.878
v -2.020 17.492 30.812
v -4.030 17.492 30.614
v -6.024 17.492 30.285
v -7.992 17.492 29.826
v -9.925 17.492 29.240
v -11.817 17.492 28.528
v -13.657 17.492 27.694
v -15.439 17.492 26.741
v -17.155 17.492 25.674
v -18.797 17.492 24.497
v -20.359 17.492 23.215
v -21.834 17.492 21.834
v -23.215 17.492 20.359
v -24.497 17.492 18.797
v -25.674 17.492 17.155
v -26.741 17.492 15.439
v -27.694 17.492 13.657
v -28.528 17.492 11.817
v -29.240 17.492 9.925
v -29.826 17.492 7.992
v -30.285 17.492 6.024
v -30.614 17.492 4.030
v -30.812 17.492 2.020
v -30.878 17.492 0.000
v -30.812 17.492 -2.020
v -30.614 17.492 -4.030
v -30.285 17.492 -6.024
v -29.826 17.492 -7.992
v -29.240 17.492 -9.925
v -28.528 17.492 -11.817
v -27.694 17.492 -13.657
v -26.741 17.492 -15.439
v -25.674 17.492 -17.155
v -24.497 17.492 -18.797
v -23.215 17.492 -20.359
v -21.834 17.492 -21.834
v -20.359 17.492 -23.215
v -18.797 17.492 -24.497
v -17.155 17.492 -25.674
v -15.439 17.492 -26.741
v -13.657 17.492 -27.694
v -11.817 17.492 -28.528
v -9.925 17.492 -29.240
v -7.992 17.492 -29.826
v -6.024 17.492 -30.285
v -4.030 17.492 -30.614
v -2.020 17.492 -30.812
v -0.000 17.492 -30.878
v 2.020 17.492 -30.812
v 4.030 17.492 -30.614
v 6.024 17.492 -30.285
v 7.992 17.492 -29.826
v 9.925 17.492 -29.240
v 11.817 17.492 -28.528
v 13.657 17.492 -27.694
v 15.439 17.492 -26.741
v 17.155 17.492 -25.674
v 18.797 17.492 -24.497
v 20.359 17.492 -23.215
v 21.834 17.492 -21.834
v 23.215 17.492 -20.359
v 24.497 17.492 -18.797
v 25.674 17.492 -17.155
v 26.741 17.492 -15.439
v 27.694 17.492 -13.657
v 28.528 17.492 -11.817
v 29.240 17.492 -9.925
v 29.826 17.492 -7.992
v 30.285 17.492 -6.024
v 30.614 17.492 -4.030
v 30.812 17.492 -2.020
v 29.933 15.999 0.000
v 29.869 15.999 1.958
v 29.677 15.999 3.907
v 29.358 15.999 5.840
v 28.913 15.999 7.747
v 28.344 15.999 9.622
v 27.654 15.999 11.455
v 26.846 15.999 13.239
v 25.923 15.999 14.966
v 24.888 15.999 16.630
v 23.747 15.999 18.222
v 22.505 15.999 19.736
v 21.166 15.999 21.166
v 19.736 15.999 22.505
v 18.222 15.999 23.747
v 16.630 15.999 24.888
v 14.966 15.999 25.923
v 13.239 15.999 26.846
v 11.455 15.999 27.654
v 9.622 15.999 28.344
v 7.747 15.999 28.913
v 5.840 15.999 29.358
v 3.907 15.999 29.677
v 1.958 15.999 29.869
v 0.000 15.999 29.933
v -1.958 15.999 29.869
v -3.907 15.999 29.677
v -5.840 15.999 29.358
v -7.747 15.999 28.913
v -9.622 15.999 28.344
v -11.455 15.999 27.654
v -13.239 15.999 26.846
v -14.966 15.999 25.923
v -16.630 15.999 24.888
v -18.222 15.999 23.747
v -19.736 15.999 22.505
v -21.166 15.999 21.166
v -22.505 15.999 19.736
v -23.747 15.999 18.222
v -24.888 15.999 16.630
v -25.923 15.999 14.966
v -26.846 15.999 13.239
v -27.654 15.999 11.455
v -28.344 15.999 9.622
v -28.913 15.999 7.747
v -29.358 15.999 5.840
v -29.677 15.999 3.907
v -29.869 15.999 1.958
v -29.933 15.999 0.000
v -29.869 15.999 -1.958
v -29.677 15.999 -3.907
v -29.358 15.999 -5.840
v -28.913 15.999 -7.747
v -28.344 15.999 -9.622
v -27.654 15.999 -11.455
v -26.846 15.999 -13.239
v -25.923 15.999 -14.966
v -24.888 15.999 -16.630
v -23.747 15.999 -18.222
v -22.505 15.999 -19.736
v -21.166 15.999 -21.166
v -19.736 15.999 -22.505
v -18.222 15.999 -23.747
v -16.630 15.999 -24.888
v -14.966 15.999 -25.923
v -13.239 15.999 -26.846
v -11.455 15.999 -27.654
v -9.622 15.999 -28.344
v -7.747 15.999 -28.913
v -5.840 15.999 -29.358
v -3.907 15.999 -29.677
v -1.958 15.999 -29.869
v -0.000 15.999 -29.933
v 1.958 15.999 -29.869
v 3.907 15.999 -29.677
v 5.840 15.999 -29.358
v 7.747 15.999 -28.913
v 9.622 15.999 -28.344
v 11.455 15.999 -27.654
v 13.239 15.999 -26.846
v 14.966 15.999 -25.923
v 16.630 15.999 -24.888
v 18.222 15.999 -23.747
v 19.736 15.999 -22.505
v 21.166 15.999 -21.166
v 22.505 15.999 -19.736
v 23.747 15.999 -18.222
v 24.888 15.999 -16.630
v 25.923 15.999 -14.966
v 26.846 15.999 -13.239
v 27.654 15.999 -11.455
v 28.344 15.999 -9.622
v 28.913 15.999 -7.747
v 29.358 15.999 -5.840
v 29.677 15.999 -3.907
v 29.869 15.999 -1.958
v 28.915 14.555 0.000
v 28.854 14.555 1.891
v 28.668 14.555 3.774
v 28.360 14.555 5.641
v 27.930 14.555 7.484
v 27.381 14.555 9.295
v 26.714 14.555 11.065
v 25.933 14.555 12.789
v 25.042 14.555 14.458
v 24.042 14.555 16.065
v 22.940 14.555 17.603
v 21.740 14.555 19.065
v 20.446 14.555 20.446
v 19.065 14.555 21.740
v 17.603 14.555 22.940
v 16.065 14.555 24.042
v 14.458 14.555 25.042
v 12.789 14.555 25.933
v 11.065 14.555 26.714
v 9.295 14.555 27.381
v 7.484 14.555 27.930
v 5.641 14.555 28.360
v 3.774 14.555 28.668
v 1.891 14.555 28.854
v 0.000 14.555 28.915
v -1.891 14.555 28.854
v -3.774 14.555 28.668
v -5.641 14.555 28.360
v -7.484 14.555 27.930
v -9.295 14.555 27.381
v -11.065 14.555 26.714
v -12.789 14.555 25.933
v -14.458 14.555 25.042
v -16.065 14.555 24.042
v -17.603 14.555 22.940
v -19.065 14.555 21.740
v -20.446 14.555 20.446
v -21.740 14.555 19.065
v -22.940 14.555 17.603
v -24.042 14.555 16.065
v -25.042 14.555 14.458
v -25.933 14.555 12.789
v -26.714 14.555 11.065
v -27.381 14.555 9.295
v -27.930 14.555 7.484
v -28.360 14.555 5.641
v -28.668 14.555 3.774
v -28.854 14.555 1.891
v -28.915 14.555 0.000
v -28.854 14.555 -1.891
v -28.668 14.555 -3.774
v -28.360 14.555 -5.641
v -27.930 14.555 -7.484
v -27.381 14.555 -9.295
v -26.714 14.555 -11.065
v -25.933 14.555 -12.789
v -25.042 14.555 -14.458
v -24.042 14.555 -16.065
v -22.940 14.555 -17.603
v -21.740 14.555 -19.065
v -20.446 14.555 -20.446
v -19.065 14.555 -21.740
v -17.603 14.555 -22.940
v -16.065 14.555 -24.042
v -14.458 14.555 -25.042
v -12.789 14.555 -25.933
v -11.065 14.555 -26.714
v -9.295 14.555 -27.381
v -7.484 14.555 -27.930
v -5.641 14.555 -28.360
v -3.774 14.555 -28.668
v -1.891 14.555 -28.854
v -0.000 14.555 -28.915
v 1.891 14.555 -28.854
v 3.774 14.555 -28.668
v 5.641 14.555 -28.360
v 7.484 14.555 -27.930
v 9.295 14.555 -27.381
v 11.065 14.555 -26.714
v 12.789 14.555 -25.933
v 14.458 14.555 -25.042
v 16.065 14.555 -24.042
v 17.603 14.555 -22.940
v 19.065 14.555 -21.740
v 20.446 14.555 -20.446
v 21.740 14.555 -19.065
v 22.940 14.555 -17.603
v 24.042 14.555 -16.065
v 25.042 14.555 -14.458
v 25.933 14.555 -12.789
v 26.714 14.555 -11.065
v 27.381 14.555 -9.295
v 27.930 14.555 -7.484
v 28.360 14.555 -5.641
v 28.668 14.555 -3.774
v 28.854 14.555 -1.891
v 27.828 13.162 0.000
v 27.769 13.162 1.820
v 27.590 13.162 3.632
v 27.294 13.162 5.429
v 26.880 13.162 7.203
v 26.352 13.162 8.945
v 25.710 13.162 10.649
v 24.959 13.162 12.308
v 24.100 13.162 13.914
v 23.138 13.162 15.461
v 22.078 13.162 16.941
v 20.922 13.162 18.349
v 19.678 13.162 19.678
v 18.349 13.162 20.922
v 16.941 13.162 22.078
v 15.461 13.162 23.138
v 13.914 13.162 24.100
v 12.308 13.162 24.959
v 10.649 13.162 25.710
v 8.945 13.162 26.352
v 7.203 13.162 26.880
v 5.429 13.162 27.294
v 3.632 13.162 27.590
v 1.820 13.162 27.769
v 0.000 13.162 27.828
v -1.820 13.162 27.769
v -3.632 13.162 27.590
v -5.429 13.162 27.294
v -7.203 13.162 26.880
v -8.945 13.162 26.352
v -10.649 13.162 25.710
v -12.308 13.162 24.959
v -13.914 13.162 24.100
v -15.461 13.162 23.138
v -16.941 13.162 22.078
v -18.349 13.162 20.922
v -19.678 13.162 19.678
v -20.922 13.162 18.349
v -22.078 13.162 16.941
v -23.138 13.162 15.461
v -24.100 13.162 13.914
v -24.959 13.162 12.308
v -25.710 13.162 10.649
v -26.352 13.162 8.945
v -26.880 13.162 7.203
v -27.294 13.162 5.429
v -27.590 13.162 3.632
v -27.769 13.162 1.820
v -27.828 13.162 0.000
v -27.769 13.162 -1.820
v -27.590 13.162 -3.632
v -27.294 13.162 -5.429
v -26.880 13.162 -7.203
v -26.352 13.162 -8.945
v -25.710 13.162 -10.649
v -24.959 13.162 -12.308
v -24.100 13.162 -13.914
v -23.138 13.162 -15.461
v -22.078 13.162 -16.941
v -20.922 13.162 -18.349
v -19.678 13.162 -19.678
v -18.349 13.162 -20.922
v -16.941 13.162 -22.078
v -15.461 13.162 -23.138
v -13.914 13.162 -24.100
v -12.308 13.162 -24.959
v -10.649 13.162 -25.710
v -8.945 13.162 -26.352
v -7.203 13.162 -26.880
v -5.429 13.162 -27.294
v -3.632 13.162 -27.590
v -1.820 13.162 -27.769
v -0.000 13.162 -27.828
v 1.820 13.162 -27.769
v 3.632 13.162 -27.590
v 5.429 13.162 -27.294
v 7.203 13.162 -26.880
v 8.945 13.162 -26.352
v 10.649 13.162 -25.710
v 12.308 13.162 -24.959
v 13.914 13.162 -24.100
v 15.461 13.162 -23.138
v 16.941 13.162 -22.078
v 18.349 13.162 -20.922
v 19.678 13.162 -19.678
v 20.922 13.162 -18.349
v 22.078 13.162 -16.941
v 23.138 13.162 -15.461
v 24.100 13.162 -13.914
v 24.959 13.162 -12.308
v 25.710 13.162 -10.649
v 26.352 13.162 -8.945
v 26.880 13.162 -7.203
v 27.294 13.162 -5.429
v 27.590 13.162 -3.632
v 27.769 13.162 -1.820
v 26.674 11.824 0.000
v 26.617 11.824 1.745
v 26.446 11.824 3.482
v 26.162 11.824 5.204
v 25.765 11.824 6.904
v 25.259 11.824 8.574
v 24.644 11.824 10.208
v 23.923 11.824 11.798
v 23.101 11.824 13.337
v 22.179 11.824 14.819
v 21.162 11.824 16.238
v 20.055 11.824 17.588
v 18.862 11.824 18.862
v 17.588 11.824 20.055
v 16.238 11.824 21.162
v 14.819 11.824 22.179
v 13.337 11.824 23.101
v 11.798 11.824 23.923
v 10.208 11.824 24.644
v 8.574 11.824 25.259
v 6.904 11.824 25.765
v 5.204 11.824 26.162
v 3.482 11.824 26.446
v 1.745 11.824 26.617
v 0.000 11.824 26.674
v -1.745 11.824 26.617
v -3.482 11.824 26.446
v -5.204 11.824 26.162
v -6.904 11.824 25.765
v -8.574 11.824 25.259
v -10.208 11.824 24.644
v -11.798 11.824 23.923
v -13.337 11.824 23.101
v -14.819 11.824 22.179
v -16.238 11.824 21.162
v -17.588 11.824 20.055
v -18.862 11.824 18.862
v -20.055 11.824 17.588
v -21.162 11.824 16.238
v -22.179 11.824 14.819
v -23.101 11.824 13.337
v -23.923 11.824 11.798
v -24.644 11.824 10.208
v -25.259 11.824 8.574
v -25.765 11.824 6.904
v -26.162 11.824 5.204
v -26.446 11.824 3.482
v -26.617 11.824 1.745
v -26.674 11.824 0.000
v -26.617 11.824 -1.745
v -26.446 11.824 -3.482
v -26.162 11.824 -5.204
v -25.765 11.824 -6.904
v -25.259 11.824 -8.574
v -24.644 11.824 -10.208
v -23.923 11.824 -11.798
v -23.101 11.824 -13.337
v -22.179 11.824 -14.819
v -21.162 11.824 -16.238
v -20.055 11.824 -17.588
v -18.862 11.824 -18.862
v -17.588 11.824 -20.055
v -16.238 11.824 -21.162
v -14.819 11.824 -22.179
v -13.337 11.824 -23.101
v -11.798 11.824 -23.923
v -10.208 11.824 -24.644
v -8.574 11.824 -25.259
v -6.904 11.824 -25.765
v -5.204 11.824 -26.162
v -3.482 11.824 -26.446
v -1.745 11.824 -26.617
v -0.000 11.824 -26.674
v 1.745 11.824 -26.617
v 3.482 11.824 -26.446
v 5.204 11.824 -26.162
v 6.904 11.824 -25.765
v 8.574 11.824 -25.259
v 10.208 11.824 -24.644
v 11.798 11.824 -23.923
v 13.337 11.824 -23.101
v 14.819 11.824 -22.179
v 16.238 11.824 -21.162
v 17.588 11.824 -20.055
v 18.862 11.824 -18.862
v 20.055 11.824 -17.588
v 21.162 11.824 -16.238
v 22.179 11.824 -14.819
v 23.101 11.824 -13.337
v 23.923 11.824 -11.798
v 24.644 11.824 -10.208
v 25.259 11.824 -8.574
v 25.765 11.824 -6.904
v 26.162 11.824 -5.204
v 26.446 11.824 -3.482
v 26.617 11.824 -1.745
v 25.456 10.544 0.000
v 25.401 10.544 1.665
v 25.238 10.544 3.323
v 24.967 10.544 4.966
v 24.588 10.544 6.588
v 24.105 10.544 8.183
v 23.518 10.544 9.742
v 22.831 10.544 11.259
v 22.045 10.544 12.728
v 21.166 10.544 14.143
v 20.195 10.544 15.497
v 19.139 10.544 16.784
v 18.000 10.544 18.000
v 16.784 10.544 19.139
v 15.497 10.544 20.195
v 14.143 10.544 21.166
v 12.728 10.544 22.045
v 11.259 10.544 22.831
v 9.742 10.544 23.518
v 8.183 10.544 24.105
v 6.588 10.544 24.588
v 4.966 10.544 24.967
v 3.323 10.544 25.238
v 1.665 10.544 25.401
v 0.000 10.544 25.456
v -1.665 10.544 25.401
v -3.323 10.544 25.238
v -4.966 10.544 24.967
v -6.588 10.544 24.588
v -8.183 10.544 24.105
v -9.742 10.544 23.518
v -11.259 10.544 22.831
v -12.728 10.544 22.045
v -14.143 10.544 21.166
v -15.497 10.544 20.195
v -16.784 10.544 19.139
v -18.000 10.544 18.000
v -19.139 10.544 16.784
v -20.195 10.544 15.497
v -21.166 10.544 14.143
v -22.045 10.544 12.728
v -22.831 10.544 11.259
v -23.518 10.544 9.742
v -24.105 10.544 8.183
v -24.588 10.544 6.588
v -24.967 10.544 4.966
v -25.238 10.544 3.323
v -25.401 10.544 1.665
v -25.456 10.544 0.000
v -25.401 10.544 -1.665
v -25.238 10.544 -3.323
v -24.967 10.544 -4.966
v -24.588 10.544 -6.588
v -24.105 10.544 -8.183
v -23.518 10.544 -9.742
v -22.831 10.544 -11.259
v -22.045 10.544 -12.728
v -21.166 10.544 -14.143
v -20.195 10.544 -15.497
v -19.139 10.544 -16.784
v -18.000 10.544 -18.000
v -16.784 10.544 -19.139
v -15.497 10.544 -20.195
v -14.143 10.544 -21.166
v -12.728 10.544 -22.045
v -11.259 10.544 -22.831
v -9.742 10.544 -23.518
v -8.183 10.544 -24.105
v -6.588 10.544 -24.588
v -4.966 10.544 -24.967
v -3.323 10.544 -25.238
v -1.665 10.544 -25.401
v -0.000 10.544 -25.456
v 1.665 10.544 -25.401
v 3.323 10.544 -25.238
v 4.966 10.544 -24.967
v 6.588 10.544 -24.588
v 8.183 10.544 -24.105
v 9.742 10.544 -23.518
v 11.259 10.544 -22.831
v 12.728 10.544 -22.045
v 14.143 10.544 -21.166
v 15.497 10.544 -20.195
v 16.784 10.544 -19.139
v 18.000 10.544 -18.000
v 19.139 10.544 -16.784
v 20.195 10.544 -15.497
v 21.166 10.544 -14.143
v 22.045 10.544 -12.728
v 22.831 10.544 -11.259
v 23.518 10.544 -9.742
v 24.105 10.544 -8.183
v 24.588 10.544 -6.588
v 24.967 10.544 -4.966
v 25.238 10.544 -3.323
v 25.401 10.544 -1.665
v 24.176 9.326 0.000
v 24.124 9.326 1.581
v 23.969 9.326 3.156
v 23.712 9.326 4.717
v 23.352 9.326 6.257
v 22.893 9.326 7.771
v 22.336 9.326 9.252
v 21.683 9.326 10.693
v 20.937 9.326 12.088
v 20.102 9.326 13.432
v 19.180 9.326 14.717
v 18.177 9.326 15.940
v 17.095 9.326 17.095
v 15.940 9.326 18.177
v 14.717 9.326 19.180
v 13.432 9.326 20.102
v 12.088 9.326 20.937
v 10.693 9.326 21.683
v 9.252 9.326 22.336
v 7.771 9.326 22.893
v 6.257 9.326 23.352
v 4.717 9.326 23.712
v 3.156 9.326 23.969
v 1.581 9.326 24.124
v 0.000 9.326 24.176
v -1.581 9.326 24.124
v -3.156 9.326 23.969
v -4.717 9.326 23.712
v -6.257 9.326 23.352
v -7.771 9.326 22.893
v -9.252 9.326 22.336
v -10.693 9.326 21.683
v -12.088 9.326 20.937
v -13.432 9.326 20.102
v -14.717 9.326 19.180
v -15.940 9.326 18.177
v -17.095 9.326 17.095
v -18.177 9.326 15.940
v -19.180 9.326 14.717
v -20.102 9.326 13.432
v -20.937 9.326 12.088
v -21.683 9.326 10.693
v -22.336 9.326 9.252
v -22.893 9.326 7.771
v -23.352 9.326 6.257
v -23.712 9.326 4.717
v -23.969 9.326 3.156
v -24.124 9.326 1.581
v -24.176 9.326 0.000
v -24.124 9.326 -1.581
v -23.969 9.326 -3.156
v -23.712 9.326 -4.717
v -23.352 9.326 -6.257
v -22.893 9.326 -7.771
v -22.336 9.326 -9.252
v -21.683 9.326 -10.693
v -20.937 9.326 -12.088
v -20.102 9.326 -13.432
v -19.180 9.326 -14.717
v -18.177 9.326 -15.940
v -17.095 9.326 -17.095
v -15.940 9.326 -18.177
v -14.717 9.326 -19.180
v -13.432 9.326 -20.102
v -12.088 9.326 -20.937
v -10.693 9.326 -21.683
v -9.252 9.326 -22.336
v -7.771 9.326 -22.893
v -6.257 9.326 -23.352
v -4.717 9.326 -23.712
v -3.156 9.326 -23.969
v -1.581 9.326 -24.124
v -0.000 9.326 -24.176
v 1.581 9.326 -24.124
v 3.156 9.326 -23.969
v 4.717 9.326 -23.712
v 6.257 9.326 -23.352
v 7.771 9.326 -22.893
v 9.252 9.326 -22.336
v 10.693 9.326 -21.683
v 12.088 9.326 -20.937
v 13.432 9.326 -20.102
v 14.717 9.326 -19.180
v 15.940 9.326 -18.177
v 17.095 9.326 -17.095
v 18.177 9.326 -15.940
v 19.180 9.326 -14.717
v 20.102 9.326 -13.432
v 20.937 9.326 -12.088
v 21.683 9.326 -10.693
v 22.336 9.326 -9.252
v 22.893 9.326 -7.771
v 23.352 9.326 -6.257
v 23.712 9.326 -4.717
v 23.969 9.326 -3.156
v 24.124 9.326 -1.581
v 22.838 8.172 0.000
v 22.789 8.172 1.494
v 22.643 8.172 2.981
v 22.399 8.172 4.456
v 22.060 8.172 5.911
v 21.626 8.172 7.341
v 21.100 8.172 8.740
v 20.483 8.172 10.101
v 19.778 8.172 11.419
v 18.989 8.172 12.688
v 18.119 8.172 13.903
v 17.171 8.172 15.058
v 16.149 8.172 16.149
v 15.058 8.172 17.171
v 13.903 8.172 18.119
v 12.688 8.172 18.989
v 11.419 8.172 19.778
v 10.101 8.172 20.483
v 8.740 8.172 21.100
v 7.341 8.172 21.626
v 5.911 8.172 22.060
v 4.456 8.172 22.399
v 2.981 8.172 22.643
v 1.494 8.172 22.789
v 0.000 8.172 22.838
v -1.494 8.172 22.789
v -2.981 8.172 22.643
v -4.456 8.172 22.399
v -5.911 8.172 22.060
v -7.341 8.172 21.626
v -8.740 8.172 21.100
v -10.101 8.172 20.483
v -11.419 8.172 19.778
v -12.688 8.172 18.989
v -13.903 8.172 18.119
v -15.058 8.172 17.171
v -16.149 8.172 16.149
v -17.171 8.172 15.058
v -18.119 8.172 13.903
v -18.989 8.172 12.688
v -19.778 8.172 11.419
v -20.483 8.172 10.101
v -21.100 8.172 8.740
v -21.626 8.172 7.341
v -22.060 8.172 5.911
v -22.399 8.172 4.456
v -22.643 8.172 2.981
v -22.789 8.172 1.494
v -22.838 8.172 0.000
v -22.789 8.172 -1.494
v -22.643 8.172 -2.981
v -22.399 8.172 -4.456
v -22.060 8.172 -5.911
v -21.626 8.172 -7.341
v -21.100 8.172 -8.740
v -20.483 8.172 -10.101
v -19.778 8.172 -11.419
v -18.989 8.172 -12.688
v -18.119 8.172 -13.903
v -17.171 8.172 -15.058
v -16.149 8.172 -16.149
v -15.058 8.172 -17.171
v -13.903 8.172 -18.119
v -12.688 8.172 -18.989
v -11.419 8.172 -19.778
v -10.101 8.172 -20.483
v -8.740 8.172 -21.100
v -7.341 8.172 -21.626
v -5.911 8.172 -22.060
v -4.456 8.172 -22.399
v -2.981 8.172 -22.643
v -1.494 8.172 -22.789
v -0.000 8.172 -22.838
v 1.494 8.172 -22.789
v 2.981 8.172 -22.643
v 4.456 8.172 -22.399
v 5.911 8.172 -22.060
v 7.341 8.172 -21.626
v 8.740 8.172 -21.100
v 10.101 8.172 -20.483
v 11.419 8.172 -19.778
v 12.688 8.172 -18.989
v 13.903 8.172 -18.119
v 15.058 8.172 -17.171
v 16.149 8.172 -16.149
v 17.171 8.172 -15.058
v 18.119 8.172 -13.903
v 18.989 8.172 -12.688
v 19.778 8.172 -11.419
v 20.483 8.172 -10.101
v 21.100 8.172 -8.740
v 21.626 8.172 -7.341
v 22.060 8.172 -5.911
v 22.399 8.172 -4.456
v 22.643 8.172 -2.981
v 22.789 8.172 -1.494
v 21.445 7.085 0.000
v 21.399 7.085 1.403
v 21.262 7.085 2.799
v 21.033 7.085 4.184
v 20.714 7.085 5.550
v 20.307 7.085 6.893
v 19.813 7.085 8.207
v 19.234 7.085 9.485
v 18.572 7.085 10.723
v 17.831 7.085 11.914
v 17.014 7.085 13.055
v 16.123 7.085 14.140
v 15.164 7.085 15.164
v 14.140 7.085 16.123
v 13.055 7.085 17.014
v 11.914 7.085 17.831
v 10.723 7.085 18.572
v 9.485 7.085 19.234
v 8.207 7.085 19.813
v 6.893 7.085 20.307
v 5.550 7.085 20.714
v 4.184 7.085 21.033
v 2.799 7.085 21.262
v 1.403 7.085 21.399
v 0.000 7.085 21.445
v -1.403 7.085 21.399
v -2.799 7.085 21.262
v -4.184 7.085 21.033
v -5.550 7.085 20.714
v -6.893 7.085 20.307
v -8.207 7.085 19.813
v -9.485 7.085 19.234
v -10.723 7.085 18.572
v -11.914 7.085 17.831
v -13.055 7.085 17.014
v -14.140 7.085 16.123
v -15.164 7.085 15.164
v -16.123 7.085 14.140
v -17.014 7.085 13.055
v -17.831 7.085 11.914
v -18.572 7.085 10.723
v -19.234 7.085 9.485
v -19.813 7.085 8.207
v -20.307 7.085 6.893
v -20.714 7.085 5.550
v -21.033 7.085 4.184
v -21.262 7.085 2.799
v -21.399 7.085 1.403
v -21.445 7.085 0.000
v -21.399 7.085 -1.403
v -21.262 7.085 -2.799
v -21.033 7.085 -4.184
v -20.714 7.085 -5.550
v -20.307 7.085 -6.893
v -19.813 7.085 -8.207
v -19.234 7.085 -9.485
v -18.572 7.085 -10.723
v -17.831 7.085 -11.914
v -17.014 7.085 -13.055
v -16.123 7.085 -14.140
v -15.164 7.085 -15.164
v -14.140 7.085 -16.123
v -13.055 7.085 -17.014
v -11.914 7.085 -17.831
v -10.723 7.085 -18.572
v -9.485 7.085 -19.234
v -8.207 7.085 -19.813
v -6.893 7.085 -20.307
v -5.550 7.085 -20.714
v -4.184 7.085 -21.033
v -2.799 7.085 -21.262
v -1.403 7.085 -21.399
v -0.000 7.085 -21.445
v 1.403 7.085 -21.399
v 2.799 7.085 -21.262
v 4.184 7.085 -21.033
v 5.550 7.085 -20.714
v 6.893 7.085 -20.307
v 8.207 7.085 -19.813
v 9.485 7.085 -19.234
v 10.723 7.085 -18.572
v 11.914 7.085 -17.831
v 13.055 7.085 -17.014
v 14.140 7.085 -16.123
v 15.164 7.085 -15.164
v 16.123 7.085 -14.140
v 17.014 7.085 -13.055
v 17.831 7.085 -11.914
v 18.572 7.085 -10.723
v 19.234 7.085 -9.485
v 19.813 7.085 -8.207
v 20.307 7.085 -6.893
v 20.714 7.085 -5.550
v 21.033 7.085 -4.184
v 21.262 7.085 -2.799
v 21.399 7.085 -1.403
v 20.001 6.067 0.000
v 19.958 6.067 1.308
v 19.829 6.067 2.611
v 19.616 6.067 3.902
v 19.319 6.067 5.177
v 18.939 6.067 6.429
v 18.478 6.067 7.654
v 17.938 6.067 8.846
v 17.321 6.067 10.000
v 16.630 6.067 11.112
v 15.867 6.067 12.176
v 15.037 6.067 13.187
v 14.143 6.067 14.143
v 13.187 6.067 15.037
v 12.176 6.067 15.867
v 11.112 6.067 16.630
v 10.000 6.067 17.321
v 8.846 6.067 17.938
v 7.654 6.067 18.478
v 6.429 6.067 18.939
v 5.177 6.067 19.319
v 3.902 6.067 19.616
v 2.611 6.067 19.829
v 1.308 6.067 19.958
v 0.000 6.067 20.001
v -1.308 6.067 19.958
v -2.611 6.067 19.829
v -3.902 6.067 19.616
v -5.177 6.067 19.319
v -6.429 6.067 18.939
v -7.654 6.067 18.478
v -8.846 6.067 17.938
v -10.000 6.067 17.321
v -11.112 6.067 16.630
v -12.176 6.067 15.867
v -13.187 6.067 15.037
v -14.143 6.067 14.143
v -15.037 6.067 13.187
v -15.867 6.067 12.176
v -16.630 6.067 11.112
v -17.321 6.067 10.000
v -17.938 6.067 8.846
v -18.478 6.067 7.654
v -18.939 6.067 6.429
v -19.319 6.067 5.177
v -19.616 6.067 3.902
v -19.829 6.067 2.611
v -19.958 6.067 1.308
v -20.001 6.067 0.000
v -19.958 6.067 -1.308
v -19.829 6.067 -2.611
v -19.616 6.067 -3.902
v -19.319 6.067 -5.177
v -18.939 6.067 -6.429
v -18.478 6.067 -7.654
v -17.938 6.067 -8.846
v -17.321 6.067 -10.000
v -16.630 6.067 -11.112
v -15.867 6.067 -12.176
v -15.037 6.067 -13.187
v -14.143 6.067 -14.143
v -13.187 6.067 -15.037
v -12.176 6.067 -15.867
v -11.112 6.067 -16.630
v -10.000 6.067 -17.321
v -8.846 6.067 -17.938
v -7.654 6.067 -18.478
v -6.429 6.067 -18.939
v -5.177 6.067 -19.319
v -3.902 6.067 -19.616
v -2.611 6.067 -19.829
v -1.308 6.067 -19.958
v -0.000 6.067 -20.001
v 1.308 6.067 -19.958
v 2.611 6.067 -19.829
v 3.902 6.067 -19.616
v 5.177 6.067 -19.319
v 6.429 6.067 -18.939
v 7.654 6.067 -18.478
v 8.846 6.067 -17.938
v 10.000 6.067 -17.321
v 11.112 6.067 -16.630
v 12.176 6.067 -15.867
v 13.187 6.067 -15.037
v 14.143 6.067 -14.143
v 15.037 6.067 -13.187
v 15.867 6.067 -12.176
v 16.630 6.067 -11.112
v 17.321 6.067 -10.000
v 17.938 6.067 -8.846
v 18.478 6.067 -7.654
v 18.939 6.067 -6.429
v 19.319 6.067 -5.177
v 19.616 6.067 -3.902
v 19.829 6.067 -2.611
v 19.958 6.067 -1.308
v 18.508 5.122 0.000
v 18.468 5.122 1.210
v 18.349 5.122 2.416
v 18.152 5.122 3.611
v 17.877 5.122 4.790
v 17.525 5.122 5.949
v 17.099 5.122 7.083
v 16.599 5.122 8.186
v 16.028 5.122 9.254
v 15.389 5.122 10.282
v 14.683 5.122 11.267
v 13.915 5.122 12.203
v 13.087 5.122 13.087
v 12.203 5.122 13.915
v 11.267 5.122 14.683
v 10.282 5.122 15.389
v 9.254 5.122 16.028
v 8.186 5.122 16.599
v 7.083 5.122 17.099
v 5.949 5.122 17.525
v 4.790 5.122 17.877
v 3.611 5.122 18.152
v 2.416 5.122 18.349
v 1.210 5.122 18.468
v 0.000 5.122 18.508
v -1.210 5.122 18.468
v -2.416 5.122 18.349
v -3.611 5.122 18.152
v -4.790 5.122 17.877
v -5.949 5.122 17.525
v -7.083 5.122 17.099
v -8.186 5.122 16.599
v -9.254 5.122 16.028
v -10.282 5.122 15.389
v -11.267 5.122 14.683
v -12.203 5.122 13.915
v -13.087 5.122 13.087
v -13.915 5.122 12.203
v -14.683 5.122 11.267
v -15.389 5.122 10.282
v -16.028 5.122 9.254
v -16.599 5.122 8.186
v -17.099 5.122 7.083
v -17.525 5.122 5.949
v -17.877 5.122 4.790
v -18.152 5.122 3.611
v -18.349 5.122 2.416
v -18.468 5.122 1.210
v -18.508 5.122 0.000
v -18.468 5.122 -1.210
v -18.349 5.122 -2.416
v -18.152 5.122 -3.611
v -17.877 5.122 -4.790
v -17.525 5.122 -5.949
v -17.099 5.122 -7.083
v -16.599 5.122 -8.186
v -16.028 5.122 -9.254
v -15.389 5.122 -10.282
v -14.683 5.122 -11.267
v -13.915 5.122 -12.203
v -13.087 5.122 -13.087
v -12.203 5.122 -13.915
v -11.267 5.122 -14.683
v -10.282 5.122 -15.389
v -9.254 5.122 -16.028
v -8.186 5.122 -16.599
v -7.083 5.122 -17.099
v -5.949 5.122 -17.525
v -4.790 5.122 -17.877
v -3.611 5.122 -18.152
v -2.416 5.122 -18.349
v -1.210 5.122 -18.468
v -0.000 5.122 -18.508
v 1.210 5.122 -18.468
v 2.416 5.122 -18.349
v 3.611 5.122 -18.152
v 4.790 5.122 -17.877
v 5.949 5.122 -17.525
v 7.083 5.122 -17.099
v 8.186 5.122 -16.599
v 9.254 5.122 -16.028
v 10.282 5.122 -15.389
v 11.267 5.122 -14.683
v 12.203 5.122 -13.915
v 13.087 5.122 -13.087
v 13.915 5.122 -12.203
v 14.683 5.122 -11.267
v 15.389 5.122 -10.282
v 16.028 5.122 -9.254
v 16.599 5.122 -8.186
v 17.099 5.122 -7.083
v 17.525 5.122 -5.949
v 17.877 5.122 -4.790
v 18.152 5.122 -3.611
v 18.349 5.122 -2.416
v 18.468 5.122 -1.210
v 16.970 4.251 0.000
v 16.934 4.251 1.110
v 16.825 4.251 2.215
v 16.644 4.251 3.311
v 16.392 4.251 4.392
v 16.070 4.251 5.455
v 15.678 4.251 6.494
v 15.220 4.251 7.506
v 14.697 4.251 8.485
v 14.110 4.251 9.428
v 13.463 4.251 10.331
v 12.759 4.251 11.189
v 12.000 4.251 12.000
v 11.189 4.251 12.759
v 10.331 4.251 13.463
v 9.428 4.251 14.110
v 8.485 4.251 14.697
v 7.506 4.251 15.220
v 6.494 4.251 15.678
v 5.455 4.251 16.070
v 4.392 4.251 16.392
v 3.311 4.251 16.644
v 2.215 4.251 16.825
v 1.110 4.251 16.934
v 0.000 4.251 16.970
v -1.110 4.251 16.934
v -2.215 4.251 16.825
v -3.311 4.251 16.644
v -4.392 4.251 16.392
v -5.455 4.251 16.070
v -6.494 4.251 15.678
v -7.506 4.251 15.220
v -8.485 4.251 14.697
v -9.428 4.251 14.110
v -10.331 4.251 13.463
v -11.189 4.251 12.759
v -12.000 4.251 12.000
v -12.759 4.251 11.189
v -13.463 4.251 10.331
v -14.110 4.251 9.428
v -14.697 4.251 8.485
v -15.220 4.251 7.506
v -15.678 4.251 6.494
v -16.070 4.251 5.455
v -16.392 4.251 4.392
v -16.644 4.251 3.311
v -16.825 4.251 2.215
v -16.934 4.251 1.110
v -16.970 4.251 0.000
v -16.934 4.251 -1.110
v -16.825 4.251 -2.215
v -16.644 4.251 -3.311
v -16.392 4.251 -4.392
v -16.070 4.251 -5.455
v -15.678 4.251 -6.494
v -15.220 4.251 -7.506
v -14.697 4.251 -8.485
v -14.110 4.251 -9.428
v -13.463 4.251 -10.331
v -12.759 4.251 -11.189
v -12.000 4.251 -12.000
v -11.189 4.251 -12.759
v -10.331 4.251 -13.463
v -9.428 4.251 -14.110
v -8.485 4.251 -14.697
v -7.506 4.251 -15.220
v -6.494 4.251 -15.678
v -5.455 4.251 -16.070
v -4.392 4.251 -16.392
v -3.311 4.251 -16.644
v -2.215 4.251 -16.825
v -1.110 4.251 -16.934
v -0.000 4.251 -16.970
v 1.110 4.251 -16.934
v 2.215 4.251 -16.825
v 3.311 4.251 -16.644
v 4.392 4.251 -16.392
v 5.455 4.251 -16.070
v 6.494 4.251 -15.678
v 7.506 4.251 -15.220
v 8.485 4.251 -14.697
v 9.428 4.251 -14.110
v 10.331 4.251 -13.463
v 11.189 4.251 -12.759
v 12.000 4.251 -12.000
v 12.759 4.251 -11.189
v 13.463 4.251 -10.331
v 14.110 4.251 -9.428
v 14.697 4.251 -8.485
v 15.220 4.251 -7.506
v 15.678 4.251 -6.494
v 16.070 4.251 -5.455
v 16.392 4.251 -4.392
v 16.644 4.251 -3.311
v 16.825 4.251 -2.215
v 16.934 4.251 -1.110
v 15.392 3.456 0.000
v 15.359 3.456 1.007
v 15.260 3.456 2.009
v 15.096 3.456 3.003
v 14.868 3.456 3.984
v 14.575 3.456 4.948
v 14.220 3.456 5.890
v 13.805 3.456 6.808
v 13.330 3.456 7.696
v 12.798 3.456 8.551
v 12.211 3.456 9.370
v 11.572 3.456 10.149
v 10.884 3.456 10.884
v 10.149 3.456 11.572
v 9.370 3.456 12.211
v 8.551 3.456 12.798
v 7.696 3.456 13.330
v 6.808 3.456 13.805
v 5.890 3.456 14.220
v 4.948 3.456 14.575
v 3.984 3.456 14.868
v 3.003 3.456 15.096
v 2.009 3.456 15.260
v 1.007 3.456 15.359
v 0.000 3.456 15.392
v -1.007 3.456 15.359
v -2.009 3.456 15.260
v -3.003 3.456 15.096
v -3.984 3.456 14.868
v -4.948 3.456 14.575
v -5.890 3.456 14.220
v -6.808 3.456 13.805
v -7.696 3.456 13.330
v -8.551 3.456 12.798
v -9.370 3.456 12.211
v -10.149 3.456 11.572
v -10.884 3.456 10.884
v -11.572 3.456 10.149
v -12.211 3.456 9.370
v -12.798 3.456 8.551
v -13.330 3.456 7.696
v -13.805 3.456 6.808
v -14.220 3.456 5.890
v -14.575 3.456 4.948
v -14.868 3.456 3.984
v -15.096 3.456 3.003
v -15.260 3.456 2.009
v -15.359 3.456 1.007
v -15.392 3.456 0.000
v -15.359 3.456 -1.007
v -15.260 3.456 -2.009
v -15.096 3.456 -3.003
v -14.868 3.456 -3.984
v -14.575 3.456 -4.948
v -14.220 3.456 -5.890
v -13.805 3.456 -6.808
v -13.330 3.456 -7.696
v -12.798 3.456 -8.551
v -12.211 3.456 -9.370
v -11.572 3.456 -10.149
v -10.884 3.456 -10.884
v -10.149 3.456 -11.572
v -9.370 3.456 -12.211
v -8.551 3.456 -12.798
v -7.696 3.456 -13.330
v -6.808 3.456 -13.805
v -5.890 3.456 -14.220
v -4.948 3.456 -14.575
v -3.984 3.456 -14.868
v -3.003 3.456 -15.096
v -2.009 3.456 -15.260
v -1.007 3.456 -15.359
v -0.000 3.456 -15.392
v 1.007 3.456 -15.359
v 2.009 3.456 -15.260
v 3.003 3.456 -15.096
v 3.984 3.456 -14.868
v 4.948 3.456 -14.575
v 5.890 3.456 -14.220
v 6.808 3.456 -13.805
v 7.696 3.456 -13.330
v 8.551 3.456 -12.798
v 9.370 3.456 -12.211
v 10.149 3.456 -11.572
v 10.884 3.456 -10.884
v 11.572 3.456 -10.149
v 12.211 3.456 -9.370
v 12.798 3.456 -8.551
v 13.330 3.456 -7.696
v 13.805 3.456 -6.808
v 14.220 3.456 -5.890
v 14.575 3.456 -4.948
v 14.868 3.456 -3.984
v 15.096 3.456 -3.003
v 15.260 3.456 -2.009
v 15.359 3.456 -1.007
v 13.777 2.740 0.000
v 13.747 2.740 0.901
v 13.659 2.740 1.798
v 13.512 2.740 2.688
v 13.307 2.740 3.566
v 13.045 2.740 4.428
v 12.728 2.740 5.272
v 12.356 2.740 6.093
v 11.931 2.740 6.888
v 11.455 2.740 7.654
v 10.930 2.740 8.387
v 10.358 2.740 9.084
v 9.742 2.740 9.742
v 9.084 2.740 10.358
v 8.387 2.740 10.930
v 7.654 2.740 11.455
v 6.888 2.740 11.931
v 6.093 2.740 12.356
v 5.272 2.740 12.728
v 4.428 2.740 13.045
v 3.566 2.740 13.307
v 2.688 2.740 13.512
v 1.798 2.740 13.659
v 0.901 2.740 13.747
v 0.000 2.740 13.777
v -0.901 2.740 13.747
v -1.798 2.740 13.659
v -2.688 2.740 13.512
v -3.566 2.740 13.307
v -4.428 2.740 13.045
v -5.272 2.740 12.728
v -6.093 2.740 12.356
v -6.888 2.740 11.931
v -7.654 2.740 11.455
v -8.387 2.740 10.930
v -9.084 2.740 10.358
v -9.742 2.740 9.742
v -10.358 2.740 9.084
v -10.930 2.740 8.387
v -11.455 2.740 7.654
v -11.931 2.740 6.888
v -12.356 2.740 6.093
v -12.728 2.740 5.272
v -13.045 2.740 4.428
v -13.307 2.740 3.566
v -13.512 2.740 2.688
v -13.659 2.740 1.798
v -13.747 2.740 0.901
v -13.777 2.740 0.000
v -13.747 2.740 -0.901
v -13.659 2.740 -1.798
v -13.512 2.740 -2.688
v -13.307 2.740 -3.566
v -13.045 2.740 -4.428
v -12.728 2.740 -5.272
v -12.356 2.740 -6.093
v -11.931 2.740 -6.888
v -11.455 2.740 -7.654
v -10.930 2.740 -8.387
v -10.358 2.740 -9.084
v -9.742 2.740 -9.742
v -9.084 2.740 -10.358
v -8.387 2.740 -10.930
v -7.654 2.740 -11.455
v -6.888 2.740 -11.931
v -6.093 2.740 -12.356
v -5.272 2.740 -12.728
v -4.428 2.740 -13.045
v -3.566 2.740 -13.307
v -2.688 2.740 -13.512
v -1.798 2.740 -13.659
v -0.901 2.740 -13.747
v -0.000 2.740 -13.777
v 0.901 2.740 -13.747
v 1.798 2.740 -13.659
v 2.688 2.740 -13.512
v 3.566 2.740 -13.307
v 4.428 2.740 -13.045
v 5.272 2.740 -12.728
v 6.093 2.740 -12.356
v 6.888 2.740 -11.931
v 7.654 2.740 -11.455
v 8.387 2.740 -10.930
v 9.084 2.740 -10.358
v 9.742 2.740 -9.742
v 10.358 2.740 -9.084
v 10.930 2.740 -8.387
v 11.455 2.740 -7.654
v 11.931 2.740 -6.888
v 12.356 2.740 -6.093
v 12.728 2.740 -5.272
v 13.045 2.740 -4.428
v 13.307 2.740 -3.566
v 13.512 2.740 -2.688
v 13.659 2.740 -1.798
v 13.747 2.740 -0.901
v 12.128 2.104 0.000
v 12.102 2.104 0.793
v 12.024 2.104 1.583
v 11.895 2.104 2.366
v 11.715 2.104 3.139
v 11.484 2.104 3.898
v 11.205 2.104 4.641
v 10.877 2.104 5.364
v 10.503 2.104 6.064
v 10.084 2.104 6.738
v 9.622 2.104 7.383
v 9.118 2.104 7.997
v 8.576 2.104 8.576
v 7.997 2.104 9.118
v 7.383 2.104 9.622
v 6.738 2.104 10.084
v 6.064 2.104 10.503
v 5.364 2.104 10.877
v 4.641 2.104 11.205
v 3.898 2.104 11.484
v 3.139 2.104 11.715
v 2.366 2.104 11.895
v 1.583 2.104 12.024
v 0.793 2.104 12.102
v 0.000 2.104 12.128
v -0.793 2.104 12.102
v -1.583 2.104 12.024
v -2.366 2.104 11.895
v -3.139 2.104 11.715
v -3.898 2.104 11.484
v -4.641 2.104 11.205
v -5.364 2.104 10.877
v -6.064 2.104 10.503
v -6.738 2.104 10.084
v -7.383 2.104 9.622
v -7.997 2.104 9.118
v -8.576 2.104 8.576
v -9.118 2.104 7.997
v -9.622 2.104 7.383
v -10.084 2.104 6.738
v -10.503 2.104 6.064
v -10.877 2.104 5.364
v -11.205 2.104 4.641
v -11.484 2.104 3.898
v -11.715 2.104 3.139
v -11.895 2.104 2.366
v -12.024 2.104 1.583
v -12.102 2.104 0.793
v -12.128 2.104 0.000
v -12.102 2.104 -0.793
v -12.024 2.104 -1.583
v -11.895 2.104 -2.366
v -11.715 2.104 -3.139
v -11.484 2.104 -3.898
v -11.205 2.104 -4.641
v -10.877 2.104 -5.364
v -10.503 2.104 -6.064
v -10.084 2.104 -6.738
v -9.622 2.104 -7.383
v -9.118 2.104 -7.997
v -8.576 2.104 -8.576
v -7.997 2.104 -9.118
v -7.383 2.104 -9.622
v -6.738 2.104 -10.084
v -6.064 2.104 -10.503
v -5.364 2.104 -10.877
v -4.641 2.104 -11.205
v -3.898 2.104 -11.484
v -3.139 2.104 -11.715
v -2.366 2.104 -11.895
v -1.583 2.104 -12.024
v -0.793 2.104 -12.102
v -0.000 2.104 -12.128
v 0.793 2.104 -12.102
v 1.583 2.104 -12.024
v 2.366 2.104 -11.895
v 3.139 2.104 -11.715
v 3.898 2.104 -11.484
v 4.641 2.104 -11.205
v 5.364 2.104 -10.877
v 6.064 2.104 -10.503
v 6.738 2.104 -10.084
v 7.383 2.104 -9.622
v 7.997 2.104 -9.118
v 8.576 2.104 -8.576
v 9.118 2.104 -7.997
v 9.622 2.104 -7.383
v 10.084 2.104 -6.738
v 10.503 2.104 -6.064
v 10.877 2.104 -5.364
v 11.205 2.104 -4.641
v 11.484 2.104 -3.898
v 11.715 2.104 -3.139
v 11.895 2.104 -2.366
v 12.024 2.104 -1.583
v 12.102 2.104 -0.793
v 10.450 1.550 0.000
v 10.428 1.550 0.683
v 10.361 1.550 1.364
v 10.249 1.550 2.039
v 10.094 1.550 2.705
v 9.896 1.550 3.359
v 9.655 1.550 3.999
v 9.373 1.550 4.622
v 9.050 1.550 5.225
v 8.689 1.550 5.806
v 8.291 1.550 6.362
v 7.857 1.550 6.890
v 7.389 1.550 7.389
v 6.890 1.550 7.857
v 6.362 1.550 8.291
v 5.806 1.550 8.689
v 5.225 1.550 9.050
v 4.622 1.550 9.373
v 3.999 1.550 9.655
v 3.359 1.550 9.896
v 2.705 1.550 10.094
v 2.039 1.550 10.249
v 1.364 1.550 10.361
v 0.683 1.550 10.428
v 0.000 1.550 10.450
v -0.683 1.550 10.428
v -1.364 1.550 10.361
v -2.039 1.550 10.249
v -2.705 1.550 10.094
v -3.359 1.550 9.896
v -3.999 1.550 9.655
v -4.622 1.550 9.373
v -5.225 1.550 9.050
v -5.806 1.550 8.689
v -6.362 1.550 8.291
v -6.890 1.550 7.857
v -7.389 1.550 7.389
v -7.857 1.550 6.890
v -8.291 1.550 6.362
v -8.689 1.550 5.806
v -9.050 1.550 5.225
v -9.373 1.550 4.622
v -9.655 1.550 3.999
v -9.896 1.550 3.359
v -10.094 1.550 2.705
v -10.249 1.550 2.039
v -10.361 1.550 1.364
v -10.428 1.550 0.683
v -10.450 1.550 0.000
v -10.428 1.550 -0.683
v -10.361 1.550 -1.364
v -10.249 1.550 -2.039
v -10.094 1.550 -2.705
v -9.896 1.550 -3.359
v -9.655 1.550 -3.999
v -9.373 1.550 -4.622
v -9.050 1.550 -5.225
v -8.689 1.550 -5.806
v -8.291 1.550 -6.362
v -7.857 1.550 -6.890
v -7.389 1.550 -7.389
v -6.890 1.550 -7.857
v -6.362 1.550 -8.291
v -5.806 1.550 -8.689
v -5.225 1.550 -9.050
v -4.622 1.550 -9.373
v -3.999 1.550 -9.655
v -3.359 1.550 -9.896
v -2.705 1.550 -10.094
v -2.039 1.550 -10.249
v -1.364 1.550 -10.361
v -0.683 1.550 -10.428
v -0.000 1.550 -10.450
v 0.683 1.550 -10.428
v 1.364 1.550 -10.361
v 2.039 1.550 -10.249
v 2.705 1.550 -10.094
v 3.359 1.550 -9.896
v 3.999 1.550 -9.655
v 4.622 1.550 -9.373
v 5.225 1.550 -9.050
v 5.806 1.550 -8.689
v 6.362 1.550 -8.291
v 6.890 1.550 -7.857
v 7.389 1.550 -7.389
v 7.857 1.550 -6.890
v 8.291 1.550 -6.362
v 8.689 1.550 -5.806
v 9.050 1.550 -5.225
v 9.373 1.550 -4.622
v 9.655 1.550 -3.999
v 9.896 1.550 -3.359
v 10.094 1.550 -2.705
v 10.249 1.550 -2.039
v 10.361 1.550 -1.364
v 10.428 1.550 -0.683
v 8.747 1.079 0.000
v 8.729 1.079 0.572
v 8.672 1.079 1.142
v 8.579 1.079 1.707
v 8.449 1.079 2.264
v 8.283 1.079 2.812
v 8.081 1.079 3.347
v 7.845 1.079 3.869
v 7.575 1.079 4.374
v 7.273 1.079 4.860
v 6.940 1.079 5.325
v 6.577 1.079 5.767
v 6.185 1.079 6.185
v 5.767 1.079 6.577
v 5.325 1.079 6.940
v 4.860 1.079 7.273
v 4.374 1.079 7.575
v 3.869 1.079 7.845
v 3.347 1.079 8.081
v 2.812 1.079 8.283
v 2.264 1.079 8.449
v 1.707 1.079 8.579
v 1.142 1.079 8.672
v 0.572 1.079 8.729
v 0.000 1.079 8.747
v -0.572 1.079 8.729
v -1.142 1.079 8.672
v -1.707 1.079 8.579
v -2.264 1.079 8.449
v -2.812 1.079 8.283
v -3.347 1.079 8.081
v -3.869 1.079 7.845
v -4.374 1.079 7.575
v -4.860 1.079 7.273
v -5.325 1.079 6.940
v -5.767 1.079 6.577
v -6.185 1.079 6.185
v -6.577 1.079 5.767
v -6.940 1.079 5.325
v -7.273 1.079 4.860
v -7.575 1.079 4.374
v -7.845 1.079 3.869
v -8.081 1.079 3.347
v -8.283 1.079 2.812
v -8.449 1.079 2.264
v -8.579 1.079 1.707
v -8.672 1.079 1.142
v -8.729 1.079 0.572
v -8.747 1.079 0.000
v -8.729 1.079 -0.572
v -8.672 1.079 -1.142
v -8.579 1.079 -1.707
v -8.449 1.079 -2.264
v -8.283 1.079 -2.812
v -8.081 1.079 -3.347
v -7.845 1.079 -3.869
v -7.575 1.079 -4.374
v -7.273 1.079 -4.860
v -6.940 1.079 -5.325
v -6.577 1.079 -5.767
v -6.185 1.079 -6.185
v -5.767 1.079 -6.577
v -5.325 1.079 -6.940
v -4.860 1.079 -7.273
v -4.374 1.079 -7.575
v -3.869 1.079 -7.845
v -3.347 1.079 -8.081
v -2.812 1.079 -8.283
v -2.264 1.079 -8.449
v -1.707 1.079 -8.579
v -1.142 1.079 -8.672
v -0.572 1.079 -8.729
v -0.000 1.079 -8.747
v 0.572 1.079 -8.729
v 1.142 1.079 -8.672
v 1.707 1.079 -8.579
v 2.264 1.079 -8.449
v 2.812 1.079 -8.283
v 3.347 1.079 -8.081
v 3.869 1.079 -7.845
v 4.374 1.079 -7.575
v 4.860 1.079 -7.273
v 5.325 1.079 -6.940
v 5.767 1.079 -6.577
v 6.185 1.079 -6.185
v 6.577 1.079 -5.767
v 6.940 1.079 -5.325
v 7.273 1.079 -4.860
v 7.575 1.079 -4.374
v 7.845 1.079 -3.869
v 8.081 1.079 -3.347
v 8.283 1.079 -2.812
v 8.449 1.079 -2.264
v 8.579 1.079 -1.707
v 8.672 1.079 -1.142
v 8.729 1.079 -0.572
v 7.023 0.692 0.000
v 7.008 0.692 0.459
v 6.963 0.692 0.917
v 6.888 0.692 1.370
v 6.784 0.692 1.818
v 6.651 0.692 2.258
v 6.489 0.692 2.688
v 6.299 0.692 3.106
v 6.082 0.692 3.512
v 5.840 0.692 3.902
v 5.572 0.692 4.275
v 5.280 0.692 4.631
v 4.966 0.692 4.966
v 4.631 0.692 5.280
v 4.275 0.692 5.572
v 3.902 0.692 5.840
v 3.512 0.692 6.082
v 3.106 0.692 6.299
v 2.688 0.692 6.489
v 2.258 0.692 6.651
v 1.818 0.692 6.784
v 1.370 0.692 6.888
v 0.917 0.692 6.963
v 0.459 0.692 7.008
v 0.000 0.692 7.023
v -0.459 0.692 7.008
v -0.917 0.692 6.963
v -1.370 0.692 6.888
v -1.818 0.692 6.784
v -2.258 0.692 6.651
v -2.688 0.692 6.489
v -3.106 0.692 6.299
v -3.512 0.692 6.082
v -3.902 0.692 5.840
v -4.275 0.692 5.572
v -4.631 0.692 5.280
v -4.966 0.692 4.966
v -5.280 0.692 4.631
v -5.572 0.692 4.275
v -5.840 0.692 3.902
v -6.082 0.692 3.512
v -6.299 0.692 3.106
v -6.489 0.692 2.688
v -6.651 0.692 2.258
v -6.784 0.692 1.818
v -6.888 0.692 1.370
v -6.963 0.692 0.917
v -7.008 0.692 0.459
v -7.023 0.692 0.000
v -7.008 0.692 -0.459
v -6.963 0.692 -0.917
v -6.888 0.692 -1.370
v -6.784 0.692 -1.818
v -6.651 0.692 -2.258
v -6.489 0.692 -2.688
v -6.299 0.692 -3.106
v -6.082 0.692 -3.512
v -5.840 0.692 -3.902
v -5.572 0.692 -4.275
v -5.280 0.692 -4.631
v -4.966 0.692 -4.966
v -4.631 0.692 -5.280
v -4.275 0.692 -5.572
v -3.902 0.692 -5.840
v -3.512 0.692 -6.082
v -3.106 0.692 -6.299
v -2.688 0.692 -6.489
v -2.258 0.692 -6.651
v -1.818 0.692 -6.784
v -1.370 0.692 -6.888
v -0.917 0.692 -6.963
v -0.459 0.692 -7.008
v -0.000 0.692 -7.023
v 0.459 0.692 -7.008
v 0.917 0.692 -6.963
v 1.370 0.692 -6.888
v 1.818 0.692 -6.784
v 2.258 0.692 -6.651
v 2.688 0.692 -6.489
v 3.106 0.692 -6.299
v 3.512 0.692 -6.082
v 3.902 0.692 -5.840
v 4.275 0.692 -5.572
v 4.631 0.692 -5.280
v 4.966 0.692 -4.966
v 5.280 0.692 -4.631
v 5.572 0.692 -4.275
v 5.840 0.692 -3.902
v 6.082 0.692 -3.512
v 6.299 0.692 -3.106
v 6.489 0.692 -2.688
v 6.651 0.692 -2.258
v 6.784 0.692 -1.818
v 6.888 0.692 -1.370
v 6.963 0.692 -0.917
v 7.008 0.692 -0.459
v 5.282 0.390 0.000
v 5.271 0.390 0.345
v 5.237 0.390 0.689
v 5.181 0.390 1.031
v 5.102 0.390 1.367
v 5.002 0.390 1.698
v 4.880 0.390 2.021
v 4.738 0.390 2.336
v 4.575 0.390 2.641
v 4.392 0.390 2.935
v 4.191 0.390 3.216
v 3.971 0.390 3.483
v 3.735 0.390 3.735
v 3.483 0.390 3.971
v 3.216 0.390 4.191
v 2.935 0.390 4.392
v 2.641 0.390 4.575
v 2.336 0.390 4.738
v 2.021 0.390 4.880
v 1.698 0.390 5.002
v 1.367 0.390 5.102
v 1.031 0.390 5.181
v 0.689 0.390 5.237
v 0.345 0.390 5.271
v 0.000 0.390 5.282
v -0.345 0.390 5.271
v -0.689 0.390 5.237
v -1.031 0.390 5.181
v -1.367 0.390 5.102
v -1.698 0.390 5.002
v -2.021 0.390 4.880
v -2.336 0.390 4.738
v -2.641 0.390 4.575
v -2.935 0.390 4.392
v -3.216 0.390 4.191
v -3.483 0.390 3.971
v -3.735 0.390 3.735
v -3.971 0.390 3.483
v -4.191 0.390 3.216
v -4.392 0.390 2.935
v -4.575 0.390 2.641
v -4.738 0.390 2.336
v -4.880 0.390 2.021
v -5.002 0.390 1.698
v -5.102 0.390 1.367
v -5.181 0.390 1.031
v -5.237 0.390 0.689
v -5.271 0.390 0.345
v -5.282 0.390 0.000
v -5.271 0.390 -0.345
v -5.237 0.390 -0.689
v -5.181 0.390 -1.031
v -5.102 0.390 -1.367
v -5.002 0.390 -1.698
v -4.880 0.390 -2.021
v -4.738 0.390 -2.336
v -4.575 0.390 -2.641
v -4.392 0.390 -2.935
v -4.191 0.390 -3.216
v -3.971 0.390 -3.483
v -3.735 0.390 -3.735
v -3.483 0.390 -3.971
v -3.216 0.390 -4.191
v -2.935 0.390 -4.392
v -2.641 0.390 -4.575
v -2.336 0.390 -4.738
v -2.021 0.390 -4.880
v -1.698 0.390 -5.002
v -1.367 0.390 -5.102
v -1.031 0.390 -5.181
v -0.689 0.390 -5.237
v -0.345 0.390 -5.271
v -0.000 0.390 -5.282
v 0.345 0.390 -5.271
v 0.689 0.390 -5.237
v 1.031 0.390 -5.181
v 1.367 0.390 -5.102
v 1.698 0.390 -5.002
v 2.021 0.390 -4.880
v 2.336 0.390 -4.738
v 2.641 0.390 -4.575
v 2.935 0.390 -4.392
v 3.216 0.390 -4.191
v 3.483 0.390 -3.971
v 3.735 0.390 -3.735
v 3.971 0.390 -3.483
v 4.191 0.390 -3.216
v 4.392 0.390 -2.935
v 4.575 0.390 -2.641
v 4.738 0.390 -2.336
v 4.880 0.390 -2.021
v 5.002 0.390 -1.698
v 5.102 0.390 -1.367
v 5.181 0.390 -1.031
v 5.237 0.390 -0.689
v 5.271 0.390 -0.345
v 3.529 0.173 0.000
v 3.521 0.173 0.231
v 3.498 0.173 0.461
v 3.461 0.173 0.688
v 3.408 0.173 0.913
v 3.341 0.173 1.134
v 3.260 0.173 1.350
v 3.165 0.173 1.561
v 3.056 0.173 1.764
v 2.934 0.173 1.960
v 2.799 0.173 2.148
v 2.653 0.173 2.327
v 2.495 0.173 2.495
v 2.327 0.173 2.653
v 2.148 0.173 2.799
v 1.960 0.173 2.934
v 1.764 0.173 3.056
v 1.561 0.173 3.165
v 1.350 0.173 3.260
v 1.134 0.173 3.341
v 0.913 0.173 3.408
v 0.688 0.173 3.461
v 0.461 0.173 3.498
v 0.231 0.173 3.521
v 0.000 0.173 3.529
v -0.231 0.173 3.521
v -0.461 0.173 3.498
v -0.688 0.173 3.461
v -0.913 0.173 3.408
v -1.134 0.173 3.341
v -1.350 0.173 3.260
v -1.561 0.173 3.165
v -1.764 0.173 3.056
v -1.960 0.173 2.934
v -2.148 0.173 2.799
v -2.327 0.173 2.653
v -2.495 0.173 2.495
v -2.653 0.173 2.327
v -2.799 0.173 2.148
v -2.934 0.173 1.960
v -3.056 0.173 1.764
v -3.165 0.173 1.561
v -3.260 0.173 1.350
v -3.341 0.173 1.134
v -3.408 0.173 0.913
v -3.461 0.173 0.688
v -3.498 0.173 0.461
v -3.521 0.173 0.231
v -3.529 0.173 0.000
v -3.521 0.173 -0.231
v -3.498 0.173 -0.461
v -3.461 0.173 -0.688
v -3.408 0.173 -0.913
v -3.341 0.173 -1.134
v -3.260 0.173 -1.350
v -3.165 0.173 -1.561
v -3.056 0.173 -1.764
v -2.934 0.173 -1.960
v -2.799 0.173 -2.148
v -2.653 0.173 -2.327
v -2.495 0.173 -2.495
v -2.327 0.173 -2.653
v -2.148 0.173 -2.799
v -1.960 0.173 -2.934
v -1.764 0.173 -3.056
v -1.561 0.173 -3.165
v -1.350 0.173 -3.260
v -1.134 0.173 -3.341
v -0.913 0.173 -3.408
v -0.688 0.173 -3.461
v -0.461 0.173 -3.498
v -0.231 0.173 -3.521
v -0.000 0.173 -3.529
v 0.231 0.173 -3.521
v 0.461 0.173 -3.498
v 0.688 0.173 -3.461
v 0.913 0.173 -3.408
v 1.134 0.173 -3.341
v 1.350 0.173 -3.260
v 1.561 0.173 -3.165
v 1.764 0.173 -3.056
v 1.960 0.173 -2.934
v 2.148 0.173 -2.799
v 2.327 0.173 -2.653
v 2.495 0.173 -2.495
v 2.653 0.173 -2.327
v 2.799 0.173 -2.148
v 2.934 0.173 -1.960
v 3.056 0.173 -1.764
v 3.165 0.173 -1.561
v 3.260 0.173 -1.350
v 3.341 0.173 -1.134
v 3.408 0.173 -0.913
v 3.461 0.173 -0.688
v 3.498 0.173 -0.461
v 3.521 0.173 -0.231
v 1.766 0.043 0.000
v 1.763 0.043 0.116
v 1.751 0.043 0.231
v 1.732 0.043 0.345
v 1.706 0.043 0.457
v 1.673 0.043 0.568
v 1.632 0.043 0.676
v 1.584 0.043 0.781
v 1.530 0.043 0.883
v 1.469 0.043 0.981
v 1.401 0.043 1.075
v 1.328 0.043 1.165
v 1.249 0.043 1.249
v 1.165 0.043 1.328
v 1.075 0.043 1.401
v 0.981 0.043 1.469
v 0.883 0.043 1.530
v 0.781 0.043 1.584
v 0.676 0.043 1.632
v 0.568 0.043 1.673
v 0.457 0.043 1.706
v 0.345 0.043 1.732
v 0.231 0.043 1.751
v 0.116 0.043 1.763
v 0.000 0.043 1.766
v -0.116 0.043 1.763
v -0.231 0.043 1.751
v -0.345 0.043 1.732
v -0.457 0.043 1.706
v -0.568 0.043 1.673
v -0.676 0.043 1.632
v -0.781 0.043 1.584
v -0.883 0.043 1.530
v -0.981 0.043 1.469
v -1.075 0.043 1.401
v -1.165 0.043 1.328
v -1.249 0.043 1.249
v -1.328 0.043 1.165
v -1.401 0.043 1.075
v -1.469 0.043 0.981
v -1.530 0.043 0.883
v -1.584 0.043 0.781
v -1.632 0.043 0.676
v -1.673 0.043 0.568
v -1.706 0.043 0.457
v -1.732 0.043 0.345
v -1.751 0.043 0.231
v -1.763 0.043 0.116
v -1.766 0.043 0.000
v -1.763 0.043 -0.116
v -1.751 0.043 -0.231
v -1.732 0.043 -0.345
v -1.706 0.043 -0.457
v -1.673 0.043 -0.568
v -1.632 0.043 -0.676
v -1.584 0.043 -0.781
v -1.530 0.043 -0.883
v -1.469 0.043 -0.981
v -1.401 0.043 -1.075
v -1.328 0.043 -1.165
v -1.249 0.043 -1.249
v -1.165 0.043 -1.328
v -1.075 0.043 -1.401
v -0.981 0.043 -1.469
v -0.883 0.043 -1.530
v -0.781 0.043 -1.584
v -0.676 0.043 -1.632
v -0.568 0.043 -1.673
v -0.457 0.043 -1.706
v -0.345 0.043 -1.732
v -0.231 0.043 -1.751
v -0.116 0.043 -1.763
v -0.000 0.043 -1.766
v 0.116 0.043 -1.763
v 0.231 0.043 -1.751
v 0.345 0.043 -1.732
v 0.457 0.043 -1.706
v 0.568 0.043 -1.673
v 0.676 0.043 -1.632
v 0.781 0.043 -1.584
v 0.883 0.043 -1.530
v 0.981 0.043 -1.469
v 1.075 0.043 -1.401
v 1.165 0.043 -1.328
v 1.249 0.043 -1.249
v 1.328 0.043 -1.165
v 1.401 0.043 -1.075
v 1.469 0.043 -0.981
v 1.530 0.043 -0.883
v 1.584 0.043 -0.781
v 1.632 0.043 -0.676
v 1.673 0.043 -0.568
v 1.706 0.043 -0.457
v 1.732 0.043 -0.345
v 1.751 0.043 -0.231
v 1.763 0.043 -0.116
v 0.000 0.000 0.000
v 0.000 0.000 0.000
v 0.000 0.000 0.000
v 0.000 0.000 0.000
v 0.000 0.000 0.000
v 0.000 0.000 0.000
v 0.000 0.000 0.000
v 0.000 0.000 0.000
v 0.000 0.000 0.000
v 0.000 0.000 0.000
v 0.000 0.000 0.000
v 0.000 0.000 0.000
v 0.000 0.000 0.000
v 0.000 0.000 0.000
v 0.000 0.000 0.000
v 0.000 0.000 0.000
v 0.000 0.000 0.000
v 0.000 0.000 0.000
v 0.000 0.000 0.000
v 0.000 0.000 0.000
v 0.000 0.000 0.000
v 0.000 0.000 0.000
v 0.000 0.000 0.000
v 0.000 0.000 0.000
v 0.000 0.000 0.000
v -0.000 0.000 0.000
v -0.000 0.000 0.000
v -0.000 0.000 0.000
v -0.000 0.000 0.000
v -0.000 0.000 0.000
v -0.000 0.000 0.000
v -0.000 0.000 0.000
v -0.000 0.000 0.000
v -0.000 0.000 0.000
v -0.000 0.000 0.000
v -0.000 0.000 0.000
v -0.000 0.000 0.000
v -0.000 0.000 0.000
v -0.000 0.000 0.000
v -0.000 0.000 0.000
v -0.000 0.000 0.000
v -0.000 0.000 0.000
v -0.000 0.000 0.000
v -0.000 0.000 0.000
v -0.000 0.000 0.000
v -0.000 0.000 0.000
v -0.000 0.000 0.000
v -0.000 0.000 0.000
v -0.000 0.000 0.000
v -0.000 0.000 -0.000
v -0.000 0.000 -0.000
v -0.000 0.000 -0.000
v -0.000 0.000 -0.000
v -0.000 0.000 -0.000
v -0.000 0.000 -0.000
v -0.000 0.000 -0.000
v -0.000 0.000 -0.000
v -0.000 0.000 -0.000
v -0.000 0.000 -0.000
v -0.000 0.000 -0.000
v -0.000 0.000 -0.000
v -0.000 0.000 -0.000
v -0.000 0.000 -0.000
v -0.000 0.000 -0.000
v -0.000 0.000 -0.000
v -0.000 0.000 -0.000
v -0.000 0.000 -0.000
v -0.000 0.000 -0.000
v -0.000 0.000 -0.000
v -0.000 0.000 -0.000
v -0.000 0.000 -0.000
v -0.000 0.000 -0.000
v -0.000 0.000 -0.000
v 0.000 0.000 -0.000
v 0.000 0.000 -0.000
v 0.000 0.000 -0.000
v 0.000 0.000 -0.000
v 0.000 0.000 -0.000
v 0.000 0.000 -0.000
v 0.000 0.000 -0.000
v 0.000 0.000 -0.000
v 0.000 0.000 -0.000
v 0.000 0.000 -0.000
v 0.000 0.000 -0.000
v 0.000 0.000 -0.000
v 0.000 0.000 -0.000
v 0.000 0.000 -0.000
v 0.000 0.000 -0.000
v 0.000 0.000 -0.000
v 0.000 0.000 -0.000
v 0.000 0.000 -0.000
v 0.000 0.000 -0.000
v 0.000 0.000 -0.000
v 0.000 0.000 -0.000
v 0.000 0.000 -0.000
v 0.000 0.000 -0.000
v 0.000 69.000 0.000
v 0.000 69.000 0.000
v 0.000 69.000 0.000
v 0.000 69.000 0.000
v 0.000 69.000 0.000
v 0.000 69.000 0.000
v 0.000 69.000 0.000
v 0.000 69.000 0.000
v 0.000 69.000 0.000
v 0.000 69.000 0.000
v 0.000 69.000 0.000
v 0.000 69.000 0.000
v 0.000 69.000 0.000
v 0.000 69.000 0.000
v 0.000 69.000 0.000
v 0.000 69.000 0.000
v 0.000 69.000 0.000
v 0.000 69.000 0.000
v 0.000 69.000 0.000
v 0.000 69.000 0.000
v 0.000 69.000 0.000
v 0.000 69.000 0.000
v 0.000 69.000 0.000
v 0.000 69.000 0.000
v 0.000 69.000 0.000
v 0.000 69.000 0.000
v 0.000 69.000 0.000
v 0.000 69.000 0.000
v 0.000 69.000 0.000
v 0.000 69.000 0.000
v 0.000 69.000 0.000
v 0.000 69.000 0.000
v 4.307 68.718 0.000
v 4.225 68.718 0.840
v 3.979 68.718 1.648
v 3.581 68.718 2.393
v 3.046 68.718 3.046
v 2.393 68.718 3.581
v 1.648 68.718 3.979
v 0.840 68.718 4.225
v 0.000 68.718 4.307
v -0.840 68.718 4.225
v -1.648 68.718 3.979
v -2.393 68.718 3.581
v -3.046 68.718 3.046
v -3.581 68.718 2.393
v -3.979 68.718 1.648
v -4.225 68.718 0.840
v -4.307 68.718 0.000
v -4.225 68.718 -0.840
v -3.979 68.718 -1.648
v -3.581 68.718 -2.393
v -3.046 68.718 -3.046
v -2.393 68.718 -3.581
v -1.648 68.718 -3.979
v -0.840 68.718 -4.225
v -0.000 68.718 -4.307
v 0.840 68.718 -4.225
v 1.648 68.718 -3.979
v 2.393 68.718 -3.581
v 3.046 68.718 -3.046
v 3.581 68.718 -2.393
v 3.979 68.718 -1.648
v 4.225 68.718 -0.840
v 8.541 67.876 0.000
v 8.377 67.876 1.666
v 7.891 67.876 3.269
v 7.102 67.876 4.745
v 6.039 67.876 6.039
v 4.745 67.876 7.102
v 3.269 67.876 7.891
v 1.666 67.876 8.377
v 0.000 67.876 8.541
v -1.666 67.876 8.377
v -3.269 67.876 7.891
v -4.745 67.876 7.102
v -6.039 67.876 6.039
v -7.102 67.876 4.745
v -7.891 67.876 3.269
v -8.377 67.876 1.666
v -8.541 67.876 0.000
v -8.377 67.876 -1.666
v -7.891 67.876 -3.269
v -7.102 67.876 -4.745
v -6.039 67.876 -6.039
v -4.745 67.876 -7.102
v -3.269 67.876 -7.891
v -1.666 67.876 -8.377
v -0.000 67.876 -8.541
v 1.666 67.876 -8.377
v 3.269 67.876 -7.891
v 4.745 67.876 -7.102
v 6.039 67.876 -6.039
v 7.102 67.876 -4.745
v 7.891 67.876 -3.269
v 8.377 67.876 -1.666
v 12.629 66.488 0.000
v 12.386 66.488 2.464
v 11.667 66.488 4.833
v 10.500 66.488 7.016
v 8.930 66.488 8.930
v 7.016 66.488 10.500
v 4.833 66.488 11.667
v 2.464 66.488 12.386
v 0.000 66.488 12.629
v -2.464 66.488 12.386
v -4.833 66.488 11.667
v -7.016 66.488 10.500
v -8.930 66.488 8.930
v -10.500 66.488 7.016
v -11.667 66.488 4.833
v -12.386 66.488 2.464
v -12.629 66.488 0.000
v -12.386 66.488 -2.464
v -11.667 66.488 -4.833
v -10.500 66.488 -7.016
v -8.930 66.488 -8.930
v -7.016 66.488 -10.500
v -4.833 66.488 -11.667
v -2.464 66.488 -12.386
v -0.000 66.488 -12.629
v 2.464 66.488 -12.386
v 4.833 66.488 -11.667
v 7.016 66.488 -10.500
v 8.930 66.488 -8.930
v 10.500 66.488 -7.016
v 11.667 66.488 -4.833
v 12.386 66.488 -2.464
v 16.500 64.579 0.000
v 16.183 64.579 3.219
v 15.244 64.579 6.314
v 13.719 64.579 9.167
v 11.667 64.579 11.667
v 9.167 64.579 13.719
v 6.314 64.579 15.244
v 3.219 64.579 16.183
v 0.000 64.579 16.500
v -3.219 64.579 16.183
v -6.314 64.579 15.244
v -9.167 64.579 13.719
v -11.667 64.579 11.667
v -13.719 64.579 9.167
v -15.244 64.579 6.314
v -16.183 64.579 3.219
v -16.500 64.579 0.000
v -16.183 64.579 -3.219
v -15.244 64.579 -6.314
v -13.719 64.579 -9.167
v -11.667 64.579 -11.667
v -9.167 64.579 -13.719
v -6.314 64.579 -15.244
v -3.219 64.579 -16.183
v -0.000 64.579 -16.500
v 3.219 64.579 -16.183
v 6.314 64.579 -15.244
v 9.167 64.579 -13.719
v 11.667 64.579 -11.667
v 13.719 64.579 -9.167
v 15.244 64.579 -6.314
v 16.183 64.579 -3.219
v 20.089 62.181 0.000
v 19.703 62.181 3.919
v 18.560 62.181 7.688
v 16.703 62.181 11.161
v 14.205 62.181 14.205
v 11.161 62.181 16.703
v 7.688 62.181 18.560
v 3.919 62.181 19.703
v 0.000 62.181 20.089
v -3.919 62.181 19.703
v -7.688 62.181 18.560
v -11.161 62.181 16.703
v -14.205 62.181 14.205
v -16.703 62.181 11.161
v -18.560 62.181 7.688
v -19.703 62.181 3.919
v -20.089 62.181 0.000
v -19.703 62.181 -3.919
v -18.560 62.181 -7.688
v -16.703 62.181 -11.161
v -14.205 62.181 -14.205
v -11.161 62.181 -16.703
v -7.688 62.181 -18.560
v -3.919 62.181 -19.703
v -0.000 62.181 -20.089
v 3.919 62.181 -19.703
v 7.688 62.181 -18.560
v 11.161 62.181 -16.703
v 14.205 62.181 -14.205
v 16.703 62.181 -11.161
v 18.560 62.181 -7.688
v 19.703 62.181 -3.919
v 23.335 59.335 0.000
v 22.886 59.335 4.552
v 21.558 59.335 8.930
v 19.402 59.335 12.964
v 16.500 59.335 16.500
v 12.964 59.335 19.402
v 8.930 59.335 21.558
v 4.552 59.335 22.886
v 0.000 59.335 23.335
v -4.552 59.335 22.886
v -8.930 59.335 21.558
v -12.964 59.335 19.402
v -16.500 59.335 16.500
v -19.402 59.335 12.964
v -21.558 59.335 8.930
v -22.886 59.335 4.552
v -23.335 59.335 0.000
v -22.886 59.335 -4.552
v -21.558 59.335 -8.930
v -19.402 59.335 -12.964
v -16.500 59.335 -16.500
v -12.964 59.335 -19.402
v -8.930 59.335 -21.558
v -4.552 59.335 -22.886
v -0.000 59.335 -23.335
v 4.552 59.335 -22.886
v 8.930 59.335 -21.558
v 12.964 59.335 -19.402
v 16.500 59.335 -16.500
v 19.402 59.335 -12.964
v 21.558 59.335 -8.930
v 22.886 59.335 -4.552
v 26.181 56.089 0.000
v 25.678 56.089 5.108
v 24.188 56.089 10.019
v 21.768 56.089 14.545
v 18.513 56.089 18.513
v 14.545 56.089 21.768
v 10.019 56.089 24.188
v 5.108 56.089 25.678
v 0.000 56.089 26.181
v -5.108 56.089 25.678
v -10.019 56.089 24.188
v -14.545 56.089 21.768
v -18.513 56.089 18.513
v -21.768 56.089 14.545
v -24.188 56.089 10.019
v -25.678 56.089 5.108
v -26.181 56.089 0.000
v -25.678 56.089 -5.108
v -24.188 56.089 -10.019
v -21.768 56.089 -14.545
v -18.513 56.089 -18.513
v -14.545 56.089 -21.768
v -10.019 56.089 -24.188
v -5.108 56.089 -25.678
v -0.000 56.089 -26.181
v 5.108 56.089 -25.678
v 10.019 56.089 -24.188
v 14.545 56.089 -21.768
v 18.513 56.089 -18.513
v 21.768 56.089 -14.545
v 24.188 56.089 -10.019
v 25.678 56.089 -5.108
v 28.579 52.500 0.000
v 28.030 52.500 5.575
v 26.403 52.500 10.937
v 23.762 52.500 15.878
v 20.208 52.500 20.208
v 15.878 52.500 23.762
v 10.937 52.500 26.403
v 5.575 52.500 28.030
v 0.000 52.500 28.579
v -5.575 52.500 28.030
v -10.937 52.500 26.403
v -15.878 52.500 23.762
v -20.208 52.500 20.208
v -23.762 52.500 15.878
v -26.403 52.500 10.937
v -28.030 52.500 5.575
v -28.579 52.500 0.000
v -28.030 52.500 -5.575
v -26.403 52.500 -10.937
v -23.762 52.500 -15.878
v -20.208 52.500 -20.208
v -15.878 52.500 -23.762
v -10.937 52.500 -26.403
v -5.575 52.500 -28.030
v -0.000 52.500 -28.579
v 5.575 52.500 -28.030
v 10.937 52.500 -26.403
v 15.878 52.500 -23.762
v 20.208 52.500 -20.208
v 23.762 52.500 -15.878
v 26.403 52.500 -10.937
v 28.030 52.500 -5.575
v 30.488 48.629 0.000
v 29.902 48.629 5.948
v 28.167 48.629 11.667
v 25.350 48.629 16.938
v 21.558 48.629 21.558
v 16.938 48.629 25.350
v 11.667 48.629 28.167
v 5.948 48.629 29.902
v 0.000 48.629 30.488
v -5.948 48.629 29.902
v -11.667 48.629 28.167
v -16.938 48.629 25.350
v -21.558 48.629 21.558
v -25.350 48.629 16.938
v -28.167 48.629 11.667
v -29.902 48.629 5.948
v -30.488 48.629 0.000
v -29.902 48.629 -5.948
v -28.167 48.629 -11.667
v -25.350 48.629 -16.938
v -21.558 48.629 -21.558
v -16.938 48.629 -25.350
v -11.667 48.629 -28.167
v -5.948 48.629 -29.902
v -0.000 48.629 -30.488
v 5.948 48.629 -29.902
v 11.667 48.629 -28.167
v 16.938 48.629 -25.350
v 21.558 48.629 -21.558
v 25.350 48.629 -16.938
v 28.167 48.629 -11.667
v 29.902 48.629 -5.948
v 31.876 44.541 0.000
v 31.263 44.541 6.219
v 29.449 44.541 12.198
v 26.504 44.541 17.709
v 22.539 44.541 22.539
v 17.709 44.541 26.504
v 12.198 44.541 29.449
v 6.219 44.541 31.263
v 0.000 44.541 31.876
v -6.219 44.541 31.263
v -12.198 44.541 29.449
v -17.709 44.541 26.504
v -22.539 44.541 22.539
v -26.504 44.541 17.709
v -29.449 44.541 12.198
v -31.263 44.541 6.219
v -31.876 44.541 0.000
v -31.263 44.541 -6.219
v -29.449 44.541 -12.198
v -26.504 44.541 -17.709
v -22.539 44.541 -22.539
v -17.709 44.541 -26.504
v -12.198 44.541 -29.449
v -6.219 44.541 -31.263
v -0.000 44.541 -31.876
v 6.219 44.541 -31.263
v 12.198 44.541 -29.449
v 17.709 44.541 -26.504
v 22.539 44.541 -22.539
v 26.504 44.541 -17.709
v 29.449 44.541 -12.198
v 31.263 44.541 -6.219
v 32.718 40.307 0.000
v 32.089 40.307 6.383
v 30.227 40.307 12.521
v 27.204 40.307 18.177
v 23.135 40.307 23.135
v 18.177 40.307 27.204
v 12.521 40.307 30.227
v 6.383 40.307 32.089
v 0.000 40.307 32.718
v -6.383 40.307 32.089
v -12.521 40.307 30.227
v -18.177 40.307 27.204
v -23.135 40.307 23.135
v -27.204 40.307 18.177
v -30.227 40.307 12.521
v -32.089 40.307 6.383
v -32.718 40.307 0.000
v -32.089 40.307 -6.383
v -30.227 40.307 -12.521
v -27.204 40.307 -18.177
v -23.135 40.307 -23.135
v -18.177 40.307 -27.204
v -12.521 40.307 -30.227
v -6.383 40.307 -32.089
v -0.000 40.307 -32.718
v 6.383 40.307 -32.089
v 12.521 40.307 -30.227
v 18.177 40.307 -27.204
v 23.135 40.307 -23.135
v 27.204 40.307 -18.177
v 30.227 40.307 -12.521
v 32.089 40.307 -6.383
v 33.000 36.000 0.000
v 32.366 36.000 6.438
v 30.488 36.000 12.629
v 27.438 36.000 18.334
v 23.335 36.000 23.335
v 18.334 36.000 27.438
v 12.629 36.000 30.488
v 6.438 36.000 32.366
v 0.000 36.000 33.000
v -6.438 36.000 32.366
v -12.629 36.000 30.488
v -18.334 36.000 27.438
v -23.335 36.000 23.335
v -27.438 36.000 18.334
v -30.488 36.000 12.629
v -32.366 36.000 6.438
v -33.000 36.000 0.000
v -32.366 36.000 -6.438
v -30.488 36.000 -12.629
v -27.438 36.000 -18.334
v -23.335 36.000 -23.335
v -18.334 36.000 -27.438
v -12.629 36.000 -30.488
v -6.438 36.000 -32.366
v -0.000 36.000 -33.000
v 6.438 36.000 -32.366
v 12.629 36.000 -30.488
v 18.334 36.000 -27.438
v 23.335 36.000 -23.335
v 27.438 36.000 -18.334
v 30.488 36.000 -12.629
v 32.366 36.000 -6.438
v 32.718 31.693 0.000
v 32.089 31.693 6.383
v 30.227 31.693 12.521
v 27.204 31.693 18.177
v 23.135 31.693 23.135
v 18.177 31.693 27.204
v 12.521 31.693 30.227
v 6.383 31.693 32.089
v 0.000 31.693 32.718
v -6.383 31.693 32.089
v -12.521 31.693 30.227
v -18.177 31.693 27.204
v -23.135 31.693 23.135
v -27.204 31.693 18.177
v -30.227 31.693 12.521
v -32.089 31.693 6.383
v -32.718 31.693 0.000
v -32.089 31.693 -6.383
v -30.227 31.693 -12.521
v -27.204 31.693 -18.177
v -23.135 31.693 -23.135
v -18.177 31.693 -27.204
v -12.521 31.693 -30.227
v -6.383 31.693 -32.089
v -0.000 31.693 -32.718
v 6.383 31.693 -32.089
v 12.521 31.693 -30.227
v 18.177 31.693 -27.204
v 23.135 31.693 -23.135
v 27.204 31.693 -18.177
v 30.227 31.693 -12.521
v 32.089 31.693 -6.383
v 31.876 27.459 0.000
v 31.263 27.459 6.219
v 29.449 27.459 12.198
v 26.504 27.459 17.709
v 22.539 27.459 22.539
v 17.709 27.459 26.504
v 12.198 27.459 29.449
v 6.219 27.459 31.263
v 0.000 27.459 31.876
v -6.219 27.459 31.263
v -12.198 27.459 29.449
v -17.709 27.459 26.504
v -22.539 27.459 22.539
v -26.504 27.459 17.709
v -29.449 27.459 12.198
v -31.263 27.459 6.219
v -31.876 27.459 0.000
v -31.263 27.459 -6.219
v -29.449 27.459 -12.198
v -26.504 27.459 -17.709
v -22.539 27.459 -22.539
v -17.709 27.459 -26.504
v -12.198 27.459 -29.449
v -6.219 27.459 -31.263
v -0.000 27.459 -31.876
v 6.219 27.459 -31.263
v 12.198 27.459 -29.449
v 17.709 27.459 -26.504
v 22.539 27.459 -22.539
v 26.504 27.459 -17.709
v 29.449 27.459 -12.198
v 31.263 27.459 -6.219
v 30.488 23.371 0.000
v 29.902 23.371 5.948
v 28.167 23.371 11.667
v 25.350 23.371 16.938
v 21.558 23.371 21.558
v 16.938 23.371 25.350
v 11.667 23.371 28.167
v 5.948 23.371 29.902
v 0.000 23.371 30.488
v -5.948 23.371 29.902
v -11.667 23.371 28.167
v -16.938 23.371 25.350
v -21.558 23.371 21.558
v -25.350 23.371 16.938
v -28.167 23.371 11.667
v -29.902 23.371 5.948
v -30.488 23.371 0.000
v -29.902 23.371 -5.948
v -28.167 23.371 -11.667
v -25.350 23.371 -16.938
v -21.558 23.371 -21.558
v -16.938 23.371 -25.350
v -11.667 23.371 -28.167
v -5.948 23.371 -29.902
v -0.000 23.371 -30.488
v 5.948 23.371 -29.902
v 11.667 23.371 -28.167
v 16.938 23.371 -25.350
v 21.558 23.371 -21.558
v 25.350 23.371 -16.938
v 28.167 23.371 -11.667
v 29.902 23.371 -5.948
v 28.579 19.500 0.000
v 28.030 19.500 5.575
v 26.403 19.500 10.937
v 23.762 19.500 15.878
v 20.208 19.500 20.208
v 15.878 19.500 23.762
v 10.937 19.500 26.403
v 5.575 19.500 28.030
v 0.000 19.500 28.579
v -5.575 19.500 28.030
v -10.937 19.500 26.403
v -15.878 19.500 23.762
v -20.208 19.500 20.208
v -23.762 19.500 15.878
v -26.403 19.500 10.937
v -28.030 19.500 5.575
v -28.579 19.500 0.000
v -28.030 19.500 -5.575
v -26.403 19.500 -10.937
v -23.762 19.500 -15.878
v -20.208 19.500 -20.208
v -15.878 19.500 -23.762
v -10.937 19.500 -26.403
v -5.575 19.500 -28.030
v -0.000 19.500 -28.579
v 5.575 19.500 -28.030
v 10.937 19.500 -26.403
v 15.878 19.500 -23.762
v 20.208 19.500 -20.208
v 23.762 19.500 -15.878
v 26.403 19.500 -10.937
v 28.030 19.500 -5.575
v 26.181 15.911 0.000
v 25.678 15.911 5.108
v 24.188 15.911 10.019
v 21.768 15.911 14.545
v 18.513 15.911 18.513
v 14.545 15.911 21.768
v 10.019 15.911 24.188
v 5.108 15.911 25.678
v 0.000 15.911 26.181
v -5.108 15.911 25.678
v -10.019 15.911 24.188
v -14.545 15.911 21.768
v -18.513 15.911 18.513
v -21.768 15.911 14.545
v -24.188 15.911 10.019
v -25.678 15.911 5.108
v -26.181 15.911 0.000
v -25.678 15.911 -5.108
v -24.188 15.911 -10.019
v -21.768 15.911 -14.545
v -18.513 15.911 -18.513
v -14.545 15.911 -21.768
v -10.019 15.911 -24.188
v -5.108 15.911 -25.678
v -0.000 15.911 -26.181
v 5.108 15.911 -25.678
v 10.019 15.911 -24.188
v 14.545 15.911 -21.768
v 18.513 15.911 -18.513
v 21.768 15.911 -14.545
v 24.188 15.911 -10.019
v 25.678 15.911 -5.108
v 23.335 12.665 0.000
v 22.886 12.665 4.552
v 21.558 12.665 8.930
v 19.402 12.665 12.964
v 16.500 12.665 16.500
v 12.964 12.665 19.402
v 8.930 12.665 21.558
v 4.552 12.665 22.886
v 0.000 12.665 23.335
v -4.552 12.665 22.886
v -8.930 12.665 21.558
v -12.964 12.665 19.402
v -16.500 12.665 16.500
v -19.402 12.665 12.964
v -21.558 12.665 8.930
v -22.886 12.665 4.552
v -23.335 12.665 0.000
v -22.886 12.665 -4.552
v -21.558 12.665 -8.930
v -19.402 12.665 -12.964
v -16.500 12.665 -16.500
v -12.964 12.665 -19.402
v -8.930 12.665 -21.558
v -4.552 12.665 -22.886
v -0.000 12.665 -23.335
v 4.552 12.665 -22.886
v 8.930 12.665 -21.558
v 12.964 12.665 -19.402
v 16.500 12.665 -16.500
v 19.402 12.665 -12.964
v 21.558 12.665 -8.930
v 22.886 12.665 -4.552
v 20.089 9.819 0.000
v 19.703 9.819 3.919
v 18.560 9.819 7.688
v 16.703 9.819 11.161
v 14.205 9.819 14.205
v 11.161 9.819 16.703
v 7.688 9.819 18.560
v 3.919 9.819 19.703
v 0.000 9.819 20.089
v -3.919 9.819 19.703
v -7.688 9.819 18.560
v -11.161 9.819 16.703
v -14.205 9.819 14.205
v -16.703 9.819 11.161
v -18.560 9.819 7.688
v -19.703 9.819 3.919
v -20.089 9.819 0.000
v -19.703 9.819 -3.919
v -18.560 9.819 -7.688
v -16.703 9.819 -11.161
v -14.205 9.819 -14.205
v -11.161 9.819 -16.703
v -7.688 9.819 -18.560
v -3.919 9.819 -19.703
v -0.000 9.819 -20.089
v 3.919 9.819 -19.703
v 7.688 9.819 -18.560
v 11.161 9.819 -16.703
v 14.205 9.819 -14.205
v 16.703 9.819 -11.161
v 18.560 9.819 -7.688
v 19.703 9.819 -3.919
v 16.500 7.421 0.000
v 16.183 7.421 3.219
v 15.244 7.421 6.314
v 13.719 7.421 9.167
v 11.667 7.421 11.667
v 9.167 7.421 13.719
v 6.314 7.421 15.244
v 3.219 7.421 16.183
v 0.000 7.421 16.500
v -3.219 7.421 16.183
v -6.314 7.421 15.244
v -9.167 7.421 13.719
v -11.667 7.421 11.667
v -13.719 7.421 9.167
v -15.244 7.421 6.314
v -16.183 7.421 3.219
v -16.500 7.421 0.000
v -16.183 7.421 -3.219
v -15.244 7.421 -6.314
v -13.719 7.421 -9.167
v -11.667 7.421 -11.667
v -9.167 7.421 -13.719
v -6.314 7.421 -15.244
v -3.219 7.421 -16.183
v -0.000 7.421 -16.500
v 3.219 7.421 -16.183
v 6.314 7.421 -15.244
v 9.167 7.421 -13.719
v 11.667 7.421 -11.667
v 13.719 7.421 -9.167
v 15.244 7.421 -6.314
v 16.183 7.421 -3.219
v 12.629 5.512 0.000
v 12.386 5.512 2.464
v 11.667 5.512 4.833
v 10.500 5.512 7.016
v 8.930 5.512 8.930
v 7.016 5.512 10.500
v 4.833 5.512 11.667
v 2.464 5.512 12.386
v 0.000 5.512 12.629
v -2.464 5.512 12.386
v -4.833 5.512 11.667
v -7.016 5.512 10.500
v -8.930 5.512 8.930
v -10.500 5.512 7.016
v -11.667 5.512 4.833
v -12.386 5.512 2.464
v -12.629 5.512 0.000
v -12.386 5.512 -2.464
v -11.667 5.512 -4.833
v -10.500 5.512 -7.016
v -8.930 5.512 -8.930
v -7.016 5.512 -10.500
v -4.833 5.512 -11.667
v -2.464 5.512 -12.386
v -0.000 5.512 -12.629
v 2.464 5.512 -12.386
v 4.833 5.512 -11.667
v 7.016 5.512 -10.500
v 8.930 5.512 -8.930
v 10.500 5.512 -7.016
v 11.667 5.512 -4.833
v 12.386 5.512 -2.464
v 8.541 4.124 0.000
v 8.377 4.124 1.666
v 7.891 4.124 3.269
v 7.102 4.124 4.745
v 6.039 4.124 6.039
v 4.745 4.124 7.102
v 3.269 4.124 7.891
v 1.666 4.124 8.377
v 0.000 4.124 8.541
v -1.666 4.124 8.377
v -3.269 4.124 7.891
v -4.745 4.124 7.102
v -6.039 4.124 6.039
v -7.102 4.124 4.745
v -7.891 4.124 3.269
v -8.377 4.124 1.666
v -8.541 4.124 0.000
v -8.377 4.124 -1.666
v -7.891 4.124 -3.269
v -7.102 4.124 -4.745
v -6.039 4.124 -6.039
v -4.745 4.124 -7.102
v -3.269 4.124 -7.891
v -1.666 4.124 -8.377
v -0.000 4.124 -8.541
v 1.666 4.124 -8.377
v 3.269 4.124 -7.891
v 4.745 4.124 -7.102
v 6.039 4.124 -6.039
v 7.102 4.124 -4.745
v 7.891 4.124 -3.269
v 8.377 4.124 -1.666
v 4.307 3.282 0.000
v 4.225 3.282 0.840
v 3.979 3.282 1.648
v 3.581 3.282 2.393
v 3.046 3.282 3.046
v 2.393 3.282 3.581
v 1.648 3.282 3.979
v 0.840 3.282 4.225
v 0.000 3.282 4.307
v -0.840 3.282 4.225
v -1.648 3.282 3.979
v -2.393 3.282 3.581
v -3.046 3.282 3.046
v -3.581 3.282 2.393
v -3.979 3.282 1.648
v -4.225 3.282 0.840
v -4.307 3.282 0.000
v -4.225 3.282 -0.840
v -3.979 3.282 -1.648
v -3.581 3.282 -2.393
v -3.046 3.282 -3.046
v -2.393 3.282 -3.581
v -1.648 3.282 -3.979
v -0.840 3.282 -4.225
v -0.000 3.282 -4.307
v 0.840 3.282 -4.225
v 1.648 3.282 -3.979
v 2.393 3.282 -3.581
v 3.046 3.282 -3.046
v 3.581 3.282 -2.393
v 3.979 3.282 -1.648
v 4.225 3.282 -0.840
v 0.000 3.000 0.000
v 0.000 3.000 0.000
v 0.000 3.000 0.000
v 0.000 3.000 0.000
v 0.000 3.000 0.000
v 0.000 3.000 0.000
v 0.000 3.000 0.000
v 0.000 3.000 0.000
v 0.000 3.000 0.000
v -0.000 3.000 0.000
v -0.000 3.000 0.000
v -0.000 3.000 0.000
v -0.000 3.000 0.000
v -0.000 3.000 0.000
v -0.000 3.000 0.000
v -0.000 3.000 0.000
v -0.000 3.000 0.000
v -0.000 3.000 -0.000
v -0.000 3.000 -0.000
v -0.000 3.000 -0.000
v -0.000 3.000 -0.000
v -0.000 3.000 -0.000
v -0.000 3.000 -0.000
v -0.000 3.000 -0.000
v -0.000 3.000 -0.000
v 0.000 3.000 -0.000
v 0.000 3.000 -0.000
v 0.000 3.000 -0.000
v 0.000 3.000 -0.000
v 0.000 3.000 -0.000
v 0.000 3.000 -0.000
v 0.000 3.000 -0.000
v 0.000 72.000 -5.000
v 0.000 66.000 -5.000
v 1.545 72.000 -4.755
v 1.545 66.000 -4.755
v 2.939 72.000 -4.045
v 2.939 66.000 -4.045
v 4.045 72.000 -2.939
v 4.045 66.000 -2.939
v 4.755 72.000 -1.545
v 4.755 66.000 -1.545
v 5.000 72.000 -0.000
v 5.000 66.000 -0.000
v 4.755 72.000 1.545
v 4.755 66.000 1.545
v 4.045 72.000 2.939
v 4.045 66.000 2.939
v 2.939 72.000 4.045
v 2.939 66.000 4.045
v 1.545 72.000 4.755
v 1.545 66.000 4.755
v 0.000 72.000 5.000
v 0.000 66.000 5.000
v -1.545 72.000 4.755
v -1.545 66.000 4.755
v -2.939 72.000 4.045
v -2.939 66.000 4.045
v -4.045 72.000 2.939
v -4.045 66.000 2.939
v -4.755 72.000 1.545
v -4.755 66.000 1.545
v -5.000 72.000 0.000
v -5.000 66.000 0.000
v -4.755 72.000 -1.545
v -4.755 66.000 -1.545
v -4.045 72.000 -2.939
v -4.045 66.000 -2.939
v -2.939 72.000 -4.045
v -2.939 66.000 -4.045
v -1.545 72.000 -4.755
v -1.545 66.000 -4.755
v -10.404 70.503 4.726
v -8.670 64.983 3.137
v -8.924 70.864 5.084
v -7.190 65.344 3.496
v -7.590 71.055 5.878
v -5.856 65.535 4.290
v -6.531 71.056 7.029
v -4.797 65.536 5.441
v -5.851 70.868 8.426
v -4.117 65.348 6.837
v -5.617 70.509 9.930
v -3.883 64.989 8.342
v -5.851 70.013 11.395
v -4.117 64.493 9.807
v -6.531 69.431 12.678
v -4.797 63.911 11.090
v -7.590 68.818 13.653
v -5.856 63.298 12.064
v -8.924 68.234 14.224
v -7.190 62.714 12.635
v -10.404 67.737 14.336
v -8.670 62.217 12.747
v -11.883 67.376 13.977
v -10.149 61.856 12.388
v -13.217 67.185 13.183
v -11.483 61.665 11.595
v -14.276 67.184 12.032
v -12.542 61.664 10.443
v -14.956 67.372 10.635
v -13.222 61.852 9.047
v -15.190 67.731 9.131
v -13.456 62.211 7.543
v -14.956 68.227 7.666
v -13.222 62.707 6.077
v -14.276 68.809 6.383
v -12.542 63.289 4.795
v -13.217 69.422 5.408
v -11.483 63.902 3.820
v -11.883 70.006 4.837
v -10.149 64.486 3.249
v 6.689 66.240 -19.021
v 6.404 61.200 -15.778
v 6.331 67.078 -17.750
v 6.047 62.038 -14.507
v 5.521 67.835 -16.645
v 5.237 62.795 -13.402
v 4.338 68.435 -15.817
v 4.054 63.395 -12.573
v 2.898 68.820 -15.344
v 2.613 63.780 -12.101
v 1.341 68.953 -15.274
v 1.056 63.913 -12.031
v -0.181 68.820 -15.614
v -0.465 63.780 -12.371
v -1.517 68.435 -16.330
v -1.802 63.395 -13.087
v -2.538 67.835 -17.353
v -2.822 62.795 -14.110
v -3.143 67.078 -18.581
v -3.427 62.038 -15.338
v -3.273 66.240 -19.895
v -3.558 61.200 -16.652
v -2.916 65.402 -21.167
v -3.201 60.362 -17.924
v -2.106 64.645 -22.271
v -2.391 59.605 -19.028
v -0.923 64.045 -23.100
v -1.208 59.005 -19.857
v 0.518 63.660 -23.573
v 0.233 58.620 -20.329
v 2.075 63.527 -23.642
v 1.790 58.487 -20.399
v 3.596 63.660 -23.302
v 3.311 58.620 -20.059
v 4.932 64.045 -22.586
v 4.648 59.005 -19.343
v 5.953 64.645 -21.564
v 5.669 59.605 -18.321
v 6.558 65.402 -20.335
v 6.274 60.362 -17.092
v 10.268 63.360 21.610
v 7.895 58.800 18.516
v 9.748 64.364 20.529
v 7.375 59.804 17.435
v 9.667 65.270 19.257
v 7.294 60.710 16.162
v 10.033 65.989 17.916
v 7.660 61.429 14.822
v 10.811 66.451 16.640
v 8.438 61.891 13.545
v 11.924 66.610 15.552
v 9.551 62.050 12.458
v 13.263 66.451 14.760
v 10.890 61.891 11.665
v 14.698 65.989 14.340
v 12.325 61.429 11.245
v 16.087 65.270 14.334
v 13.714 60.710 11.240
v 17.295 64.364 14.743
v 14.922 59.804 11.648
v 18.204 63.360 15.526
v 15.831 58.800 12.431
v 18.724 62.356 16.607
v 16.351 57.796 13.512
v 18.805 61.450 17.879
v 16.432 56.890 14.785
v 18.439 60.731 19.220
v 16.066 56.171 16.125
v 17.661 60.269 20.496
v 15.288 55.709 17.401
v 16.548 60.110 21.584
v 14.175 55.550 18.489
v 15.209 60.269 22.376
v 12.836 55.709 19.282
v 13.774 60.731 22.796
v 11.401 56.171 19.701
v 12.385 61.450 22.802
v 10.012 56.890 19.707
v 11.176 62.356 22.393
v 8.804 57.796 19.299
v -25.121 60.480 -9.521
v -20.789 56.400 -8.755
v -24.129 61.613 -9.097
v -19.797 57.533 -8.331
v -23.320 62.635 -8.233
v -18.988 58.555 -7.467
v -22.772 63.446 -7.013
v -18.440 59.366 -6.246
v -22.539 63.967 -5.556
v -18.207 59.887 -4.790
v -22.644 64.146 -4.005
v -18.312 60.066 -3.239
v -23.077 63.967 -2.513
v -18.745 59.887 -1.747
v -23.795 63.446 -1.225
v -19.463 59.366 -0.458
v -24.729 62.635 -0.266
v -20.397 58.555 0.500
v -25.786 61.613 0.268
v -21.454 57.533 1.034
v -26.863 60.480 0.326
v -22.531 56.400 1.092
v -27.855 59.347 -0.098
v -23.523 55.267 0.668
v -28.665 58.325 -0.962
v -24.333 54.245 -0.196
v -29.213 57.514 -2.183
v -24.881 53.434 -1.416
v -29.445 56.993 -3.639
v -25.113 52.913 -2.873
v -29.340 56.814 -5.190
v -25.008 52.734 -4.424
v -28.907 56.993 -6.682
v -24.575 52.913 -5.916
v -28.189 57.514 -7.971
v -23.857 53.434 -7.204
v -27.255 58.325 -8.929
v -22.923 54.245 -8.163
v -26.198 59.347 -9.463
v -21.866 55.267 -8.697
v 26.984 57.600 -11.239
v 22.934 54.000 -8.663
v 26.070 58.836 -10.948
v 22.020 55.236 -8.372
v 24.983 59.951 -11.098
v 20.933 56.351 -8.522
v 23.830 60.836 -11.675
v 19.780 57.236 -9.099
v 22.722 61.404 -12.623
v 18.672 57.804 -10.046
v 21.769 61.600 -13.848
v 17.719 58.000 -11.271
v 21.063 61.404 -15.230
v 17.013 57.804 -12.654
v 20.675 60.836 -16.635
v 16.625 57.236 -14.059
v 20.641 59.951 -17.924
v 16.591 56.351 -15.348
v 20.966 58.836 -18.972
v 16.916 55.236 -16.396
v 21.617 57.600 -19.677
v 17.566 54.000 -17.100
v 22.530 56.364 -19.968
v 18.480 52.764 -17.391
v 23.617 55.249 -19.817
v 19.567 51.649 -17.241
v 24.771 54.364 -19.240
v 20.721 50.764 -16.664
v 25.878 53.796 -18.293
v 21.828 50.196 -15.717
v 26.831 53.600 -17.068
v 22.781 50.000 -14.492
v 27.537 53.796 -15.685
v 23.487 50.196 -13.109
v 27.925 54.364 -14.281
v 23.875 50.764 -11.704
v 27.959 55.249 -12.991
v 23.909 51.649 -10.415
v 27.635 56.364 -11.943
v 23.585 52.764 -9.367
v -12.811 54.720 28.398
v -11.481 51.600 23.448
v -12.366 56.040 27.685
v -11.036 52.920 22.736
v -11.492 57.230 27.170
v -10.162 54.110 22.220
v -10.275 58.175 26.901
v -8.944 55.055 21.952
v -8.833 58.782 26.907
v -7.503 55.662 21.957
v -7.308 58.991 27.185
v -5.977 55.871 22.236
v -5.849 58.782 27.709
v -4.518 55.662 22.760
v -4.599 58.175 28.427
v -3.268 55.055 23.478
v -3.680 57.230 29.270
v -2.349 54.110 24.321
v -3.182 56.040 30.154
v -1.852 52.920 25.205
v -3.154 54.720 30.994
v -1.824 51.600 26.044
v -3.599 53.400 31.706
v -2.269 50.280 26.757
v -4.473 52.210 32.222
v -3.143 49.090 27.272
v -5.691 51.265 32.490
v -4.360 48.145 27.541
v -7.133 50.658 32.485
v -5.802 47.538 27.536
v -8.658 50.449 32.207
v -7.327 47.329 27.257
v -10.117 50.658 31.683
v -8.786 47.538 26.733
v -11.367 51.265 30.964
v -10.037 48.145 26.015
v -12.286 52.210 30.121
v -10.955 49.090 25.172
v -12.784 53.400 29.237
v -11.453 50.280 24.288
v -10.463 51.840 -30.994
v -7.980 49.200 -26.212
v -10.367 53.227 -30.278
v -7.883 50.587 -25.496
v -10.714 54.479 -29.406
v -8.231 51.839 -24.625
v -11.472 55.472 -28.464
v -8.988 52.832 -23.683
v -12.565 56.110 -27.545
v -10.081 53.470 -22.763
v -13.886 56.330 -26.737
v -11.403 53.690 -21.955
v -15.307 56.110 -26.120
v -12.824 53.470 -21.339
v -16.688 55.472 -25.755
v -14.205 52.832 -20.974
v -17.894 54.479 -25.677
v -15.411 51.839 -20.896
v -18.807 53.227 -25.894
v -16.324 50.587 -21.113
v -19.337 51.840 -26.385
v -16.854 49.200 -21.603
v -19.434 50.453 -27.101
v -16.950 47.813 -22.319
v -19.086 49.201 -27.973
v -16.603 46.561 -23.191
v -18.329 48.208 -28.914
v -15.845 45.568 -24.133
v -17.236 47.570 -29.834
v -14.752 44.930 -25.052
v -15.914 47.350 -30.642
v -13.431 44.710 -25.860
v -14.493 47.570 -31.258
v -12.010 44.930 -26.477
v -13.112 48.208 -31.623
v -10.629 45.568 -26.842
v -11.906 49.201 -31.701
v -9.423 46.561 -26.920
v -10.993 50.453 -31.484
v -8.510 47.813 -26.703
v 29.833 48.960 16.218
v 24.575 46.800 14.298
v 29.395 50.401 15.797
v 24.137 48.241 13.877
v 29.167 51.702 14.958
v 23.909 49.542 13.038
v 29.172 52.734 13.782
v 23.914 50.574 11.862
v 29.410 53.396 12.385
v 24.152 51.236 10.465
v 29.858 53.625 10.904
v 24.599 51.465 8.984
v 30.470 53.396 9.483
v 25.212 51.236 7.563
v 31.189 52.734 8.261
v 25.931 50.574 6.341
v 31.942 51.702 7.359
v 26.684 49.542 5.439
v 32.657 50.401 6.864
v 27.399 48.241 4.944
v 33.264 48.960 6.825
v 28.005 46.800 4.905
v 33.702 47.519 7.245
v 28.444 45.359 5.325
v 33.930 46.218 8.085
v 28.672 44.058 6.164
v 33.924 45.186 9.260
v 28.666 43.026 7.340
v 33.686 44.524 10.657
v 28.428 42.364 8.737
v 33.239 44.295 12.139
v 27.981 42.135 10.219
v 32.626 44.524 13.560
v 27.368 42.364 11.640
v 31.908 45.186 14.782
v 26.650 43.026 12.861
v 31.155 46.218 15.684
v 25.896 44.058 13.764
v 30.440 47.519 16.179
v 25.181 45.359 14.259
v -33.853 46.080 8.565
v -28.529 44.400 6.367
v -33.360 47.563 8.626
v -28.036 45.883 6.428
v -32.728 48.901 9.134
v -27.404 47.221 6.936
v -32.020 49.963 10.038
v -26.696 48.283 7.840
v -31.304 50.645 11.250
v -25.980 48.965 9.053
v -30.651 50.880 12.652
v -25.327 49.200 10.455
v -30.125 50.645 14.107
v -24.801 48.965 11.909
v -29.777 49.963 15.471
v -24.453 48.283 13.273
v -29.641 48.901 16.612
v -24.317 47.221 14.414
v -29.731 47.563 17.417
v -24.407 45.883 15.219
v -30.038 46.080 17.808
v -24.713 44.400 15.611
v -30.531 44.597 17.747
v -25.207 42.917 15.549
v -31.163 43.259 17.240
v -25.838 41.579 15.042
v -31.871 42.197 16.335
v -26.547 40.517 14.138
v -32.587 41.515 15.123
v -27.262 39.835 12.925
v -33.239 41.280 13.721
v -27.915 39.600 11.523
v -33.766 41.515 12.266
v -28.441 39.835 10.069
v -34.114 42.197 10.902
v -28.789 40.517 8.704
v -34.249 43.259 9.762
v -28.925 41.579 7.564
v -34.160 44.597 8.956
v -28.835 42.917 6.758
v 19.479 43.200 -29.828
v 16.987 42.000 -24.504
v 19.126 44.714 -29.652
v 16.635 43.514 -24.328
v 18.365 46.080 -29.701
v 15.873 44.880 -24.376
v 17.269 47.163 -29.969
v 14.777 45.963 -24.645
v 15.947 47.859 -30.431
v 13.455 46.659 -25.107
v 14.526 48.099 -31.042
v 12.035 46.899 -25.717
v 13.148 47.859 -31.741
v 10.656 46.659 -26.417
v 11.945 47.163 -32.461
v 9.454 45.963 -27.136
v 11.037 46.080 -33.130
v 8.546 44.880 -27.805
v 10.512 44.714 -33.683
v 8.020 43.514 -28.359
v 10.422 43.200 -34.067
v 7.930 42.000 -28.742
v 10.774 41.686 -34.243
v 8.282 40.486 -28.918
v 11.536 40.320 -34.195
v 9.044 39.120 -28.870
v 12.631 39.237 -33.926
v 10.139 38.037 -28.601
v 13.954 38.541 -33.464
v 11.462 37.341 -28.139
v 15.374 38.301 -32.853
v 12.882 37.101 -27.529
v 16.753 38.541 -32.154
v 14.261 37.341 -26.830
v 17.955 39.237 -31.435
v 15.463 38.037 -26.110
v 18.863 40.320 -30.766
v 16.371 39.120 -25.441
v 19.388 41.686 -30.212
v 16.896 40.486 -24.887
v 5.926 40.320 35.598
v 4.143 39.600 29.914
v 6.104 41.854 35.348
v 4.321 41.134 29.664
v 6.731 43.238 34.976
v 4.948 42.518 29.292
v 7.747 44.336 34.518
v 5.964 43.616 28.834
v 9.051 45.041 34.020
v 7.269 44.321 28.336
v 10.517 45.284 33.529
v 8.734 44.564 27.846
v 12.000 45.041 33.095
v 10.217 44.321 27.411
v 13.355 44.336 32.759
v 11.573 43.616 27.075
v 14.450 43.238 32.555
v 12.668 42.518 26.871
v 15.178 41.854 32.502
v 13.395 41.134 26.818
v 15.467 40.320 32.605
v 13.684 39.600 26.922
v 15.289 38.786 32.855
v 13.506 38.066 27.172
v 14.662 37.402 33.228
v 12.879 36.682 27.544
v 13.646 36.304 33.685
v 11.863 35.584 28.002
v 12.341 35.599 34.184
v 10.559 34.879 28.500
v 10.876 35.356 34.674
v 9.093 34.636 28.991
v 9.393 35.599 35.109
v 7.610 34.879 29.425
v 8.037 36.304 35.444
v 6.255 35.584 29.761
v 6.942 37.402 35.649
v 5.160 36.682 29.965
v 6.215 38.786 35.702
v 4.432 38.066 30.018
v -28.616 37.440 -22.362
v -23.429 37.200 -19.356
v -28.685 38.984 -22.120
v -23.498 38.744 -19.114
v -28.993 40.377 -21.477
v -23.806 40.137 -18.471
v -29.509 41.482 -20.498
v -24.322 41.242 -17.492
v -30.183 42.191 -19.278
v -24.996 41.951 -16.272
v -30.950 42.436 -17.936
v -25.763 42.196 -14.930
v -31.733 42.191 -16.604
v -26.546 41.951 -13.598
v -32.456 41.482 -15.412
v -27.269 41.242 -12.406
v -33.049 40.377 -14.477
v -27.862 40.137 -11.471
v -33.454 38.984 -13.891
v -28.266 38.744 -10.885
v -33.630 37.440 -13.710
v -28.443 37.200 -10.704
v -33.560 35.896 -13.953
v -28.373 35.656 -10.947
v -33.253 34.503 -14.595
v -28.066 34.263 -11.589
v -32.736 33.398 -15.575
v -27.549 33.158 -12.569
v -32.062 32.689 -16.795
v -26.875 32.449 -13.789
v -31.296 32.444 -18.137
v -26.109 32.204 -15.130
v -30.513 32.689 -19.468
v -25.325 32.449 -16.462
v -29.789 33.398 -20.660
v -24.602 33.158 -17.654
v -29.196 34.503 -21.595
v -24.009 34.263 -18.589
v -28.792 35.896 -22.182
v -23.605 35.656 -19.176
v 36.206 34.560 -2.840
v 30.350 34.800 -1.553
v 36.214 36.104 -3.093
v 30.358 36.344 -1.805
v 36.116 37.497 -3.798
v 30.260 37.737 -2.511
v 35.921 38.602 -4.888
v 30.066 38.842 -3.601
v 35.650 39.311 -6.256
v 29.794 39.551 -4.968
v 35.328 39.556 -7.767
v 29.472 39.796 -6.479
v 34.986 39.311 -9.274
v 29.131 39.551 -7.986
v 34.659 38.602 -10.629
v 28.804 38.842 -9.342
v 34.378 37.497 -11.700
v 28.523 37.737 -10.412
v 34.171 36.104 -12.381
v 28.316 36.344 -11.094
v 34.059 34.560 -12.607
v 28.203 34.800 -11.320
v 34.051 33.016 -12.355
v 28.195 33.256 -11.068
v 34.149 31.623 -11.649
v 28.293 31.863 -10.362
v 34.343 30.518 -10.559
v 28.488 30.758 -9.272
v 34.615 29.809 -9.192
v 28.759 30.049 -7.905
v 34.937 29.564 -7.681
v 29.081 29.804 -6.393
v 35.278 29.809 -6.174
v 29.423 30.049 -4.887
v 35.605 30.518 -4.819
v 29.750 30.758 -3.531
v 35.886 31.623 -3.748
v 30.031 31.863 -2.460
v 36.093 33.016 -3.066
v 30.238 33.256 -1.779
v -24.645 31.680 26.362
v -21.220 32.400 21.489
v -24.552 33.214 26.654
v -21.126 33.934 21.781
v -24.067 34.598 27.199
v -20.641 35.318 22.327
v -23.238 35.696 27.944
v -19.813 36.416 23.071
v -22.147 36.401 28.816
v -18.721 37.121 23.943
v -20.900 36.644 29.728
v -17.474 37.364 24.855
v -19.619 36.401 30.593
v -16.193 37.121 25.720
v -18.430 35.696 31.325
v -15.004 36.416 26.452
v -17.449 34.598 31.852
v -14.023 35.318 26.979
v -16.772 33.214 32.124
v -13.346 33.934 27.251
v -16.465 31.680 32.113
v -13.039 32.400 27.240
v -16.558 30.146 31.821
v -13.132 30.866 26.948
v -17.043 28.762 31.275
v -13.617 29.482 26.402
v -17.872 27.664 30.531
v -14.446 28.384 25.658
v -18.963 26.959 29.659
v -15.537 27.679 24.786
v -20.210 26.716 28.747
v -16.784 27.436 23.874
v -21.491 26.959 27.882
v -18.065 27.679 23.009
v -22.680 27.664 27.150
v -19.254 28.384 22.277
v -23.661 28.762 26.622
v -20.236 29.482 21.750
v -24.339 30.146 26.351
v -20.913 30.866 21.478
v 0.426 28.800 -35.623
v 1.181 30.000 -29.793
v 0.143 30.314 -35.898
v 0.899 31.514 -30.068
v -0.597 31.680 -36.083
v 0.159 32.880 -30.253
v -1.722 32.763 -36.160
v -0.967 33.963 -30.330
v -3.123 33.459 -36.122
v -2.367 34.659 -30.292
v -4.661 33.699 -35.972
v -3.906 34.899 -30.142
v -6.187 33.459 -35.725
v -5.432 34.659 -29.895
v -7.551 32.763 -35.405
v -6.796 33.963 -29.575
v -8.620 31.680 -35.043
v -7.865 32.880 -29.213
v -9.288 30.314 -34.676
v -8.533 31.514 -28.845
v -9.491 28.800 -34.338
v -8.736 30.000 -28.508
v -9.209 27.286 -34.063
v -8.454 28.486 -28.233
v -8.469 25.920 -33.877
v -7.713 27.120 -28.047
v -7.344 24.837 -33.800
v -6.588 26.037 -27.970
v -5.943 24.141 -33.838
v -5.187 25.341 -28.008
v -4.404 23.901 -33.988
v -3.649 25.101 -28.158
v -2.878 24.141 -34.236
v -2.123 25.341 -28.406
v -1.514 24.837 -34.556
v -0.759 26.037 -28.726
v -0.446 25.920 -34.917
v 0.310 27.120 -29.087
v 0.223 27.286 -35.285
v 0.978 28.486 -29.455
v 23.204 25.920 26.095
v 18.800 27.600 22.383
v 23.693 27.403 26.187
v 19.288 29.083 22.475
v 24.449 28.741 25.895
v 20.044 30.421 22.183
v 25.398 29.803 25.249
v 20.994 31.483 21.537
v 26.449 30.485 24.312
v 22.044 32.165 20.600
v 27.497 30.720 23.174
v 23.092 32.400 19.462
v 28.440 30.485 21.949
v 24.036 32.165 18.237
v 29.186 29.803 20.755
v 24.782 31.483 17.043
v 29.662 28.741 19.709
v 25.258 30.421 15.997
v 29.822 27.403 18.915
v 25.417 29.083 15.203
v 29.649 25.920 18.449
v 25.244 27.600 14.737
v 29.160 24.437 18.357
v 24.756 26.117 14.645
v 28.404 23.099 18.649
v 24.000 24.779 14.937
v 27.454 22.037 19.295
v 23.050 23.717 15.583
v 26.404 21.355 20.233
v 22.000 23.035 16.521
v 25.356 21.120 21.370
v 20.951 22.800 17.658
v 24.412 21.355 22.595
v 20.008 23.035 18.883
v 23.666 22.037 23.789
v 19.262 23.717 20.077
v 23.190 23.099 24.835
v 18.786 24.779 21.123
v 23.031 24.437 25.629
v 18.627 26.117 21.917
v -33.764 23.040 -3.608
v -28.171 25.200 -3.839
v -34.310 24.481 -3.341
v -28.717 26.641 -3.572
v -34.782 25.782 -2.610
v -29.189 27.942 -2.841
v -35.134 26.814 -1.489
v -29.541 28.974 -1.720
v -35.332 27.476 -0.085
v -29.739 29.636 -0.317
v -35.356 27.705 1.462
v -29.763 29.865 1.231
v -35.204 27.476 3.002
v -29.611 29.636 2.771
v -34.891 26.814 4.384
v -29.298 28.974 4.153
v -34.448 25.782 5.473
v -28.855 27.942 5.242
v -33.917 24.481 6.162
v -28.324 26.641 5.931
v -33.351 23.040 6.383
v -27.758 25.200 6.152
v -32.805 21.599 6.116
v -27.212 23.759 5.885
v -32.333 20.298 5.386
v -26.740 22.458 5.154
v -31.981 19.266 4.264
v -26.388 21.426 4.033
v -31.783 18.604 2.861
v -26.190 20.764 2.629
v -31.759 18.375 1.313
v -26.166 20.535 1.082
v -31.911 18.604 -0.227
v -26.318 20.764 -0.458
v -32.224 19.266 -1.609
v -26.631 21.426 -1.840
v -32.668 20.298 -2.698
v -27.075 22.458 -2.929
v -33.198 21.599 -3.386
v -27.605 23.759 -3.618
v 26.442 20.160 -19.259
v 22.623 22.800 -15.459
v 26.751 21.547 -19.912
v 22.932 24.187 -16.112
v 26.685 22.799 -20.848
v 22.866 25.439 -17.048
v 26.250 23.792 -21.976
v 22.430 26.432 -18.175
v 25.488 24.430 -23.184
v 21.669 27.070 -19.384
v 24.474 24.650 -24.355
v 20.655 27.290 -20.555
v 23.308 24.430 -25.375
v 19.489 27.070 -21.574
v 22.104 23.792 -26.142
v 18.284 26.432 -22.342
v 20.978 22.799 -26.583
v 17.159 25.439 -22.782
v 20.043 21.547 -26.654
v 16.223 24.187 -22.853
v 19.388 20.160 -26.348
v 15.569 22.800 -22.547
v 19.079 18.773 -25.695
v 15.260 21.413 -21.894
v 19.145 17.521 -24.759
v 15.326 20.161 -20.958
v 19.580 16.528 -23.631
v 15.761 19.168 -19.831
v 20.342 15.890 -22.423
v 16.523 18.530 -18.622
v 21.356 15.670 -21.252
v 17.536 18.310 -17.451
v 22.522 15.890 -20.232
v 18.703 18.530 -16.432
v 23.726 16.528 -19.465
v 19.907 19.168 -15.664
v 24.852 17.521 -19.024
v 21.033 20.161 -15.223
v 25.787 18.773 -18.953
v 21.968 21.413 -15.153
v -6.415 17.280 30.486
v -6.178 20.400 25.367
v -6.208 18.600 31.300
v -5.971 21.720 26.181
v -5.532 19.790 32.057
v -5.295 22.910 26.937
v -4.453 20.735 32.683
v -4.217 23.855 27.563
v -3.078 21.342 33.116
v -2.841 24.462 27.996
v -1.540 21.551 33.314
v -1.304 24.671 28.195
v 0.009 21.342 33.259
v 0.246 24.462 28.139
v 1.418 20.735 32.954
v 1.655 23.855 27.835
v 2.550 19.790 32.431
v 2.787 22.910 27.311
v 3.293 18.600 31.739
v 3.529 21.720 26.620
v 3.574 17.280 30.948
v 3.811 20.400 25.829
v 3.367 15.960 30.134
v 3.604 19.080 25.015
v 2.691 14.770 29.377
v 2.928 17.890 24.258
v 1.613 13.825 28.752
v 1.849 16.945 23.632
v 0.237 13.218 28.318
v 0.474 16.338 23.199
v -1.300 13.009 28.120
v -1.064 16.129 23.000
v -2.850 13.218 28.176
v -2.613 16.338 23.056
v -4.259 13.825 28.480
v -4.022 16.945 23.361
v -5.391 14.770 29.004
v -5.154 17.890 23.884
v -6.133 15.960 29.695
v -5.897 19.080 24.575
v -14.614 14.400 -25.316
v -11.538 18.000 -21.630
v -15.395 15.636 -25.871
v -12.320 19.236 -22.185
v -16.476 16.751 -26.058
v -13.401 20.351 -22.372
v -17.751 17.636 -25.859
v -14.676 21.236 -22.173
v -19.094 18.204 -25.293
v -16.019 21.804 -21.607
v -20.375 18.400 -24.416
v -17.299 22.000 -20.730
v -21.467 18.204 -23.313
v -18.391 21.804 -19.627
v -22.264 17.636 -22.093
v -19.189 21.236 -18.407
v -22.688 16.751 -20.874
v -19.613 20.351 -17.189
v -22.697 15.636 -19.777
v -19.622 19.236 -16.092
v -22.291 14.400 -18.909
v -19.216 18.000 -15.223
v -21.509 13.164 -18.354
v -18.434 16.764 -14.668
v -20.428 12.049 -18.167
v -17.353 15.649 -14.481
v -19.154 11.164 -18.366
v -16.078 14.764 -14.680
v -17.811 10.596 -18.932
v -14.735 14.196 -15.246
v -16.530 10.400 -19.809
v -13.455 14.000 -16.123
v -15.438 10.596 -20.912
v -12.363 14.196 -17.226
v -14.641 11.164 -22.132
v -11.566 14.764 -18.446
v -14.217 12.049 -23.350
v -11.141 15.649 -19.665
v -14.207 13.164 -24.447
v -11.132 16.764 -20.762
v 25.493 11.520 8.475
v 21.133 15.600 7.888
v 26.567 12.653 8.373
v 22.207 16.733 7.786
v 27.601 13.675 7.795
v 23.241 17.755 7.209
v 28.494 14.486 6.799
v 24.134 18.566 6.213
v 29.159 15.007 5.482
v 24.799 19.087 4.896
v 29.530 15.186 3.973
v 25.170 19.266 3.387
v 29.571 15.007 2.420
v 25.211 19.087 1.833
v 29.278 14.486 0.974
v 24.918 18.566 0.387
v 28.680 13.675 -0.223
v 24.320 17.755 -0.809
v 27.835 12.653 -1.053
v 23.475 16.733 -1.640
v 26.827 11.520 -1.436
v 22.467 15.600 -2.022
v 25.753 10.387 -1.333
v 21.393 14.467 -1.920
v 24.719 9.365 -0.756
v 20.359 13.445 -1.342
v 23.826 8.554 0.240
v 19.466 12.634 -0.346
v 23.161 8.033 1.557
v 18.801 12.113 0.971
v 22.790 7.854 3.066
v 18.430 11.934 2.480
v 22.749 8.033 4.620
v 18.389 12.113 4.033
v 23.042 8.554 6.066
v 18.682 12.634 5.479
v 23.640 9.365 7.262
v 19.280 13.445 6.676
v 24.485 10.387 8.092
v 20.125 14.467 7.506
v -22.061 8.640 9.259
v -18.861 13.200 7.031
v -22.886 9.644 10.130
v -19.685 14.204 7.903
v -23.350 10.550 11.318
v -20.149 15.110 9.091
v -23.408 11.269 12.706
v -20.207 15.829 10.479
v -23.055 11.731 14.159
v -19.854 16.291 11.932
v -22.325 11.890 15.533
v -19.124 16.450 13.306
v -21.290 11.731 16.695
v -18.089 16.291 14.468
v -20.051 11.269 17.531
v -16.850 15.829 15.304
v -18.729 10.550 17.959
v -15.528 15.110 15.732
v -17.454 9.644 17.937
v -14.253 14.204 15.710
v -16.350 8.640 17.467
v -13.149 13.200 15.240
v -15.526 7.636 16.596
v -12.325 12.196 14.369
v -15.062 6.730 15.408
v -11.861 11.290 13.181
v -15.004 6.011 14.020
v -11.803 10.571 11.792
v -15.357 5.549 12.567
v -12.156 10.109 10.340
v -16.087 5.390 11.193
v -12.886 9.950 8.965
v -17.122 5.549 10.031
v -13.921 10.109 7.803
v -18.361 6.011 9.195
v -15.160 10.571 6.968
v -19.683 6.730 8.767
v -16.482 11.290 6.540
v -20.958 7.636 8.789
v -17.757 12.196 6.562
v 9.165 5.760 -17.959
v 8.451 10.800 -14.783
v 9.211 6.598 -19.279
v 8.497 11.638 -16.103
v 8.775 7.355 -20.578
v 8.061 12.395 -17.401
v 7.900 7.955 -21.727
v 7.186 12.995 -18.551
v 6.671 8.340 -22.615
v 5.957 13.380 -19.439
v 5.209 8.473 -23.154
v 4.494 13.513 -19.978
v 3.656 8.340 -23.293
v 2.942 13.380 -20.117
v 2.166 7.955 -23.017
v 1.451 12.995 -19.841
v 0.883 7.355 -22.353
v 0.168 12.395 -19.177
v -0.067 6.598 -21.367
v -0.782 11.638 -18.191
v -0.591 5.760 -20.154
v -1.305 10.800 -16.978
v -0.637 4.922 -18.834
v -1.352 9.962 -15.658
v -0.201 4.165 -17.536
v -0.916 9.205 -14.360
v 0.674 3.565 -16.387
v -0.040 8.605 -13.211
v 1.903 3.180 -15.499
v 1.189 8.220 -12.323
v 3.365 3.047 -14.959
v 2.651 8.087 -11.783
v 4.918 3.180 -14.821
v 4.203 8.220 -11.645
v 6.409 3.565 -15.097
v 5.694 8.605 -11.921
v 7.692 4.165 -15.761
v 6.977 9.205 -12.584
v 8.642 4.922 -16.747
v 7.927 9.962 -13.571
v 7.015 4.613 16.932
v 5.846 10.133 14.891
v 8.530 4.811 16.598
v 7.361 10.331 14.557
v 9.897 4.820 15.837
v 8.728 10.340 13.797
v 10.982 4.638 14.725
v 9.813 10.158 12.685
v 11.679 4.285 13.370
v 10.510 9.805 11.329
v 11.919 3.794 11.904
v 10.750 9.314 9.864
v 11.679 3.213 10.471
v 10.510 8.733 8.431
v 10.982 2.600 9.212
v 9.813 8.120 7.171
v 9.897 2.015 8.249
v 8.728 7.535 6.209
v 8.530 1.514 7.677
v 7.361 7.034 5.637
v 7.015 1.147 7.552
v 5.846 6.667 5.512
v 5.499 0.949 7.886
v 4.330 6.469 5.845
v 4.132 0.940 8.646
v 2.963 6.460 6.606
v 3.047 1.122 9.758
v 1.878 6.642 7.718
v 2.351 1.475 11.114
v 1.181 6.995 9.073
v 2.111 1.966 12.579
v 0.941 7.486 10.539
v 2.351 2.547 14.012
v 1.181 8.067 11.972
v 3.047 3.160 15.272
v 1.878 8.680 13.231
v 4.132 3.745 16.234
v 2.963 9.265 14.194
v 5.499 4.246 16.806
v 4.330 9.766 14.766
v 0.000 0.000 5.000
v 0.000 6.000 5.000
v 1.545 0.000 4.755
v 1.545 6.000 4.755
v 2.939 0.000 4.045
v 2.939 6.000 4.045
v 4.045 0.000 2.939
v 4.045 6.000 2.939
v 4.755 0.000 1.545
v 4.755 6.000 1.545
v 5.000 0.000 0.000
v 5.000 6.000 0.000
v 4.755 0.000 -1.545
v 4.755 6.000 -1.545
v 4.045 0.000 -2.939
v 4.045 6.000 -2.939
v 2.939 0.000 -4.045
v 2.939 6.000 -4.045
v 1.545 0.000 -4.755
v 1.545 6.000 -4.755
v 0.000 0.000 -5.000
v 0.000 6.000 -5.000
v -1.545 0.000 -4.755
v -1.545 6.000 -4.755
v -2.939 0.000 -4.045
v -2.939 6.000 -4.045
v -4.045 0.000 -2.939
v -4.045 6.000 -2.939
v -4.755 0.000 -1.545
v -4.755 6.000 -1.545
v -5.000 0.000 -0.000
v -5.000 6.000 -0.000
v -4.755 0.000 1.545
v -4.755 6.000 1.545
v -4.045 0.000 2.939
v -4.045 6.000 2.939
v -2.939 0.000 4.045
v -2.939 6.000 4.045
v -1.545 0.000 4.755
v -1.545 6.000 4.755
usemtl BallWhite
f 289 290 386
f 289 386 385
f 290 291 387
f 290 387 386
f 291 292 388
f 291 388 387
f 292 293 389
f 292 389 388
f 293 294 390
f 293 390 389
f 294 295 391
f 294 391 390
f 295 296 392
f 295 392 391
f 296 297 393
f 296 393 392
f 297 298 394
f 297 394 393
f 298 299 395
f 298 395 394
f 299 300 396
f 299 396 395
f 300 301 397
f 300 397 396
f 301 302 398
f 301 398 397
f 302 303 399
f 302 399 398
f 303 304 400
f 303 400 399
f 304 305 401
f 304 401 400
f 305 306 402
f 305 402 401
f 306 307 403
f 306 403 402
f 307 308 404
f 307 404 403
f 308 309 405
f 308 405 404
f 309 310 406
f 309 406 405
f 310 311 407
f 310 407 406
f 311 312 408
f 311 408 407
f 312 313 409
f 312 409 408
f 313 314 410
f 313 410 409
f 314 315 411
f 314 411 410
f 315 316 412
f 315 412 411
f 316 317 413
f 316 413 412
f 317 318 414
f 317 414 413
f 318 319 415
f 318 415 414
f 319 320 416
f 319 416 415
f 320 321 417
f 320 417 416
f 321 322 418
f 321 418 417
f 322 323 419
f 322 419 418
f 323 324 420
f 323 420 419
f 324 325 421
f 324 421 420
f 325 326 422
f 325 422 421
f 326 327 423
f 326 423 422
f 327 328 424
f 327 424 423
f 328 329 425
f 328 425 424
f 329 330 426
f 329 426 425
f 330 331 427
f 330 427 426
f 331 332 428
f 331 428 427
f 332 333 429
f 332 429 428
f 333 334 430
f 333 430 429
f 334 335 431
f 334 431 430
f 335 336 432
f 335 432 431
f 336 337 433
f 336 433 432
f 337 338 434
f 337 434 433
f 338 339 435
f 338 435 434
f 339 340 436
f 339 436 435
f 340 341 437
f 340 437 436
f 341 342 438
f 341 438 437
f 342 343 439
f 342 439 438
f 343 344 440
f 343 440 439
f 344 345 441
f 344 441 440
f 345 346 442
f 345 442 441
f 346 347 443
f 346 443 442
f 347 348 444
f 347 444 443
f 348 349 445
f 348 445 444
f 349 350 446
f 349 446 445
f 350 351 447
f 350 447 446
f 351 352 448
f 351 448 447
f 352 353 449
f 352 449 448
f 353 354 450
f 353 450 449
f 354 355 451
f 354 451 450
f 355 356 452
f 355 452 451
f 356 357 453
f 356 453 452
f 357 358 454
f 357 454 453
f 358 359 455
f 358 455 454
f 359 360 456
f 359 456 455
f 360 361 457
f 360 457 456
f 361 362 458
f 361 458 457
f 362 363 459
f 362 459 458
f 363 364 460
f 363 460 459
f 364 365 461
f 364 461 460
f 365 366 462
f 365 462 461
f 366 367 463
f 366 463 462
f 367 368 464
f 367 464 463
f 368 369 465
f 368 465 464
f 369 370 466
f 369 466 465
f 370 371 467
f 370 467 466
f 371 372 468
f 371 468 467
f 372 373 469
f 372 469 468
f 373 374 470
f 373 470 469
f 374 375 471
f 374 471 470
f 375 376 472
f 375 472 471
f 376 377 473
f 376 473 472
f 377 378 474
f 377 474 473
f 378 379 475
f 378 475 474
f 379 380 476
f 379 476 475
f 380 381 477
f 380 477 476
f 381 382 478
f 381 478 477
f 382 383 479
f 382 479 478
f 383 384 480
f 383 480 479
f 384 289 385
f 384 385 480
f 385 386 482
f 385 482 481
f 386 387 483
f 386 483 482
f 387 388 484
f 387 484 483
f 388 389 485
f 388 485 484
f 389 390 486
f 389 486 485
f 390 391 487
f 390 487 486
f 391 392 488
f 391 488 487
f 392 393 489
f 392 489 488
f 393 394 490
f 393 490 489
f 394 395 491
f 394 491 490
f 395 396 492
f 395 492 491
f 396 397 493
f 396 493 492
f 397 398 494
f 397 494 493
f 398 399 495
f 398 495 494
f 399 400 496
f 399 496 495
f 400 401 497
f 400 497 496
f 401 402 498
f 401 498 497
f 402 403 499
f 402 499 498
f 403 404 500
f 403 500 499
f 404 405 501
f 404 501 500
f 405 406 502
f 405 502 501
f 406 407 503
f 406 503 502
f 407 408 504
f 407 504 503
f 408 409 505
f 408 505 504
f 409 410 506
f 409 506 505
f 410 411 507
f 410 507 506
f 411 412 508
f 411 508 507
f 412 413 509
f 412 509 508
f 413 414 510
f 413 510 509
f 414 415 511
f 414 511 510
f 415 416 512
f 415 512 511
f 416 417 513
f 416 513 512
f 417 418 514
f 417 514 513
f 418 419 515
f 418 515 514
f 419 420 516
f 419 516 515
f 420 421 517
f 420 517 516
f 421 422 518
f 421 518 517
f 422 423 519
f 422 519 518
f 423 424 520
f 423 520 519
f 424 425 521
f 424 521 520
f 425 426 522
f 425 522 521
f 426 427 523
f 426 523 522
f 427 428 524
f 427 524 523
f 428 429 525
f 428 525 524
f 429 430 526
f 429 526 525
f 430 431 527
f 430 527 526
f 431 432 528
f 431 528 527
f 432 433 529
f 432 529 528
f 433 434 530
f 433 530 529
f 434 435 531
f 434 531 530
f 435 436 532
f 435 532 531
f 436 437 533
f 436 533 532
f 437 438 534
f 437 534 533
f 438 439 535
f 438 535 534
f 439 440 536
f 439 536 535
f 440 441 537
f 440 537 536
f 441 442 538
f 441 538 537
f 442 443 539
f 442 539 538
f 443 444 540
f 443 540 539
f 444 445 541
f 444 541 540
f 445 446 542
f 445 542 541
f 446 447 543
f 446 543 542
f 447 448 544
f 447 544 543
f 448 449 545
f 448 545 544
f 449 450 546
f 449 546 545
f 450 451 547
f 450 547 546
f 451 452 548
f 451 548 547
f 452 453 549
f 452 549 548
f 453 454 550
f 453 550 549
f 454 455 551
f 454 551 550
f 455 456 552
f 455 552 551
f 456 457 553
f 456 553 552
f 457 458 554
f 457 554 553
f 458 459 555
f 458 555 554
f 459 460 556
f 459 556 555
f 460 461 557
f 460 557 556
f 461 462 558
f 461 558 557
f 462 463 559
f 462 559 558
f 463 464 560
f 463 560 559
f 464 465 561
f 464 561 560
f 465 466 562
f 465 562 561
f 466 467 563
f 466 563 562
f 467 468 564
f 467 564 563
f 468 469 565
f 468 565 564
f 469 470 566
f 469 566 565
f 470 471 567
f 470 567 566
f 471 472 568
f 471 568 567
f 472 473 569
f 472 569 568
f 473 474 570
f 473 570 569
f 474 475 571
f 474 571 570
f 475 476 572
f 475 572 571
f 476 477 573
f 476 573 572
f 477 478 574
f 477 574 573
f 478 479 575
f 478 575 574
f 479 480 576
f 479 576 575
f 480 385 481
f 480 481 576
f 481 482 578
f 481 578 577
f 482 483 579
f 482 579 578
f 483 484 580
f 483 580 579
f 484 485 581
f 484 581 580
f 485 486 582
f 485 582 581
f 486 487 583
f 486 583 582
f 487 488 584
f 487 584 583
f 488 489 585
f 488 585 584
f 489 490 586
f 489 586 585
f 490 491 587
f 490 587 586
f 491 492 588
f 491 588 587
f 492 493 589
f 492 589 588
f 493 494 590
f 493 590 589
f 494 495 591
f 494 591 590
f 495 496 592
f 495 592 591
f 496 497 593
f 496 593 592
f 497 498 594
f 497 594 593
f 498 499 595
f 498 595 594
f 499 500 596
f 499 596 595
f 500 501 597
f 500 597 596
f 501 502 598
f 501 598 597
f 502 503 599
f 502 599 598
f 503 504 600
f 503 600 599
f 504 505 601
f 504 601 600
f 505 506 602
f 505 602 601
f 506 507 603
f 506 603 602
f 507 508 604
f 507 604 603
f 508 509 605
f 508 605 604
f 509 510 606
f 509 606 605
f 510 511 607
f 510 607 606
f 511 512 608
f 511 608 607
f 512 513 609
f 512 609 608
f 513 514 610
f 513 610 609
f 514 515 611
f 514 611 610
f 515 516 612
f 515 612 611
f 520 521 617
f 520 617 616
f 521 522 618
f 521 618 617
f 522 523 619
f 522 619 618
f 523 524 620
f 523 620 619
f 524 525 621
f 524 621 620
f 525 526 622
f 525 622 621
f 526 527 623
f 526 623 622
f 527 528 624
f 527 624 623
f 528 529 625
f 528 625 624
f 529 530 626
f 529 626 625
f 530 531 627
f 530 627 626
f 531 532 628
f 531 628 627
f 532 533 629
f 532 629 628
f 533 534 630
f 533 630 629
f 534 535 631
f 534 631 630
f 535 536 632
f 535 632 631
f 536 537 633
f 536 633 632
f 537 538 634
f 537 634 633
f 538 539 635
f 538 635 634
f 539 540 636
f 539 636 635
f 540 541 637
f 540 637 636
f 541 542 638
f 541 638 637
f 542 543 639
f 542 639 638
f 543 544 640
f 543 640 639
f 544 545 641
f 544 641 640
f 545 546 642
f 545 642 641
f 546 547 643
f 546 643 642
f 547 548 644
f 547 644 643
f 548 549 645
f 548 645 644
f 549 550 646
f 549 646 645
f 550 551 647
f 550 647 646
f 551 552 648
f 551 648 647
f 552 553 649
f 552 649 648
f 553 554 650
f 553 650 649
f 554 555 651
f 554 651 650
f 555 556 652
f 555 652 651
f 556 557 653
f 556 653 652
f 557 558 654
f 557 654 653
f 558 559 655
f 558 655 654
f 559 560 656
f 559 656 655
f 560 561 657
f 560 657 656
f 561 562 658
f 561 658 657
f 562 563 659
f 562 659 658
f 563 564 660
f 563 660 659
f 564 565 661
f 564 661 660
f 565 566 662
f 565 662 661
f 566 567 663
f 566 663 662
f 567 568 664
f 567 664 663
f 568 569 665
f 568 665 664
f 569 570 666
f 569 666 665
f 570 571 667
f 570 667 666
f 571 572 668
f 571 668 667
f 572 573 669
f 572 669 668
f 573 574 670
f 573 670 669
f 574 575 671
f 574 671 670
f 575 576 672
f 575 672 671
f 576 481 577
f 576 577 672
f 577 578 674
f 577 674 673
f 578 579 675
f 578 675 674
f 579 580 676
f 579 676 675
f 580 581 677
f 580 677 676
f 581 582 678
f 581 678 677
f 582 583 679
f 582 679 678
f 583 584 680
f 583 680 679
f 584 585 681
f 584 681 680
f 585 586 682
f 585 682 681
f 586 587 683
f 586 683 682
f 587 588 684
f 587 684 683
f 588 589 685
f 588 685 684
f 589 590 686
f 589 686 685
f 590 591 687
f 590 687 686
f 591 592 688
f 591 688 687
f 592 593 689
f 592 689 688
f 593 594 690
f 593 690 689
f 594 595 691
f 594 691 690
f 595 596 692
f 595 692 691
f 596 597 693
f 596 693 692
f 597 598 694
f 597 694 693
f 598 599 695
f 598 695 694
f 599 600 696
f 599 696 695
f 600 601 697
f 600 697 696
f 601 602 698
f 601 698 697
f 602 603 699
f 602 699 698
f 603 604 700
f 603 700 699
f 604 605 701
f 604 701 700
f 605 606 702
f 605 702 701
f 606 607 703
f 606 703 702
f 607 608 704
f 607 704 703
f 608 609 705
f 608 705 704
f 619 620 716
f 619 716 715
f 620 621 717
f 620 717 716
f 621 622 718
f 621 718 717
f 622 623 719
f 622 719 718
f 623 624 720
f 623 720 719
f 624 625 721
f 624 721 720
f 625 626 722
f 625 722 721
f 626 627 723
f 626 723 722
f 627 628 724
f 627 724 723
f 628 629 725
f 628 725 724
f 629 630 726
f 629 726 725
f 630 631 727
f 630 727 726
f 631 632 728
f 631 728 727
f 632 633 729
f 632 729 728
f 633 634 730
f 633 730 729
f 634 635 731
f 634 731 730
f 635 636 732
f 635 732 731
f 636 637 733
f 636 733 732
f 637 638 734
f 637 734 733
f 638 639 735
f 638 735 734
f 639 640 736
f 639 736 735
f 640 641 737
f 640 737 736
f 641 642 738
f 641 738 737
f 642 643 739
f 642 739 738
f 643 644 740
f 643 740 739
f 644 645 741
f 644 741 740
f 645 646 742
f 645 742 741
f 646 647 743
f 646 743 742
f 647 648 744
f 647 744 743
f 648 649 745
f 648 745 744
f 649 650 746
f 649 746 745
f 650 651 747
f 650 747 746
f 651 652 748
f 651 748 747
f 652 653 749
f 652 749 748
f 653 654 750
f 653 750 749
f 654 655 751
f 654 751 750
f 655 656 752
f 655 752 751
f 656 657 753
f 656 753 752
f 657 658 754
f 657 754 753
f 658 659 755
f 658 755 754
f 659 660 756
f 659 756 755
f 660 661 757
f 660 757 756
f 661 662 758
f 661 758 757
f 662 663 759
f 662 759 758
f 663 664 760
f 663 760 759
f 664 665 761
f 664 761 760
f 665 666 762
f 665 762 761
f 666 667 763
f 666 763 762
f 667 668 764
f 667 764 763
f 668 669 765
f 668 765 764
f 669 670 766
f 669 766 765
f 670 671 767
f 670 767 766
f 671 672 768
f 671 768 767
f 672 577 673
f 672 673 768
f 673 674 770
f 673 770 769
f 674 675 771
f 674 771 770
f 675 676 772
f 675 772 771
f 676 677 773
f 676 773 772
f 677 678 774
f 677 774 773
f 678 679 775
f 678 775 774
f 679 680 776
f 679 776 775
f 680 681 777
f 680 777 776
f 681 682 778
f 681 778 777
f 682 683 779
f 682 779 778
f 683 684 780
f 683 780 779
f 684 685 781
f 684 781 780
f 685 686 782
f 685 782 781
f 686 687 783
f 686 783 782
f 687 688 784
f 687 784 783
f 688 689 785
f 688 785 784
f 689 690 786
f 689 786 785
f 690 691 787
f 690 787 786
f 691 692 788
f 691 788 787
f 692 693 789
f 692 789 788
f 693 694 790
f 693 790 789
f 694 695 791
f 694 791 790
f 695 696 792
f 695 792 791
f 696 697 793
f 696 793 792
f 697 698 794
f 697 794 793
f 698 699 795
f 698 795 794
f 699 700 796
f 699 796 795
f 700 701 797
f 700 797 796
f 701 702 798
f 701 798 797
f 702 703 799
f 702 799 798
f 703 704 800
f 703 800 799
f 715 716 812
f 715 812 811
f 716 717 813
f 716 813 812
f 717 718 814
f 717 814 813
f 718 719 815
f 718 815 814
f 719 720 816
f 719 816 815
f 720 721 817
f 720 817 816
f 721 722 818
f 721 818 817
f 722 723 819
f 722 819 818
f 723 724 820
f 723 820 819
f 724 725 821
f 724 821 820
f 725 726 822
f 725 822 821
f 726 727 823
f 726 823 822
f 727 728 824
f 727 824 823
f 728 729 825
f 728 825 824
f 729 730 826
f 729 826 825
f 730 731 827
f 730 827 826
f 731 732 828
f 731 828 827
f 732 733 829
f 732 829 828
f 733 734 830
f 733 830 829
f 734 735 831
f 734 831 830
f 735 736 832
f 735 832 831
f 736 737 833
f 736 833 832
f 737 738 834
f 737 834 833
f 738 739 835
f 738 835 834
f 739 740 836
f 739 836 835
f 740 741 837
f 740 837 836
f 741 742 838
f 741 838 837
f 742 743 839
f 742 839 838
f 743 744 840
f 743 840 839
f 744 745 841
f 744 841 840
f 745 746 842
f 745 842 841
f 746 747 843
f 746 843 842
f 747 748 844
f 747 844 843
f 748 749 845
f 748 845 844
f 749 750 846
f 749 846 845
f 750 751 847
f 750 847 846
f 751 752 848
f 751 848 847
f 752 753 849
f 752 849 848
f 753 754 850
f 753 850 849
f 754 755 851
f 754 851 850
f 755 756 852
f 755 852 851
f 756 757 853
f 756 853 852
f 757 758 854
f 757 854 853
f 758 759 855
f 758 855 854
f 759 760 856
f 759 856 855
f 760 761 857
f 760 857 856
f 761 762 858
f 761 858 857
f 762 763 859
f 762 859 858
f 763 764 860
f 763 860 859
f 764 765 861
f 764 861 860
f 765 766 862
f 765 862 861
f 766 767 863
f 766 863 862
f 767 768 864
f 767 864 863
f 768 673 769
f 768 769 864
f 769 770 866
f 769 866 865
f 770 771 867
f 770 867 866
f 771 772 868
f 771 868 867
f 772 773 869
f 772 869 868
f 773 774 870
f 773 870 869
f 774 775 871
f 774 871 870
f 775 776 872
f 775 872 871
f 776 777 873
f 776 873 872
f 777 778 874
f 777 874 873
f 778 779 875
f 778 875 874
f 779 780 876
f 779 876 875
f 780 781 877
f 780 877 876
f 781 782 878
f 781 878 877
f 782 783 879
f 782 879 878
f 783 784 880
f 783 880 879
f 784 785 881
f 784 881 880
f 785 786 882
f 785 882 881
f 786 787 883
f 786 883 882
f 787 788 884
f 787 884 883
f 788 789 885
f 788 885 884
f 789 790 886
f 789 886 885
f 790 791 887
f 790 887 886
f 791 792 888
f 791 888 887
f 792 793 889
f 792 889 888
f 793 794 890
f 793 890 889
f 794 795 891
f 794 891 890
f 795 796 892
f 795 892 891
f 796 797 893
f 796 893 892
f 797 798 894
f 797 894 893
f 798 799 895
f 798 895 894
f 799 800 896
f 799 896 895
f 811 812 908
f 811 908 907
f 812 813 909
f 812 909 908
f 813 814 910
f 813 910 909
f 814 815 911
f 814 911 910
f 815 816 912
f 815 912 911
f 816 817 913
f 816 913 912
f 817 818 914
f 817 914 913
f 818 819 915
f 818 915 914
f 819 820 916
f 819 916 915
f 820 821 917
f 820 917 916
f 821 822 918
f 821 918 917
f 822 823 919
f 822 919 918
f 823 824 920
f 823 920 919
f 824 825 921
f 824 921 920
f 825 826 922
f 825 922 921
f 826 827 923
f 826 923 922
f 827 828 924
f 827 924 923
f 828 829 925
f 828 925 924
f 829 830 926
f 829 926 925
f 830 831 927
f 830 927 926
f 831 832 928
f 831 928 927
f 832 833 929
f 832 929 928
f 833 834 930
f 833 930 929
f 834 835 931
f 834 931 930
f 835 836 932
f 835 932 931
f 836 837 933
f 836 933 932
f 837 838 934
f 837 934 933
f 838 839 935
f 838 935 934
f 839 840 936
f 839 936 935
f 840 841 937
f 840 937 936
f 841 842 938
f 841 938 937
f 842 843 939
f 842 939 938
f 843 844 940
f 843 940 939
f 844 845 941
f 844 941 940
f 845 846 942
f 845 942 941
f 846 847 943
f 846 943 942
f 847 848 944
f 847 944 943
f 848 849 945
f 848 945 944
f 849 850 946
f 849 946 945
f 850 851 947
f 850 947 946
f 851 852 948
f 851 948 947
f 852 853 949
f 852 949 948
f 853 854 950
f 853 950 949
f 854 855 951
f 854 951 950
f 855 856 952
f 855 952 951
f 856 857 953
f 856 953 952
f 857 858 954
f 857 954 953
f 858 859 955
f 858 955 954
f 859 860 956
f 859 956 955
f 860 861 957
f 860 957 956
f 861 862 958
f 861 958 957
f 862 863 959
f 862 959 958
f 863 864 960
f 863 960 959
f 864 769 865
f 864 865 960
f 865 866 962
f 865 962 961
f 866 867 963
f 866 963 962
f 867 868 964
f 867 964 963
f 868 869 965
f 868 965 964
f 869 870 966
f 869 966 965
f 870 871 967
f 870 967 966
f 871 872 968
f 871 968 967
f 872 873 969
f 872 969 968
f 873 874 970
f 873 970 969
f 874 875 971
f 874 971 970
f 875 876 972
f 875 972 971
f 876 877 973
f 876 973 972
f 877 878 974
f 877 974 973
f 878 879 975
f 878 975 974
f 879 880 976
f 879 976 975
f 880 881 977
f 880 977 976
f 881 882 978
f 881 978 977
f 882 883 979
f 882 979 978
f 883 884 980
f 883 980 979
f 884 885 981
f 884 981 980
f 885 886 982
f 885 982 981
f 886 887 983
f 886 983 982
f 887 888 984
f 887 984 983
f 888 889 985
f 888 985 984
f 889 890 986
f 889 986 985
f 890 891 987
f 890 987 986
f 891 892 988
f 891 988 987
f 892 893 989
f 892 989 988
f 893 894 990
f 893 990 989
f 894 895 991
f 894 991 990
f 895 896 992
f 895 992 991
f 896 897 993
f 896 993 992
f 906 907 1003
f 906 1003 1002
f 907 908 1004
f 907 1004 1003
f 908 909 1005
f 908 1005 1004
f 909 910 1006
f 909 1006 1005
f 910 911 1007
f 910 1007 1006
f 911 912 1008
f 911 1008 1007
f 912 913 1009
f 912 1009 1008
f 913 914 1010
f 913 1010 1009
f 914 915 1011
f 914 1011 1010
f 915 916 1012
f 915 1012 1011
f 916 917 1013
f 916 1013 1012
f 917 918 1014
f 917 1014 1013
f 918 919 1015
f 918 1015 1014
f 919 920 1016
f 919 1016 1015
f 920 921 1017
f 920 1017 1016
f 921 922 1018
f 921 1018 1017
f 922 923 1019
f 922 1019 1018
f 923 924 1020
f 923 1020 1019
f 924 925 1021
f 924 1021 1020
f 925 926 1022
f 925 1022 1021
f 926 927 1023
f 926 1023 1022
f 927 928 1024
f 927 1024 1023
f 928 929 1025
f 928 1025 1024
f 929 930 1026
f 929 1026 1025
f 930 931 1027
f 930 1027 1026
f 931 932 1028
f 931 1028 1027
f 932 933 1029
f 932 1029 1028
f 933 934 1030
f 933 1030 1029
f 934 935 1031
f 934 1031 1030
f 935 936 1032
f 935 1032 1031
f 941 942 1038
f 941 1038 1037
f 942 943 1039
f 942 1039 1038
f 943 944 1040
f 943 1040 1039
f 944 945 1041
f 944 1041 1040
f 945 946 1042
f 945 1042 1041
f 946 947 1043
f 946 1043 1042
f 947 948 1044
f 947 1044 1043
f 948 949 1045
f 948 1045 1044
f 949 950 1046
f 949 1046 1045
f 950 951 1047
f 950 1047 1046
f 951 952 1048
f 951 1048 1047
f 952 953 1049
f 952 1049 1048
f 953 954 1050
f 953 1050 1049
f 954 955 1051
f 954 1051 1050
f 955 956 1052
f 955 1052 1051
f 956 957 1053
f 956 1053 1052
f 957 958 1054
f 957 1054 1053
f 958 959 1055
f 958 1055 1054
f 959 960 1056
f 959 1056 1055
f 960 865 961
f 960 961 1056
f 961 962 1058
f 961 1058 1057
f 962 963 1059
f 962 1059 1058
f 963 964 1060
f 963 1060 1059
f 964 965 1061
f 964 1061 1060
f 965 966 1062
f 965 1062 1061
f 966 967 1063
f 966 1063 1062
f 967 968 1064
f 967 1064 1063
f 968 969 1065
f 968 1065 1064
f 969 970 1066
f 969 1066 1065
f 970 971 1067
f 970 1067 1066
f 971 972 1068
f 971 1068 1067
f 972 973 1069
f 972 1069 1068
f 973 974 1070
f 973 1070 1069
f 974 975 1071
f 974 1071 1070
f 975 976 1072
f 975 1072 1071
f 976 977 1073
f 976 1073 1072
f 977 978 1074
f 977 1074 1073
f 978 979 1075
f 978 1075 1074
f 979 980 1076
f 979 1076 1075
f 980 981 1077
f 980 1077 1076
f 981 982 1078
f 981 1078 1077
f 982 983 1079
f 982 1079 1078
f 983 984 1080
f 983 1080 1079
f 984 985 1081
f 984 1081 1080
f 985 986 1082
f 985 1082 1081
f 986 987 1083
f 986 1083 1082
f 987 988 1084
f 987 1084 1083
f 988 989 1085
f 988 1085 1084
f 989 990 1086
f 989 1086 1085
f 990 991 1087
f 990 1087 1086
f 991 992 1088
f 991 1088 1087
f 992 993 1089
f 992 1089 1088
f 993 994 1090
f 993 1090 1089
f 994 995 1091
f 994 1091 1090
f 1001 1002 1098
f 1001 1098 1097
f 1002 1003 1099
f 1002 1099 1098
f 1003 1004 1100
f 1003 1100 1099
f 1004 1005 1101
f 1004 1101 1100
f 1005 1006 1102
f 1005 1102 1101
f 1006 1007 1103
f 1006 1103 1102
f 1007 1008 1104
f 1007 1104 1103
f 1008 1009 1105
f 1008 1105 1104
f 1009 1010 1106
f 1009 1106 1105
f 1010 1011 1107
f 1010 1107 1106
f 1011 1012 1108
f 1011 1108 1107
f 1012 1013 1109
f 1012 1109 1108
f 1013 1014 1110
f 1013 1110 1109
f 1014 1015 1111
f 1014 1111 1110
f 1015 1016 1112
f 1015 1112 1111
f 1016 1017 1113
f 1016 1113 1112
f 1017 1018 1114
f 1017 1114 1113
f 1018 1019 1115
f 1018 1115 1114
f 1019 1020 1116
f 1019 1116 1115
f 1020 1021 1117
f 1020 1117 1116
f 1021 1022 1118
f 1021 1118 1117
f 1022 1023 1119
f 1022 1119 1118
f 1023 1024 1120
f 1023 1120 1119
f 1024 1025 1121
f 1024 1121 1120
f 1025 1026 1122
f 1025 1122 1121
f 1026 1027 1123
f 1026 1123 1122
f 1027 1028 1124
f 1027 1124 1123
f 1028 1029 1125
f 1028 1125 1124
f 1029 1030 1126
f 1029 1126 1125
f 1030 1031 1127
f 1030 1127 1126
f 1038 1039 1135
f 1038 1135 1134
f 1039 1040 1136
f 1039 1136 1135
f 1040 1041 1137
f 1040 1137 1136
f 1041 1042 1138
f 1041 1138 1137
f 1042 1043 1139
f 1042 1139 1138
f 1043 1044 1140
f 1043 1140 1139
f 1044 1045 1141
f 1044 1141 1140
f 1045 1046 1142
f 1045 1142 1141
f 1046 1047 1143
f 1046 1143 1142
f 1047 1048 1144
f 1047 1144 1143
f 1048 1049 1145
f 1048 1145 1144
f 1049 1050 1146
f 1049 1146 1145
f 1050 1051 1147
f 1050 1147 1146
f 1051 1052 1148
f 1051 1148 1147
f 1052 1053 1149
f 1052 1149 1148
f 1053 1054 1150
f 1053 1150 1149
f 1054 1055 1151
f 1054 1151 1150
f 1055 1056 1152
f 1055 1152 1151
f 1056 961 1057
f 1056 1057 1152
f 1057 1058 1154
f 1057 1154 1153
f 1058 1059 1155
f 1058 1155 1154
f 1059 1060 1156
f 1059 1156 1155
f 1060 1061 1157
f 1060 1157 1156
f 1061 1062 1158
f 1061 1158 1157
f 1062 1063 1159
f 1062 1159 1158
f 1063 1064 1160
f 1063 1160 1159
f 1064 1065 1161
f 1064 1161 1160
f 1065 1066 1162
f 1065 1162 1161
f 1066 1067 1163
f 1066 1163 1162
f 1067 1068 1164
f 1067 1164 1163
f 1068 1069 1165
f 1068 1165 1164
f 1069 1070 1166
f 1069 1166 1165
f 1070 1071 1167
f 1070 1167 1166
f 1071 1072 1168
f 1071 1168 1167
f 1072 1073 1169
f 1072 1169 1168
f 1073 1074 1170
f 1073 1170 1169
f 1074 1075 1171
f 1074 1171 1170
f 1075 1076 1172
f 1075 1172 1171
f 1076 1077 1173
f 1076 1173 1172
f 1077 1078 1174
f 1077 1174 1173
f 1078 1079 1175
f 1078 1175 1174
f 1079 1080 1176
f 1079 1176 1175
f 1080 1081 1177
f 1080 1177 1176
f 1081 1082 1178
f 1081 1178 1177
f 1082 1083 1179
f 1082 1179 1178
f 1083 1084 1180
f 1083 1180 1179
f 1084 1085 1181
f 1084 1181 1180
f 1085 1086 1182
f 1085 1182 1181
f 1086 1087 1183
f 1086 1183 1182
f 1087 1088 1184
f 1087 1184 1183
f 1088 1089 1185
f 1088 1185 1184
f 1089 1090 1186
f 1089 1186 1185
f 1090 1091 1187
f 1090 1187 1186
f 1091 1092 1188
f 1091 1188 1187
f 1092 1093 1189
f 1092 1189 1188
f 1093 1094 1190
f 1093 1190 1189
f 1094 1095 1191
f 1094 1191 1190
f 1095 1096 1192
f 1095 1192 1191
f 1096 1097 1193
f 1096 1193 1192
f 1097 1098 1194
f 1097 1194 1193
f 1098 1099 1195
f 1098 1195 1194
f 1099 1100 1196
f 1099 1196 1195
f 1100 1101 1197
f 1100 1197 1196
f 1101 1102 1198
f 1101 1198 1197
f 1102 1103 1199
f 1102 1199 1198
f 1103 1104 1200
f 1103 1200 1199
f 1104 1105 1201
f 1104 1201 1200
f 1105 1106 1202
f 1105 1202 1201
f 1106 1107 1203
f 1106 1203 1202
f 1107 1108 1204
f 1107 1204 1203
f 1108 1109 1205
f 1108 1205 1204
f 1109 1110 1206
f 1109 1206 1205
f 1110 1111 1207
f 1110 1207 1206
f 1111 1112 1208
f 1111 1208 1207
f 1112 1113 1209
f 1112 1209 1208
f 1113 1114 1210
f 1113 1210 1209
f 1114 1115 1211
f 1114 1211 1210
f 1115 1116 1212
f 1115 1212 1211
f 1116 1117 1213
f 1116 1213 1212
f 1117 1118 1214
f 1117 1214 1213
f 1118 1119 1215
f 1118 1215 1214
f 1119 1120 1216
f 1119 1216 1215
f 1120 1121 1217
f 1120 1217 1216
f 1121 1122 1218
f 1121 1218 1217
f 1122 1123 1219
f 1122 1219 1218
f 1123 1124 1220
f 1123 1220 1219
f 1124 1125 1221
f 1124 1221 1220
f 1125 1126 1222
f 1125 1222 1221
f 1134 1135 1231
f 1134 1231 1230
f 1135 1136 1232
f 1135 1232 1231
f 1136 1137 1233
f 1136 1233 1232
f 1137 1138 1234
f 1137 1234 1233
f 1138 1139 1235
f 1138 1235 1234
f 1139 1140 1236
f 1139 1236 1235
f 1140 1141 1237
f 1140 1237 1236
f 1141 1142 1238
f 1141 1238 1237
f 1142 1143 1239
f 1142 1239 1238
f 1143 1144 1240
f 1143 1240 1239
f 1144 1145 1241
f 1144 1241 1240
f 1145 1146 1242
f 1145 1242 1241
f 1146 1147 1243
f 1146 1243 1242
f 1147 1148 1244
f 1147 1244 1243
f 1148 1149 1245
f 1148 1245 1244
f 1149 1150 1246
f 1149 1246 1245
f 1150 1151 1247
f 1150 1247 1246
f 1151 1152 1248
f 1151 1248 1247
f 1152 1057 1153
f 1152 1153 1248
f 1153 1154 1250
f 1153 1250 1249
f 1154 1155 1251
f 1154 1251 1250
f 1155 1156 1252
f 1155 1252 1251
f 1156 1157 1253
f 1156 1253 1252
f 1157 1158 1254
f 1157 1254 1253
f 1158 1159 1255
f 1158 1255 1254
f 1159 1160 1256
f 1159 1256 1255
f 1160 1161 1257
f 1160 1257 1256
f 1161 1162 1258
f 1161 1258 1257
f 1162 1163 1259
f 1162 1259 1258
f 1163 1164 1260
f 1163 1260 1259
f 1170 1171 1267
f 1170 1267 1266
f 1171 1172 1268
f 1171 1268 1267
f 1172 1173 1269
f 1172 1269 1268
f 1173 1174 1270
f 1173 1270 1269
f 1174 1175 1271
f 1174 1271 1270
f 1175 1176 1272
f 1175 1272 1271
f 1176 1177 1273
f 1176 1273 1272
f 1177 1178 1274
f 1177 1274 1273
f 1178 1179 1275
f 1178 1275 1274
f 1179 1180 1276
f 1179 1276 1275
f 1180 1181 1277
f 1180 1277 1276
f 1181 1182 1278
f 1181 1278 1277
f 1182 1183 1279
f 1182 1279 1278
f 1183 1184 1280
f 1183 1280 1279
f 1184 1185 1281
f 1184 1281 1280
f 1185 1186 1282
f 1185 1282 1281
f 1186 1187 1283
f 1186 1283 1282
f 1187 1188 1284
f 1187 1284 1283
f 1188 1189 1285
f 1188 1285 1284
f 1189 1190 1286
f 1189 1286 1285
f 1190 1191 1287
f 1190 1287 1286
f 1191 1192 1288
f 1191 1288 1287
f 1192 1193 1289
f 1192 1289 1288
f 1193 1194 1290
f 1193 1290 1289
f 1194 1195 1291
f 1194 1291 1290
f 1195 1196 1292
f 1195 1292 1291
f 1196 1197 1293
f 1196 1293 1292
f 1197 1198 1294
f 1197 1294 1293
f 1198 1199 1295
f 1198 1295 1294
f 1199 1200 1296
f 1199 1296 1295
f 1200 1201 1297
f 1200 1297 1296
f 1201 1202 1298
f 1201 1298 1297
f 1202 1203 1299
f 1202 1299 1298
f 1203 1204 1300
f 1203 1300 1299
f 1204 1205 1301
f 1204 1301 1300
f 1205 1206 1302
f 1205 1302 1301
f 1206 1207 1303
f 1206 1303 1302
f 1207 1208 1304
f 1207 1304 1303
f 1208 1209 1305
f 1208 1305 1304
f 1209 1210 1306
f 1209 1306 1305
f 1210 1211 1307
f 1210 1307 1306
f 1211 1212 1308
f 1211 1308 1307
f 1212 1213 1309
f 1212 1309 1308
f 1213 1214 1310
f 1213 1310 1309
f 1214 1215 1311
f 1214 1311 1310
f 1215 1216 1312
f 1215 1312 1311
f 1216 1217 1313
f 1216 1313 1312
f 1217 1218 1314
f 1217 1314 1313
f 1218 1219 1315
f 1218 1315 1314
f 1219 1220 1316
f 1219 1316 1315
f 1220 1221 1317
f 1220 1317 1316
f 1221 1222 1318
f 1221 1318 1317
f 1222 1223 1319
f 1222 1319 1318
f 1230 1231 1327
f 1230 1327 1326
f 1231 1232 1328
f 1231 1328 1327
f 1232 1233 1329
f 1232 1329 1328
f 1233 1234 1330
f 1233 1330 1329
f 1234 1235 1331
f 1234 1331 1330
f 1235 1236 1332
f 1235 1332 1331
f 1236 1237 1333
f 1236 1333 1332
f 1237 1238 1334
f 1237 1334 1333
f 1238 1239 1335
f 1238 1335 1334
f 1239 1240 1336
f 1239 1336 1335
f 1240 1241 1337
f 1240 1337 1336
f 1241 1242 1338
f 1241 1338 1337
f 1242 1243 1339
f 1242 1339 1338
f 1243 1244 1340
f 1243 1340 1339
f 1244 1245 1341
f 1244 1341 1340
f 1245 1246 1342
f 1245 1342 1341
f 1246 1247 1343
f 1246 1343 1342
f 1247 1248 1344
f 1247 1344 1343
f 1248 1153 1249
f 1248 1249 1344
f 1249 1250 1346
f 1249 1346 1345
f 1250 1251 1347
f 1250 1347 1346
f 1251 1252 1348
f 1251 1348 1347
f 1252 1253 1349
f 1252 1349 1348
f 1253 1254 1350
f 1253 1350 1349
f 1254 1255 1351
f 1254 1351 1350
f 1255 1256 1352
f 1255 1352 1351
f 1256 1257 1353
f 1256 1353 1352
f 1257 1258 1354
f 1257 1354 1353
f 1258 1259 1355
f 1258 1355 1354
f 1259 1260 1356
f 1259 1356 1355
f 1266 1267 1363
f 1266 1363 1362
f 1267 1268 1364
f 1267 1364 1363
f 1268 1269 1365
f 1268 1365 1364
f 1269 1270 1366
f 1269 1366 1365
f 1270 1271 1367
f 1270 1367 1366
f 1271 1272 1368
f 1271 1368 1367
f 1272 1273 1369
f 1272 1369 1368
f 1273 1274 1370
f 1273 1370 1369
f 1274 1275 1371
f 1274 1371 1370
f 1275 1276 1372
f 1275 1372 1371
f 1276 1277 1373
f 1276 1373 1372
f 1277 1278 1374
f 1277 1374 1373
f 1278 1279 1375
f 1278 1375 1374
f 1279 1280 1376
f 1279 1376 1375
f 1280 1281 1377
f 1280 1377 1376
f 1281 1282 1378
f 1281 1378 1377
f 1282 1283 1379
f 1282 1379 1378
f 1283 1284 1380
f 1283 1380 1379
f 1284 1285 1381
f 1284 1381 1380
f 1285 1286 1382
f 1285 1382 1381
f 1286 1287 1383
f 1286 1383 1382
f 1287 1288 1384
f 1287 1384 1383
f 1288 1289 1385
f 1288 1385 1384
f 1289 1290 1386
f 1289 1386 1385
f 1290 1291 1387
f 1290 1387 1386
f 1291 1292 1388
f 1291 1388 1387
f 1292 1293 1389
f 1292 1389 1388
f 1293 1294 1390
f 1293 1390 1389
f 1294 1295 1391
f 1294 1391 1390
f 1295 1296 1392
f 1295 1392 1391
f 1296 1297 1393
f 1296 1393 1392
f 1297 1298 1394
f 1297 1394 1393
f 1298 1299 1395
f 1298 1395 1394
f 1299 1300 1396
f 1299 1396 1395
f 1300 1301 1397
f 1300 1397 1396
f 1301 1302 1398
f 1301 1398 1397
f 1302 1303 1399
f 1302 1399 1398
f 1303 1304 1400
f 1303 1400 1399
f 1304 1305 1401
f 1304 1401 1400
f 1305 1306 1402
f 1305 1402 1401
f 1306 1307 1403
f 1306 1403 1402
f 1307 1308 1404
f 1307 1404 1403
f 1308 1309 1405
f 1308 1405 1404
f 1309 1310 1406
f 1309 1406 1405
f 1310 1311 1407
f 1310 1407 1406
f 1311 1312 1408
f 1311 1408 1407
f 1312 1313 1409
f 1312 1409 1408
f 1313 1314 1410
f 1313 1410 1409
f 1314 1315 1411
f 1314 1411 1410
f 1315 1316 1412
f 1315 1412 1411
f 1316 1317 1413
f 1316 1413 1412
f 1317 1318 1414
f 1317 1414 1413
f 1318 1319 1415
f 1318 1415 1414
f 1319 1320 1416
f 1319 1416 1415
f 1325 1326 1422
f 1325 1422 1421
f 1326 1327 1423
f 1326 1423 1422
f 1327 1328 1424
f 1327 1424 1423
f 1328 1329 1425
f 1328 1425 1424
f 1329 1330 1426
f 1329 1426 1425
f 1330 1331 1427
f 1330 1427 1426
f 1331 1332 1428
f 1331 1428 1427
f 1332 1333 1429
f 1332 1429 1428
f 1333 1334 1430
f 1333 1430 1429
f 1334 1335 1431
f 1334 1431 1430
f 1335 1336 1432
f 1335 1432 1431
f 1336 1337 1433
f 1336 1433 1432
f 1337 1338 1434
f 1337 1434 1433
f 1338 1339 1435
f 1338 1435 1434
f 1339 1340 1436
f 1339 1436 1435
f 1340 1341 1437
f 1340 1437 1436
f 1341 1342 1438
f 1341 1438 1437
f 1342 1343 1439
f 1342 1439 1438
f 1343 1344 1440
f 1343 1440 1439
f 1344 1249 1345
f 1344 1345 1440
f 1345 1346 1442
f 1345 1442 1441
f 1346 1347 1443
f 1346 1443 1442
f 1347 1348 1444
f 1347 1444 1443
f 1348 1349 1445
f 1348 1445 1444
f 1349 1350 1446
f 1349 1446 1445
f 1350 1351 1447
f 1350 1447 1446
f 1351 1352 1448
f 1351 1448 1447
f 1352 1353 1449
f 1352 1449 1448
f 1353 1354 1450
f 1353 1450 1449
f 1354 1355 1451
f 1354 1451 1450
f 1355 1356 1452
f 1355 1452 1451
f 1362 1363 1459
f 1362 1459 1458
f 1363 1364 1460
f 1363 1460 1459
f 1364 1365 1461
f 1364 1461 1460
f 1365 1366 1462
f 1365 1462 1461
f 1366 1367 1463
f 1366 1463 1462
f 1367 1368 1464
f 1367 1464 1463
f 1368 1369 1465
f 1368 1465 1464
f 1369 1370 1466
f 1369 1466 1465
f 1370 1371 1467
f 1370 1467 1466
f 1371 1372 1468
f 1371 1468 1467
f 1372 1373 1469
f 1372 1469 1468
f 1373 1374 1470
f 1373 1470 1469
f 1374 1375 1471
f 1374 1471 1470
f 1375 1376 1472
f 1375 1472 1471
f 1376 1377 1473
f 1376 1473 1472
f 1377 1378 1474
f 1377 1474 1473
f 1378 1379 1475
f 1378 1475 1474
f 1379 1380 1476
f 1379 1476 1475
f 1380 1381 1477
f 1380 1477 1476
f 1381 1382 1478
f 1381 1478 1477
f 1382 1383 1479
f 1382 1479 1478
f 1383 1384 1480
f 1383 1480 1479
f 1384 1385 1481
f 1384 1481 1480
f 1385 1386 1482
f 1385 1482 1481
f 1386 1387 1483
f 1386 1483 1482
f 1387 1388 1484
f 1387 1484 1483
f 1388 1389 1485
f 1388 1485 1484
f 1389 1390 1486
f 1389 1486 1485
f 1390 1391 1487
f 1390 1487 1486
f 1391 1392 1488
f 1391 1488 1487
f 1392 1393 1489
f 1392 1489 1488
f 1393 1394 1490
f 1393 1490 1489
f 1398 1399 1495
f 1398 1495 1494
f 1399 1400 1496
f 1399 1496 1495
f 1400 1401 1497
f 1400 1497 1496
f 1401 1402 1498
f 1401 1498 1497
f 1402 1403 1499
f 1402 1499 1498
f 1403 1404 1500
f 1403 1500 1499
f 1404 1405 1501
f 1404 1501 1500
f 1405 1406 1502
f 1405 1502 1501
f 1406 1407 1503
f 1406 1503 1502
f 1407 1408 1504
f 1407 1504 1503
f 1408 1409 1505
f 1408 1505 1504
f 1409 1410 1506
f 1409 1506 1505
f 1410 1411 1507
f 1410 1507 1506
f 1411 1412 1508
f 1411 1508 1507
f 1412 1413 1509
f 1412 1509 1508
f 1413 1414 1510
f 1413 1510 1509
f 1414 1415 1511
f 1414 1511 1510
f 1415 1416 1512
f 1415 1512 1511
f 1416 1417 1513
f 1416 1513 1512
f 1417 1418 1514
f 1417 1514 1513
f 1419 1420 1516
f 1419 1516 1515
f 1420 1421 1517
f 1420 1517 1516
f 1421 1422 1518
f 1421 1518 1517
f 1422 1423 1519
f 1422 1519 1518
f 1423 1424 1520
f 1423 1520 1519
f 1424 1425 1521
f 1424 1521 1520
f 1425 1426 1522
f 1425 1522 1521
f 1426 1427 1523
f 1426 1523 1522
f 1427 1428 1524
f 1427 1524 1523
f 1428 1429 1525
f 1428 1525 1524
f 1429 1430 1526
f 1429 1526 1525
f 1430 1431 1527
f 1430 1527 1526
f 1431 1432 1528
f 1431 1528 1527
f 1432 1433 1529
f 1432 1529 1528
f 1433 1434 1530
f 1433 1530 1529
f 1434 1435 1531
f 1434 1531 1530
f 1435 1436 1532
f 1435 1532 1531
f 1436 1437 1533
f 1436 1533 1532
f 1437 1438 1534
f 1437 1534 1533
f 1438 1439 1535
f 1438 1535 1534
f 1439 1440 1536
f 1439 1536 1535
f 1440 1345 1441
f 1440 1441 1536
f 1441 1442 1538
f 1441 1538 1537
f 1442 1443 1539
f 1442 1539 1538
f 1443 1444 1540
f 1443 1540 1539
f 1444 1445 1541
f 1444 1541 1540
f 1445 1446 1542
f 1445 1542 1541
f 1446 1447 1543
f 1446 1543 1542
f 1447 1448 1544
f 1447 1544 1543
f 1448 1449 1545
f 1448 1545 1544
f 1449 1450 1546
f 1449 1546 1545
f 1450 1451 1547
f 1450 1547 1546
f 1451 1452 1548
f 1451 1548 1547
f 1458 1459 1555
f 1458 1555 1554
f 1459 1460 1556
f 1459 1556 1555
f 1460 1461 1557
f 1460 1557 1556
f 1461 1462 1558
f 1461 1558 1557
f 1462 1463 1559
f 1462 1559 1558
f 1463 1464 1560
f 1463 1560 1559
f 1464 1465 1561
f 1464 1561 1560
f 1465 1466 1562
f 1465 1562 1561
f 1466 1467 1563
f 1466 1563 1562
f 1467 1468 1564
f 1467 1564 1563
f 1468 1469 1565
f 1468 1565 1564
f 1469 1470 1566
f 1469 1566 1565
f 1470 1471 1567
f 1470 1567 1566
f 1471 1472 1568
f 1471 1568 1567
f 1472 1473 1569
f 1472 1569 1568
f 1473 1474 1570
f 1473 1570 1569
f 1474 1475 1571
f 1474 1571 1570
f 1475 1476 1572
f 1475 1572 1571
f 1476 1477 1573
f 1476 1573 1572
f 1477 1478 1574
f 1477 1574 1573
f 1478 1479 1575
f 1478 1575 1574
f 1479 1480 1576
f 1479 1576 1575
f 1480 1481 1577
f 1480 1577 1576
f 1481 1482 1578
f 1481 1578 1577
f 1482 1483 1579
f 1482 1579 1578
f 1483 1484 1580
f 1483 1580 1579
f 1484 1485 1581
f 1484 1581 1580
f 1485 1486 1582
f 1485 1582 1581
f 1486 1487 1583
f 1486 1583 1582
f 1487 1488 1584
f 1487 1584 1583
f 1488 1489 1585
f 1488 1585 1584
f 1494 1495 1591
f 1494 1591 1590
f 1495 1496 1592
f 1495 1592 1591
f 1496 1497 1593
f 1496 1593 1592
f 1497 1498 1594
f 1497 1594 1593
f 1498 1499 1595
f 1498 1595 1594
f 1499 1500 1596
f 1499 1596 1595
f 1500 1501 1597
f 1500 1597 1596
f 1501 1502 1598
f 1501 1598 1597
f 1502 1503 1599
f 1502 1599 1598
f 1503 1504 1600
f 1503 1600 1599
f 1504 1505 1601
f 1504 1601 1600
f 1505 1506 1602
f 1505 1602 1601
f 1506 1507 1603
f 1506 1603 1602
f 1507 1508 1604
f 1507 1604 1603
f 1508 1509 1605
f 1508 1605 1604
f 1509 1510 1606
f 1509 1606 1605
f 1510 1511 1607
f 1510 1607 1606
f 1511 1512 1608
f 1511 1608 1607
f 1512 1513 1609
f 1512 1609 1608
f 1513 1514 1610
f 1513 1610 1609
f 1514 1515 1611
f 1514 1611 1610
f 1515 1516 1612
f 1515 1612 1611
f 1516 1517 1613
f 1516 1613 1612
f 1517 1518 1614
f 1517 1614 1613
f 1518 1519 1615
f 1518 1615 1614
f 1519 1520 1616
f 1519 1616 1615
f 1520 1521 1617
f 1520 1617 1616
f 1521 1522 1618
f 1521 1618 1617
f 1522 1523 1619
f 1522 1619 1618
f 1523 1524 1620
f 1523 1620 1619
f 1524 1525 1621
f 1524 1621 1620
f 1525 1526 1622
f 1525 1622 1621
f 1526 1527 1623
f 1526 1623 1622
f 1527 1528 1624
f 1527 1624 1623
f 1528 1529 1625
f 1528 1625 1624
f 1529 1530 1626
f 1529 1626 1625
f 1530 1531 1627
f 1530 1627 1626
f 1531 1532 1628
f 1531 1628 1627
f 1532 1533 1629
f 1532 1629 1628
f 1533 1534 1630
f 1533 1630 1629
f 1534 1535 1631
f 1534 1631 1630
f 1535 1536 1632
f 1535 1632 1631
f 1536 1441 1537
f 1536 1537 1632
f 1537 1538 1634
f 1537 1634 1633
f 1538 1539 1635
f 1538 1635 1634
f 1539 1540 1636
f 1539 1636 1635
f 1540 1541 1637
f 1540 1637 1636
f 1541 1542 1638
f 1541 1638 1637
f 1542 1543 1639
f 1542 1639 1638
f 1543 1544 1640
f 1543 1640 1639
f 1544 1545 1641
f 1544 1641 1640
f 1545 1546 1642
f 1545 1642 1641
f 1546 1547 1643
f 1546 1643 1642
f 1547 1548 1644
f 1547 1644 1643
f 1548 1549 1645
f 1548 1645 1644
f 1553 1554 1650
f 1553 1650 1649
f 1554 1555 1651
f 1554 1651 1650
f 1555 1556 1652
f 1555 1652 1651
f 1556 1557 1653
f 1556 1653 1652
f 1557 1558 1654
f 1557 1654 1653
f 1558 1559 1655
f 1558 1655 1654
f 1559 1560 1656
f 1559 1656 1655
f 1560 1561 1657
f 1560 1657 1656
f 1561 1562 1658
f 1561 1658 1657
f 1562 1563 1659
f 1562 1659 1658
f 1563 1564 1660
f 1563 1660 1659
f 1564 1565 1661
f 1564 1661 1660
f 1565 1566 1662
f 1565 1662 1661
f 1566 1567 1663
f 1566 1663 1662
f 1567 1568 1664
f 1567 1664 1663
f 1568 1569 1665
f 1568 1665 1664
f 1569 1570 1666
f 1569 1666 1665
f 1570 1571 1667
f 1570 1667 1666
f 1571 1572 1668
f 1571 1668 1667
f 1572 1573 1669
f 1572 1669 1668
f 1573 1574 1670
f 1573 1670 1669
f 1574 1575 1671
f 1574 1671 1670
f 1575 1576 1672
f 1575 1672 1671
f 1576 1577 1673
f 1576 1673 1672
f 1577 1578 1674
f 1577 1674 1673
f 1578 1579 1675
f 1578 1675 1674
f 1579 1580 1676
f 1579 1676 1675
f 1580 1581 1677
f 1580 1677 1676
f 1581 1582 1678
f 1581 1678 1677
f 1582 1583 1679
f 1582 1679 1678
f 1583 1584 1680
f 1583 1680 1679
f 1584 1585 1681
f 1584 1681 1680
f 1591 1592 1688
f 1591 1688 1687
f 1592 1593 1689
f 1592 1689 1688
f 1593 1594 1690
f 1593 1690 1689
f 1594 1595 1691
f 1594 1691 1690
f 1595 1596 1692
f 1595 1692 1691
f 1596 1597 1693
f 1596 1693 1692
f 1597 1598 1694
f 1597 1694 1693
f 1598 1599 1695
f 1598 1695 1694
f 1599 1600 1696
f 1599 1696 1695
f 1600 1601 1697
f 1600 1697 1696
f 1601 1602 1698
f 1601 1698 1697
f 1602 1603 1699
f 1602 1699 1698
f 1603 1604 1700
f 1603 1700 1699
f 1604 1605 1701
f 1604 1701 1700
f 1605 1606 1702
f 1605 1702 1701
f 1606 1607 1703
f 1606 1703 1702
f 1607 1608 1704
f 1607 1704 1703
f 1608 1609 1705
f 1608 1705 1704
f 1609 1610 1706
f 1609 1706 1705
f 1610 1611 1707
f 1610 1707 1706
f 1611 1612 1708
f 1611 1708 1707
f 1612 1613 1709
f 1612 1709 1708
f 1613 1614 1710
f 1613 1710 1709
f 1614 1615 1711
f 1614 1711 1710
f 1615 1616 1712
f 1615 1712 1711
f 1616 1617 1713
f 1616 1713 1712
f 1617 1618 1714
f 1617 1714 1713
f 1618 1619 1715
f 1618 1715 1714
f 1619 1620 1716
f 1619 1716 1715
f 1620 1621 1717
f 1620 1717 1716
f 1621 1622 1718
f 1621 1718 1717
f 1622 1623 1719
f 1622 1719 1718
f 1626 1627 1723
f 1626 1723 1722
f 1627 1628 1724
f 1627 1724 1723
f 1628 1629 1725
f 1628 1725 1724
f 1629 1630 1726
f 1629 1726 1725
f 1630 1631 1727
f 1630 1727 1726
f 1631 1632 1728
f 1631 1728 1727
f 1632 1537 1633
f 1632 1633 1728
f 1633 1634 1730
f 1633 1730 1729
f 1634 1635 1731
f 1634 1731 1730
f 1635 1636 1732
f 1635 1732 1731
f 1636 1637 1733
f 1636 1733 1732
f 1637 1638 1734
f 1637 1734 1733
f 1638 1639 1735
f 1638 1735 1734
f 1639 1640 1736
f 1639 1736 1735
f 1640 1641 1737
f 1640 1737 1736
f 1641 1642 1738
f 1641 1738 1737
f 1642 1643 1739
f 1642 1739 1738
f 1643 1644 1740
f 1643 1740 1739
f 1644 1645 1741
f 1644 1741 1740
f 1645 1646 1742
f 1645 1742 1741
f 1646 1647 1743
f 1646 1743 1742
f 1647 1648 1744
f 1647 1744 1743
f 1648 1649 1745
f 1648 1745 1744
f 1649 1650 1746
f 1649 1746 1745
f 1650 1651 1747
f 1650 1747 1746
f 1651 1652 1748
f 1651 1748 1747
f 1652 1653 1749
f 1652 1749 1748
f 1653 1654 1750
f 1653 1750 1749
f 1654 1655 1751
f 1654 1751 1750
f 1655 1656 1752
f 1655 1752 1751
f 1656 1657 1753
f 1656 1753 1752
f 1657 1658 1754
f 1657 1754 1753
f 1658 1659 1755
f 1658 1755 1754
f 1659 1660 1756
f 1659 1756 1755
f 1660 1661 1757
f 1660 1757 1756
f 1661 1662 1758
f 1661 1758 1757
f 1662 1663 1759
f 1662 1759 1758
f 1663 1664 1760
f 1663 1760 1759
f 1664 1665 1761
f 1664 1761 1760
f 1665 1666 1762
f 1665 1762 1761
f 1666 1667 1763
f 1666 1763 1762
f 1667 1668 1764
f 1667 1764 1763
f 1668 1669 1765
f 1668 1765 1764
f 1669 1670 1766
f 1669 1766 1765
f 1670 1671 1767
f 1670 1767 1766
f 1671 1672 1768
f 1671 1768 1767
f 1672 1673 1769
f 1672 1769 1768
f 1673 1674 1770
f 1673 1770 1769
f 1674 1675 1771
f 1674 1771 1770
f 1675 1676 1772
f 1675 1772 1771
f 1676 1677 1773
f 1676 1773 1772
f 1677 1678 1774
f 1677 1774 1773
f 1678 1679 1775
f 1678 1775 1774
f 1679 1680 1776
f 1679 1776 1775
f 1680 1681 1777
f 1680 1777 1776
f 1686 1687 1783
f 1686 1783 1782
f 1687 1688 1784
f 1687 1784 1783
f 1688 1689 1785
f 1688 1785 1784
f 1689 1690 1786
f 1689 1786 1785
f 1690 1691 1787
f 1690 1787 1786
f 1691 1692 1788
f 1691 1788 1787
f 1692 1693 1789
f 1692 1789 1788
f 1693 1694 1790
f 1693 1790 1789
f 1694 1695 1791
f 1694 1791 1790
f 1695 1696 1792
f 1695 1792 1791
f 1696 1697 1793
f 1696 1793 1792
f 1697 1698 1794
f 1697 1794 1793
f 1698 1699 1795
f 1698 1795 1794
f 1699 1700 1796
f 1699 1796 1795
f 1700 1701 1797
f 1700 1797 1796
f 1701 1702 1798
f 1701 1798 1797
f 1702 1703 1799
f 1702 1799 1798
f 1703 1704 1800
f 1703 1800 1799
f 1704 1705 1801
f 1704 1801 1800
f 1705 1706 1802
f 1705 1802 1801
f 1706 1707 1803
f 1706 1803 1802
f 1707 1708 1804
f 1707 1804 1803
f 1708 1709 1805
f 1708 1805 1804
f 1709 1710 1806
f 1709 1806 1805
f 1710 1711 1807
f 1710 1807 1806
f 1711 1712 1808
f 1711 1808 1807
f 1712 1713 1809
f 1712 1809 1808
f 1713 1714 1810
f 1713 1810 1809
f 1714 1715 1811
f 1714 1811 1810
f 1715 1716 1812
f 1715 1812 1811
f 1716 1717 1813
f 1716 1813 1812
f 1717 1718 1814
f 1717 1814 1813
f 1723 1724 1820
f 1723 1820 1819
f 1724 1725 1821
f 1724 1821 1820
f 1725 1726 1822
f 1725 1822 1821
f 1726 1727 1823
f 1726 1823 1822
f 1727 1728 1824
f 1727 1824 1823
f 1728 1633 1729
f 1728 1729 1824
f 1729 1730 1826
f 1729 1826 1825
f 1730 1731 1827
f 1730 1827 1826
f 1731 1732 1828
f 1731 1828 1827
f 1732 1733 1829
f 1732 1829 1828
f 1733 1734 1830
f 1733 1830 1829
f 1734 1735 1831
f 1734 1831 1830
f 1735 1736 1832
f 1735 1832 1831
f 1736 1737 1833
f 1736 1833 1832
f 1737 1738 1834
f 1737 1834 1833
f 1738 1739 1835
f 1738 1835 1834
f 1739 1740 1836
f 1739 1836 1835
f 1740 1741 1837
f 1740 1837 1836
f 1741 1742 1838
f 1741 1838 1837
f 1742 1743 1839
f 1742 1839 1838
f 1743 1744 1840
f 1743 1840 1839
f 1744 1745 1841
f 1744 1841 1840
f 1745 1746 1842
f 1745 1842 1841
f 1746 1747 1843
f 1746 1843 1842
f 1747 1748 1844
f 1747 1844 1843
f 1748 1749 1845
f 1748 1845 1844
f 1749 1750 1846
f 1749 1846 1845
f 1750 1751 1847
f 1750 1847 1846
f 1751 1752 1848
f 1751 1848 1847
f 1752 1753 1849
f 1752 1849 1848
f 1753 1754 1850
f 1753 1850 1849
f 1754 1755 1851
f 1754 1851 1850
f 1755 1756 1852
f 1755 1852 1851
f 1758 1759 1855
f 1758 1855 1854
f 1759 1760 1856
f 1759 1856 1855
f 1760 1761 1857
f 1760 1857 1856
f 1761 1762 1858
f 1761 1858 1857
f 1762 1763 1859
f 1762 1859 1858
f 1763 1764 1860
f 1763 1860 1859
f 1764 1765 1861
f 1764 1861 1860
f 1765 1766 1862
f 1765 1862 1861
f 1766 1767 1863
f 1766 1863 1862
f 1767 1768 1864
f 1767 1864 1863
f 1768 1769 1865
f 1768 1865 1864
f 1769 1770 1866
f 1769 1866 1865
f 1770 1771 1867
f 1770 1867 1866
f 1771 1772 1868
f 1771 1868 1867
f 1772 1773 1869
f 1772 1869 1868
f 1773 1774 1870
f 1773 1870 1869
f 1774 1775 1871
f 1774 1871 1870
f 1775 1776 1872
f 1775 1872 1871
f 1776 1777 1873
f 1776 1873 1872
f 1782 1783 1879
f 1782 1879 1878
f 1783 1784 1880
f 1783 1880 1879
f 1784 1785 1881
f 1784 1881 1880
f 1785 1786 1882
f 1785 1882 1881
f 1786 1787 1883
f 1786 1883 1882
f 1787 1788 1884
f 1787 1884 1883
f 1788 1789 1885
f 1788 1885 1884
f 1789 1790 1886
f 1789 1886 1885
f 1790 1791 1887
f 1790 1887 1886
f 1791 1792 1888
f 1791 1888 1887
f 1792 1793 1889
f 1792 1889 1888
f 1793 1794 1890
f 1793 1890 1889
f 1794 1795 1891
f 1794 1891 1890
f 1795 1796 1892
f 1795 1892 1891
f 1796 1797 1893
f 1796 1893 1892
f 1797 1798 1894
f 1797 1894 1893
f 1798 1799 1895
f 1798 1895 1894
f 1799 1800 1896
f 1799 1896 1895
f 1800 1801 1897
f 1800 1897 1896
f 1801 1802 1898
f 1801 1898 1897
f 1802 1803 1899
f 1802 1899 1898
f 1803 1804 1900
f 1803 1900 1899
f 1804 1805 1901
f 1804 1901 1900
f 1805 1806 1902
f 1805 1902 1901
f 1806 1807 1903
f 1806 1903 1902
f 1807 1808 1904
f 1807 1904 1903
f 1808 1809 1905
f 1808 1905 1904
f 1809 1810 1906
f 1809 1906 1905
f 1810 1811 1907
f 1810 1907 1906
f 1811 1812 1908
f 1811 1908 1907
f 1812 1813 1909
f 1812 1909 1908
f 1813 1814 1910
f 1813 1910 1909
f 1819 1820 1916
f 1819 1916 1915
f 1820 1821 1917
f 1820 1917 1916
f 1821 1822 1918
f 1821 1918 1917
f 1822 1823 1919
f 1822 1919 1918
f 1823 1824 1920
f 1823 1920 1919
f 1824 1729 1825
f 1824 1825 1920
f 1825 1826 1922
f 1825 1922 1921
f 1826 1827 1923
f 1826 1923 1922
f 1827 1828 1924
f 1827 1924 1923
f 1828 1829 1925
f 1828 1925 1924
f 1829 1830 1926
f 1829 1926 1925
f 1830 1831 1927
f 1830 1927 1926
f 1831 1832 1928
f 1831 1928 1927
f 1832 1833 1929
f 1832 1929 1928
f 1833 1834 1930
f 1833 1930 1929
f 1834 1835 1931
f 1834 1931 1930
f 1835 1836 1932
f 1835 1932 1931
f 1836 1837 1933
f 1836 1933 1932
f 1837 1838 1934
f 1837 1934 1933
f 1838 1839 1935
f 1838 1935 1934
f 1839 1840 1936
f 1839 1936 1935
f 1840 1841 1937
f 1840 1937 1936
f 1841 1842 1938
f 1841 1938 1937
f 1842 1843 1939
f 1842 1939 1938
f 1843 1844 1940
f 1843 1940 1939
f 1844 1845 1941
f 1844 1941 1940
f 1845 1846 1942
f 1845 1942 1941
f 1846 1847 1943
f 1846 1943 1942
f 1847 1848 1944
f 1847 1944 1943
f 1848 1849 1945
f 1848 1945 1944
f 1849 1850 1946
f 1849 1946 1945
f 1850 1851 1947
f 1850 1947 1946
f 1855 1856 1952
f 1855 1952 1951
f 1856 1857 1953
f 1856 1953 1952
f 1857 1858 1954
f 1857 1954 1953
f 1858 1859 1955
f 1858 1955 1954
f 1859 1860 1956
f 1859 1956 1955
f 1860 1861 1957
f 1860 1957 1956
f 1861 1862 1958
f 1861 1958 1957
f 1862 1863 1959
f 1862 1959 1958
f 1863 1864 1960
f 1863 1960 1959
f 1864 1865 1961
f 1864 1961 1960
f 1865 1866 1962
f 1865 1962 1961
f 1866 1867 1963
f 1866 1963 1962
f 1867 1868 1964
f 1867 1964 1963
f 1868 1869 1965
f 1868 1965 1964
f 1869 1870 1966
f 1869 1966 1965
f 1870 1871 1967
f 1870 1967 1966
f 1871 1872 1968
f 1871 1968 1967
f 1872 1873 1969
f 1872 1969 1968
f 1873 1874 1970
f 1873 1970 1969
f 1874 1875 1971
f 1874 1971 1970
f 1876 1877 1973
f 1876 1973 1972
f 1877 1878 1974
f 1877 1974 1973
f 1878 1879 1975
f 1878 1975 1974
f 1879 1880 1976
f 1879 1976 1975
f 1880 1881 1977
f 1880 1977 1976
f 1881 1882 1978
f 1881 1978 1977
f 1882 1883 1979
f 1882 1979 1978
f 1883 1884 1980
f 1883 1980 1979
f 1884 1885 1981
f 1884 1981 1980
f 1885 1886 1982
f 1885 1982 1981
f 1886 1887 1983
f 1886 1983 1982
f 1887 1888 1984
f 1887 1984 1983
f 1888 1889 1985
f 1888 1985 1984
f 1889 1890 1986
f 1889 1986 1985
f 1890 1891 1987
f 1890 1987 1986
f 1891 1892 1988
f 1891 1988 1987
f 1892 1893 1989
f 1892 1989 1988
f 1893 1894 1990
f 1893 1990 1989
f 1894 1895 1991
f 1894 1991 1990
f 1895 1896 1992
f 1895 1992 1991
f 1896 1897 1993
f 1896 1993 1992
f 1897 1898 1994
f 1897 1994 1993
f 1898 1899 1995
f 1898 1995 1994
f 1899 1900 1996
f 1899 1996 1995
f 1900 1901 1997
f 1900 1997 1996
f 1901 1902 1998
f 1901 1998 1997
f 1902 1903 1999
f 1902 1999 1998
f 1903 1904 2000
f 1903 2000 1999
f 1904 1905 2001
f 1904 2001 2000
f 1905 1906 2002
f 1905 2002 2001
f 1906 1907 2003
f 1906 2003 2002
f 1907 1908 2004
f 1907 2004 2003
f 1908 1909 2005
f 1908 2005 2004
f 1909 1910 2006
f 1909 2006 2005
f 1915 1916 2012
f 1915 2012 2011
f 1916 1917 2013
f 1916 2013 2012
f 1917 1918 2014
f 1917 2014 2013
f 1918 1919 2015
f 1918 2015 2014
f 1919 1920 2016
f 1919 2016 2015
f 1920 1825 1921
f 1920 1921 2016
f 1921 1922 2018
f 1921 2018 2017
f 1922 1923 2019
f 1922 2019 2018
f 1923 1924 2020
f 1923 2020 2019
f 1924 1925 2021
f 1924 2021 2020
f 1925 1926 2022
f 1925 2022 2021
f 1926 1927 2023
f 1926 2023 2022
f 1927 1928 2024
f 1927 2024 2023
f 1928 1929 2025
f 1928 2025 2024
f 1929 1930 2026
f 1929 2026 2025
f 1930 1931 2027
f 1930 2027 2026
f 1931 1932 2028
f 1931 2028 2027
f 1932 1933 2029
f 1932 2029 2028
f 1933 1934 2030
f 1933 2030 2029
f 1934 1935 2031
f 1934 2031 2030
f 1935 1936 2032
f 1935 2032 2031
f 1936 1937 2033
f 1936 2033 2032
f 1937 1938 2034
f 1937 2034 2033
f 1938 1939 2035
f 1938 2035 2034
f 1939 1940 2036
f 1939 2036 2035
f 1940 1941 2037
f 1940 2037 2036
f 1941 1942 2038
f 1941 2038 2037
f 1942 1943 2039
f 1942 2039 2038
f 1943 1944 2040
f 1943 2040 2039
f 1944 1945 2041
f 1944 2041 2040
f 1945 1946 2042
f 1945 2042 2041
f 1946 1947 2043
f 1946 2043 2042
f 1951 1952 2048
f 1951 2048 2047
f 1952 1953 2049
f 1952 2049 2048
f 1953 1954 2050
f 1953 2050 2049
f 1954 1955 2051
f 1954 2051 2050
f 1955 1956 2052
f 1955 2052 2051
f 1956 1957 2053
f 1956 2053 2052
f 1957 1958 2054
f 1957 2054 2053
f 1958 1959 2055
f 1958 2055 2054
f 1959 1960 2056
f 1959 2056 2055
f 1960 1961 2057
f 1960 2057 2056
f 1961 1962 2058
f 1961 2058 2057
f 1962 1963 2059
f 1962 2059 2058
f 1963 1964 2060
f 1963 2060 2059
f 1964 1965 2061
f 1964 2061 2060
f 1965 1966 2062
f 1965 2062 2061
f 1966 1967 2063
f 1966 2063 2062
f 1967 1968 2064
f 1967 2064 2063
f 1968 1969 2065
f 1968 2065 2064
f 1969 1970 2066
f 1969 2066 2065
f 1970 1971 2067
f 1970 2067 2066
f 1971 1972 2068
f 1971 2068 2067
f 1972 1973 2069
f 1972 2069 2068
f 1973 1974 2070
f 1973 2070 2069
f 1974 1975 2071
f 1974 2071 2070
f 1975 1976 2072
f 1975 2072 2071
f 1976 1977 2073
f 1976 2073 2072
f 1977 1978 2074
f 1977 2074 2073
f 1978 1979 2075
f 1978 2075 2074
f 1979 1980 2076
f 1979 2076 2075
f 1980 1981 2077
f 1980 2077 2076
f 1981 1982 2078
f 1981 2078 2077
f 1982 1983 2079
f 1982 2079 2078
f 1983 1984 2080
f 1983 2080 2079
f 1987 1988 2084
f 1987 2084 2083
f 1988 1989 2085
f 1988 2085 2084
f 1989 1990 2086
f 1989 2086 2085
f 1990 1991 2087
f 1990 2087 2086
f 1991 1992 2088
f 1991 2088 2087
f 1992 1993 2089
f 1992 2089 2088
f 1993 1994 2090
f 1993 2090 2089
f 1994 1995 2091
f 1994 2091 2090
f 1995 1996 2092
f 1995 2092 2091
f 1996 1997 2093
f 1996 2093 2092
f 1997 1998 2094
f 1997 2094 2093
f 1998 1999 2095
f 1998 2095 2094
f 1999 2000 2096
f 1999 2096 2095
f 2000 2001 2097
f 2000 2097 2096
f 2001 2002 2098
f 2001 2098 2097
f 2002 2003 2099
f 2002 2099 2098
f 2003 2004 2100
f 2003 2100 2099
f 2004 2005 2101
f 2004 2101 2100
f 2005 2006 2102
f 2005 2102 2101
f 2010 2011 2107
f 2010 2107 2106
f 2011 2012 2108
f 2011 2108 2107
f 2012 2013 2109
f 2012 2109 2108
f 2013 2014 2110
f 2013 2110 2109
f 2014 2015 2111
f 2014 2111 2110
f 2015 2016 2112
f 2015 2112 2111
f 2016 1921 2017
f 2016 2017 2112
f 2017 2018 2114
f 2017 2114 2113
f 2018 2019 2115
f 2018 2115 2114
f 2019 2020 2116
f 2019 2116 2115
f 2020 2021 2117
f 2020 2117 2116
f 2021 2022 2118
f 2021 2118 2117
f 2022 2023 2119
f 2022 2119 2118
f 2023 2024 2120
f 2023 2120 2119
f 2024 2025 2121
f 2024 2121 2120
f 2025 2026 2122
f 2025 2122 2121
f 2026 2027 2123
f 2026 2123 2122
f 2027 2028 2124
f 2027 2124 2123
f 2028 2029 2125
f 2028 2125 2124
f 2029 2030 2126
f 2029 2126 2125
f 2030 2031 2127
f 2030 2127 2126
f 2031 2032 2128
f 2031 2128 2127
f 2032 2033 2129
f 2032 2129 2128
f 2033 2034 2130
f 2033 2130 2129
f 2034 2035 2131
f 2034 2131 2130
f 2035 2036 2132
f 2035 2132 2131
f 2036 2037 2133
f 2036 2133 2132
f 2037 2038 2134
f 2037 2134 2133
f 2038 2039 2135
f 2038 2135 2134
f 2039 2040 2136
f 2039 2136 2135
f 2040 2041 2137
f 2040 2137 2136
f 2041 2042 2138
f 2041 2138 2137
f 2042 2043 2139
f 2042 2139 2138
f 2047 2048 2144
f 2047 2144 2143
f 2048 2049 2145
f 2048 2145 2144
f 2049 2050 2146
f 2049 2146 2145
f 2050 2051 2147
f 2050 2147 2146
f 2051 2052 2148
f 2051 2148 2147
f 2052 2053 2149
f 2052 2149 2148
f 2053 2054 2150
f 2053 2150 2149
f 2054 2055 2151
f 2054 2151 2150
f 2055 2056 2152
f 2055 2152 2151
f 2056 2057 2153
f 2056 2153 2152
f 2057 2058 2154
f 2057 2154 2153
f 2058 2059 2155
f 2058 2155 2154
f 2059 2060 2156
f 2059 2156 2155
f 2060 2061 2157
f 2060 2157 2156
f 2061 2062 2158
f 2061 2158 2157
f 2062 2063 2159
f 2062 2159 2158
f 2063 2064 2160
f 2063 2160 2159
f 2064 2065 2161
f 2064 2161 2160
f 2065 2066 2162
f 2065 2162 2161
f 2066 2067 2163
f 2066 2163 2162
f 2067 2068 2164
f 2067 2164 2163
f 2068 2069 2165
f 2068 2165 2164
f 2069 2070 2166
f 2069 2166 2165
f 2070 2071 2167
f 2070 2167 2166
f 2071 2072 2168
f 2071 2168 2167
f 2072 2073 2169
f 2072 2169 2168
f 2073 2074 2170
f 2073 2170 2169
f 2074 2075 2171
f 2074 2171 2170
f 2075 2076 2172
f 2075 2172 2171
f 2076 2077 2173
f 2076 2173 2172
f 2077 2078 2174
f 2077 2174 2173
f 2078 2079 2175
f 2078 2175 2174
f 2079 2080 2176
f 2079 2176 2175
f 2084 2085 2181
f 2084 2181 2180
f 2085 2086 2182
f 2085 2182 2181
f 2086 2087 2183
f 2086 2183 2182
f 2087 2088 2184
f 2087 2184 2183
f 2088 2089 2185
f 2088 2185 2184
f 2089 2090 2186
f 2089 2186 2185
f 2090 2091 2187
f 2090 2187 2186
f 2091 2092 2188
f 2091 2188 2187
f 2092 2093 2189
f 2092 2189 2188
f 2093 2094 2190
f 2093 2190 2189
f 2094 2095 2191
f 2094 2191 2190
f 2095 2096 2192
f 2095 2192 2191
f 2096 2097 2193
f 2096 2193 2192
f 2097 2098 2194
f 2097 2194 2193
f 2098 2099 2195
f 2098 2195 2194
f 2099 2100 2196
f 2099 2196 2195
f 2100 2101 2197
f 2100 2197 2196
f 2101 2102 2198
f 2101 2198 2197
f 2102 2103 2199
f 2102 2199 2198
f 2105 2106 2202
f 2105 2202 2201
f 2106 2107 2203
f 2106 2203 2202
f 2107 2108 2204
f 2107 2204 2203
f 2108 2109 2205
f 2108 2205 2204
f 2109 2110 2206
f 2109 2206 2205
f 2110 2111 2207
f 2110 2207 2206
f 2111 2112 2208
f 2111 2208 2207
f 2112 2017 2113
f 2112 2113 2208
f 2113 2114 2210
f 2113 2210 2209
f 2114 2115 2211
f 2114 2211 2210
f 2115 2116 2212
f 2115 2212 2211
f 2116 2117 2213
f 2116 2213 2212
f 2120 2121 2217
f 2120 2217 2216
f 2121 2122 2218
f 2121 2218 2217
f 2122 2123 2219
f 2122 2219 2218
f 2123 2124 2220
f 2123 2220 2219
f 2124 2125 2221
f 2124 2221 2220
f 2125 2126 2222
f 2125 2222 2221
f 2126 2127 2223
f 2126 2223 2222
f 2127 2128 2224
f 2127 2224 2223
f 2128 2129 2225
f 2128 2225 2224
f 2129 2130 2226
f 2129 2226 2225
f 2130 2131 2227
f 2130 2227 2226
f 2131 2132 2228
f 2131 2228 2227
f 2132 2133 2229
f 2132 2229 2228
f 2133 2134 2230
f 2133 2230 2229
f 2134 2135 2231
f 2134 2231 2230
f 2135 2136 2232
f 2135 2232 2231
f 2136 2137 2233
f 2136 2233 2232
f 2137 2138 2234
f 2137 2234 2233
f 2138 2139 2235
f 2138 2235 2234
f 2143 2144 2240
f 2143 2240 2239
f 2144 2145 2241
f 2144 2241 2240
f 2145 2146 2242
f 2145 2242 2241
f 2146 2147 2243
f 2146 2243 2242
f 2147 2148 2244
f 2147 2244 2243
f 2148 2149 2245
f 2148 2245 2244
f 2149 2150 2246
f 2149 2246 2245
f 2150 2151 2247
f 2150 2247 2246
f 2151 2152 2248
f 2151 2248 2247
f 2152 2153 2249
f 2152 2249 2248
f 2153 2154 2250
f 2153 2250 2249
f 2154 2155 2251
f 2154 2251 2250
f 2155 2156 2252
f 2155 2252 2251
f 2156 2157 2253
f 2156 2253 2252
f 2157 2158 2254
f 2157 2254 2253
f 2158 2159 2255
f 2158 2255 2254
f 2159 2160 2256
f 2159 2256 2255
f 2160 2161 2257
f 2160 2257 2256
f 2161 2162 2258
f 2161 2258 2257
f 2162 2163 2259
f 2162 2259 2258
f 2163 2164 2260
f 2163 2260 2259
f 2164 2165 2261
f 2164 2261 2260
f 2165 2166 2262
f 2165 2262 2261
f 2166 2167 2263
f 2166 2263 2262
f 2167 2168 2264
f 2167 2264 2263
f 2168 2169 2265
f 2168 2265 2264
f 2169 2170 2266
f 2169 2266 2265
f 2170 2171 2267
f 2170 2267 2266
f 2171 2172 2268
f 2171 2268 2267
f 2172 2173 2269
f 2172 2269 2268
f 2173 2174 2270
f 2173 2270 2269
f 2174 2175 2271
f 2174 2271 2270
f 2180 2181 2277
f 2180 2277 2276
f 2181 2182 2278
f 2181 2278 2277
f 2182 2183 2279
f 2182 2279 2278
f 2183 2184 2280
f 2183 2280 2279
f 2184 2185 2281
f 2184 2281 2280
f 2185 2186 2282
f 2185 2282 2281
f 2186 2187 2283
f 2186 2283 2282
f 2187 2188 2284
f 2187 2284 2283
f 2188 2189 2285
f 2188 2285 2284
f 2189 2190 2286
f 2189 2286 2285
f 2190 2191 2287
f 2190 2287 2286
f 2191 2192 2288
f 2191 2288 2287
f 2192 2193 2289
f 2192 2289 2288
f 2193 2194 2290
f 2193 2290 2289
f 2194 2195 2291
f 2194 2291 2290
f 2195 2196 2292
f 2195 2292 2291
f 2196 2197 2293
f 2196 2293 2292
f 2197 2198 2294
f 2197 2294 2293
f 2198 2199 2295
f 2198 2295 2294
f 2199 2200 2296
f 2199 2296 2295
f 2200 2201 2297
f 2200 2297 2296
f 2201 2202 2298
f 2201 2298 2297
f 2202 2203 2299
f 2202 2299 2298
f 2203 2204 2300
f 2203 2300 2299
f 2204 2205 2301
f 2204 2301 2300
f 2205 2206 2302
f 2205 2302 2301
f 2206 2207 2303
f 2206 2303 2302
f 2207 2208 2304
f 2207 2304 2303
f 2208 2113 2209
f 2208 2209 2304
f 2209 2210 2306
f 2209 2306 2305
f 2210 2211 2307
f 2210 2307 2306
f 2211 2212 2308
f 2211 2308 2307
f 2216 2217 2313
f 2216 2313 2312
f 2217 2218 2314
f 2217 2314 2313
f 2218 2219 2315
f 2218 2315 2314
f 2219 2220 2316
f 2219 2316 2315
f 2220 2221 2317
f 2220 2317 2316
f 2221 2222 2318
f 2221 2318 2317
f 2222 2223 2319
f 2222 2319 2318
f 2223 2224 2320
f 2223 2320 2319
f 2224 2225 2321
f 2224 2321 2320
f 2225 2226 2322
f 2225 2322 2321
f 2226 2227 2323
f 2226 2323 2322
f 2227 2228 2324
f 2227 2324 2323
f 2228 2229 2325
f 2228 2325 2324
f 2229 2230 2326
f 2229 2326 2325
f 2230 2231 2327
f 2230 2327 2326
f 2231 2232 2328
f 2231 2328 2327
f 2232 2233 2329
f 2232 2329 2328
f 2233 2234 2330
f 2233 2330 2329
f 2234 2235 2331
f 2234 2331 2330
f 2235 2236 2332
f 2235 2332 2331
f 2238 2239 2335
f 2238 2335 2334
f 2239 2240 2336
f 2239 2336 2335
f 2240 2241 2337
f 2240 2337 2336
f 2241 2242 2338
f 2241 2338 2337
f 2242 2243 2339
f 2242 2339 2338
f 2243 2244 2340
f 2243 2340 2339
f 2244 2245 2341
f 2244 2341 2340
f 2245 2246 2342
f 2245 2342 2341
f 2246 2247 2343
f 2246 2343 2342
f 2247 2248 2344
f 2247 2344 2343
f 2248 2249 2345
f 2248 2345 2344
f 2249 2250 2346
f 2249 2346 2345
f 2252 2253 2349
f 2252 2349 2348
f 2253 2254 2350
f 2253 2350 2349
f 2254 2255 2351
f 2254 2351 2350
f 2255 2256 2352
f 2255 2352 2351
f 2256 2257 2353
f 2256 2353 2352
f 2257 2258 2354
f 2257 2354 2353
f 2258 2259 2355
f 2258 2355 2354
f 2259 2260 2356
f 2259 2356 2355
f 2260 2261 2357
f 2260 2357 2356
f 2261 2262 2358
f 2261 2358 2357
f 2262 2263 2359
f 2262 2359 2358
f 2263 2264 2360
f 2263 2360 2359
f 2264 2265 2361
f 2264 2361 2360
f 2265 2266 2362
f 2265 2362 2361
f 2266 2267 2363
f 2266 2363 2362
f 2267 2268 2364
f 2267 2364 2363
f 2268 2269 2365
f 2268 2365 2364
f 2269 2270 2366
f 2269 2366 2365
f 2270 2271 2367
f 2270 2367 2366
f 2276 2277 2373
f 2276 2373 2372
f 2277 2278 2374
f 2277 2374 2373
f 2278 2279 2375
f 2278 2375 2374
f 2279 2280 2376
f 2279 2376 2375
f 2280 2281 2377
f 2280 2377 2376
f 2281 2282 2378
f 2281 2378 2377
f 2282 2283 2379
f 2282 2379 2378
f 2283 2284 2380
f 2283 2380 2379
f 2284 2285 2381
f 2284 2381 2380
f 2285 2286 2382
f 2285 2382 2381
f 2286 2287 2383
f 2286 2383 2382
f 2287 2288 2384
f 2287 2384 2383
f 2288 2289 2385
f 2288 2385 2384
f 2289 2290 2386
f 2289 2386 2385
f 2290 2291 2387
f 2290 2387 2386
f 2291 2292 2388
f 2291 2388 2387
f 2292 2293 2389
f 2292 2389 2388
f 2293 2294 2390
f 2293 2390 2389
f 2294 2295 2391
f 2294 2391 2390
f 2295 2296 2392
f 2295 2392 2391
f 2296 2297 2393
f 2296 2393 2392
f 2297 2298 2394
f 2297 2394 2393
f 2298 2299 2395
f 2298 2395 2394
f 2299 2300 2396
f 2299 2396 2395
f 2300 2301 2397
f 2300 2397 2396
f 2301 2302 2398
f 2301 2398 2397
f 2302 2303 2399
f 2302 2399 2398
f 2303 2304 2400
f 2303 2400 2399
f 2304 2209 2305
f 2304 2305 2400
f 2305 2306 2402
f 2305 2402 2401
f 2306 2307 2403
f 2306 2403 2402
f 2307 2308 2404
f 2307 2404 2403
f 2313 2314 2410
f 2313 2410 2409
f 2314 2315 2411
f 2314 2411 2410
f 2315 2316 2412
f 2315 2412 2411
f 2316 2317 2413
f 2316 2413 2412
f 2317 2318 2414
f 2317 2414 2413
f 2318 2319 2415
f 2318 2415 2414
f 2319 2320 2416
f 2319 2416 2415
f 2320 2321 2417
f 2320 2417 2416
f 2321 2322 2418
f 2321 2418 2417
f 2322 2323 2419
f 2322 2419 2418
f 2323 2324 2420
f 2323 2420 2419
f 2324 2325 2421
f 2324 2421 2420
f 2325 2326 2422
f 2325 2422 2421
f 2326 2327 2423
f 2326 2423 2422
f 2327 2328 2424
f 2327 2424 2423
f 2328 2329 2425
f 2328 2425 2424
f 2329 2330 2426
f 2329 2426 2425
f 2330 2331 2427
f 2330 2427 2426
f 2331 2332 2428
f 2331 2428 2427
f 2332 2333 2429
f 2332 2429 2428
f 2333 2334 2430
f 2333 2430 2429
f 2334 2335 2431
f 2334 2431 2430
f 2335 2336 2432
f 2335 2432 2431
f 2336 2337 2433
f 2336 2433 2432
f 2337 2338 2434
f 2337 2434 2433
f 2338 2339 2435
f 2338 2435 2434
f 2339 2340 2436
f 2339 2436 2435
f 2340 2341 2437
f 2340 2437 2436
f 2341 2342 2438
f 2341 2438 2437
f 2342 2343 2439
f 2342 2439 2438
f 2343 2344 2440
f 2343 2440 2439
f 2344 2345 2441
f 2344 2441 2440
f 2349 2350 2446
f 2349 2446 2445
f 2350 2351 2447
f 2350 2447 2446
f 2351 2352 2448
f 2351 2448 2447
f 2352 2353 2449
f 2352 2449 2448
f 2353 2354 2450
f 2353 2450 2449
f 2354 2355 2451
f 2354 2451 2450
f 2355 2356 2452
f 2355 2452 2451
f 2356 2357 2453
f 2356 2453 2452
f 2357 2358 2454
f 2357 2454 2453
f 2358 2359 2455
f 2358 2455 2454
f 2359 2360 2456
f 2359 2456 2455
f 2360 2361 2457
f 2360 2457 2456
f 2361 2362 2458
f 2361 2458 2457
f 2362 2363 2459
f 2362 2459 2458
f 2363 2364 2460
f 2363 2460 2459
f 2364 2365 2461
f 2364 2461 2460
f 2365 2366 2462
f 2365 2462 2461
f 2366 2367 2463
f 2366 2463 2462
f 2367 2368 2464
f 2367 2464 2463
f 2371 2372 2468
f 2371 2468 2467
f 2372 2373 2469
f 2372 2469 2468
f 2373 2374 2470
f 2373 2470 2469
f 2374 2375 2471
f 2374 2471 2470
f 2375 2376 2472
f 2375 2472 2471
f 2376 2377 2473
f 2376 2473 2472
f 2377 2378 2474
f 2377 2474 2473
f 2378 2379 2475
f 2378 2475 2474
f 2379 2380 2476
f 2379 2476 2475
f 2380 2381 2477
f 2380 2477 2476
f 2381 2382 2478
f 2381 2478 2477
f 2382 2383 2479
f 2382 2479 2478
f 2383 2384 2480
f 2383 2480 2479
f 2384 2385 2481
f 2384 2481 2480
f 2385 2386 2482
f 2385 2482 2481
f 2386 2387 2483
f 2386 2483 2482
f 2387 2388 2484
f 2387 2484 2483
f 2388 2389 2485
f 2388 2485 2484
f 2389 2390 2486
f 2389 2486 2485
f 2390 2391 2487
f 2390 2487 2486
f 2391 2392 2488
f 2391 2488 2487
f 2392 2393 2489
f 2392 2489 2488
f 2393 2394 2490
f 2393 2490 2489
f 2394 2395 2491
f 2394 2491 2490
f 2395 2396 2492
f 2395 2492 2491
f 2396 2397 2493
f 2396 2493 2492
f 2397 2398 2494
f 2397 2494 2493
f 2398 2399 2495
f 2398 2495 2494
f 2399 2400 2496
f 2399 2496 2495
f 2400 2305 2401
f 2400 2401 2496
f 2401 2402 2498
f 2401 2498 2497
f 2402 2403 2499
f 2402 2499 2498
f 2403 2404 2500
f 2403 2500 2499
f 2408 2409 2505
f 2408 2505 2504
f 2409 2410 2506
f 2409 2506 2505
f 2410 2411 2507
f 2410 2507 2506
f 2411 2412 2508
f 2411 2508 2507
f 2412 2413 2509
f 2412 2509 2508
f 2413 2414 2510
f 2413 2510 2509
f 2414 2415 2511
f 2414 2511 2510
f 2415 2416 2512
f 2415 2512 2511
f 2416 2417 2513
f 2416 2513 2512
f 2417 2418 2514
f 2417 2514 2513
f 2418 2419 2515
f 2418 2515 2514
f 2419 2420 2516
f 2419 2516 2515
f 2420 2421 2517
f 2420 2517 2516
f 2421 2422 2518
f 2421 2518 2517
f 2422 2423 2519
f 2422 2519 2518
f 2423 2424 2520
f 2423 2520 2519
f 2424 2425 2521
f 2424 2521 2520
f 2425 2426 2522
f 2425 2522 2521
f 2426 2427 2523
f 2426 2523 2522
f 2427 2428 2524
f 2427 2524 2523
f 2428 2429 2525
f 2428 2525 2524
f 2429 2430 2526
f 2429 2526 2525
f 2430 2431 2527
f 2430 2527 2526
f 2431 2432 2528
f 2431 2528 2527
f 2432 2433 2529
f 2432 2529 2528
f 2433 2434 2530
f 2433 2530 2529
f 2434 2435 2531
f 2434 2531 2530
f 2435 2436 2532
f 2435 2532 2531
f 2436 2437 2533
f 2436 2533 2532
f 2437 2438 2534
f 2437 2534 2533
f 2438 2439 2535
f 2438 2535 2534
f 2439 2440 2536
f 2439 2536 2535
f 2440 2441 2537
f 2440 2537 2536
f 2445 2446 2542
f 2445 2542 2541
f 2446 2447 2543
f 2446 2543 2542
f 2447 2448 2544
f 2447 2544 2543
f 2448 2449 2545
f 2448 2545 2544
f 2449 2450 2546
f 2449 2546 2545
f 2450 2451 2547
f 2450 2547 2546
f 2451 2452 2548
f 2451 2548 2547
f 2452 2453 2549
f 2452 2549 2548
f 2453 2454 2550
f 2453 2550 2549
f 2454 2455 2551
f 2454 2551 2550
f 2455 2456 2552
f 2455 2552 2551
f 2456 2457 2553
f 2456 2553 2552
f 2457 2458 2554
f 2457 2554 2553
f 2458 2459 2555
f 2458 2555 2554
f 2459 2460 2556
f 2459 2556 2555
f 2460 2461 2557
f 2460 2557 2556
f 2461 2462 2558
f 2461 2558 2557
f 2462 2463 2559
f 2462 2559 2558
f 2463 2464 2560
f 2463 2560 2559
f 2464 2465 2561
f 2464 2561 2560
f 2466 2467 2563
f 2466 2563 2562
f 2467 2468 2564
f 2467 2564 2563
f 2468 2469 2565
f 2468 2565 2564
f 2469 2470 2566
f 2469 2566 2565
f 2470 2471 2567
f 2470 2567 2566
f 2471 2472 2568
f 2471 2568 2567
f 2472 2473 2569
f 2472 2569 2568
f 2473 2474 2570
f 2473 2570 2569
f 2474 2475 2571
f 2474 2571 2570
f 2475 2476 2572
f 2475 2572 2571
f 2476 2477 2573
f 2476 2573 2572
f 2477 2478 2574
f 2477 2574 2573
f 2478 2479 2575
f 2478 2575 2574
f 2481 2482 2578
f 2481 2578 2577
f 2482 2483 2579
f 2482 2579 2578
f 2483 2484 2580
f 2483 2580 2579
f 2484 2485 2581
f 2484 2581 2580
f 2485 2486 2582
f 2485 2582 2581
f 2486 2487 2583
f 2486 2583 2582
f 2487 2488 2584
f 2487 2584 2583
f 2488 2489 2585
f 2488 2585 2584
f 2489 2490 2586
f 2489 2586 2585
f 2490 2491 2587
f 2490 2587 2586
f 2491 2492 2588
f 2491 2588 2587
f 2492 2493 2589
f 2492 2589 2588
f 2493 2494 2590
f 2493 2590 2589
f 2494 2495 2591
f 2494 2591 2590
f 2495 2496 2592
f 2495 2592 2591
f 2496 2401 2497
f 2496 2497 2592
f 2497 2498 2594
f 2497 2594 2593
f 2498 2499 2595
f 2498 2595 2594
f 2499 2500 2596
f 2499 2596 2595
f 2500 2501 2597
f 2500 2597 2596
f 2504 2505 2601
f 2504 2601 2600
f 2505 2506 2602
f 2505 2602 2601
f 2506 2507 2603
f 2506 2603 2602
f 2507 2508 2604
f 2507 2604 2603
f 2508 2509 2605
f 2508 2605 2604
f 2509 2510 2606
f 2509 2606 2605
f 2510 2511 2607
f 2510 2607 2606
f 2511 2512 2608
f 2511 2608 2607
f 2512 2513 2609
f 2512 2609 2608
f 2513 2514 2610
f 2513 2610 2609
f 2514 2515 2611
f 2514 2611 2610
f 2515 2516 2612
f 2515 2612 2611
f 2516 2517 2613
f 2516 2613 2612
f 2517 2518 2614
f 2517 2614 2613
f 2518 2519 2615
f 2518 2615 2614
f 2519 2520 2616
f 2519 2616 2615
f 2520 2521 2617
f 2520 2617 2616
f 2521 2522 2618
f 2521 2618 2617
f 2522 2523 2619
f 2522 2619 2618
f 2523 2524 2620
f 2523 2620 2619
f 2524 2525 2621
f 2524 2621 2620
f 2525 2526 2622
f 2525 2622 2621
f 2526 2527 2623
f 2526 2623 2622
f 2527 2528 2624
f 2527 2624 2623
f 2528 2529 2625
f 2528 2625 2624
f 2529 2530 2626
f 2529 2626 2625
f 2530 2531 2627
f 2530 2627 2626
f 2531 2532 2628
f 2531 2628 2627
f 2532 2533 2629
f 2532 2629 2628
f 2533 2534 2630
f 2533 2630 2629
f 2534 2535 2631
f 2534 2631 2630
f 2535 2536 2632
f 2535 2632 2631
f 2536 2537 2633
f 2536 2633 2632
f 2541 2542 2638
f 2541 2638 2637
f 2542 2543 2639
f 2542 2639 2638
f 2543 2544 2640
f 2543 2640 2639
f 2544 2545 2641
f 2544 2641 2640
f 2545 2546 2642
f 2545 2642 2641
f 2546 2547 2643
f 2546 2643 2642
f 2547 2548 2644
f 2547 2644 2643
f 2548 2549 2645
f 2548 2645 2644
f 2549 2550 2646
f 2549 2646 2645
f 2550 2551 2647
f 2550 2647 2646
f 2551 2552 2648
f 2551 2648 2647
f 2552 2553 2649
f 2552 2649 2648
f 2553 2554 2650
f 2553 2650 2649
f 2554 2555 2651
f 2554 2651 2650
f 2555 2556 2652
f 2555 2652 2651
f 2556 2557 2653
f 2556 2653 2652
f 2557 2558 2654
f 2557 2654 2653
f 2558 2559 2655
f 2558 2655 2654
f 2559 2560 2656
f 2559 2656 2655
f 2560 2561 2657
f 2560 2657 2656
f 2561 2562 2658
f 2561 2658 2657
f 2562 2563 2659
f 2562 2659 2658
f 2563 2564 2660
f 2563 2660 2659
f 2564 2565 2661
f 2564 2661 2660
f 2565 2566 2662
f 2565 2662 2661
f 2566 2567 2663
f 2566 2663 2662
f 2567 2568 2664
f 2567 2664 2663
f 2568 2569 2665
f 2568 2665 2664
f 2569 2570 2666
f 2569 2666 2665
f 2570 2571 2667
f 2570 2667 2666
f 2571 2572 2668
f 2571 2668 2667
f 2572 2573 2669
f 2572 2669 2668
f 2573 2574 2670
f 2573 2670 2669
f 2578 2579 2675
f 2578 2675 2674
f 2579 2580 2676
f 2579 2676 2675
f 2580 2581 2677
f 2580 2677 2676
f 2581 2582 2678
f 2581 2678 2677
f 2582 2583 2679
f 2582 2679 2678
f 2583 2584 2680
f 2583 2680 2679
f 2584 2585 2681
f 2584 2681 2680
f 2585 2586 2682
f 2585 2682 2681
f 2586 2587 2683
f 2586 2683 2682
f 2587 2588 2684
f 2587 2684 2683
f 2588 2589 2685
f 2588 2685 2684
f 2589 2590 2686
f 2589 2686 2685
f 2590 2591 2687
f 2590 2687 2686
f 2591 2592 2688
f 2591 2688 2687
f 2592 2497 2593
f 2592 2593 2688
f 2593 2594 2690
f 2593 2690 2689
f 2594 2595 2691
f 2594 2691 2690
f 2595 2596 2692
f 2595 2692 2691
f 2596 2597 2693
f 2596 2693 2692
f 2597 2598 2694
f 2597 2694 2693
f 2598 2599 2695
f 2598 2695 2694
f 2599 2600 2696
f 2599 2696 2695
f 2600 2601 2697
f 2600 2697 2696
f 2601 2602 2698
f 2601 2698 2697
f 2602 2603 2699
f 2602 2699 2698
f 2603 2604 2700
f 2603 2700 2699
f 2604 2605 2701
f 2604 2701 2700
f 2605 2606 2702
f 2605 2702 2701
f 2606 2607 2703
f 2606 2703 2702
f 2607 2608 2704
f 2607 2704 2703
f 2608 2609 2705
f 2608 2705 2704
f 2609 2610 2706
f 2609 2706 2705
f 2610 2611 2707
f 2610 2707 2706
f 2614 2615 2711
f 2614 2711 2710
f 2615 2616 2712
f 2615 2712 2711
f 2616 2617 2713
f 2616 2713 2712
f 2617 2618 2714
f 2617 2714 2713
f 2618 2619 2715
f 2618 2715 2714
f 2619 2620 2716
f 2619 2716 2715
f 2620 2621 2717
f 2620 2717 2716
f 2621 2622 2718
f 2621 2718 2717
f 2622 2623 2719
f 2622 2719 2718
f 2623 2624 2720
f 2623 2720 2719
f 2624 2625 2721
f 2624 2721 2720
f 2625 2626 2722
f 2625 2722 2721
f 2626 2627 2723
f 2626 2723 2722
f 2627 2628 2724
f 2627 2724 2723
f 2628 2629 2725
f 2628 2725 2724
f 2629 2630 2726
f 2629 2726 2725
f 2630 2631 2727
f 2630 2727 2726
f 2631 2632 2728
f 2631 2728 2727
f 2632 2633 2729
f 2632 2729 2728
f 2637 2638 2734
f 2637 2734 2733
f 2638 2639 2735
f 2638 2735 2734
f 2639 2640 2736
f 2639 2736 2735
f 2640 2641 2737
f 2640 2737 2736
f 2641 2642 2738
f 2641 2738 2737
f 2642 2643 2739
f 2642 2739 2738
f 2643 2644 2740
f 2643 2740 2739
f 2644 2645 2741
f 2644 2741 2740
f 2645 2646 2742
f 2645 2742 2741
f 2646 2647 2743
f 2646 2743 2742
f 2647 2648 2744
f 2647 2744 2743
f 2648 2649 2745
f 2648 2745 2744
f 2649 2650 2746
f 2649 2746 2745
f 2650 2651 2747
f 2650 2747 2746
f 2651 2652 2748
f 2651 2748 2747
f 2652 2653 2749
f 2652 2749 2748
f 2653 2654 2750
f 2653 2750 2749
f 2654 2655 2751
f 2654 2751 2750
f 2655 2656 2752
f 2655 2752 2751
f 2656 2657 2753
f 2656 2753 2752
f 2657 2658 2754
f 2657 2754 2753
f 2658 2659 2755
f 2658 2755 2754
f 2659 2660 2756
f 2659 2756 2755
f 2660 2661 2757
f 2660 2757 2756
f 2661 2662 2758
f 2661 2758 2757
f 2662 2663 2759
f 2662 2759 2758
f 2663 2664 2760
f 2663 2760 2759
f 2664 2665 2761
f 2664 2761 2760
f 2665 2666 2762
f 2665 2762 2761
f 2666 2667 2763
f 2666 2763 2762
f 2667 2668 2764
f 2667 2764 2763
f 2668 2669 2765
f 2668 2765 2764
f 2669 2670 2766
f 2669 2766 2765
f 2674 2675 2771
f 2674 2771 2770
f 2675 2676 2772
f 2675 2772 2771
f 2676 2677 2773
f 2676 2773 2772
f 2677 2678 2774
f 2677 2774 2773
f 2678 2679 2775
f 2678 2775 2774
f 2679 2680 2776
f 2679 2776 2775
f 2680 2681 2777
f 2680 2777 2776
f 2681 2682 2778
f 2681 2778 2777
f 2682 2683 2779
f 2682 2779 2778
f 2683 2684 2780
f 2683 2780 2779
f 2684 2685 2781
f 2684 2781 2780
f 2685 2686 2782
f 2685 2782 2781
f 2686 2687 2783
f 2686 2783 2782
f 2687 2688 2784
f 2687 2784 2783
f 2688 2593 2689
f 2688 2689 2784
f 2689 2690 2786
f 2689 2786 2785
f 2690 2691 2787
f 2690 2787 2786
f 2691 2692 2788
f 2691 2788 2787
f 2692 2693 2789
f 2692 2789 2788
f 2693 2694 2790
f 2693 2790 2789
f 2694 2695 2791
f 2694 2791 2790
f 2695 2696 2792
f 2695 2792 2791
f 2696 2697 2793
f 2696 2793 2792
f 2697 2698 2794
f 2697 2794 2793
f 2698 2699 2795
f 2698 2795 2794
f 2699 2700 2796
f 2699 2796 2795
f 2700 2701 2797
f 2700 2797 2796
f 2701 2702 2798
f 2701 2798 2797
f 2702 2703 2799
f 2702 2799 2798
f 2703 2704 2800
f 2703 2800 2799
f 2704 2705 2801
f 2704 2801 2800
f 2705 2706 2802
f 2705 2802 2801
f 2710 2711 2807
f 2710 2807 2806
f 2711 2712 2808
f 2711 2808 2807
f 2712 2713 2809
f 2712 2809 2808
f 2713 2714 2810
f 2713 2810 2809
f 2714 2715 2811
f 2714 2811 2810
f 2715 2716 2812
f 2715 2812 2811
f 2716 2717 2813
f 2716 2813 2812
f 2717 2718 2814
f 2717 2814 2813
f 2718 2719 2815
f 2718 2815 2814
f 2719 2720 2816
f 2719 2816 2815
f 2720 2721 2817
f 2720 2817 2816
f 2721 2722 2818
f 2721 2818 2817
f 2722 2723 2819
f 2722 2819 2818
f 2723 2724 2820
f 2723 2820 2819
f 2724 2725 2821
f 2724 2821 2820
f 2725 2726 2822
f 2725 2822 2821
f 2726 2727 2823
f 2726 2823 2822
f 2727 2728 2824
f 2727 2824 2823
f 2728 2729 2825
f 2728 2825 2824
f 2729 2730 2826
f 2729 2826 2825
f 2732 2733 2829
f 2732 2829 2828
f 2733 2734 2830
f 2733 2830 2829
f 2734 2735 2831
f 2734 2831 2830
f 2735 2736 2832
f 2735 2832 2831
f 2736 2737 2833
f 2736 2833 2832
f 2737 2738 2834
f 2737 2834 2833
f 2738 2739 2835
f 2738 2835 2834
f 2739 2740 2836
f 2739 2836 2835
f 2740 2741 2837
f 2740 2837 2836
f 2741 2742 2838
f 2741 2838 2837
f 2742 2743 2839
f 2742 2839 2838
f 2743 2744 2840
f 2743 2840 2839
f 2746 2747 2843
f 2746 2843 2842
f 2747 2748 2844
f 2747 2844 2843
f 2748 2749 2845
f 2748 2845 2844
f 2749 2750 2846
f 2749 2846 2845
f 2750 2751 2847
f 2750 2847 2846
f 2751 2752 2848
f 2751 2848 2847
f 2752 2753 2849
f 2752 2849 2848
f 2753 2754 2850
f 2753 2850 2849
f 2754 2755 2851
f 2754 2851 2850
f 2755 2756 2852
f 2755 2852 2851
f 2756 2757 2853
f 2756 2853 2852
f 2757 2758 2854
f 2757 2854 2853
f 2758 2759 2855
f 2758 2855 2854
f 2759 2760 2856
f 2759 2856 2855
f 2760 2761 2857
f 2760 2857 2856
f 2761 2762 2858
f 2761 2858 2857
f 2762 2763 2859
f 2762 2859 2858
f 2763 2764 2860
f 2763 2860 2859
f 2764 2765 2861
f 2764 2861 2860
f 2765 2766 2862
f 2765 2862 2861
f 2770 2771 2867
f 2770 2867 2866
f 2771 2772 2868
f 2771 2868 2867
f 2772 2773 2869
f 2772 2869 2868
f 2773 2774 2870
f 2773 2870 2869
f 2774 2775 2871
f 2774 2871 2870
f 2775 2776 2872
f 2775 2872 2871
f 2776 2777 2873
f 2776 2873 2872
f 2777 2778 2874
f 2777 2874 2873
f 2778 2779 2875
f 2778 2875 2874
f 2779 2780 2876
f 2779 2876 2875
f 2780 2781 2877
f 2780 2877 2876
f 2781 2782 2878
f 2781 2878 2877
f 2782 2783 2879
f 2782 2879 2878
f 2783 2784 2880
f 2783 2880 2879
f 2784 2689 2785
f 2784 2785 2880
f 2785 2786 2882
f 2785 2882 2881
f 2786 2787 2883
f 2786 2883 2882
f 2787 2788 2884
f 2787 2884 2883
f 2788 2789 2885
f 2788 2885 2884
f 2789 2790 2886
f 2789 2886 2885
f 2790 2791 2887
f 2790 2887 2886
f 2791 2792 2888
f 2791 2888 2887
f 2792 2793 2889
f 2792 2889 2888
f 2793 2794 2890
f 2793 2890 2889
f 2794 2795 2891
f 2794 2891 2890
f 2795 2796 2892
f 2795 2892 2891
f 2796 2797 2893
f 2796 2893 2892
f 2797 2798 2894
f 2797 2894 2893
f 2798 2799 2895
f 2798 2895 2894
f 2799 2800 2896
f 2799 2896 2895
f 2800 2801 2897
f 2800 2897 2896
f 2801 2802 2898
f 2801 2898 2897
f 2806 2807 2903
f 2806 2903 2902
f 2807 2808 2904
f 2807 2904 2903
f 2808 2809 2905
f 2808 2905 2904
f 2809 2810 2906
f 2809 2906 2905
f 2810 2811 2907
f 2810 2907 2906
f 2811 2812 2908
f 2811 2908 2907
f 2812 2813 2909
f 2812 2909 2908
f 2813 2814 2910
f 2813 2910 2909
f 2814 2815 2911
f 2814 2911 2910
f 2815 2816 2912
f 2815 2912 2911
f 2816 2817 2913
f 2816 2913 2912
f 2817 2818 2914
f 2817 2914 2913
f 2818 2819 2915
f 2818 2915 2914
f 2819 2820 2916
f 2819 2916 2915
f 2820 2821 2917
f 2820 2917 2916
f 2821 2822 2918
f 2821 2918 2917
f 2822 2823 2919
f 2822 2919 2918
f 2823 2824 2920
f 2823 2920 2919
f 2824 2825 2921
f 2824 2921 2920
f 2825 2826 2922
f 2825 2922 2921
f 2826 2827 2923
f 2826 2923 2922
f 2827 2828 2924
f 2827 2924 2923
f 2828 2829 2925
f 2828 2925 2924
f 2829 2830 2926
f 2829 2926 2925
f 2830 2831 2927
f 2830 2927 2926
f 2831 2832 2928
f 2831 2928 2927
f 2832 2833 2929
f 2832 2929 2928
f 2833 2834 2930
f 2833 2930 2929
f 2834 2835 2931
f 2834 2931 2930
f 2835 2836 2932
f 2835 2932 2931
f 2836 2837 2933
f 2836 2933 2932
f 2837 2838 2934
f 2837 2934 2933
f 2838 2839 2935
f 2838 2935 2934
f 2843 2844 2940
f 2843 2940 2939
f 2844 2845 2941
f 2844 2941 2940
f 2845 2846 2942
f 2845 2942 2941
f 2846 2847 2943
f 2846 2943 2942
f 2847 2848 2944
f 2847 2944 2943
f 2848 2849 2945
f 2848 2945 2944
f 2849 2850 2946
f 2849 2946 2945
f 2850 2851 2947
f 2850 2947 2946
f 2851 2852 2948
f 2851 2948 2947
f 2852 2853 2949
f 2852 2949 2948
f 2853 2854 2950
f 2853 2950 2949
f 2854 2855 2951
f 2854 2951 2950
f 2855 2856 2952
f 2855 2952 2951
f 2856 2857 2953
f 2856 2953 2952
f 2857 2858 2954
f 2857 2954 2953
f 2858 2859 2955
f 2858 2955 2954
f 2859 2860 2956
f 2859 2956 2955
f 2860 2861 2957
f 2860 2957 2956
f 2861 2862 2958
f 2861 2958 2957
f 2865 2866 2962
f 2865 2962 2961
f 2866 2867 2963
f 2866 2963 2962
f 2867 2868 2964
f 2867 2964 2963
f 2868 2869 2965
f 2868 2965 2964
f 2869 2870 2966
f 2869 2966 2965
f 2870 2871 2967
f 2870 2967 2966
f 2871 2872 2968
f 2871 2968 2967
f 2872 2873 2969
f 2872 2969 2968
f 2873 2874 2970
f 2873 2970 2969
f 2874 2875 2971
f 2874 2971 2970
f 2875 2876 2972
f 2875 2972 2971
f 2876 2877 2973
f 2876 2973 2972
f 2877 2878 2974
f 2877 2974 2973
f 2878 2879 2975
f 2878 2975 2974
f 2879 2880 2976
f 2879 2976 2975
f 2880 2785 2881
f 2880 2881 2976
f 2881 2882 2978
f 2881 2978 2977
f 2882 2883 2979
f 2882 2979 2978
f 2883 2884 2980
f 2883 2980 2979
f 2884 2885 2981
f 2884 2981 2980
f 2885 2886 2982
f 2885 2982 2981
f 2886 2887 2983
f 2886 2983 2982
f 2887 2888 2984
f 2887 2984 2983
f 2888 2889 2985
f 2888 2985 2984
f 2889 2890 2986
f 2889 2986 2985
f 2890 2891 2987
f 2890 2987 2986
f 2891 2892 2988
f 2891 2988 2987
f 2892 2893 2989
f 2892 2989 2988
f 2893 2894 2990
f 2893 2990 2989
f 2894 2895 2991
f 2894 2991 2990
f 2895 2896 2992
f 2895 2992 2991
f 2896 2897 2993
f 2896 2993 2992
f 2897 2898 2994
f 2897 2994 2993
f 2902 2903 2999
f 2902 2999 2998
f 2903 2904 3000
f 2903 3000 2999
f 2904 2905 3001
f 2904 3001 3000
f 2905 2906 3002
f 2905 3002 3001
f 2906 2907 3003
f 2906 3003 3002
f 2907 2908 3004
f 2907 3004 3003
f 2908 2909 3005
f 2908 3005 3004
f 2909 2910 3006
f 2909 3006 3005
f 2910 2911 3007
f 2910 3007 3006
f 2911 2912 3008
f 2911 3008 3007
f 2912 2913 3009
f 2912 3009 3008
f 2913 2914 3010
f 2913 3010 3009
f 2914 2915 3011
f 2914 3011 3010
f 2915 2916 3012
f 2915 3012 3011
f 2916 2917 3013
f 2916 3013 3012
f 2917 2918 3014
f 2917 3014 3013
f 2918 2919 3015
f 2918 3015 3014
f 2919 2920 3016
f 2919 3016 3015
f 2920 2921 3017
f 2920 3017 3016
f 2921 2922 3018
f 2921 3018 3017
f 2922 2923 3019
f 2922 3019 3018
f 2923 2924 3020
f 2923 3020 3019
f 2924 2925 3021
f 2924 3021 3020
f 2925 2926 3022
f 2925 3022 3021
f 2926 2927 3023
f 2926 3023 3022
f 2927 2928 3024
f 2927 3024 3023
f 2928 2929 3025
f 2928 3025 3024
f 2929 2930 3026
f 2929 3026 3025
f 2930 2931 3027
f 2930 3027 3026
f 2931 2932 3028
f 2931 3028 3027
f 2932 2933 3029
f 2932 3029 3028
f 2933 2934 3030
f 2933 3030 3029
f 2934 2935 3031
f 2934 3031 3030
f 2939 2940 3036
f 2939 3036 3035
f 2940 2941 3037
f 2940 3037 3036
f 2941 2942 3038
f 2941 3038 3037
f 2942 2943 3039
f 2942 3039 3038
f 2943 2944 3040
f 2943 3040 3039
f 2944 2945 3041
f 2944 3041 3040
f 2945 2946 3042
f 2945 3042 3041
f 2946 2947 3043
f 2946 3043 3042
f 2947 2948 3044
f 2947 3044 3043
f 2948 2949 3045
f 2948 3045 3044
f 2949 2950 3046
f 2949 3046 3045
f 2950 2951 3047
f 2950 3047 3046
f 2951 2952 3048
f 2951 3048 3047
f 2952 2953 3049
f 2952 3049 3048
f 2953 2954 3050
f 2953 3050 3049
f 2954 2955 3051
f 2954 3051 3050
f 2955 2956 3052
f 2955 3052 3051
f 2956 2957 3053
f 2956 3053 3052
f 2957 2958 3054
f 2957 3054 3053
f 2958 2959 3055
f 2958 3055 3054
f 2961 2962 3058
f 2961 3058 3057
f 2962 2963 3059
f 2962 3059 3058
f 2963 2964 3060
f 2963 3060 3059
f 2964 2965 3061
f 2964 3061 3060
f 2965 2966 3062
f 2965 3062 3061
f 2966 2967 3063
f 2966 3063 3062
f 2967 2968 3064
f 2967 3064 3063
f 2968 2969 3065
f 2968 3065 3064
f 2969 2970 3066
f 2969 3066 3065
f 2970 2971 3067
f 2970 3067 3066
f 2971 2972 3068
f 2971 3068 3067
f 2975 2976 3072
f 2975 3072 3071
f 2976 2881 2977
f 2976 2977 3072
f 2977 2978 3074
f 2977 3074 3073
f 2978 2979 3075
f 2978 3075 3074
f 2979 2980 3076
f 2979 3076 3075
f 2980 2981 3077
f 2980 3077 3076
f 2981 2982 3078
f 2981 3078 3077
f 2982 2983 3079
f 2982 3079 3078
f 2983 2984 3080
f 2983 3080 3079
f 2984 2985 3081
f 2984 3081 3080
f 2985 2986 3082
f 2985 3082 3081
f 2986 2987 3083
f 2986 3083 3082
f 2987 2988 3084
f 2987 3084 3083
f 2988 2989 3085
f 2988 3085 3084
f 2989 2990 3086
f 2989 3086 3085
f 2990 2991 3087
f 2990 3087 3086
f 2991 2992 3088
f 2991 3088 3087
f 2992 2993 3089
f 2992 3089 3088
f 2993 2994 3090
f 2993 3090 3089
f 2994 2995 3091
f 2994 3091 3090
f 2998 2999 3095
f 2998 3095 3094
f 2999 3000 3096
f 2999 3096 3095
f 3000 3001 3097
f 3000 3097 3096
f 3001 3002 3098
f 3001 3098 3097
f 3002 3003 3099
f 3002 3099 3098
f 3003 3004 3100
f 3003 3100 3099
f 3004 3005 3101
f 3004 3101 3100
f 3005 3006 3102
f 3005 3102 3101
f 3006 3007 3103
f 3006 3103 3102
f 3007 3008 3104
f 3007 3104 3103
f 3008 3009 3105
f 3008 3105 3104
f 3009 3010 3106
f 3009 3106 3105
f 3010 3011 3107
f 3010 3107 3106
f 3011 3012 3108
f 3011 3108 3107
f 3012 3013 3109
f 3012 3109 3108
f 3013 3014 3110
f 3013 3110 3109
f 3014 3015 3111
f 3014 3111 3110
f 3015 3016 3112
f 3015 3112 3111
f 3016 3017 3113
f 3016 3113 3112
f 3017 3018 3114
f 3017 3114 3113
f 3018 3019 3115
f 3018 3115 3114
f 3019 3020 3116
f 3019 3116 3115
f 3020 3021 3117
f 3020 3117 3116
f 3021 3022 3118
f 3021 3118 3117
f 3022 3023 3119
f 3022 3119 3118
f 3023 3024 3120
f 3023 3120 3119
f 3024 3025 3121
f 3024 3121 3120
f 3025 3026 3122
f 3025 3122 3121
f 3026 3027 3123
f 3026 3123 3122
f 3027 3028 3124
f 3027 3124 3123
f 3028 3029 3125
f 3028 3125 3124
f 3029 3030 3126
f 3029 3126 3125
f 3030 3031 3127
f 3030 3127 3126
f 3035 3036 3132
f 3035 3132 3131
f 3036 3037 3133
f 3036 3133 3132
f 3037 3038 3134
f 3037 3134 3133
f 3038 3039 3135
f 3038 3135 3134
f 3039 3040 3136
f 3039 3136 3135
f 3040 3041 3137
f 3040 3137 3136
f 3041 3042 3138
f 3041 3138 3137
f 3042 3043 3139
f 3042 3139 3138
f 3043 3044 3140
f 3043 3140 3139
f 3044 3045 3141
f 3044 3141 3140
f 3045 3046 3142
f 3045 3142 3141
f 3046 3047 3143
f 3046 3143 3142
f 3047 3048 3144
f 3047 3144 3143
f 3048 3049 3145
f 3048 3145 3144
f 3049 3050 3146
f 3049 3146 3145
f 3050 3051 3147
f 3050 3147 3146
f 3051 3052 3148
f 3051 3148 3147
f 3052 3053 3149
f 3052 3149 3148
f 3053 3054 3150
f 3053 3150 3149
f 3054 3055 3151
f 3054 3151 3150
f 3055 3056 3152
f 3055 3152 3151
f 3056 3057 3153
f 3056 3153 3152
f 3057 3058 3154
f 3057 3154 3153
f 3058 3059 3155
f 3058 3155 3154
f 3059 3060 3156
f 3059 3156 3155
f 3060 3061 3157
f 3060 3157 3156
f 3061 3062 3158
f 3061 3158 3157
f 3062 3063 3159
f 3062 3159 3158
f 3063 3064 3160
f 3063 3160 3159
f 3064 3065 3161
f 3064 3161 3160
f 3065 3066 3162
f 3065 3162 3161
f 3066 3067 3163
f 3066 3163 3162
f 3067 3068 3164
f 3067 3164 3163
f 3072 2977 3073
f 3072 3073 3168
f 3073 3074 3170
f 3073 3170 3169
f 3074 3075 3171
f 3074 3171 3170
f 3075 3076 3172
f 3075 3172 3171
f 3076 3077 3173
f 3076 3173 3172
f 3077 3078 3174
f 3077 3174 3173
f 3078 3079 3175
f 3078 3175 3174
f 3079 3080 3176
f 3079 3176 3175
f 3080 3081 3177
f 3080 3177 3176
f 3081 3082 3178
f 3081 3178 3177
f 3082 3083 3179
f 3082 3179 3178
f 3083 3084 3180
f 3083 3180 3179
f 3084 3085 3181
f 3084 3181 3180
f 3085 3086 3182
f 3085 3182 3181
f 3086 3087 3183
f 3086 3183 3182
f 3087 3088 3184
f 3087 3184 3183
f 3088 3089 3185
f 3088 3185 3184
f 3089 3090 3186
f 3089 3186 3185
f 3090 3091 3187
f 3090 3187 3186
f 3091 3092 3188
f 3091 3188 3187
f 3092 3093 3189
f 3092 3189 3188
f 3093 3094 3190
f 3093 3190 3189
f 3094 3095 3191
f 3094 3191 3190
f 3095 3096 3192
f 3095 3192 3191
f 3096 3097 3193
f 3096 3193 3192
f 3097 3098 3194
f 3097 3194 3193
f 3098 3099 3195
f 3098 3195 3194
f 3099 3100 3196
f 3099 3196 3195
f 3100 3101 3197
f 3100 3197 3196
f 3101 3102 3198
f 3101 3198 3197
f 3102 3103 3199
f 3102 3199 3198
f 3103 3104 3200
f 3103 3200 3199
f 3104 3105 3201
f 3104 3201 3200
f 3108 3109 3205
f 3108 3205 3204
f 3109 3110 3206
f 3109 3206 3205
f 3110 3111 3207
f 3110 3207 3206
f 3111 3112 3208
f 3111 3208 3207
f 3112 3113 3209
f 3112 3209 3208
f 3113 3114 3210
f 3113 3210 3209
f 3114 3115 3211
f 3114 3211 3210
f 3115 3116 3212
f 3115 3212 3211
f 3116 3117 3213
f 3116 3213 3212
f 3117 3118 3214
f 3117 3214 3213
f 3118 3119 3215
f 3118 3215 3214
f 3119 3120 3216
f 3119 3216 3215
f 3120 3121 3217
f 3120 3217 3216
f 3121 3122 3218
f 3121 3218 3217
f 3122 3123 3219
f 3122 3219 3218
f 3123 3124 3220
f 3123 3220 3219
f 3124 3125 3221
f 3124 3221 3220
f 3125 3126 3222
f 3125 3222 3221
f 3126 3127 3223
f 3126 3223 3222
f 3131 3132 3228
f 3131 3228 3227
f 3132 3133 3229
f 3132 3229 3228
f 3133 3134 3230
f 3133 3230 3229
f 3134 3135 3231
f 3134 3231 3230
f 3135 3136 3232
f 3135 3232 3231
f 3136 3137 3233
f 3136 3233 3232
f 3137 3138 3234
f 3137 3234 3233
f 3138 3139 3235
f 3138 3235 3234
f 3139 3140 3236
f 3139 3236 3235
f 3140 3141 3237
f 3140 3237 3236
f 3141 3142 3238
f 3141 3238 3237
f 3142 3143 3239
f 3142 3239 3238
f 3143 3144 3240
f 3143 3240 3239
f 3144 3145 3241
f 3144 3241 3240
f 3145 3146 3242
f 3145 3242 3241
f 3146 3147 3243
f 3146 3243 3242
f 3147 3148 3244
f 3147 3244 3243
f 3148 3149 3245
f 3148 3245 3244
f 3149 3150 3246
f 3149 3246 3245
f 3150 3151 3247
f 3150 3247 3246
f 3151 3152 3248
f 3151 3248 3247
f 3152 3153 3249
f 3152 3249 3248
f 3153 3154 3250
f 3153 3250 3249
f 3154 3155 3251
f 3154 3251 3250
f 3155 3156 3252
f 3155 3252 3251
f 3156 3157 3253
f 3156 3253 3252
f 3157 3158 3254
f 3157 3254 3253
f 3158 3159 3255
f 3158 3255 3254
f 3159 3160 3256
f 3159 3256 3255
f 3160 3161 3257
f 3160 3257 3256
f 3161 3162 3258
f 3161 3258 3257
f 3162 3163 3259
f 3162 3259 3258
f 3163 3164 3260
f 3163 3260 3259
f 3168 3073 3169
f 3168 3169 3264
f 3169 3170 3266
f 3169 3266 3265
f 3170 3171 3267
f 3170 3267 3266
f 3171 3172 3268
f 3171 3268 3267
f 3172 3173 3269
f 3172 3269 3268
f 3173 3174 3270
f 3173 3270 3269
f 3174 3175 3271
f 3174 3271 3270
f 3175 3176 3272
f 3175 3272 3271
f 3176 3177 3273
f 3176 3273 3272
f 3177 3178 3274
f 3177 3274 3273
f 3178 3179 3275
f 3178 3275 3274
f 3179 3180 3276
f 3179 3276 3275
f 3180 3181 3277
f 3180 3277 3276
f 3181 3182 3278
f 3181 3278 3277
f 3182 3183 3279
f 3182 3279 3278
f 3183 3184 3280
f 3183 3280 3279
f 3184 3185 3281
f 3184 3281 3280
f 3185 3186 3282
f 3185 3282 3281
f 3186 3187 3283
f 3186 3283 3282
f 3187 3188 3284
f 3187 3284 3283
f 3188 3189 3285
f 3188 3285 3284
f 3189 3190 3286
f 3189 3286 3285
f 3190 3191 3287
f 3190 3287 3286
f 3191 3192 3288
f 3191 3288 3287
f 3192 3193 3289
f 3192 3289 3288
f 3193 3194 3290
f 3193 3290 3289
f 3194 3195 3291
f 3194 3291 3290
f 3195 3196 3292
f 3195 3292 3291
f 3196 3197 3293
f 3196 3293 3292
f 3197 3198 3294
f 3197 3294 3293
f 3198 3199 3295
f 3198 3295 3294
f 3199 3200 3296
f 3199 3296 3295
f 3204 3205 3301
f 3204 3301 3300
f 3205 3206 3302
f 3205 3302 3301
f 3206 3207 3303
f 3206 3303 3302
f 3207 3208 3304
f 3207 3304 3303
f 3208 3209 3305
f 3208 3305 3304
f 3209 3210 3306
f 3209 3306 3305
f 3210 3211 3307
f 3210 3307 3306
f 3211 3212 3308
f 3211 3308 3307
f 3212 3213 3309
f 3212 3309 3308
f 3213 3214 3310
f 3213 3310 3309
f 3214 3215 3311
f 3214 3311 3310
f 3215 3216 3312
f 3215 3312 3311
f 3216 3217 3313
f 3216 3313 3312
f 3217 3218 3314
f 3217 3314 3313
f 3218 3219 3315
f 3218 3315 3314
f 3219 3220 3316
f 3219 3316 3315
f 3220 3221 3317
f 3220 3317 3316
f 3221 3222 3318
f 3221 3318 3317
f 3222 3223 3319
f 3222 3319 3318
f 3223 3224 3320
f 3223 3320 3319
f 3226 3227 3323
f 3226 3323 3322
f 3227 3228 3324
f 3227 3324 3323
f 3228 3229 3325
f 3228 3325 3324
f 3229 3230 3326
f 3229 3326 3325
f 3230 3231 3327
f 3230 3327 3326
f 3231 3232 3328
f 3231 3328 3327
f 3232 3233 3329
f 3232 3329 3328
f 3233 3234 3330
f 3233 3330 3329
f 3234 3235 3331
f 3234 3331 3330
f 3235 3236 3332
f 3235 3332 3331
f 3236 3237 3333
f 3236 3333 3332
f 3237 3238 3334
f 3237 3334 3333
f 3240 3241 3337
f 3240 3337 3336
f 3241 3242 3338
f 3241 3338 3337
f 3242 3243 3339
f 3242 3339 3338
f 3243 3244 3340
f 3243 3340 3339
f 3244 3245 3341
f 3244 3341 3340
f 3245 3246 3342
f 3245 3342 3341
f 3246 3247 3343
f 3246 3343 3342
f 3247 3248 3344
f 3247 3344 3343
f 3248 3249 3345
f 3248 3345 3344
f 3249 3250 3346
f 3249 3346 3345
f 3250 3251 3347
f 3250 3347 3346
f 3251 3252 3348
f 3251 3348 3347
f 3252 3253 3349
f 3252 3349 3348
f 3253 3254 3350
f 3253 3350 3349
f 3254 3255 3351
f 3254 3351 3350
f 3255 3256 3352
f 3255 3352 3351
f 3256 3257 3353
f 3256 3353 3352
f 3257 3258 3354
f 3257 3354 3353
f 3258 3259 3355
f 3258 3355 3354
f 3259 3260 3356
f 3259 3356 3355
f 3264 3169 3265
f 3264 3265 3360
f 3265 3266 3362
f 3265 3362 3361
f 3266 3267 3363
f 3266 3363 3362
f 3267 3268 3364
f 3267 3364 3363
f 3268 3269 3365
f 3268 3365 3364
f 3269 3270 3366
f 3269 3366 3365
f 3270 3271 3367
f 3270 3367 3366
f 3271 3272 3368
f 3271 3368 3367
f 3272 3273 3369
f 3272 3369 3368
f 3273 3274 3370
f 3273 3370 3369
f 3274 3275 3371
f 3274 3371 3370
f 3275 3276 3372
f 3275 3372 3371
f 3276 3277 3373
f 3276 3373 3372
f 3277 3278 3374
f 3277 3374 3373
f 3278 3279 3375
f 3278 3375 3374
f 3279 3280 3376
f 3279 3376 3375
f 3280 3281 3377
f 3280 3377 3376
f 3281 3282 3378
f 3281 3378 3377
f 3282 3283 3379
f 3282 3379 3378
f 3283 3284 3380
f 3283 3380 3379
f 3284 3285 3381
f 3284 3381 3380
f 3285 3286 3382
f 3285 3382 3381
f 3286 3287 3383
f 3286 3383 3382
f 3287 3288 3384
f 3287 3384 3383
f 3288 3289 3385
f 3288 3385 3384
f 3289 3290 3386
f 3289 3386 3385
f 3290 3291 3387
f 3290 3387 3386
f 3291 3292 3388
f 3291 3388 3387
f 3292 3293 3389
f 3292 3389 3388
f 3293 3294 3390
f 3293 3390 3389
f 3294 3295 3391
f 3294 3391 3390
f 3295 3296 3392
f 3295 3392 3391
f 3300 3301 3397
f 3300 3397 3396
f 3301 3302 3398
f 3301 3398 3397
f 3302 3303 3399
f 3302 3399 3398
f 3303 3304 3400
f 3303 3400 3399
f 3304 3305 3401
f 3304 3401 3400
f 3305 3306 3402
f 3305 3402 3401
f 3306 3307 3403
f 3306 3403 3402
f 3307 3308 3404
f 3307 3404 3403
f 3308 3309 3405
f 3308 3405 3404
f 3309 3310 3406
f 3309 3406 3405
f 3310 3311 3407
f 3310 3407 3406
f 3311 3312 3408
f 3311 3408 3407
f 3312 3313 3409
f 3312 3409 3408
f 3313 3314 3410
f 3313 3410 3409
f 3314 3315 3411
f 3314 3411 3410
f 3315 3316 3412
f 3315 3412 3411
f 3316 3317 3413
f 3316 3413 3412
f 3317 3318 3414
f 3317 3414 3413
f 3318 3319 3415
f 3318 3415 3414
f 3319 3320 3416
f 3319 3416 3415
f 3320 3321 3417
f 3320 3417 3416
f 3321 3322 3418
f 3321 3418 3417
f 3322 3323 3419
f 3322 3419 3418
f 3323 3324 3420
f 3323 3420 3419
f 3324 3325 3421
f 3324 3421 3420
f 3325 3326 3422
f 3325 3422 3421
f 3326 3327 3423
f 3326 3423 3422
f 3327 3328 3424
f 3327 3424 3423
f 3328 3329 3425
f 3328 3425 3424
f 3329 3330 3426
f 3329 3426 3425
f 3330 3331 3427
f 3330 3427 3426
f 3331 3332 3428
f 3331 3428 3427
f 3332 3333 3429
f 3332 3429 3428
f 3337 3338 3434
f 3337 3434 3433
f 3338 3339 3435
f 3338 3435 3434
f 3339 3340 3436
f 3339 3436 3435
f 3340 3341 3437
f 3340 3437 3436
f 3341 3342 3438
f 3341 3438 3437
f 3342 3343 3439
f 3342 3439 3438
f 3343 3344 3440
f 3343 3440 3439
f 3344 3345 3441
f 3344 3441 3440
f 3345 3346 3442
f 3345 3442 3441
f 3346 3347 3443
f 3346 3443 3442
f 3347 3348 3444
f 3347 3444 3443
f 3348 3349 3445
f 3348 3445 3444
f 3349 3350 3446
f 3349 3446 3445
f 3350 3351 3447
f 3350 3447 3446
f 3351 3352 3448
f 3351 3448 3447
f 3352 3353 3449
f 3352 3449 3448
f 3353 3354 3450
f 3353 3450 3449
f 3354 3355 3451
f 3354 3451 3450
f 3355 3356 3452
f 3355 3452 3451
f 3359 3360 3456
f 3359 3456 3455
f 3360 3265 3361
f 3360 3361 3456
f 3361 3362 3458
f 3361 3458 3457
f 3362 3363 3459
f 3362 3459 3458
f 3363 3364 3460
f 3363 3460 3459
f 3364 3365 3461
f 3364 3461 3460
f 3365 3366 3462
f 3365 3462 3461
f 3366 3367 3463
f 3366 3463 3462
f 3367 3368 3464
f 3367 3464 3463
f 3368 3369 3465
f 3368 3465 3464
f 3369 3370 3466
f 3369 3466 3465
f 3373 3374 3470
f 3373 3470 3469
f 3374 3375 3471
f 3374 3471 3470
f 3375 3376 3472
f 3375 3472 3471
f 3376 3377 3473
f 3376 3473 3472
f 3377 3378 3474
f 3377 3474 3473
f 3378 3379 3475
f 3378 3475 3474
f 3379 3380 3476
f 3379 3476 3475
f 3380 3381 3477
f 3380 3477 3476
f 3381 3382 3478
f 3381 3478 3477
f 3382 3383 3479
f 3382 3479 3478
f 3383 3384 3480
f 3383 3480 3479
f 3384 3385 3481
f 3384 3481 3480
f 3385 3386 3482
f 3385 3482 3481
f 3386 3387 3483
f 3386 3483 3482
f 3387 3388 3484
f 3387 3484 3483
f 3388 3389 3485
f 3388 3485 3484
f 3389 3390 3486
f 3389 3486 3485
f 3390 3391 3487
f 3390 3487 3486
f 3391 3392 3488
f 3391 3488 3487
f 3396 3397 3493
f 3396 3493 3492
f 3397 3398 3494
f 3397 3494 3493
f 3398 3399 3495
f 3398 3495 3494
f 3399 3400 3496
f 3399 3496 3495
f 3400 3401 3497
f 3400 3497 3496
f 3401 3402 3498
f 3401 3498 3497
f 3402 3403 3499
f 3402 3499 3498
f 3403 3404 3500
f 3403 3500 3499
f 3404 3405 3501
f 3404 3501 3500
f 3405 3406 3502
f 3405 3502 3501
f 3406 3407 3503
f 3406 3503 3502
f 3407 3408 3504
f 3407 3504 3503
f 3408 3409 3505
f 3408 3505 3504
f 3409 3410 3506
f 3409 3506 3505
f 3410 3411 3507
f 3410 3507 3506
f 3411 3412 3508
f 3411 3508 3507
f 3412 3413 3509
f 3412 3509 3508
f 3413 3414 3510
f 3413 3510 3509
f 3414 3415 3511
f 3414 3511 3510
f 3415 3416 3512
f 3415 3512 3511
f 3416 3417 3513
f 3416 3513 3512
f 3417 3418 3514
f 3417 3514 3513
f 3418 3419 3515
f 3418 3515 3514
f 3419 3420 3516
f 3419 3516 3515
f 3420 3421 3517
f 3420 3517 3516
f 3421 3422 3518
f 3421 3518 3517
f 3422 3423 3519
f 3422 3519 3518
f 3423 3424 3520
f 3423 3520 3519
f 3424 3425 3521
f 3424 3521 3520
f 3425 3426 3522
f 3425 3522 3521
f 3426 3427 3523
f 3426 3523 3522
f 3427 3428 3524
f 3427 3524 3523
f 3428 3429 3525
f 3428 3525 3524
f 3433 3434 3530
f 3433 3530 3529
f 3434 3435 3531
f 3434 3531 3530
f 3435 3436 3532
f 3435 3532 3531
f 3436 3437 3533
f 3436 3533 3532
f 3437 3438 3534
f 3437 3534 3533
f 3438 3439 3535
f 3438 3535 3534
f 3439 3440 3536
f 3439 3536 3535
f 3440 3441 3537
f 3440 3537 3536
f 3441 3442 3538
f 3441 3538 3537
f 3442 3443 3539
f 3442 3539 3538
f 3443 3444 3540
f 3443 3540 3539
f 3444 3445 3541
f 3444 3541 3540
f 3445 3446 3542
f 3445 3542 3541
f 3446 3447 3543
f 3446 3543 3542
f 3447 3448 3544
f 3447 3544 3543
f 3448 3449 3545
f 3448 3545 3544
f 3449 3450 3546
f 3449 3546 3545
f 3450 3451 3547
f 3450 3547 3546
f 3451 3452 3548
f 3451 3548 3547
f 3452 3453 3549
f 3452 3549 3548
f 3454 3455 3551
f 3454 3551 3550
f 3455 3456 3552
f 3455 3552 3551
f 3456 3361 3457
f 3456 3457 3552
f 3457 3458 3554
f 3457 3554 3553
f 3458 3459 3555
f 3458 3555 3554
f 3459 3460 3556
f 3459 3556 3555
f 3460 3461 3557
f 3460 3557 3556
f 3461 3462 3558
f 3461 3558 3557
f 3462 3463 3559
f 3462 3559 3558
f 3463 3464 3560
f 3463 3560 3559
f 3464 3465 3561
f 3464 3561 3560
f 3465 3466 3562
f 3465 3562 3561
f 3470 3471 3567
f 3470 3567 3566
f 3471 3472 3568
f 3471 3568 3567
f 3472 3473 3569
f 3472 3569 3568
f 3473 3474 3570
f 3473 3570 3569
f 3474 3475 3571
f 3474 3571 3570
f 3475 3476 3572
f 3475 3572 3571
f 3476 3477 3573
f 3476 3573 3572
f 3477 3478 3574
f 3477 3574 3573
f 3478 3479 3575
f 3478 3575 3574
f 3479 3480 3576
f 3479 3576 3575
f 3480 3481 3577
f 3480 3577 3576
f 3481 3482 3578
f 3481 3578 3577
f 3482 3483 3579
f 3482 3579 3578
f 3483 3484 3580
f 3483 3580 3579
f 3484 3485 3581
f 3484 3581 3580
f 3485 3486 3582
f 3485 3582 3581
f 3486 3487 3583
f 3486 3583 3582
f 3487 3488 3584
f 3487 3584 3583
f 3488 3489 3585
f 3488 3585 3584
f 3492 3493 3589
f 3492 3589 3588
f 3493 3494 3590
f 3493 3590 3589
f 3494 3495 3591
f 3494 3591 3590
f 3495 3496 3592
f 3495 3592 3591
f 3496 3497 3593
f 3496 3593 3592
f 3497 3498 3594
f 3497 3594 3593
f 3498 3499 3595
f 3498 3595 3594
f 3499 3500 3596
f 3499 3596 3595
f 3500 3501 3597
f 3500 3597 3596
f 3501 3502 3598
f 3501 3598 3597
f 3502 3503 3599
f 3502 3599 3598
f 3503 3504 3600
f 3503 3600 3599
f 3504 3505 3601
f 3504 3601 3600
f 3505 3506 3602
f 3505 3602 3601
f 3506 3507 3603
f 3506 3603 3602
f 3507 3508 3604
f 3507 3604 3603
f 3508 3509 3605
f 3508 3605 3604
f 3509 3510 3606
f 3509 3606 3605
f 3510 3511 3607
f 3510 3607 3606
f 3511 3512 3608
f 3511 3608 3607
f 3512 3513 3609
f 3512 3609 3608
f 3513 3514 3610
f 3513 3610 3609
f 3514 3515 3611
f 3514 3611 3610
f 3515 3516 3612
f 3515 3612 3611
f 3516 3517 3613
f 3516 3613 3612
f 3517 3518 3614
f 3517 3614 3613
f 3518 3519 3615
f 3518 3615 3614
f 3519 3520 3616
f 3519 3616 3615
f 3520 3521 3617
f 3520 3617 3616
f 3521 3522 3618
f 3521 3618 3617
f 3522 3523 3619
f 3522 3619 3618
f 3523 3524 3620
f 3523 3620 3619
f 3524 3525 3621
f 3524 3621 3620
f 3529 3530 3626
f 3529 3626 3625
f 3530 3531 3627
f 3530 3627 3626
f 3531 3532 3628
f 3531 3628 3627
f 3532 3533 3629
f 3532 3629 3628
f 3533 3534 3630
f 3533 3630 3629
f 3534 3535 3631
f 3534 3631 3630
f 3535 3536 3632
f 3535 3632 3631
f 3536 3537 3633
f 3536 3633 3632
f 3537 3538 3634
f 3537 3634 3633
f 3538 3539 3635
f 3538 3635 3634
f 3539 3540 3636
f 3539 3636 3635
f 3540 3541 3637
f 3540 3637 3636
f 3541 3542 3638
f 3541 3638 3637
f 3542 3543 3639
f 3542 3639 3638
f 3543 3544 3640
f 3543 3640 3639
f 3544 3545 3641
f 3544 3641 3640
f 3545 3546 3642
f 3545 3642 3641
f 3546 3547 3643
f 3546 3643 3642
f 3547 3548 3644
f 3547 3644 3643
f 3548 3549 3645
f 3548 3645 3644
f 3549 3550 3646
f 3549 3646 3645
f 3550 3551 3647
f 3550 3647 3646
f 3551 3552 3648
f 3551 3648 3647
f 3552 3457 3553
f 3552 3553 3648
f 3553 3554 3650
f 3553 3650 3649
f 3554 3555 3651
f 3554 3651 3650
f 3555 3556 3652
f 3555 3652 3651
f 3556 3557 3653
f 3556 3653 3652
f 3557 3558 3654
f 3557 3654 3653
f 3558 3559 3655
f 3558 3655 3654
f 3559 3560 3656
f 3559 3656 3655
f 3560 3561 3657
f 3560 3657 3656
f 3561 3562 3658
f 3561 3658 3657
f 3566 3567 3663
f 3566 3663 3662
f 3567 3568 3664
f 3567 3664 3663
f 3568 3569 3665
f 3568 3665 3664
f 3569 3570 3666
f 3569 3666 3665
f 3570 3571 3667
f 3570 3667 3666
f 3571 3572 3668
f 3571 3668 3667
f 3572 3573 3669
f 3572 3669 3668
f 3573 3574 3670
f 3573 3670 3669
f 3574 3575 3671
f 3574 3671 3670
f 3575 3576 3672
f 3575 3672 3671
f 3576 3577 3673
f 3576 3673 3672
f 3577 3578 3674
f 3577 3674 3673
f 3578 3579 3675
f 3578 3675 3674
f 3579 3580 3676
f 3579 3676 3675
f 3580 3581 3677
f 3580 3677 3676
f 3581 3582 3678
f 3581 3678 3677
f 3582 3583 3679
f 3582 3679 3678
f 3583 3584 3680
f 3583 3680 3679
f 3584 3585 3681
f 3584 3681 3680
f 3585 3586 3682
f 3585 3682 3681
f 3586 3587 3683
f 3586 3683 3682
f 3587 3588 3684
f 3587 3684 3683
f 3588 3589 3685
f 3588 3685 3684
f 3589 3590 3686
f 3589 3686 3685
f 3590 3591 3687
f 3590 3687 3686
f 3591 3592 3688
f 3591 3688 3687
f 3592 3593 3689
f 3592 3689 3688
f 3593 3594 3690
f 3593 3690 3689
f 3594 3595 3691
f 3594 3691 3690
f 3595 3596 3692
f 3595 3692 3691
f 3596 3597 3693
f 3596 3693 3692
f 3597 3598 3694
f 3597 3694 3693
f 3598 3599 3695
f 3598 3695 3694
f 3602 3603 3699
f 3602 3699 3698
f 3603 3604 3700
f 3603 3700 3699
f 3604 3605 3701
f 3604 3701 3700
f 3605 3606 3702
f 3605 3702 3701
f 3606 3607 3703
f 3606 3703 3702
f 3607 3608 3704
f 3607 3704 3703
f 3608 3609 3705
f 3608 3705 3704
f 3609 3610 3706
f 3609 3706 3705
f 3610 3611 3707
f 3610 3707 3706
f 3611 3612 3708
f 3611 3708 3707
f 3612 3613 3709
f 3612 3709 3708
f 3613 3614 3710
f 3613 3710 3709
f 3614 3615 3711
f 3614 3711 3710
f 3615 3616 3712
f 3615 3712 3711
f 3616 3617 3713
f 3616 3713 3712
f 3617 3618 3714
f 3617 3714 3713
f 3618 3619 3715
f 3618 3715 3714
f 3619 3620 3716
f 3619 3716 3715
f 3620 3621 3717
f 3620 3717 3716
f 3625 3626 3722
f 3625 3722 3721
f 3626 3627 3723
f 3626 3723 3722
f 3627 3628 3724
f 3627 3724 3723
f 3628 3629 3725
f 3628 3725 3724
f 3629 3630 3726
f 3629 3726 3725
f 3630 3631 3727
f 3630 3727 3726
f 3631 3632 3728
f 3631 3728 3727
f 3632 3633 3729
f 3632 3729 3728
f 3633 3634 3730
f 3633 3730 3729
f 3634 3635 3731
f 3634 3731 3730
f 3635 3636 3732
f 3635 3732 3731
f 3636 3637 3733
f 3636 3733 3732
f 3637 3638 3734
f 3637 3734 3733
f 3638 3639 3735
f 3638 3735 3734
f 3639 3640 3736
f 3639 3736 3735
f 3640 3641 3737
f 3640 3737 3736
f 3641 3642 3738
f 3641 3738 3737
f 3642 3643 3739
f 3642 3739 3738
f 3643 3644 3740
f 3643 3740 3739
f 3644 3645 3741
f 3644 3741 3740
f 3645 3646 3742
f 3645 3742 3741
f 3646 3647 3743
f 3646 3743 3742
f 3647 3648 3744
f 3647 3744 3743
f 3648 3553 3649
f 3648 3649 3744
f 3649 3650 3746
f 3649 3746 3745
f 3650 3651 3747
f 3650 3747 3746
f 3651 3652 3748
f 3651 3748 3747
f 3652 3653 3749
f 3652 3749 3748
f 3653 3654 3750
f 3653 3750 3749
f 3654 3655 3751
f 3654 3751 3750
f 3655 3656 3752
f 3655 3752 3751
f 3656 3657 3753
f 3656 3753 3752
f 3657 3658 3754
f 3657 3754 3753
f 3662 3663 3759
f 3662 3759 3758
f 3663 3664 3760
f 3663 3760 3759
f 3664 3665 3761
f 3664 3761 3760
f 3665 3666 3762
f 3665 3762 3761
f 3666 3667 3763
f 3666 3763 3762
f 3667 3668 3764
f 3667 3764 3763
f 3668 3669 3765
f 3668 3765 3764
f 3669 3670 3766
f 3669 3766 3765
f 3670 3671 3767
f 3670 3767 3766
f 3671 3672 3768
f 3671 3768 3767
f 3672 3673 3769
f 3672 3769 3768
f 3673 3674 3770
f 3673 3770 3769
f 3674 3675 3771
f 3674 3771 3770
f 3675 3676 3772
f 3675 3772 3771
f 3676 3677 3773
f 3676 3773 3772
f 3677 3678 3774
f 3677 3774 3773
f 3678 3679 3775
f 3678 3775 3774
f 3679 3680 3776
f 3679 3776 3775
f 3680 3681 3777
f 3680 3777 3776
f 3681 3682 3778
f 3681 3778 3777
f 3682 3683 3779
f 3682 3779 3778
f 3683 3684 3780
f 3683 3780 3779
f 3684 3685 3781
f 3684 3781 3780
f 3685 3686 3782
f 3685 3782 3781
f 3686 3687 3783
f 3686 3783 3782
f 3687 3688 3784
f 3687 3784 3783
f 3688 3689 3785
f 3688 3785 3784
f 3689 3690 3786
f 3689 3786 3785
f 3690 3691 3787
f 3690 3787 3786
f 3691 3692 3788
f 3691 3788 3787
f 3692 3693 3789
f 3692 3789 3788
f 3693 3694 3790
f 3693 3790 3789
f 3698 3699 3795
f 3698 3795 3794
f 3699 3700 3796
f 3699 3796 3795
f 3700 3701 3797
f 3700 3797 3796
f 3701 3702 3798
f 3701 3798 3797
f 3702 3703 3799
f 3702 3799 3798
f 3703 3704 3800
f 3703 3800 3799
f 3704 3705 3801
f 3704 3801 3800
f 3705 3706 3802
f 3705 3802 3801
f 3706 3707 3803
f 3706 3803 3802
f 3707 3708 3804
f 3707 3804 3803
f 3708 3709 3805
f 3708 3805 3804
f 3709 3710 3806
f 3709 3806 3805
f 3710 3711 3807
f 3710 3807 3806
f 3711 3712 3808
f 3711 3808 3807
f 3712 3713 3809
f 3712 3809 3808
f 3713 3714 3810
f 3713 3810 3809
f 3714 3715 3811
f 3714 3811 3810
f 3715 3716 3812
f 3715 3812 3811
f 3716 3717 3813
f 3716 3813 3812
f 3717 3718 3814
f 3717 3814 3813
f 3720 3721 3817
f 3720 3817 3816
f 3721 3722 3818
f 3721 3818 3817
f 3722 3723 3819
f 3722 3819 3818
f 3723 3724 3820
f 3723 3820 3819
f 3724 3725 3821
f 3724 3821 3820
f 3725 3726 3822
f 3725 3822 3821
f 3726 3727 3823
f 3726 3823 3822
f 3727 3728 3824
f 3727 3824 3823
f 3728 3729 3825
f 3728 3825 3824
f 3729 3730 3826
f 3729 3826 3825
f 3730 3731 3827
f 3730 3827 3826
f 3731 3732 3828
f 3731 3828 3827
f 3732 3733 3829
f 3732 3829 3828
f 3733 3734 3830
f 3733 3830 3829
f 3734 3735 3831
f 3734 3831 3830
f 3735 3736 3832
f 3735 3832 3831
f 3736 3737 3833
f 3736 3833 3832
f 3737 3738 3834
f 3737 3834 3833
f 3738 3739 3835
f 3738 3835 3834
f 3739 3740 3836
f 3739 3836 3835
f 3740 3741 3837
f 3740 3837 3836
f 3741 3742 3838
f 3741 3838 3837
f 3742 3743 3839
f 3742 3839 3838
f 3743 3744 3840
f 3743 3840 3839
f 3744 3649 3745
f 3744 3745 3840
f 3745 3746 3842
f 3745 3842 3841
f 3746 3747 3843
f 3746 3843 3842
f 3747 3748 3844
f 3747 3844 3843
f 3748 3749 3845
f 3748 3845 3844
f 3749 3750 3846
f 3749 3846 3845
f 3750 3751 3847
f 3750 3847 3846
f 3751 3752 3848
f 3751 3848 3847
f 3752 3753 3849
f 3752 3849 3848
f 3753 3754 3850
f 3753 3850 3849
f 3757 3758 3854
f 3757 3854 3853
f 3758 3759 3855
f 3758 3855 3854
f 3759 3760 3856
f 3759 3856 3855
f 3760 3761 3857
f 3760 3857 3856
f 3761 3762 3858
f 3761 3858 3857
f 3762 3763 3859
f 3762 3859 3858
f 3763 3764 3860
f 3763 3860 3859
f 3764 3765 3861
f 3764 3861 3860
f 3765 3766 3862
f 3765 3862 3861
f 3766 3767 3863
f 3766 3863 3862
f 3767 3768 3864
f 3767 3864 3863
f 3768 3769 3865
f 3768 3865 3864
f 3769 3770 3866
f 3769 3866 3865
f 3770 3771 3867
f 3770 3867 3866
f 3771 3772 3868
f 3771 3868 3867
f 3772 3773 3869
f 3772 3869 3868
f 3773 3774 3870
f 3773 3870 3869
f 3774 3775 3871
f 3774 3871 3870
f 3775 3776 3872
f 3775 3872 3871
f 3776 3777 3873
f 3776 3873 3872
f 3777 3778 3874
f 3777 3874 3873
f 3778 3779 3875
f 3778 3875 3874
f 3779 3780 3876
f 3779 3876 3875
f 3780 3781 3877
f 3780 3877 3876
f 3781 3782 3878
f 3781 3878 3877
f 3782 3783 3879
f 3782 3879 3878
f 3783 3784 3880
f 3783 3880 3879
f 3784 3785 3881
f 3784 3881 3880
f 3785 3786 3882
f 3785 3882 3881
f 3786 3787 3883
f 3786 3883 3882
f 3787 3788 3884
f 3787 3884 3883
f 3788 3789 3885
f 3788 3885 3884
f 3789 3790 3886
f 3789 3886 3885
f 3795 3796 3892
f 3795 3892 3891
f 3796 3797 3893
f 3796 3893 3892
f 3797 3798 3894
f 3797 3894 3893
f 3798 3799 3895
f 3798 3895 3894
f 3799 3800 3896
f 3799 3896 3895
f 3800 3801 3897
f 3800 3897 3896
f 3801 3802 3898
f 3801 3898 3897
f 3802 3803 3899
f 3802 3899 3898
f 3803 3804 3900
f 3803 3900 3899
f 3804 3805 3901
f 3804 3901 3900
f 3805 3806 3902
f 3805 3902 3901
f 3806 3807 3903
f 3806 3903 3902
f 3807 3808 3904
f 3807 3904 3903
f 3808 3809 3905
f 3808 3905 3904
f 3809 3810 3906
f 3809 3906 3905
f 3810 3811 3907
f 3810 3907 3906
f 3811 3812 3908
f 3811 3908 3907
f 3812 3813 3909
f 3812 3909 3908
f 3813 3814 3910
f 3813 3910 3909
f 3814 3815 3911
f 3814 3911 3910
f 3815 3816 3912
f 3815 3912 3911
f 3816 3817 3913
f 3816 3913 3912
f 3817 3818 3914
f 3817 3914 3913
f 3818 3819 3915
f 3818 3915 3914
f 3819 3820 3916
f 3819 3916 3915
f 3820 3821 3917
f 3820 3917 3916
f 3821 3822 3918
f 3821 3918 3917
f 3822 3823 3919
f 3822 3919 3918
f 3823 3824 3920
f 3823 3920 3919
f 3824 3825 3921
f 3824 3921 3920
f 3825 3826 3922
f 3825 3922 3921
f 3826 3827 3923
f 3826 3923 3922
f 3831 3832 3928
f 3831 3928 3927
f 3832 3833 3929
f 3832 3929 3928
f 3833 3834 3930
f 3833 3930 3929
f 3834 3835 3931
f 3834 3931 3930
f 3835 3836 3932
f 3835 3932 3931
f 3836 3837 3933
f 3836 3933 3932
f 3837 3838 3934
f 3837 3934 3933
f 3838 3839 3935
f 3838 3935 3934
f 3839 3840 3936
f 3839 3936 3935
f 3840 3745 3841
f 3840 3841 3936
f 3841 3842 3938
f 3841 3938 3937
f 3842 3843 3939
f 3842 3939 3938
f 3843 3844 3940
f 3843 3940 3939
f 3844 3845 3941
f 3844 3941 3940
f 3845 3846 3942
f 3845 3942 3941
f 3846 3847 3943
f 3846 3943 3942
f 3847 3848 3944
f 3847 3944 3943
f 3848 3849 3945
f 3848 3945 3944
f 3849 3850 3946
f 3849 3946 3945
f 3850 3851 3947
f 3850 3947 3946
f 3852 3853 3949
f 3852 3949 3948
f 3853 3854 3950
f 3853 3950 3949
f 3854 3855 3951
f 3854 3951 3950
f 3855 3856 3952
f 3855 3952 3951
f 3856 3857 3953
f 3856 3953 3952
f 3857 3858 3954
f 3857 3954 3953
f 3858 3859 3955
f 3858 3955 3954
f 3859 3860 3956
f 3859 3956 3955
f 3860 3861 3957
f 3860 3957 3956
f 3861 3862 3958
f 3861 3958 3957
f 3862 3863 3959
f 3862 3959 3958
f 3863 3864 3960
f 3863 3960 3959
f 3864 3865 3961
f 3864 3961 3960
f 3867 3868 3964
f 3867 3964 3963
f 3868 3869 3965
f 3868 3965 3964
f 3869 3870 3966
f 3869 3966 3965
f 3870 3871 3967
f 3870 3967 3966
f 3871 3872 3968
f 3871 3968 3967
f 3872 3873 3969
f 3872 3969 3968
f 3873 3874 3970
f 3873 3970 3969
f 3874 3875 3971
f 3874 3971 3970
f 3875 3876 3972
f 3875 3972 3971
f 3876 3877 3973
f 3876 3973 3972
f 3877 3878 3974
f 3877 3974 3973
f 3878 3879 3975
f 3878 3975 3974
f 3879 3880 3976
f 3879 3976 3975
f 3880 3881 3977
f 3880 3977 3976
f 3881 3882 3978
f 3881 3978 3977
f 3882 3883 3979
f 3882 3979 3978
f 3883 3884 3980
f 3883 3980 3979
f 3884 3885 3981
f 3884 3981 3980
f 3885 3886 3982
f 3885 3982 3981
f 3891 3892 3988
f 3891 3988 3987
f 3892 3893 3989
f 3892 3989 3988
f 3893 3894 3990
f 3893 3990 3989
f 3894 3895 3991
f 3894 3991 3990
f 3895 3896 3992
f 3895 3992 3991
f 3896 3897 3993
f 3896 3993 3992
f 3897 3898 3994
f 3897 3994 3993
f 3898 3899 3995
f 3898 3995 3994
f 3899 3900 3996
f 3899 3996 3995
f 3900 3901 3997
f 3900 3997 3996
f 3901 3902 3998
f 3901 3998 3997
f 3902 3903 3999
f 3902 3999 3998
f 3903 3904 4000
f 3903 4000 3999
f 3904 3905 4001
f 3904 4001 4000
f 3905 3906 4002
f 3905 4002 4001
f 3906 3907 4003
f 3906 4003 4002
f 3907 3908 4004
f 3907 4004 4003
f 3908 3909 4005
f 3908 4005 4004
f 3909 3910 4006
f 3909 4006 4005
f 3910 3911 4007
f 3910 4007 4006
f 3911 3912 4008
f 3911 4008 4007
f 3912 3913 4009
f 3912 4009 4008
f 3913 3914 4010
f 3913 4010 4009
f 3914 3915 4011
f 3914 4011 4010
f 3915 3916 4012
f 3915 4012 4011
f 3916 3917 4013
f 3916 4013 4012
f 3917 3918 4014
f 3917 4014 4013
f 3918 3919 4015
f 3918 4015 4014
f 3919 3920 4016
f 3919 4016 4015
f 3920 3921 4017
f 3920 4017 4016
f 3921 3922 4018
f 3921 4018 4017
f 3922 3923 4019
f 3922 4019 4018
f 3927 3928 4024
f 3927 4024 4023
f 3928 3929 4025
f 3928 4025 4024
f 3929 3930 4026
f 3929 4026 4025
f 3930 3931 4027
f 3930 4027 4026
f 3931 3932 4028
f 3931 4028 4027
f 3932 3933 4029
f 3932 4029 4028
f 3933 3934 4030
f 3933 4030 4029
f 3934 3935 4031
f 3934 4031 4030
f 3935 3936 4032
f 3935 4032 4031
f 3936 3841 3937
f 3936 3937 4032
f 3937 3938 4034
f 3937 4034 4033
f 3938 3939 4035
f 3938 4035 4034
f 3939 3940 4036
f 3939 4036 4035
f 3940 3941 4037
f 3940 4037 4036
f 3941 3942 4038
f 3941 4038 4037
f 3942 3943 4039
f 3942 4039 4038
f 3943 3944 4040
f 3943 4040 4039
f 3944 3945 4041
f 3944 4041 4040
f 3945 3946 4042
f 3945 4042 4041
f 3946 3947 4043
f 3946 4043 4042
f 3947 3948 4044
f 3947 4044 4043
f 3948 3949 4045
f 3948 4045 4044
f 3949 3950 4046
f 3949 4046 4045
f 3950 3951 4047
f 3950 4047 4046
f 3951 3952 4048
f 3951 4048 4047
f 3952 3953 4049
f 3952 4049 4048
f 3953 3954 4050
f 3953 4050 4049
f 3954 3955 4051
f 3954 4051 4050
f 3955 3956 4052
f 3955 4052 4051
f 3956 3957 4053
f 3956 4053 4052
f 3957 3958 4054
f 3957 4054 4053
f 3958 3959 4055
f 3958 4055 4054
f 3959 3960 4056
f 3959 4056 4055
f 3964 3965 4061
f 3964 4061 4060
f 3965 3966 4062
f 3965 4062 4061
f 3966 3967 4063
f 3966 4063 4062
f 3967 3968 4064
f 3967 4064 4063
f 3968 3969 4065
f 3968 4065 4064
f 3969 3970 4066
f 3969 4066 4065
f 3970 3971 4067
f 3970 4067 4066
f 3971 3972 4068
f 3971 4068 4067
f 3972 3973 4069
f 3972 4069 4068
f 3973 3974 4070
f 3973 4070 4069
f 3974 3975 4071
f 3974 4071 4070
f 3975 3976 4072
f 3975 4072 4071
f 3976 3977 4073
f 3976 4073 4072
f 3977 3978 4074
f 3977 4074 4073
f 3978 3979 4075
f 3978 4075 4074
f 3979 3980 4076
f 3979 4076 4075
f 3980 3981 4077
f 3980 4077 4076
f 3981 3982 4078
f 3981 4078 4077
f 3982 3983 4079
f 3982 4079 4078
f 3986 3987 4083
f 3986 4083 4082
f 3987 3988 4084
f 3987 4084 4083
f 3988 3989 4085
f 3988 4085 4084
f 3989 3990 4086
f 3989 4086 4085
f 3990 3991 4087
f 3990 4087 4086
f 3991 3992 4088
f 3991 4088 4087
f 3992 3993 4089
f 3992 4089 4088
f 3993 3994 4090
f 3993 4090 4089
f 3994 3995 4091
f 3994 4091 4090
f 3995 3996 4092
f 3995 4092 4091
f 3996 3997 4093
f 3996 4093 4092
f 3997 3998 4094
f 3997 4094 4093
f 3998 3999 4095
f 3998 4095 4094
f 3999 4000 4096
f 3999 4096 4095
f 4000 4001 4097
f 4000 4097 4096
f 4001 4002 4098
f 4001 4098 4097
f 4002 4003 4099
f 4002 4099 4098
f 4003 4004 4100
f 4003 4100 4099
f 4004 4005 4101
f 4004 4101 4100
f 4005 4006 4102
f 4005 4102 4101
f 4006 4007 4103
f 4006 4103 4102
f 4007 4008 4104
f 4007 4104 4103
f 4008 4009 4105
f 4008 4105 4104
f 4009 4010 4106
f 4009 4106 4105
f 4010 4011 4107
f 4010 4107 4106
f 4011 4012 4108
f 4011 4108 4107
f 4012 4013 4109
f 4012 4109 4108
f 4013 4014 4110
f 4013 4110 4109
f 4014 4015 4111
f 4014 4111 4110
f 4015 4016 4112
f 4015 4112 4111
f 4016 4017 4113
f 4016 4113 4112
f 4017 4018 4114
f 4017 4114 4113
f 4018 4019 4115
f 4018 4115 4114
f 4023 4024 4120
f 4023 4120 4119
f 4024 4025 4121
f 4024 4121 4120
f 4025 4026 4122
f 4025 4122 4121
f 4026 4027 4123
f 4026 4123 4122
f 4027 4028 4124
f 4027 4124 4123
f 4028 4029 4125
f 4028 4125 4124
f 4029 4030 4126
f 4029 4126 4125
f 4030 4031 4127
f 4030 4127 4126
f 4031 4032 4128
f 4031 4128 4127
f 4032 3937 4033
f 4032 4033 4128
f 4033 4034 4130
f 4033 4130 4129
f 4034 4035 4131
f 4034 4131 4130
f 4035 4036 4132
f 4035 4132 4131
f 4036 4037 4133
f 4036 4133 4132
f 4037 4038 4134
f 4037 4134 4133
f 4038 4039 4135
f 4038 4135 4134
f 4039 4040 4136
f 4039 4136 4135
f 4040 4041 4137
f 4040 4137 4136
f 4041 4042 4138
f 4041 4138 4137
f 4042 4043 4139
f 4042 4139 4138
f 4043 4044 4140
f 4043 4140 4139
f 4044 4045 4141
f 4044 4141 4140
f 4045 4046 4142
f 4045 4142 4141
f 4046 4047 4143
f 4046 4143 4142
f 4047 4048 4144
f 4047 4144 4143
f 4048 4049 4145
f 4048 4145 4144
f 4049 4050 4146
f 4049 4146 4145
f 4050 4051 4147
f 4050 4147 4146
f 4051 4052 4148
f 4051 4148 4147
f 4052 4053 4149
f 4052 4149 4148
f 4053 4054 4150
f 4053 4150 4149
f 4054 4055 4151
f 4054 4151 4150
f 4060 4061 4157
f 4060 4157 4156
f 4061 4062 4158
f 4061 4158 4157
f 4062 4063 4159
f 4062 4159 4158
f 4063 4064 4160
f 4063 4160 4159
f 4064 4065 4161
f 4064 4161 4160
f 4065 4066 4162
f 4065 4162 4161
f 4066 4067 4163
f 4066 4163 4162
f 4067 4068 4164
f 4067 4164 4163
f 4068 4069 4165
f 4068 4165 4164
f 4069 4070 4166
f 4069 4166 4165
f 4070 4071 4167
f 4070 4167 4166
f 4071 4072 4168
f 4071 4168 4167
f 4072 4073 4169
f 4072 4169 4168
f 4073 4074 4170
f 4073 4170 4169
f 4074 4075 4171
f 4074 4171 4170
f 4075 4076 4172
f 4075 4172 4171
f 4076 4077 4173
f 4076 4173 4172
f 4077 4078 4174
f 4077 4174 4173
f 4078 4079 4175
f 4078 4175 4174
f 4079 4080 4176
f 4079 4176 4175
f 4080 4081 4177
f 4080 4177 4176
f 4081 4082 4178
f 4081 4178 4177
f 4082 4083 4179
f 4082 4179 4178
f 4083 4084 4180
f 4083 4180 4179
f 4084 4085 4181
f 4084 4181 4180
f 4085 4086 4182
f 4085 4182 4181
f 4086 4087 4183
f 4086 4183 4182
f 4087 4088 4184
f 4087 4184 4183
f 4088 4089 4185
f 4088 4185 4184
f 4089 4090 4186
f 4089 4186 4185
f 4090 4091 4187
f 4090 4187 4186
f 4091 4092 4188
f 4091 4188 4187
f 4092 4093 4189
f 4092 4189 4188
f 4095 4096 4192
f 4095 4192 4191
f 4096 4097 4193
f 4096 4193 4192
f 4097 4098 4194
f 4097 4194 4193
f 4098 4099 4195
f 4098 4195 4194
f 4099 4100 4196
f 4099 4196 4195
f 4100 4101 4197
f 4100 4197 4196
f 4101 4102 4198
f 4101 4198 4197
f 4102 4103 4199
f 4102 4199 4198
f 4103 4104 4200
f 4103 4200 4199
f 4104 4105 4201
f 4104 4201 4200
f 4105 4106 4202
f 4105 4202 4201
f 4106 4107 4203
f 4106 4203 4202
f 4107 4108 4204
f 4107 4204 4203
f 4108 4109 4205
f 4108 4205 4204
f 4109 4110 4206
f 4109 4206 4205
f 4110 4111 4207
f 4110 4207 4206
f 4111 4112 4208
f 4111 4208 4207
f 4112 4113 4209
f 4112 4209 4208
f 4113 4114 4210
f 4113 4210 4209
f 4114 4115 4211
f 4114 4211 4210
f 4119 4120 4216
f 4119 4216 4215
f 4120 4121 4217
f 4120 4217 4216
f 4121 4122 4218
f 4121 4218 4217
f 4122 4123 4219
f 4122 4219 4218
f 4123 4124 4220
f 4123 4220 4219
f 4124 4125 4221
f 4124 4221 4220
f 4125 4126 4222
f 4125 4222 4221
f 4126 4127 4223
f 4126 4223 4222
f 4127 4128 4224
f 4127 4224 4223
f 4128 4033 4129
f 4128 4129 4224
f 4129 4130 4226
f 4129 4226 4225
f 4130 4131 4227
f 4130 4227 4226
f 4131 4132 4228
f 4131 4228 4227
f 4132 4133 4229
f 4132 4229 4228
f 4133 4134 4230
f 4133 4230 4229
f 4134 4135 4231
f 4134 4231 4230
f 4135 4136 4232
f 4135 4232 4231
f 4136 4137 4233
f 4136 4233 4232
f 4137 4138 4234
f 4137 4234 4233
f 4138 4139 4235
f 4138 4235 4234
f 4139 4140 4236
f 4139 4236 4235
f 4140 4141 4237
f 4140 4237 4236
f 4141 4142 4238
f 4141 4238 4237
f 4142 4143 4239
f 4142 4239 4238
f 4143 4144 4240
f 4143 4240 4239
f 4144 4145 4241
f 4144 4241 4240
f 4145 4146 4242
f 4145 4242 4241
f 4146 4147 4243
f 4146 4243 4242
f 4147 4148 4244
f 4147 4244 4243
f 4148 4149 4245
f 4148 4245 4244
f 4149 4150 4246
f 4149 4246 4245
f 4150 4151 4247
f 4150 4247 4246
f 4156 4157 4253
f 4156 4253 4252
f 4157 4158 4254
f 4157 4254 4253
f 4158 4159 4255
f 4158 4255 4254
f 4159 4160 4256
f 4159 4256 4255
f 4160 4161 4257
f 4160 4257 4256
f 4161 4162 4258
f 4161 4258 4257
f 4162 4163 4259
f 4162 4259 4258
f 4163 4164 4260
f 4163 4260 4259
f 4164 4165 4261
f 4164 4261 4260
f 4165 4166 4262
f 4165 4262 4261
f 4166 4167 4263
f 4166 4263 4262
f 4167 4168 4264
f 4167 4264 4263
f 4168 4169 4265
f 4168 4265 4264
f 4169 4170 4266
f 4169 4266 4265
f 4170 4171 4267
f 4170 4267 4266
f 4171 4172 4268
f 4171 4268 4267
f 4172 4173 4269
f 4172 4269 4268
f 4173 4174 4270
f 4173 4270 4269
f 4174 4175 4271
f 4174 4271 4270
f 4175 4176 4272
f 4175 4272 4271
f 4176 4177 4273
f 4176 4273 4272
f 4177 4178 4274
f 4177 4274 4273
f 4178 4179 4275
f 4178 4275 4274
f 4179 4180 4276
f 4179 4276 4275
f 4180 4181 4277
f 4180 4277 4276
f 4181 4182 4278
f 4181 4278 4277
f 4182 4183 4279
f 4182 4279 4278
f 4183 4184 4280
f 4183 4280 4279
f 4184 4185 4281
f 4184 4281 4280
f 4185 4186 4282
f 4185 4282 4281
f 4186 4187 4283
f 4186 4283 4282
f 4187 4188 4284
f 4187 4284 4283
f 4193 4194 4290
f 4193 4290 4289
f 4194 4195 4291
f 4194 4291 4290
f 4195 4196 4292
f 4195 4292 4291
f 4196 4197 4293
f 4196 4293 4292
f 4197 4198 4294
f 4197 4294 4293
f 4198 4199 4295
f 4198 4295 4294
f 4199 4200 4296
f 4199 4296 4295
f 4200 4201 4297
f 4200 4297 4296
f 4201 4202 4298
f 4201 4298 4297
f 4202 4203 4299
f 4202 4299 4298
f 4203 4204 4300
f 4203 4300 4299
f 4204 4205 4301
f 4204 4301 4300
f 4205 4206 4302
f 4205 4302 4301
f 4206 4207 4303
f 4206 4303 4302
f 4207 4208 4304
f 4207 4304 4303
f 4208 4209 4305
f 4208 4305 4304
f 4209 4210 4306
f 4209 4306 4305
f 4210 4211 4307
f 4210 4307 4306
f 4211 4212 4308
f 4211 4308 4307
f 4215 4216 4312
f 4215 4312 4311
f 4216 4217 4313
f 4216 4313 4312
f 4217 4218 4314
f 4217 4314 4313
f 4218 4219 4315
f 4218 4315 4314
f 4219 4220 4316
f 4219 4316 4315
f 4220 4221 4317
f 4220 4317 4316
f 4221 4222 4318
f 4221 4318 4317
f 4222 4223 4319
f 4222 4319 4318
f 4223 4224 4320
f 4223 4320 4319
f 4224 4129 4225
f 4224 4225 4320
f 4225 4226 4322
f 4225 4322 4321
f 4228 4229 4325
f 4228 4325 4324
f 4229 4230 4326
f 4229 4326 4325
f 4230 4231 4327
f 4230 4327 4326
f 4231 4232 4328
f 4231 4328 4327
f 4232 4233 4329
f 4232 4329 4328
f 4233 4234 4330
f 4233 4330 4329
f 4234 4235 4331
f 4234 4331 4330
f 4235 4236 4332
f 4235 4332 4331
f 4236 4237 4333
f 4236 4333 4332
f 4237 4238 4334
f 4237 4334 4333
f 4238 4239 4335
f 4238 4335 4334
f 4239 4240 4336
f 4239 4336 4335
f 4240 4241 4337
f 4240 4337 4336
f 4241 4242 4338
f 4241 4338 4337
f 4242 4243 4339
f 4242 4339 4338
f 4243 4244 4340
f 4243 4340 4339
f 4244 4245 4341
f 4244 4341 4340
f 4245 4246 4342
f 4245 4342 4341
f 4246 4247 4343
f 4246 4343 4342
f 4252 4253 4349
f 4252 4349 4348
f 4253 4254 4350
f 4253 4350 4349
f 4254 4255 4351
f 4254 4351 4350
f 4255 4256 4352
f 4255 4352 4351
f 4256 4257 4353
f 4256 4353 4352
f 4257 4258 4354
f 4257 4354 4353
f 4258 4259 4355
f 4258 4355 4354
f 4259 4260 4356
f 4259 4356 4355
f 4260 4261 4357
f 4260 4357 4356
f 4261 4262 4358
f 4261 4358 4357
f 4262 4263 4359
f 4262 4359 4358
f 4263 4264 4360
f 4263 4360 4359
f 4264 4265 4361
f 4264 4361 4360
f 4265 4266 4362
f 4265 4362 4361
f 4266 4267 4363
f 4266 4363 4362
f 4267 4268 4364
f 4267 4364 4363
f 4268 4269 4365
f 4268 4365 4364
f 4269 4270 4366
f 4269 4366 4365
f 4270 4271 4367
f 4270 4367 4366
f 4271 4272 4368
f 4271 4368 4367
f 4272 4273 4369
f 4272 4369 4368
f 4273 4274 4370
f 4273 4370 4369
f 4274 4275 4371
f 4274 4371 4370
f 4275 4276 4372
f 4275 4372 4371
f 4276 4277 4373
f 4276 4373 4372
f 4277 4278 4374
f 4277 4374 4373
f 4278 4279 4375
f 4278 4375 4374
f 4279 4280 4376
f 4279 4376 4375
f 4280 4281 4377
f 4280 4377 4376
f 4281 4282 4378
f 4281 4378 4377
f 4282 4283 4379
f 4282 4379 4378
f 4283 4284 4380
f 4283 4380 4379
f 4289 4290 4386
f 4289 4386 4385
f 4290 4291 4387
f 4290 4387 4386
f 4291 4292 4388
f 4291 4388 4387
f 4292 4293 4389
f 4292 4389 4388
f 4293 4294 4390
f 4293 4390 4389
f 4294 4295 4391
f 4294 4391 4390
f 4295 4296 4392
f 4295 4392 4391
f 4296 4297 4393
f 4296 4393 4392
f 4297 4298 4394
f 4297 4394 4393
f 4298 4299 4395
f 4298 4395 4394
f 4299 4300 4396
f 4299 4396 4395
f 4300 4301 4397
f 4300 4397 4396
f 4301 4302 4398
f 4301 4398 4397
f 4302 4303 4399
f 4302 4399 4398
f 4303 4304 4400
f 4303 4400 4399
f 4304 4305 4401
f 4304 4401 4400
f 4305 4306 4402
f 4305 4402 4401
f 4306 4307 4403
f 4306 4403 4402
f 4307 4308 4404
f 4307 4404 4403
f 4308 4309 4405
f 4308 4405 4404
f 4309 4310 4406
f 4309 4406 4405
f 4310 4311 4407
f 4310 4407 4406
f 4311 4312 4408
f 4311 4408 4407
f 4312 4313 4409
f 4312 4409 4408
f 4313 4314 4410
f 4313 4410 4409
f 4314 4315 4411
f 4314 4411 4410
f 4315 4316 4412
f 4315 4412 4411
f 4316 4317 4413
f 4316 4413 4412
f 4317 4318 4414
f 4317 4414 4413
f 4318 4319 4415
f 4318 4415 4414
f 4319 4320 4416
f 4319 4416 4415
f 4320 4225 4321
f 4320 4321 4416
f 4325 4326 4422
f 4325 4422 4421
f 4326 4327 4423
f 4326 4423 4422
f 4327 4328 4424
f 4327 4424 4423
f 4328 4329 4425
f 4328 4425 4424
f 4329 4330 4426
f 4329 4426 4425
f 4330 4331 4427
f 4330 4427 4426
f 4331 4332 4428
f 4331 4428 4427
f 4332 4333 4429
f 4332 4429 4428
f 4333 4334 4430
f 4333 4430 4429
f 4334 4335 4431
f 4334 4431 4430
f 4335 4336 4432
f 4335 4432 4431
f 4336 4337 4433
f 4336 4433 4432
f 4337 4338 4434
f 4337 4434 4433
f 4338 4339 4435
f 4338 4435 4434
f 4339 4340 4436
f 4339 4436 4435
f 4340 4341 4437
f 4340 4437 4436
f 4341 4342 4438
f 4341 4438 4437
f 4342 4343 4439
f 4342 4439 4438
f 4343 4344 4440
f 4343 4440 4439
f 4347 4348 4444
f 4347 4444 4443
f 4348 4349 4445
f 4348 4445 4444
f 4349 4350 4446
f 4349 4446 4445
f 4350 4351 4447
f 4350 4447 4446
f 4351 4352 4448
f 4351 4448 4447
f 4352 4353 4449
f 4352 4449 4448
f 4353 4354 4450
f 4353 4450 4449
f 4354 4355 4451
f 4354 4451 4450
f 4355 4356 4452
f 4355 4452 4451
f 4356 4357 4453
f 4356 4453 4452
f 4357 4358 4454
f 4357 4454 4453
f 4358 4359 4455
f 4358 4455 4454
f 4359 4360 4456
f 4359 4456 4455
f 4360 4361 4457
f 4360 4457 4456
f 4361 4362 4458
f 4361 4458 4457
f 4362 4363 4459
f 4362 4459 4458
f 4363 4364 4460
f 4363 4460 4459
f 4364 4365 4461
f 4364 4461 4460
f 4365 4366 4462
f 4365 4462 4461
f 4366 4367 4463
f 4366 4463 4462
f 4367 4368 4464
f 4367 4464 4463
f 4368 4369 4465
f 4368 4465 4464
f 4369 4370 4466
f 4369 4466 4465
f 4370 4371 4467
f 4370 4467 4466
f 4371 4372 4468
f 4371 4468 4467
f 4372 4373 4469
f 4372 4469 4468
f 4373 4374 4470
f 4373 4470 4469
f 4374 4375 4471
f 4374 4471 4470
f 4375 4376 4472
f 4375 4472 4471
f 4376 4377 4473
f 4376 4473 4472
f 4377 4378 4474
f 4377 4474 4473
f 4378 4379 4475
f 4378 4475 4474
f 4379 4380 4476
f 4379 4476 4475
f 4385 4386 4482
f 4385 4482 4481
f 4386 4387 4483
f 4386 4483 4482
f 4387 4388 4484
f 4387 4484 4483
f 4388 4389 4485
f 4388 4485 4484
f 4389 4390 4486
f 4389 4486 4485
f 4390 4391 4487
f 4390 4487 4486
f 4391 4392 4488
f 4391 4488 4487
f 4392 4393 4489
f 4392 4489 4488
f 4393 4394 4490
f 4393 4490 4489
f 4394 4395 4491
f 4394 4491 4490
f 4395 4396 4492
f 4395 4492 4491
f 4396 4397 4493
f 4396 4493 4492
f 4397 4398 4494
f 4397 4494 4493
f 4398 4399 4495
f 4398 4495 4494
f 4399 4400 4496
f 4399 4496 4495
f 4400 4401 4497
f 4400 4497 4496
f 4401 4402 4498
f 4401 4498 4497
f 4402 4403 4499
f 4402 4499 4498
f 4403 4404 4500
f 4403 4500 4499
f 4404 4405 4501
f 4404 4501 4500
f 4405 4406 4502
f 4405 4502 4501
f 4406 4407 4503
f 4406 4503 4502
f 4407 4408 4504
f 4407 4504 4503
f 4408 4409 4505
f 4408 4505 4504
f 4409 4410 4506
f 4409 4506 4505
f 4410 4411 4507
f 4410 4507 4506
f 4411 4412 4508
f 4411 4508 4507
f 4412 4413 4509
f 4412 4509 4508
f 4413 4414 4510
f 4413 4510 4509
f 4414 4415 4511
f 4414 4511 4510
f 4415 4416 4512
f 4415 4512 4511
f 4416 4321 4417
f 4416 4417 4512
f 4422 4423 4519
f 4422 4519 4518
f 4423 4424 4520
f 4423 4520 4519
f 4424 4425 4521
f 4424 4521 4520
f 4425 4426 4522
f 4425 4522 4521
f 4426 4427 4523
f 4426 4523 4522
f 4427 4428 4524
f 4427 4524 4523
f 4428 4429 4525
f 4428 4525 4524
f 4429 4430 4526
f 4429 4526 4525
f 4430 4431 4527
f 4430 4527 4526
f 4431 4432 4528
f 4431 4528 4527
f 4432 4433 4529
f 4432 4529 4528
f 4433 4434 4530
f 4433 4530 4529
f 4434 4435 4531
f 4434 4531 4530
f 4435 4436 4532
f 4435 4532 4531
f 4436 4437 4533
f 4436 4533 4532
f 4437 4438 4534
f 4437 4534 4533
f 4438 4439 4535
f 4438 4535 4534
f 4439 4440 4536
f 4439 4536 4535
f 4440 4441 4537
f 4440 4537 4536
f 4441 4442 4538
f 4441 4538 4537
f 4442 4443 4539
f 4442 4539 4538
f 4443 4444 4540
f 4443 4540 4539
f 4444 4445 4541
f 4444 4541 4540
f 4445 4446 4542
f 4445 4542 4541
f 4446 4447 4543
f 4446 4543 4542
f 4447 4448 4544
f 4447 4544 4543
f 4448 4449 4545
f 4448 4545 4544
f 4449 4450 4546
f 4449 4546 4545
f 4450 4451 4547
f 4450 4547 4546
f 4451 4452 4548
f 4451 4548 4547
f 4452 4453 4549
f 4452 4549 4548
f 4453 4454 4550
f 4453 4550 4549
f 4454 4455 4551
f 4454 4551 4550
f 4455 4456 4552
f 4455 4552 4551
f 4456 4457 4553
f 4456 4553 4552
f 4457 4458 4554
f 4457 4554 4553
f 4458 4459 4555
f 4458 4555 4554
f 4459 4460 4556
f 4459 4556 4555
f 4460 4461 4557
f 4460 4557 4556
f 4461 4462 4558
f 4461 4558 4557
f 4462 4463 4559
f 4462 4559 4558
f 4463 4464 4560
f 4463 4560 4559
f 4464 4465 4561
f 4464 4561 4560
f 4465 4466 4562
f 4465 4562 4561
f 4466 4467 4563
f 4466 4563 4562
f 4467 4468 4564
f 4467 4564 4563
f 4468 4469 4565
f 4468 4565 4564
f 4469 4470 4566
f 4469 4566 4565
f 4470 4471 4567
f 4470 4567 4566
f 4471 4472 4568
f 4471 4568 4567
f 4472 4473 4569
f 4472 4569 4568
f 4473 4474 4570
f 4473 4570 4569
f 4474 4475 4571
f 4474 4571 4570
f 4475 4476 4572
f 4475 4572 4571
f 4481 4482 4578
f 4481 4578 4577
f 4482 4483 4579
f 4482 4579 4578
f 4483 4484 4580
f 4483 4580 4579
f 4484 4485 4581
f 4484 4581 4580
f 4485 4486 4582
f 4485 4582 4581
f 4486 4487 4583
f 4486 4583 4582
f 4487 4488 4584
f 4487 4584 4583
f 4488 4489 4585
f 4488 4585 4584
f 4489 4490 4586
f 4489 4586 4585
f 4490 4491 4587
f 4490 4587 4586
f 4491 4492 4588
f 4491 4588 4587
f 4492 4493 4589
f 4492 4589 4588
f 4493 4494 4590
f 4493 4590 4589
f 4494 4495 4591
f 4494 4591 4590
f 4495 4496 4592
f 4495 4592 4591
f 4496 4497 4593
f 4496 4593 4592
f 4497 4498 4594
f 4497 4594 4593
f 4498 4499 4595
f 4498 4595 4594
f 4499 4500 4596
f 4499 4596 4595
f 4500 4501 4597
f 4500 4597 4596
f 4501 4502 4598
f 4501 4598 4597
f 4502 4503 4599
f 4502 4599 4598
f 4503 4504 4600
f 4503 4600 4599
f 4504 4505 4601
f 4504 4601 4600
f 4505 4506 4602
f 4505 4602 4601
f 4506 4507 4603
f 4506 4603 4602
f 4507 4508 4604
f 4507 4604 4603
f 4508 4509 4605
f 4508 4605 4604
f 4509 4510 4606
f 4509 4606 4605
f 4510 4511 4607
f 4510 4607 4606
f 4511 4512 4608
f 4511 4608 4607
f 4518 4519 4615
f 4518 4615 4614
f 4519 4520 4616
f 4519 4616 4615
f 4520 4521 4617
f 4520 4617 4616
f 4521 4522 4618
f 4521 4618 4617
f 4522 4523 4619
f 4522 4619 4618
f 4523 4524 4620
f 4523 4620 4619
f 4524 4525 4621
f 4524 4621 4620
f 4525 4526 4622
f 4525 4622 4621
f 4526 4527 4623
f 4526 4623 4622
f 4527 4528 4624
f 4527 4624 4623
f 4528 4529 4625
f 4528 4625 4624
f 4529 4530 4626
f 4529 4626 4625
f 4530 4531 4627
f 4530 4627 4626
f 4531 4532 4628
f 4531 4628 4627
f 4532 4533 4629
f 4532 4629 4628
f 4533 4534 4630
f 4533 4630 4629
f 4534 4535 4631
f 4534 4631 4630
f 4535 4536 4632
f 4535 4632 4631
f 4536 4537 4633
f 4536 4633 4632
f 4537 4538 4634
f 4537 4634 4633
f 4538 4539 4635
f 4538 4635 4634
f 4539 4540 4636
f 4539 4636 4635
f 4540 4541 4637
f 4540 4637 4636
f 4541 4542 4638
f 4541 4638 4637
f 4542 4543 4639
f 4542 4639 4638
f 4543 4544 4640
f 4543 4640 4639
f 4544 4545 4641
f 4544 4641 4640
f 4545 4546 4642
f 4545 4642 4641
f 4546 4547 4643
f 4546 4643 4642
f 4547 4548 4644
f 4547 4644 4643
f 4548 4549 4645
f 4548 4645 4644
f 4549 4550 4646
f 4549 4646 4645
f 4554 4555 4651
f 4554 4651 4650
f 4555 4556 4652
f 4555 4652 4651
f 4556 4557 4653
f 4556 4653 4652
f 4557 4558 4654
f 4557 4654 4653
f 4558 4559 4655
f 4558 4655 4654
f 4559 4560 4656
f 4559 4656 4655
f 4560 4561 4657
f 4560 4657 4656
f 4561 4562 4658
f 4561 4658 4657
f 4562 4563 4659
f 4562 4659 4658
f 4563 4564 4660
f 4563 4660 4659
f 4564 4565 4661
f 4564 4661 4660
f 4565 4566 4662
f 4565 4662 4661
f 4566 4567 4663
f 4566 4663 4662
f 4567 4568 4664
f 4567 4664 4663
f 4568 4569 4665
f 4568 4665 4664
f 4569 4570 4666
f 4569 4666 4665
f 4570 4571 4667
f 4570 4667 4666
f 4571 4572 4668
f 4571 4668 4667
f 4572 4573 4669
f 4572 4669 4668
f 4576 4577 4673
f 4576 4673 4672
f 4577 4578 4674
f 4577 4674 4673
f 4578 4579 4675
f 4578 4675 4674
f 4579 4580 4676
f 4579 4676 4675
f 4580 4581 4677
f 4580 4677 4676
f 4581 4582 4678
f 4581 4678 4677
f 4582 4583 4679
f 4582 4679 4678
f 4583 4584 4680
f 4583 4680 4679
f 4584 4585 4681
f 4584 4681 4680
f 4585 4586 4682
f 4585 4682 4681
f 4586 4587 4683
f 4586 4683 4682
f 4587 4588 4684
f 4587 4684 4683
f 4588 4589 4685
f 4588 4685 4684
f 4589 4590 4686
f 4589 4686 4685
f 4590 4591 4687
f 4590 4687 4686
f 4591 4592 4688
f 4591 4688 4687
f 4592 4593 4689
f 4592 4689 4688
f 4593 4594 4690
f 4593 4690 4689
f 4594 4595 4691
f 4594 4691 4690
f 4595 4596 4692
f 4595 4692 4691
f 4596 4597 4693
f 4596 4693 4692
f 4597 4598 4694
f 4597 4694 4693
f 4598 4599 4695
f 4598 4695 4694
f 4599 4600 4696
f 4599 4696 4695
f 4600 4601 4697
f 4600 4697 4696
f 4601 4602 4698
f 4601 4698 4697
f 4602 4603 4699
f 4602 4699 4698
f 4603 4604 4700
f 4603 4700 4699
f 4604 4605 4701
f 4604 4701 4700
f 4605 4606 4702
f 4605 4702 4701
f 4606 4607 4703
f 4606 4703 4702
f 4607 4608 4704
f 4607 4704 4703
f 4614 4615 4711
f 4614 4711 4710
f 4615 4616 4712
f 4615 4712 4711
f 4616 4617 4713
f 4616 4713 4712
f 4617 4618 4714
f 4617 4714 4713
f 4618 4619 4715
f 4618 4715 4714
f 4619 4620 4716
f 4619 4716 4715
f 4620 4621 4717
f 4620 4717 4716
f 4621 4622 4718
f 4621 4718 4717
f 4622 4623 4719
f 4622 4719 4718
f 4623 4624 4720
f 4623 4720 4719
f 4624 4625 4721
f 4624 4721 4720
f 4625 4626 4722
f 4625 4722 4721
f 4626 4627 4723
f 4626 4723 4722
f 4627 4628 4724
f 4627 4724 4723
f 4628 4629 4725
f 4628 4725 4724
f 4629 4630 4726
f 4629 4726 4725
f 4630 4631 4727
f 4630 4727 4726
f 4631 4632 4728
f 4631 4728 4727
f 4632 4633 4729
f 4632 4729 4728
f 4633 4634 4730
f 4633 4730 4729
f 4634 4635 4731
f 4634 4731 4730
f 4635 4636 4732
f 4635 4732 4731
f 4636 4637 4733
f 4636 4733 4732
f 4637 4638 4734
f 4637 4734 4733
f 4638 4639 4735
f 4638 4735 4734
f 4639 4640 4736
f 4639 4736 4735
f 4640 4641 4737
f 4640 4737 4736
f 4641 4642 4738
f 4641 4738 4737
f 4642 4643 4739
f 4642 4739 4738
f 4643 4644 4740
f 4643 4740 4739
f 4644 4645 4741
f 4644 4741 4740
f 4651 4652 4748
f 4651 4748 4747
f 4652 4653 4749
f 4652 4749 4748
f 4653 4654 4750
f 4653 4750 4749
f 4654 4655 4751
f 4654 4751 4750
f 4655 4656 4752
f 4655 4752 4751
f 4656 4657 4753
f 4656 4753 4752
f 4657 4658 4754
f 4657 4754 4753
f 4658 4659 4755
f 4658 4755 4754
f 4659 4660 4756
f 4659 4756 4755
f 4660 4661 4757
f 4660 4757 4756
f 4661 4662 4758
f 4661 4758 4757
f 4662 4663 4759
f 4662 4759 4758
f 4663 4664 4760
f 4663 4760 4759
f 4664 4665 4761
f 4664 4761 4760
f 4665 4666 4762
f 4665 4762 4761
f 4666 4667 4763
f 4666 4763 4762
f 4667 4668 4764
f 4667 4764 4763
f 4668 4669 4765
f 4668 4765 4764
f 4669 4670 4766
f 4669 4766 4765
f 4670 4671 4767
f 4670 4767 4766
f 4671 4672 4768
f 4671 4768 4767
f 4672 4673 4769
f 4672 4769 4768
f 4673 4674 4770
f 4673 4770 4769
f 4674 4675 4771
f 4674 4771 4770
f 4675 4676 4772
f 4675 4772 4771
f 4676 4677 4773
f 4676 4773 4772
f 4677 4678 4774
f 4677 4774 4773
f 4678 4679 4775
f 4678 4775 4774
f 4679 4680 4776
f 4679 4776 4775
f 4680 4681 4777
f 4680 4777 4776
f 4681 4682 4778
f 4681 4778 4777
f 4682 4683 4779
f 4682 4779 4778
f 4683 4684 4780
f 4683 4780 4779
f 4684 4685 4781
f 4684 4781 4780
f 4685 4686 4782
f 4685 4782 4781
f 4686 4687 4783
f 4686 4783 4782
f 4687 4688 4784
f 4687 4784 4783
f 4688 4689 4785
f 4688 4785 4784
f 4689 4690 4786
f 4689 4786 4785
f 4690 4691 4787
f 4690 4787 4786
f 4691 4692 4788
f 4691 4788 4787
f 4692 4693 4789
f 4692 4789 4788
f 4693 4694 4790
f 4693 4790 4789
f 4694 4695 4791
f 4694 4791 4790
f 4695 4696 4792
f 4695 4792 4791
f 4696 4697 4793
f 4696 4793 4792
f 4697 4698 4794
f 4697 4794 4793
f 4698 4699 4795
f 4698 4795 4794
f 4699 4700 4796
f 4699 4796 4795
f 4700 4701 4797
f 4700 4797 4796
f 4701 4702 4798
f 4701 4798 4797
f 4702 4703 4799
f 4702 4799 4798
f 4703 4704 4800
f 4703 4800 4799
f 4709 4710 4806
f 4709 4806 4805
f 4710 4711 4807
f 4710 4807 4806
f 4711 4712 4808
f 4711 4808 4807
f 4712 4713 4809
f 4712 4809 4808
f 4713 4714 4810
f 4713 4810 4809
f 4714 4715 4811
f 4714 4811 4810
f 4715 4716 4812
f 4715 4812 4811
f 4716 4717 4813
f 4716 4813 4812
f 4717 4718 4814
f 4717 4814 4813
f 4718 4719 4815
f 4718 4815 4814
f 4719 4720 4816
f 4719 4816 4815
f 4720 4721 4817
f 4720 4817 4816
f 4721 4722 4818
f 4721 4818 4817
f 4722 4723 4819
f 4722 4819 4818
f 4723 4724 4820
f 4723 4820 4819
f 4724 4725 4821
f 4724 4821 4820
f 4725 4726 4822
f 4725 4822 4821
f 4726 4727 4823
f 4726 4823 4822
f 4727 4728 4824
f 4727 4824 4823
f 4728 4729 4825
f 4728 4825 4824
f 4729 4730 4826
f 4729 4826 4825
f 4730 4731 4827
f 4730 4827 4826
f 4731 4732 4828
f 4731 4828 4827
f 4732 4733 4829
f 4732 4829 4828
f 4733 4734 4830
f 4733 4830 4829
f 4734 4735 4831
f 4734 4831 4830
f 4735 4736 4832
f 4735 4832 4831
f 4736 4737 4833
f 4736 4833 4832
f 4737 4738 4834
f 4737 4834 4833
f 4738 4739 4835
f 4738 4835 4834
f 4739 4740 4836
f 4739 4836 4835
f 4747 4748 4844
f 4747 4844 4843
f 4748 4749 4845
f 4748 4845 4844
f 4749 4750 4846
f 4749 4846 4845
f 4750 4751 4847
f 4750 4847 4846
f 4751 4752 4848
f 4751 4848 4847
f 4752 4753 4849
f 4752 4849 4848
f 4753 4754 4850
f 4753 4850 4849
f 4754 4755 4851
f 4754 4851 4850
f 4755 4756 4852
f 4755 4852 4851
f 4756 4757 4853
f 4756 4853 4852
f 4757 4758 4854
f 4757 4854 4853
f 4758 4759 4855
f 4758 4855 4854
f 4759 4760 4856
f 4759 4856 4855
f 4760 4761 4857
f 4760 4857 4856
f 4761 4762 4858
f 4761 4858 4857
f 4762 4763 4859
f 4762 4859 4858
f 4763 4764 4860
f 4763 4860 4859
f 4764 4765 4861
f 4764 4861 4860
f 4765 4766 4862
f 4765 4862 4861
f 4766 4767 4863
f 4766 4863 4862
f 4767 4768 4864
f 4767 4864 4863
f 4768 4769 4865
f 4768 4865 4864
f 4769 4770 4866
f 4769 4866 4865
f 4770 4771 4867
f 4770 4867 4866
f 4771 4772 4868
f 4771 4868 4867
f 4772 4773 4869
f 4772 4869 4868
f 4773 4774 4870
f 4773 4870 4869
f 4774 4775 4871
f 4774 4871 4870
f 4775 4776 4872
f 4775 4872 4871
f 4776 4777 4873
f 4776 4873 4872
f 4777 4778 4874
f 4777 4874 4873
f 4778 4779 4875
f 4778 4875 4874
f 4779 4780 4876
f 4779 4876 4875
f 4781 4782 4878
f 4781 4878 4877
f 4782 4783 4879
f 4782 4879 4878
f 4783 4784 4880
f 4783 4880 4879
f 4784 4785 4881
f 4784 4881 4880
f 4785 4786 4882
f 4785 4882 4881
f 4786 4787 4883
f 4786 4883 4882
f 4787 4788 4884
f 4787 4884 4883
f 4788 4789 4885
f 4788 4885 4884
f 4789 4790 4886
f 4789 4886 4885
f 4790 4791 4887
f 4790 4887 4886
f 4791 4792 4888
f 4791 4888 4887
f 4792 4793 4889
f 4792 4889 4888
f 4793 4794 4890
f 4793 4890 4889
f 4794 4795 4891
f 4794 4891 4890
f 4795 4796 4892
f 4795 4892 4891
f 4796 4797 4893
f 4796 4893 4892
f 4797 4798 4894
f 4797 4894 4893
f 4798 4799 4895
f 4798 4895 4894
f 4799 4800 4896
f 4799 4896 4895
f 4800 4705 4801
f 4800 4801 4896
f 4801 4802 4898
f 4801 4898 4897
f 4802 4803 4899
f 4802 4899 4898
f 4803 4804 4900
f 4803 4900 4899
f 4804 4805 4901
f 4804 4901 4900
f 4805 4806 4902
f 4805 4902 4901
f 4806 4807 4903
f 4806 4903 4902
f 4807 4808 4904
f 4807 4904 4903
f 4808 4809 4905
f 4808 4905 4904
f 4809 4810 4906
f 4809 4906 4905
f 4810 4811 4907
f 4810 4907 4906
f 4811 4812 4908
f 4811 4908 4907
f 4812 4813 4909
f 4812 4909 4908
f 4813 4814 4910
f 4813 4910 4909
f 4814 4815 4911
f 4814 4911 4910
f 4815 4816 4912
f 4815 4912 4911
f 4816 4817 4913
f 4816 4913 4912
f 4817 4818 4914
f 4817 4914 4913
f 4818 4819 4915
f 4818 4915 4914
f 4819 4820 4916
f 4819 4916 4915
f 4820 4821 4917
f 4820 4917 4916
f 4821 4822 4918
f 4821 4918 4917
f 4822 4823 4919
f 4822 4919 4918
f 4823 4824 4920
f 4823 4920 4919
f 4824 4825 4921
f 4824 4921 4920
f 4825 4826 4922
f 4825 4922 4921
f 4826 4827 4923
f 4826 4923 4922
f 4827 4828 4924
f 4827 4924 4923
f 4828 4829 4925
f 4828 4925 4924
f 4829 4830 4926
f 4829 4926 4925
f 4830 4831 4927
f 4830 4927 4926
f 4831 4832 4928
f 4831 4928 4927
f 4832 4833 4929
f 4832 4929 4928
f 4833 4834 4930
f 4833 4930 4929
f 4834 4835 4931
f 4834 4931 4930
f 4835 4836 4932
f 4835 4932 4931
f 4836 4837 4933
f 4836 4933 4932
f 4843 4844 4940
f 4843 4940 4939
f 4844 4845 4941
f 4844 4941 4940
f 4845 4846 4942
f 4845 4942 4941
f 4846 4847 4943
f 4846 4943 4942
f 4847 4848 4944
f 4847 4944 4943
f 4848 4849 4945
f 4848 4945 4944
f 4849 4850 4946
f 4849 4946 4945
f 4850 4851 4947
f 4850 4947 4946
f 4851 4852 4948
f 4851 4948 4947
f 4852 4853 4949
f 4852 4949 4948
f 4853 4854 4950
f 4853 4950 4949
f 4854 4855 4951
f 4854 4951 4950
f 4855 4856 4952
f 4855 4952 4951
f 4856 4857 4953
f 4856 4953 4952
f 4857 4858 4954
f 4857 4954 4953
f 4858 4859 4955
f 4858 4955 4954
f 4859 4860 4956
f 4859 4956 4955
f 4860 4861 4957
f 4860 4957 4956
f 4861 4862 4958
f 4861 4958 4957
f 4862 4863 4959
f 4862 4959 4958
f 4863 4864 4960
f 4863 4960 4959
f 4864 4865 4961
f 4864 4961 4960
f 4865 4866 4962
f 4865 4962 4961
f 4866 4867 4963
f 4866 4963 4962
f 4867 4868 4964
f 4867 4964 4963
f 4868 4869 4965
f 4868 4965 4964
f 4869 4870 4966
f 4869 4966 4965
f 4870 4871 4967
f 4870 4967 4966
f 4871 4872 4968
f 4871 4968 4967
f 4872 4873 4969
f 4872 4969 4968
f 4873 4874 4970
f 4873 4970 4969
f 4879 4880 4976
f 4879 4976 4975
f 4880 4881 4977
f 4880 4977 4976
f 4881 4882 4978
f 4881 4978 4977
f 4882 4883 4979
f 4882 4979 4978
f 4883 4884 4980
f 4883 4980 4979
f 4884 4885 4981
f 4884 4981 4980
f 4885 4886 4982
f 4885 4982 4981
f 4886 4887 4983
f 4886 4983 4982
f 4887 4888 4984
f 4887 4984 4983
f 4888 4889 4985
f 4888 4985 4984
f 4889 4890 4986
f 4889 4986 4985
f 4890 4891 4987
f 4890 4987 4986
f 4891 4892 4988
f 4891 4988 4987
f 4892 4893 4989
f 4892 4989 4988
f 4893 4894 4990
f 4893 4990 4989
f 4894 4895 4991
f 4894 4991 4990
f 4895 4896 4992
f 4895 4992 4991
f 4896 4801 4897
f 4896 4897 4992
f 4897 4898 4994
f 4897 4994 4993
f 4898 4899 4995
f 4898 4995 4994
f 4899 4900 4996
f 4899 4996 4995
f 4900 4901 4997
f 4900 4997 4996
f 4901 4902 4998
f 4901 4998 4997
f 4902 4903 4999
f 4902 4999 4998
f 4903 4904 5000
f 4903 5000 4999
f 4904 4905 5001
f 4904 5001 5000
f 4905 4906 5002
f 4905 5002 5001
f 4906 4907 5003
f 4906 5003 5002
f 4907 4908 5004
f 4907 5004 5003
f 4908 4909 5005
f 4908 5005 5004
f 4909 4910 5006
f 4909 5006 5005
f 4910 4911 5007
f 4910 5007 5006
f 4911 4912 5008
f 4911 5008 5007
f 4912 4913 5009
f 4912 5009 5008
f 4913 4914 5010
f 4913 5010 5009
f 4914 4915 5011
f 4914 5011 5010
f 4915 4916 5012
f 4915 5012 5011
f 4916 4917 5013
f 4916 5013 5012
f 4917 4918 5014
f 4917 5014 5013
f 4918 4919 5015
f 4918 5015 5014
f 4919 4920 5016
f 4919 5016 5015
f 4920 4921 5017
f 4920 5017 5016
f 4921 4922 5018
f 4921 5018 5017
f 4922 4923 5019
f 4922 5019 5018
f 4923 4924 5020
f 4923 5020 5019
f 4924 4925 5021
f 4924 5021 5020
f 4925 4926 5022
f 4925 5022 5021
f 4926 4927 5023
f 4926 5023 5022
f 4927 4928 5024
f 4927 5024 5023
f 4928 4929 5025
f 4928 5025 5024
f 4929 4930 5026
f 4929 5026 5025
f 4930 4931 5027
f 4930 5027 5026
f 4931 4932 5028
f 4931 5028 5027
f 4932 4933 5029
f 4932 5029 5028
f 4938 4939 5035
f 4938 5035 5034
f 4939 4940 5036
f 4939 5036 5035
f 4940 4941 5037
f 4940 5037 5036
f 4941 4942 5038
f 4941 5038 5037
f 4942 4943 5039
f 4942 5039 5038
f 4943 4944 5040
f 4943 5040 5039
f 4944 4945 5041
f 4944 5041 5040
f 4945 4946 5042
f 4945 5042 5041
f 4946 4947 5043
f 4946 5043 5042
f 4947 4948 5044
f 4947 5044 5043
f 4948 4949 5045
f 4948 5045 5044
f 4949 4950 5046
f 4949 5046 5045
f 4950 4951 5047
f 4950 5047 5046
f 4951 4952 5048
f 4951 5048 5047
f 4952 4953 5049
f 4952 5049 5048
f 4953 4954 5050
f 4953 5050 5049
f 4954 4955 5051
f 4954 5051 5050
f 4955 4956 5052
f 4955 5052 5051
f 4956 4957 5053
f 4956 5053 5052
f 4957 4958 5054
f 4957 5054 5053
f 4958 4959 5055
f 4958 5055 5054
f 4959 4960 5056
f 4959 5056 5055
f 4960 4961 5057
f 4960 5057 5056
f 4961 4962 5058
f 4961 5058 5057
f 4962 4963 5059
f 4962 5059 5058
f 4963 4964 5060
f 4963 5060 5059
f 4964 4965 5061
f 4964 5061 5060
f 4965 4966 5062
f 4965 5062 5061
f 4966 4967 5063
f 4966 5063 5062
f 4967 4968 5064
f 4967 5064 5063
f 4968 4969 5065
f 4968 5065 5064
f 4976 4977 5073
f 4976 5073 5072
f 4977 4978 5074
f 4977 5074 5073
f 4978 4979 5075
f 4978 5075 5074
f 4979 4980 5076
f 4979 5076 5075
f 4980 4981 5077
f 4980 5077 5076
f 4981 4982 5078
f 4981 5078 5077
f 4982 4983 5079
f 4982 5079 5078
f 4983 4984 5080
f 4983 5080 5079
f 4984 4985 5081
f 4984 5081 5080
f 4985 4986 5082
f 4985 5082 5081
f 4986 4987 5083
f 4986 5083 5082
f 4987 4988 5084
f 4987 5084 5083
f 4988 4989 5085
f 4988 5085 5084
f 4989 4990 5086
f 4989 5086 5085
f 4990 4991 5087
f 4990 5087 5086
f 4991 4992 5088
f 4991 5088 5087
f 4992 4897 4993
f 4992 4993 5088
f 4993 4994 5090
f 4993 5090 5089
f 4994 4995 5091
f 4994 5091 5090
f 4995 4996 5092
f 4995 5092 5091
f 4996 4997 5093
f 4996 5093 5092
f 4997 4998 5094
f 4997 5094 5093
f 4998 4999 5095
f 4998 5095 5094
f 4999 5000 5096
f 4999 5096 5095
f 5000 5001 5097
f 5000 5097 5096
f 5001 5002 5098
f 5001 5098 5097
f 5002 5003 5099
f 5002 5099 5098
f 5003 5004 5100
f 5003 5100 5099
f 5004 5005 5101
f 5004 5101 5100
f 5005 5006 5102
f 5005 5102 5101
f 5006 5007 5103
f 5006 5103 5102
f 5007 5008 5104
f 5007 5104 5103
f 5008 5009 5105
f 5008 5105 5104
f 5009 5010 5106
f 5009 5106 5105
f 5010 5011 5107
f 5010 5107 5106
f 5011 5012 5108
f 5011 5108 5107
f 5012 5013 5109
f 5012 5109 5108
f 5013 5014 5110
f 5013 5110 5109
f 5014 5015 5111
f 5014 5111 5110
f 5015 5016 5112
f 5015 5112 5111
f 5016 5017 5113
f 5016 5113 5112
f 5017 5018 5114
f 5017 5114 5113
f 5018 5019 5115
f 5018 5115 5114
f 5019 5020 5116
f 5019 5116 5115
f 5020 5021 5117
f 5020 5117 5116
f 5021 5022 5118
f 5021 5118 5117
f 5022 5023 5119
f 5022 5119 5118
f 5023 5024 5120
f 5023 5120 5119
f 5024 5025 5121
f 5024 5121 5120
f 5025 5026 5122
f 5025 5122 5121
f 5026 5027 5123
f 5026 5123 5122
f 5027 5028 5124
f 5027 5124 5123
f 5028 5029 5125
f 5028 5125 5124
f 5029 5030 5126
f 5029 5126 5125
f 5030 5031 5127
f 5030 5127 5126
f 5031 5032 5128
f 5031 5128 5127
f 5032 5033 5129
f 5032 5129 5128
f 5033 5034 5130
f 5033 5130 5129
f 5034 5035 5131
f 5034 5131 5130
f 5035 5036 5132
f 5035 5132 5131
f 5036 5037 5133
f 5036 5133 5132
f 5037 5038 5134
f 5037 5134 5133
f 5038 5039 5135
f 5038 5135 5134
f 5039 5040 5136
f 5039 5136 5135
f 5040 5041 5137
f 5040 5137 5136
f 5041 5042 5138
f 5041 5138 5137
f 5042 5043 5139
f 5042 5139 5138
f 5043 5044 5140
f 5043 5140 5139
f 5044 5045 5141
f 5044 5141 5140
f 5045 5046 5142
f 5045 5142 5141
f 5046 5047 5143
f 5046 5143 5142
f 5047 5048 5144
f 5047 5144 5143
f 5048 5049 5145
f 5048 5145 5144
f 5049 5050 5146
f 5049 5146 5145
f 5050 5051 5147
f 5050 5147 5146
f 5051 5052 5148
f 5051 5148 5147
f 5052 5053 5149
f 5052 5149 5148
f 5053 5054 5150
f 5053 5150 5149
f 5054 5055 5151
f 5054 5151 5150
f 5055 5056 5152
f 5055 5152 5151
f 5056 5057 5153
f 5056 5153 5152
f 5057 5058 5154
f 5057 5154 5153
f 5058 5059 5155
f 5058 5155 5154
f 5059 5060 5156
f 5059 5156 5155
f 5060 5061 5157
f 5060 5157 5156
f 5061 5062 5158
f 5061 5158 5157
f 5062 5063 5159
f 5062 5159 5158
f 5063 5064 5160
f 5063 5160 5159
f 5072 5073 5169
f 5072 5169 5168
f 5073 5074 5170
f 5073 5170 5169
f 5074 5075 5171
f 5074 5171 5170
f 5075 5076 5172
f 5075 5172 5171
f 5076 5077 5173
f 5076 5173 5172
f 5077 5078 5174
f 5077 5174 5173
f 5078 5079 5175
f 5078 5175 5174
f 5079 5080 5176
f 5079 5176 5175
f 5080 5081 5177
f 5080 5177 5176
f 5081 5082 5178
f 5081 5178 5177
f 5082 5083 5179
f 5082 5179 5178
f 5083 5084 5180
f 5083 5180 5179
f 5084 5085 5181
f 5084 5181 5180
f 5085 5086 5182
f 5085 5182 5181
f 5086 5087 5183
f 5086 5183 5182
f 5087 5088 5184
f 5087 5184 5183
f 5088 4993 5089
f 5088 5089 5184
f 5089 5090 5186
f 5089 5186 5185
f 5090 5091 5187
f 5090 5187 5186
f 5091 5092 5188
f 5091 5188 5187
f 5092 5093 5189
f 5092 5189 5188
f 5093 5094 5190
f 5093 5190 5189
f 5094 5095 5191
f 5094 5191 5190
f 5095 5096 5192
f 5095 5192 5191
f 5096 5097 5193
f 5096 5193 5192
f 5097 5098 5194
f 5097 5194 5193
f 5098 5099 5195
f 5098 5195 5194
f 5099 5100 5196
f 5099 5196 5195
f 5100 5101 5197
f 5100 5197 5196
f 5101 5102 5198
f 5101 5198 5197
f 5108 5109 5205
f 5108 5205 5204
f 5109 5110 5206
f 5109 5206 5205
f 5110 5111 5207
f 5110 5207 5206
f 5111 5112 5208
f 5111 5208 5207
f 5112 5113 5209
f 5112 5209 5208
f 5113 5114 5210
f 5113 5210 5209
f 5114 5115 5211
f 5114 5211 5210
f 5115 5116 5212
f 5115 5212 5211
f 5116 5117 5213
f 5116 5213 5212
f 5117 5118 5214
f 5117 5214 5213
f 5118 5119 5215
f 5118 5215 5214
f 5119 5120 5216
f 5119 5216 5215
f 5120 5121 5217
f 5120 5217 5216
f 5121 5122 5218
f 5121 5218 5217
f 5122 5123 5219
f 5122 5219 5218
f 5123 5124 5220
f 5123 5220 5219
f 5124 5125 5221
f 5124 5221 5220
f 5125 5126 5222
f 5125 5222 5221
f 5126 5127 5223
f 5126 5223 5222
f 5127 5128 5224
f 5127 5224 5223
f 5128 5129 5225
f 5128 5225 5224
f 5129 5130 5226
f 5129 5226 5225
f 5130 5131 5227
f 5130 5227 5226
f 5131 5132 5228
f 5131 5228 5227
f 5132 5133 5229
f 5132 5229 5228
f 5133 5134 5230
f 5133 5230 5229
f 5134 5135 5231
f 5134 5231 5230
f 5135 5136 5232
f 5135 5232 5231
f 5136 5137 5233
f 5136 5233 5232
f 5137 5138 5234
f 5137 5234 5233
f 5138 5139 5235
f 5138 5235 5234
f 5139 5140 5236
f 5139 5236 5235
f 5140 5141 5237
f 5140 5237 5236
f 5141 5142 5238
f 5141 5238 5237
f 5142 5143 5239
f 5142 5239 5238
f 5143 5144 5240
f 5143 5240 5239
f 5144 5145 5241
f 5144 5241 5240
f 5145 5146 5242
f 5145 5242 5241
f 5146 5147 5243
f 5146 5243 5242
f 5147 5148 5244
f 5147 5244 5243
f 5148 5149 5245
f 5148 5245 5244
f 5149 5150 5246
f 5149 5246 5245
f 5150 5151 5247
f 5150 5247 5246
f 5151 5152 5248
f 5151 5248 5247
f 5152 5153 5249
f 5152 5249 5248
f 5153 5154 5250
f 5153 5250 5249
f 5154 5155 5251
f 5154 5251 5250
f 5155 5156 5252
f 5155 5252 5251
f 5156 5157 5253
f 5156 5253 5252
f 5157 5158 5254
f 5157 5254 5253
f 5158 5159 5255
f 5158 5255 5254
f 5159 5160 5256
f 5159 5256 5255
f 5160 5161 5257
f 5160 5257 5256
f 5168 5169 5265
f 5168 5265 5264
f 5169 5170 5266
f 5169 5266 5265
f 5170 5171 5267
f 5170 5267 5266
f 5171 5172 5268
f 5171 5268 5267
f 5172 5173 5269
f 5172 5269 5268
f 5173 5174 5270
f 5173 5270 5269
f 5174 5175 5271
f 5174 5271 5270
f 5175 5176 5272
f 5175 5272 5271
f 5176 5177 5273
f 5176 5273 5272
f 5177 5178 5274
f 5177 5274 5273
f 5178 5179 5275
f 5178 5275 5274
f 5179 5180 5276
f 5179 5276 5275
f 5180 5181 5277
f 5180 5277 5276
f 5181 5182 5278
f 5181 5278 5277
f 5182 5183 5279
f 5182 5279 5278
f 5183 5184 5280
f 5183 5280 5279
f 5184 5089 5185
f 5184 5185 5280
f 5185 5186 5282
f 5185 5282 5281
f 5186 5187 5283
f 5186 5283 5282
f 5187 5188 5284
f 5187 5284 5283
f 5188 5189 5285
f 5188 5285 5284
f 5189 5190 5286
f 5189 5286 5285
f 5190 5191 5287
f 5190 5287 5286
f 5191 5192 5288
f 5191 5288 5287
f 5192 5193 5289
f 5192 5289 5288
f 5193 5194 5290
f 5193 5290 5289
f 5194 5195 5291
f 5194 5291 5290
f 5195 5196 5292
f 5195 5292 5291
f 5196 5197 5293
f 5196 5293 5292
f 5206 5207 5303
f 5206 5303 5302
f 5207 5208 5304
f 5207 5304 5303
f 5208 5209 5305
f 5208 5305 5304
f 5209 5210 5306
f 5209 5306 5305
f 5210 5211 5307
f 5210 5307 5306
f 5211 5212 5308
f 5211 5308 5307
f 5212 5213 5309
f 5212 5309 5308
f 5213 5214 5310
f 5213 5310 5309
f 5214 5215 5311
f 5214 5311 5310
f 5215 5216 5312
f 5215 5312 5311
f 5216 5217 5313
f 5216 5313 5312
f 5217 5218 5314
f 5217 5314 5313
f 5218 5219 5315
f 5218 5315 5314
f 5219 5220 5316
f 5219 5316 5315
f 5220 5221 5317
f 5220 5317 5316
f 5221 5222 5318
f 5221 5318 5317
f 5222 5223 5319
f 5222 5319 5318
f 5223 5224 5320
f 5223 5320 5319
f 5224 5225 5321
f 5224 5321 5320
f 5225 5226 5322
f 5225 5322 5321
f 5226 5227 5323
f 5226 5323 5322
f 5227 5228 5324
f 5227 5324 5323
f 5228 5229 5325
f 5228 5325 5324
f 5229 5230 5326
f 5229 5326 5325
f 5230 5231 5327
f 5230 5327 5326
f 5231 5232 5328
f 5231 5328 5327
f 5232 5233 5329
f 5232 5329 5328
f 5233 5234 5330
f 5233 5330 5329
f 5234 5235 5331
f 5234 5331 5330
f 5235 5236 5332
f 5235 5332 5331
f 5236 5237 5333
f 5236 5333 5332
f 5237 5238 5334
f 5237 5334 5333
f 5238 5239 5335
f 5238 5335 5334
f 5239 5240 5336
f 5239 5336 5335
f 5240 5241 5337
f 5240 5337 5336
f 5241 5242 5338
f 5241 5338 5337
f 5242 5243 5339
f 5242 5339 5338
f 5243 5244 5340
f 5243 5340 5339
f 5244 5245 5341
f 5244 5341 5340
f 5245 5246 5342
f 5245 5342 5341
f 5246 5247 5343
f 5246 5343 5342
f 5247 5248 5344
f 5247 5344 5343
f 5248 5249 5345
f 5248 5345 5344
f 5249 5250 5346
f 5249 5346 5345
f 5250 5251 5347
f 5250 5347 5346
f 5251 5252 5348
f 5251 5348 5347
f 5252 5253 5349
f 5252 5349 5348
f 5253 5254 5350
f 5253 5350 5349
f 5254 5255 5351
f 5254 5351 5350
f 5255 5256 5352
f 5255 5352 5351
f 5256 5257 5353
f 5256 5353 5352
f 5257 5258 5354
f 5257 5354 5353
f 5263 5264 5360
f 5263 5360 5359
f 5264 5265 5361
f 5264 5361 5360
f 5265 5266 5362
f 5265 5362 5361
f 5266 5267 5363
f 5266 5363 5362
f 5267 5268 5364
f 5267 5364 5363
f 5268 5269 5365
f 5268 5365 5364
f 5269 5270 5366
f 5269 5366 5365
f 5270 5271 5367
f 5270 5367 5366
f 5271 5272 5368
f 5271 5368 5367
f 5272 5273 5369
f 5272 5369 5368
f 5273 5274 5370
f 5273 5370 5369
f 5274 5275 5371
f 5274 5371 5370
f 5275 5276 5372
f 5275 5372 5371
f 5276 5277 5373
f 5276 5373 5372
f 5277 5278 5374
f 5277 5374 5373
f 5278 5279 5375
f 5278 5375 5374
f 5279 5280 5376
f 5279 5376 5375
f 5280 5185 5281
f 5280 5281 5376
f 5281 5282 5378
f 5281 5378 5377
f 5282 5283 5379
f 5282 5379 5378
f 5283 5284 5380
f 5283 5380 5379
f 5284 5285 5381
f 5284 5381 5380
f 5285 5286 5382
f 5285 5382 5381
f 5286 5287 5383
f 5286 5383 5382
f 5287 5288 5384
f 5287 5384 5383
f 5288 5289 5385
f 5288 5385 5384
f 5289 5290 5386
f 5289 5386 5385
f 5290 5291 5387
f 5290 5387 5386
f 5291 5292 5388
f 5291 5388 5387
f 5302 5303 5399
f 5302 5399 5398
f 5303 5304 5400
f 5303 5400 5399
f 5304 5305 5401
f 5304 5401 5400
f 5305 5306 5402
f 5305 5402 5401
f 5306 5307 5403
f 5306 5403 5402
f 5307 5308 5404
f 5307 5404 5403
f 5308 5309 5405
f 5308 5405 5404
f 5309 5310 5406
f 5309 5406 5405
f 5310 5311 5407
f 5310 5407 5406
f 5311 5312 5408
f 5311 5408 5407
f 5312 5313 5409
f 5312 5409 5408
f 5313 5314 5410
f 5313 5410 5409
f 5314 5315 5411
f 5314 5411 5410
f 5315 5316 5412
f 5315 5412 5411
f 5316 5317 5413
f 5316 5413 5412
f 5317 5318 5414
f 5317 5414 5413
f 5318 5319 5415
f 5318 5415 5414
f 5319 5320 5416
f 5319 5416 5415
f 5320 5321 5417
f 5320 5417 5416
f 5321 5322 5418
f 5321 5418 5417
f 5322 5323 5419
f 5322 5419 5418
f 5323 5324 5420
f 5323 5420 5419
f 5324 5325 5421
f 5324 5421 5420
f 5325 5326 5422
f 5325 5422 5421
f 5326 5327 5423
f 5326 5423 5422
f 5327 5328 5424
f 5327 5424 5423
f 5328 5329 5425
f 5328 5425 5424
f 5329 5330 5426
f 5329 5426 5425
f 5330 5331 5427
f 5330 5427 5426
f 5331 5332 5428
f 5331 5428 5427
f 5332 5333 5429
f 5332 5429 5428
f 5333 5334 5430
f 5333 5430 5429
f 5334 5335 5431
f 5334 5431 5430
f 5335 5336 5432
f 5335 5432 5431
f 5336 5337 5433
f 5336 5433 5432
f 5337 5338 5434
f 5337 5434 5433
f 5338 5339 5435
f 5338 5435 5434
f 5339 5340 5436
f 5339 5436 5435
f 5340 5341 5437
f 5340 5437 5436
f 5341 5342 5438
f 5341 5438 5437
f 5342 5343 5439
f 5342 5439 5438
f 5343 5344 5440
f 5343 5440 5439
f 5344 5345 5441
f 5344 5441 5440
f 5345 5346 5442
f 5345 5442 5441
f 5346 5347 5443
f 5346 5443 5442
f 5347 5348 5444
f 5347 5444 5443
f 5348 5349 5445
f 5348 5445 5444
f 5349 5350 5446
f 5349 5446 5445
f 5350 5351 5447
f 5350 5447 5446
f 5351 5352 5448
f 5351 5448 5447
f 5352 5353 5449
f 5352 5449 5448
f 5353 5354 5450
f 5353 5450 5449
f 5354 5355 5451
f 5354 5451 5450
f 5355 5356 5452
f 5355 5452 5451
f 5356 5357 5453
f 5356 5453 5452
f 5357 5358 5454
f 5357 5454 5453
f 5358 5359 5455
f 5358 5455 5454
f 5359 5360 5456
f 5359 5456 5455
f 5360 5361 5457
f 5360 5457 5456
f 5361 5362 5458
f 5361 5458 5457
f 5362 5363 5459
f 5362 5459 5458
f 5363 5364 5460
f 5363 5460 5459
f 5364 5365 5461
f 5364 5461 5460
f 5365 5366 5462
f 5365 5462 5461
f 5366 5367 5463
f 5366 5463 5462
f 5367 5368 5464
f 5367 5464 5463
f 5368 5369 5465
f 5368 5465 5464
f 5369 5370 5466
f 5369 5466 5465
f 5370 5371 5467
f 5370 5467 5466
f 5371 5372 5468
f 5371 5468 5467
f 5372 5373 5469
f 5372 5469 5468
f 5373 5374 5470
f 5373 5470 5469
f 5374 5375 5471
f 5374 5471 5470
f 5375 5376 5472
f 5375 5472 5471
f 5376 5281 5377
f 5376 5377 5472
f 5377 5378 5474
f 5377 5474 5473
f 5378 5379 5475
f 5378 5475 5474
f 5379 5380 5476
f 5379 5476 5475
f 5380 5381 5477
f 5380 5477 5476
f 5381 5382 5478
f 5381 5478 5477
f 5382 5383 5479
f 5382 5479 5478
f 5383 5384 5480
f 5383 5480 5479
f 5384 5385 5481
f 5384 5481 5480
f 5385 5386 5482
f 5385 5482 5481
f 5386 5387 5483
f 5386 5483 5482
f 5387 5388 5484
f 5387 5484 5483
f 5399 5400 5496
f 5399 5496 5495
f 5400 5401 5497
f 5400 5497 5496
f 5401 5402 5498
f 5401 5498 5497
f 5402 5403 5499
f 5402 5499 5498
f 5403 5404 5500
f 5403 5500 5499
f 5404 5405 5501
f 5404 5501 5500
f 5405 5406 5502
f 5405 5502 5501
f 5406 5407 5503
f 5406 5503 5502
f 5407 5408 5504
f 5407 5504 5503
f 5408 5409 5505
f 5408 5505 5504
f 5409 5410 5506
f 5409 5506 5505
f 5410 5411 5507
f 5410 5507 5506
f 5411 5412 5508
f 5411 5508 5507
f 5412 5413 5509
f 5412 5509 5508
f 5413 5414 5510
f 5413 5510 5509
f 5414 5415 5511
f 5414 5511 5510
f 5415 5416 5512
f 5415 5512 5511
f 5416 5417 5513
f 5416 5513 5512
f 5417 5418 5514
f 5417 5514 5513
f 5418 5419 5515
f 5418 5515 5514
f 5419 5420 5516
f 5419 5516 5515
f 5420 5421 5517
f 5420 5517 5516
f 5421 5422 5518
f 5421 5518 5517
f 5422 5423 5519
f 5422 5519 5518
f 5423 5424 5520
f 5423 5520 5519
f 5424 5425 5521
f 5424 5521 5520
f 5425 5426 5522
f 5425 5522 5521
f 5426 5427 5523
f 5426 5523 5522
f 5427 5428 5524
f 5427 5524 5523
f 5428 5429 5525
f 5428 5525 5524
f 5429 5430 5526
f 5429 5526 5525
f 5430 5431 5527
f 5430 5527 5526
f 5431 5432 5528
f 5431 5528 5527
f 5432 5433 5529
f 5432 5529 5528
f 5433 5434 5530
f 5433 5530 5529
f 5434 5435 5531
f 5434 5531 5530
f 5435 5436 5532
f 5435 5532 5531
f 5436 5437 5533
f 5436 5533 5532
f 5437 5438 5534
f 5437 5534 5533
f 5438 5439 5535
f 5438 5535 5534
f 5439 5440 5536
f 5439 5536 5535
f 5440 5441 5537
f 5440 5537 5536
f 5441 5442 5538
f 5441 5538 5537
f 5442 5443 5539
f 5442 5539 5538
f 5443 5444 5540
f 5443 5540 5539
f 5444 5445 5541
f 5444 5541 5540
f 5445 5446 5542
f 5445 5542 5541
f 5446 5447 5543
f 5446 5543 5542
f 5447 5448 5544
f 5447 5544 5543
f 5448 5449 5545
f 5448 5545 5544
f 5449 5450 5546
f 5449 5546 5545
f 5450 5451 5547
f 5450 5547 5546
f 5451 5452 5548
f 5451 5548 5547
f 5452 5453 5549
f 5452 5549 5548
f 5453 5454 5550
f 5453 5550 5549
f 5454 5455 5551
f 5454 5551 5550
f 5455 5456 5552
f 5455 5552 5551
f 5456 5457 5553
f 5456 5553 5552
f 5457 5458 5554
f 5457 5554 5553
f 5458 5459 5555
f 5458 5555 5554
f 5459 5460 5556
f 5459 5556 5555
f 5460 5461 5557
f 5460 5557 5556
f 5461 5462 5558
f 5461 5558 5557
f 5462 5463 5559
f 5462 5559 5558
f 5463 5464 5560
f 5463 5560 5559
f 5464 5465 5561
f 5464 5561 5560
f 5465 5466 5562
f 5465 5562 5561
f 5466 5467 5563
f 5466 5563 5562
f 5467 5468 5564
f 5467 5564 5563
f 5468 5469 5565
f 5468 5565 5564
f 5469 5470 5566
f 5469 5566 5565
f 5470 5471 5567
f 5470 5567 5566
f 5471 5472 5568
f 5471 5568 5567
f 5472 5377 5473
f 5472 5473 5568
f 5473 5474 5570
f 5473 5570 5569
f 5474 5475 5571
f 5474 5571 5570
f 5475 5476 5572
f 5475 5572 5571
f 5476 5477 5573
f 5476 5573 5572
f 5477 5478 5574
f 5477 5574 5573
f 5478 5479 5575
f 5478 5575 5574
f 5479 5480 5576
f 5479 5576 5575
f 5480 5481 5577
f 5480 5577 5576
f 5481 5482 5578
f 5481 5578 5577
f 5482 5483 5579
f 5482 5579 5578
f 5483 5484 5580
f 5483 5580 5579
f 5494 5495 5591
f 5494 5591 5590
f 5495 5496 5592
f 5495 5592 5591
f 5496 5497 5593
f 5496 5593 5592
f 5497 5498 5594
f 5497 5594 5593
f 5498 5499 5595
f 5498 5595 5594
f 5499 5500 5596
f 5499 5596 5595
f 5500 5501 5597
f 5500 5597 5596
f 5501 5502 5598
f 5501 5598 5597
f 5502 5503 5599
f 5502 5599 5598
f 5503 5504 5600
f 5503 5600 5599
f 5504 5505 5601
f 5504 5601 5600
f 5505 5506 5602
f 5505 5602 5601
f 5506 5507 5603
f 5506 5603 5602
f 5507 5508 5604
f 5507 5604 5603
f 5508 5509 5605
f 5508 5605 5604
f 5509 5510 5606
f 5509 5606 5605
f 5510 5511 5607
f 5510 5607 5606
f 5511 5512 5608
f 5511 5608 5607
f 5512 5513 5609
f 5512 5609 5608
f 5513 5514 5610
f 5513 5610 5609
f 5514 5515 5611
f 5514 5611 5610
f 5515 5516 5612
f 5515 5612 5611
f 5516 5517 5613
f 5516 5613 5612
f 5517 5518 5614
f 5517 5614 5613
f 5518 5519 5615
f 5518 5615 5614
f 5519 5520 5616
f 5519 5616 5615
f 5520 5521 5617
f 5520 5617 5616
f 5521 5522 5618
f 5521 5618 5617
f 5522 5523 5619
f 5522 5619 5618
f 5523 5524 5620
f 5523 5620 5619
f 5524 5525 5621
f 5524 5621 5620
f 5525 5526 5622
f 5525 5622 5621
f 5526 5527 5623
f 5526 5623 5622
f 5527 5528 5624
f 5527 5624 5623
f 5528 5529 5625
f 5528 5625 5624
f 5529 5530 5626
f 5529 5626 5625
f 5530 5531 5627
f 5530 5627 5626
f 5531 5532 5628
f 5531 5628 5627
f 5532 5533 5629
f 5532 5629 5628
f 5533 5534 5630
f 5533 5630 5629
f 5534 5535 5631
f 5534 5631 5630
f 5535 5536 5632
f 5535 5632 5631
f 5536 5537 5633
f 5536 5633 5632
f 5537 5538 5634
f 5537 5634 5633
f 5538 5539 5635
f 5538 5635 5634
f 5539 5540 5636
f 5539 5636 5635
f 5540 5541 5637
f 5540 5637 5636
f 5541 5542 5638
f 5541 5638 5637
f 5542 5543 5639
f 5542 5639 5638
f 5543 5544 5640
f 5543 5640 5639
f 5544 5545 5641
f 5544 5641 5640
f 5545 5546 5642
f 5545 5642 5641
f 5546 5547 5643
f 5546 5643 5642
f 5547 5548 5644
f 5547 5644 5643
f 5548 5549 5645
f 5548 5645 5644
f 5549 5550 5646
f 5549 5646 5645
f 5550 5551 5647
f 5550 5647 5646
f 5551 5552 5648
f 5551 5648 5647
f 5552 5553 5649
f 5552 5649 5648
f 5553 5554 5650
f 5553 5650 5649
f 5554 5555 5651
f 5554 5651 5650
f 5555 5556 5652
f 5555 5652 5651
f 5556 5557 5653
f 5556 5653 5652
f 5557 5558 5654
f 5557 5654 5653
f 5558 5559 5655
f 5558 5655 5654
f 5559 5560 5656
f 5559 5656 5655
f 5560 5561 5657
f 5560 5657 5656
f 5561 5562 5658
f 5561 5658 5657
f 5562 5563 5659
f 5562 5659 5658
f 5563 5564 5660
f 5563 5660 5659
f 5564 5565 5661
f 5564 5661 5660
f 5565 5566 5662
f 5565 5662 5661
f 5566 5567 5663
f 5566 5663 5662
f 5567 5568 5664
f 5567 5664 5663
f 5568 5473 5569
f 5568 5569 5664
f 5569 5570 5666
f 5569 5666 5665
f 5570 5571 5667
f 5570 5667 5666
f 5571 5572 5668
f 5571 5668 5667
f 5572 5573 5669
f 5572 5669 5668
f 5573 5574 5670
f 5573 5670 5669
f 5574 5575 5671
f 5574 5671 5670
f 5575 5576 5672
f 5575 5672 5671
f 5576 5577 5673
f 5576 5673 5672
f 5577 5578 5674
f 5577 5674 5673
f 5578 5579 5675
f 5578 5675 5674
f 5579 5580 5676
f 5579 5676 5675
f 5580 5581 5677
f 5580 5677 5676
f 5581 5582 5678
f 5581 5678 5677
f 5582 5583 5679
f 5582 5679 5678
f 5587 5588 5684
f 5587 5684 5683
f 5588 5589 5685
f 5588 5685 5684
f 5589 5590 5686
f 5589 5686 5685
f 5590 5591 5687
f 5590 5687 5686
f 5591 5592 5688
f 5591 5688 5687
f 5592 5593 5689
f 5592 5689 5688
f 5593 5594 5690
f 5593 5690 5689
f 5594 5595 5691
f 5594 5691 5690
f 5595 5596 5692
f 5595 5692 5691
f 5596 5597 5693
f 5596 5693 5692
f 5597 5598 5694
f 5597 5694 5693
f 5598 5599 5695
f 5598 5695 5694
f 5599 5600 5696
f 5599 5696 5695
f 5600 5601 5697
f 5600 5697 5696
f 5601 5602 5698
f 5601 5698 5697
f 5602 5603 5699
f 5602 5699 5698
f 5603 5604 5700
f 5603 5700 5699
f 5604 5605 5701
f 5604 5701 5700
f 5605 5606 5702
f 5605 5702 5701
f 5606 5607 5703
f 5606 5703 5702
f 5607 5608 5704
f 5607 5704 5703
f 5608 5609 5705
f 5608 5705 5704
f 5609 5610 5706
f 5609 5706 5705
f 5610 5611 5707
f 5610 5707 5706
f 5611 5612 5708
f 5611 5708 5707
f 5612 5613 5709
f 5612 5709 5708
f 5613 5614 5710
f 5613 5710 5709
f 5614 5615 5711
f 5614 5711 5710
f 5615 5616 5712
f 5615 5712 5711
f 5616 5617 5713
f 5616 5713 5712
f 5617 5618 5714
f 5617 5714 5713
f 5618 5619 5715
f 5618 5715 5714
f 5619 5620 5716
f 5619 5716 5715
f 5620 5621 5717
f 5620 5717 5716
f 5621 5622 5718
f 5621 5718 5717
f 5622 5623 5719
f 5622 5719 5718
f 5623 5624 5720
f 5623 5720 5719
f 5624 5625 5721
f 5624 5721 5720
f 5625 5626 5722
f 5625 5722 5721
f 5626 5627 5723
f 5626 5723 5722
f 5627 5628 5724
f 5627 5724 5723
f 5628 5629 5725
f 5628 5725 5724
f 5629 5630 5726
f 5629 5726 5725
f 5630 5631 5727
f 5630 5727 5726
f 5631 5632 5728
f 5631 5728 5727
f 5632 5633 5729
f 5632 5729 5728
f 5633 5634 5730
f 5633 5730 5729
f 5634 5635 5731
f 5634 5731 5730
f 5635 5636 5732
f 5635 5732 5731
f 5636 5637 5733
f 5636 5733 5732
f 5637 5638 5734
f 5637 5734 5733
f 5638 5639 5735
f 5638 5735 5734
f 5639 5640 5736
f 5639 5736 5735
f 5640 5641 5737
f 5640 5737 5736
f 5641 5642 5738
f 5641 5738 5737
f 5642 5643 5739
f 5642 5739 5738
f 5643 5644 5740
f 5643 5740 5739
f 5644 5645 5741
f 5644 5741 5740
f 5645 5646 5742
f 5645 5742 5741
f 5646 5647 5743
f 5646 5743 5742
f 5647 5648 5744
f 5647 5744 5743
f 5648 5649 5745
f 5648 5745 5744
f 5649 5650 5746
f 5649 5746 5745
f 5650 5651 5747
f 5650 5747 5746
f 5651 5652 5748
f 5651 5748 5747
f 5652 5653 5749
f 5652 5749 5748
f 5653 5654 5750
f 5653 5750 5749
f 5654 5655 5751
f 5654 5751 5750
f 5655 5656 5752
f 5655 5752 5751
f 5656 5657 5753
f 5656 5753 5752
f 5657 5658 5754
f 5657 5754 5753
f 5658 5659 5755
f 5658 5755 5754
f 5659 5660 5756
f 5659 5756 5755
f 5660 5661 5757
f 5660 5757 5756
f 5661 5662 5758
f 5661 5758 5757
f 5662 5663 5759
f 5662 5759 5758
f 5663 5664 5760
f 5663 5760 5759
f 5664 5569 5665
f 5664 5665 5760
f 5665 5666 5762
f 5665 5762 5761
f 5666 5667 5763
f 5666 5763 5762
f 5667 5668 5764
f 5667 5764 5763
f 5668 5669 5765
f 5668 5765 5764
f 5669 5670 5766
f 5669 5766 5765
f 5670 5671 5767
f 5670 5767 5766
f 5671 5672 5768
f 5671 5768 5767
f 5672 5673 5769
f 5672 5769 5768
f 5673 5674 5770
f 5673 5770 5769
f 5674 5675 5771
f 5674 5771 5770
f 5675 5676 5772
f 5675 5772 5771
f 5676 5677 5773
f 5676 5773 5772
f 5677 5678 5774
f 5677 5774 5773
f 5678 5679 5775
f 5678 5775 5774
f 5679 5680 5776
f 5679 5776 5775
f 5680 5681 5777
f 5680 5777 5776
f 5681 5682 5778
f 5681 5778 5777
f 5682 5683 5779
f 5682 5779 5778
f 5683 5684 5780
f 5683 5780 5779
f 5684 5685 5781
f 5684 5781 5780
f 5685 5686 5782
f 5685 5782 5781
f 5686 5687 5783
f 5686 5783 5782
f 5687 5688 5784
f 5687 5784 5783
f 5688 5689 5785
f 5688 5785 5784
f 5689 5690 5786
f 5689 5786 5785
f 5690 5691 5787
f 5690 5787 5786
f 5691 5692 5788
f 5691 5788 5787
f 5692 5693 5789
f 5692 5789 5788
f 5693 5694 5790
f 5693 5790 5789
f 5694 5695 5791
f 5694 5791 5790
f 5695 5696 5792
f 5695 5792 5791
f 5696 5697 5793
f 5696 5793 5792
f 5697 5698 5794
f 5697 5794 5793
f 5698 5699 5795
f 5698 5795 5794
f 5699 5700 5796
f 5699 5796 5795
f 5700 5701 5797
f 5700 5797 5796
f 5701 5702 5798
f 5701 5798 5797
f 5702 5703 5799
f 5702 5799 5798
f 5703 5704 5800
f 5703 5800 5799
f 5704 5705 5801
f 5704 5801 5800
f 5705 5706 5802
f 5705 5802 5801
f 5706 5707 5803
f 5706 5803 5802
f 5707 5708 5804
f 5707 5804 5803
f 5708 5709 5805
f 5708 5805 5804
f 5709 5710 5806
f 5709 5806 5805
f 5710 5711 5807
f 5710 5807 5806
f 5711 5712 5808
f 5711 5808 5807
f 5712 5713 5809
f 5712 5809 5808
f 5713 5714 5810
f 5713 5810 5809
f 5714 5715 5811
f 5714 5811 5810
f 5715 5716 5812
f 5715 5812 5811
f 5716 5717 5813
f 5716 5813 5812
f 5717 5718 5814
f 5717 5814 5813
f 5718 5719 5815
f 5718 5815 5814
f 5719 5720 5816
f 5719 5816 5815
f 5720 5721 5817
f 5720 5817 5816
f 5721 5722 5818
f 5721 5818 5817
f 5722 5723 5819
f 5722 5819 5818
f 5723 5724 5820
f 5723 5820 5819
f 5724 5725 5821
f 5724 5821 5820
f 5725 5726 5822
f 5725 5822 5821
f 5726 5727 5823
f 5726 5823 5822
f 5727 5728 5824
f 5727 5824 5823
f 5728 5729 5825
f 5728 5825 5824
f 5729 5730 5826
f 5729 5826 5825
f 5730 5731 5827
f 5730 5827 5826
f 5731 5732 5828
f 5731 5828 5827
f 5732 5733 5829
f 5732 5829 5828
f 5733 5734 5830
f 5733 5830 5829
f 5734 5735 5831
f 5734 5831 5830
f 5735 5736 5832
f 5735 5832 5831
f 5736 5737 5833
f 5736 5833 5832
f 5737 5738 5834
f 5737 5834 5833
f 5738 5739 5835
f 5738 5835 5834
f 5739 5740 5836
f 5739 5836 5835
f 5740 5741 5837
f 5740 5837 5836
f 5741 5742 5838
f 5741 5838 5837
f 5742 5743 5839
f 5742 5839 5838
f 5743 5744 5840
f 5743 5840 5839
f 5744 5745 5841
f 5744 5841 5840
f 5745 5746 5842
f 5745 5842 5841
f 5746 5747 5843
f 5746 5843 5842
f 5747 5748 5844
f 5747 5844 5843
f 5748 5749 5845
f 5748 5845 5844
f 5749 5750 5846
f 5749 5846 5845
f 5750 5751 5847
f 5750 5847 5846
f 5751 5752 5848
f 5751 5848 5847
f 5752 5753 5849
f 5752 5849 5848
f 5753 5754 5850
f 5753 5850 5849
f 5754 5755 5851
f 5754 5851 5850
f 5755 5756 5852
f 5755 5852 5851
f 5756 5757 5853
f 5756 5853 5852
f 5757 5758 5854
f 5757 5854 5853
f 5758 5759 5855
f 5758 5855 5854
f 5759 5760 5856
f 5759 5856 5855
f 5760 5665 5761
f 5760 5761 5856
f 5761 5762 5858
f 5761 5858 5857
f 5762 5763 5859
f 5762 5859 5858
f 5763 5764 5860
f 5763 5860 5859
f 5764 5765 5861
f 5764 5861 5860
f 5765 5766 5862
f 5765 5862 5861
f 5766 5767 5863
f 5766 5863 5862
f 5767 5768 5864
f 5767 5864 5863
f 5768 5769 5865
f 5768 5865 5864
f 5769 5770 5866
f 5769 5866 5865
f 5770 5771 5867
f 5770 5867 5866
f 5771 5772 5868
f 5771 5868 5867
f 5772 5773 5869
f 5772 5869 5868
f 5773 5774 5870
f 5773 5870 5869
f 5774 5775 5871
f 5774 5871 5870
f 5775 5776 5872
f 5775 5872 5871
f 5776 5777 5873
f 5776 5873 5872
f 5777 5778 5874
f 5777 5874 5873
f 5778 5779 5875
f 5778 5875 5874
f 5779 5780 5876
f 5779 5876 5875
f 5780 5781 5877
f 5780 5877 5876
f 5781 5782 5878
f 5781 5878 5877
f 5782 5783 5879
f 5782 5879 5878
f 5783 5784 5880
f 5783 5880 5879
f 5784 5785 5881
f 5784 5881 5880
f 5785 5786 5882
f 5785 5882 5881
f 5786 5787 5883
f 5786 5883 5882
f 5787 5788 5884
f 5787 5884 5883
f 5788 5789 5885
f 5788 5885 5884
f 5789 5790 5886
f 5789 5886 5885
f 5790 5791 5887
f 5790 5887 5886
f 5791 5792 5888
f 5791 5888 5887
f 5792 5793 5889
f 5792 5889 5888
f 5793 5794 5890
f 5793 5890 5889
f 5794 5795 5891
f 5794 5891 5890
f 5795 5796 5892
f 5795 5892 5891
f 5796 5797 5893
f 5796 5893 5892
f 5797 5798 5894
f 5797 5894 5893
f 5798 5799 5895
f 5798 5895 5894
f 5799 5800 5896
f 5799 5896 5895
f 5800 5801 5897
f 5800 5897 5896
f 5801 5802 5898
f 5801 5898 5897
f 5802 5803 5899
f 5802 5899 5898
f 5803 5804 5900
f 5803 5900 5899
f 5804 5805 5901
f 5804 5901 5900
f 5805 5806 5902
f 5805 5902 5901
f 5806 5807 5903
f 5806 5903 5902
f 5807 5808 5904
f 5807 5904 5903
f 5808 5809 5905
f 5808 5905 5904
f 5809 5810 5906
f 5809 5906 5905
f 5810 5811 5907
f 5810 5907 5906
f 5811 5812 5908
f 5811 5908 5907
f 5812 5813 5909
f 5812 5909 5908
f 5813 5814 5910
f 5813 5910 5909
f 5814 5815 5911
f 5814 5911 5910
f 5815 5816 5912
f 5815 5912 5911
f 5816 5817 5913
f 5816 5913 5912
f 5817 5818 5914
f 5817 5914 5913
f 5818 5819 5915
f 5818 5915 5914
f 5819 5820 5916
f 5819 5916 5915
f 5820 5821 5917
f 5820 5917 5916
f 5821 5822 5918
f 5821 5918 5917
f 5822 5823 5919
f 5822 5919 5918
f 5823 5824 5920
f 5823 5920 5919
f 5824 5825 5921
f 5824 5921 5920
f 5825 5826 5922
f 5825 5922 5921
f 5826 5827 5923
f 5826 5923 5922
f 5827 5828 5924
f 5827 5924 5923
f 5828 5829 5925
f 5828 5925 5924
f 5829 5830 5926
f 5829 5926 5925
f 5830 5831 5927
f 5830 5927 5926
f 5831 5832 5928
f 5831 5928 5927
f 5832 5833 5929
f 5832 5929 5928
f 5833 5834 5930
f 5833 5930 5929
f 5834 5835 5931
f 5834 5931 5930
f 5835 5836 5932
f 5835 5932 5931
f 5836 5837 5933
f 5836 5933 5932
f 5837 5838 5934
f 5837 5934 5933
f 5838 5839 5935
f 5838 5935 5934
f 5839 5840 5936
f 5839 5936 5935
f 5840 5841 5937
f 5840 5937 5936
f 5841 5842 5938
f 5841 5938 5937
f 5842 5843 5939
f 5842 5939 5938
f 5843 5844 5940
f 5843 5940 5939
f 5844 5845 5941
f 5844 5941 5940
f 5845 5846 5942
f 5845 5942 5941
f 5846 5847 5943
f 5846 5943 5942
f 5847 5848 5944
f 5847 5944 5943
f 5848 5849 5945
f 5848 5945 5944
f 5849 5850 5946
f 5849 5946 5945
f 5850 5851 5947
f 5850 5947 5946
f 5851 5852 5948
f 5851 5948 5947
f 5852 5853 5949
f 5852 5949 5948
f 5853 5854 5950
f 5853 5950 5949
f 5854 5855 5951
f 5854 5951 5950
f 5855 5856 5952
f 5855 5952 5951
f 5856 5761 5857
f 5856 5857 5952
usemtl BallInner
f 6241 6242 6274
f 6241 6274 6273
f 6242 6243 6275
f 6242 6275 6274
f 6243 6244 6276
f 6243 6276 6275
f 6244 6245 6277
f 6244 6277 6276
f 6245 6246 6278
f 6245 6278 6277
f 6246 6247 6279
f 6246 6279 6278
f 6247 6248 6280
f 6247 6280 6279
f 6248 6249 6281
f 6248 6281 6280
f 6249 6250 6282
f 6249 6282 6281
f 6250 6251 6283
f 6250 6283 6282
f 6251 6252 6284
f 6251 6284 6283
f 6252 6253 6285
f 6252 6285 6284
f 6253 6254 6286
f 6253 6286 6285
f 6254 6255 6287
f 6254 6287 6286
f 6255 6256 6288
f 6255 6288 6287
f 6256 6257 6289
f 6256 6289 6288
f 6257 6258 6290
f 6257 6290 6289
f 6258 6259 6291
f 6258 6291 6290
f 6259 6260 6292
f 6259 6292 6291
f 6260 6261 6293
f 6260 6293 6292
f 6261 6262 6294
f 6261 6294 6293
f 6262 6263 6295
f 6262 6295 6294
f 6263 6264 6296
f 6263 6296 6295
f 6264 6265 6297
f 6264 6297 6296
f 6265 6266 6298
f 6265 6298 6297
f 6266 6267 6299
f 6266 6299 6298
f 6267 6268 6300
f 6267 6300 6299
f 6268 6269 6301
f 6268 6301 6300
f 6269 6270 6302
f 6269 6302 6301
f 6270 6271 6303
f 6270 6303 6302
f 6271 6272 6304
f 6271 6304 6303
f 6272 6241 6273
f 6272 6273 6304
f 6273 6274 6306
f 6273 6306 6305
f 6274 6275 6307
f 6274 6307 6306
f 6275 6276 6308
f 6275 6308 6307
f 6276 6277 6309
f 6276 6309 6308
f 6277 6278 6310
f 6277 6310 6309
f 6278 6279 6311
f 6278 6311 6310
f 6279 6280 6312
f 6279 6312 6311
f 6280 6281 6313
f 6280 6313 6312
f 6281 6282 6314
f 6281 6314 6313
f 6282 6283 6315
f 6282 6315 6314
f 6283 6284 6316
f 6283 6316 6315
f 6284 6285 6317
f 6284 6317 6316
f 6285 6286 6318
f 6285 6318 6317
f 6286 6287 6319
f 6286 6319 6318
f 6287 6288 6320
f 6287 6320 6319
f 6288 6289 6321
f 6288 6321 6320
f 6289 6290 6322
f 6289 6322 6321
f 6290 6291 6323
f 6290 6323 6322
f 6291 6292 6324
f 6291 6324 6323
f 6292 6293 6325
f 6292 6325 6324
f 6293 6294 6326
f 6293 6326 6325
f 6294 6295 6327
f 6294 6327 6326
f 6295 6296 6328
f 6295 6328 6327
f 6296 6297 6329
f 6296 6329 6328
f 6297 6298 6330
f 6297 6330 6329
f 6298 6299 6331
f 6298 6331 6330
f 6299 6300 6332
f 6299 6332 6331
f 6300 6301 6333
f 6300 6333 6332
f 6301 6302 6334
f 6301 6334 6333
f 6302 6303 6335
f 6302 6335 6334
f 6303 6304 6336
f 6303 6336 6335
f 6304 6273 6305
f 6304 6305 6336
f 6305 6306 6338
f 6305 6338 6337
f 6306 6307 6339
f 6306 6339 6338
f 6307 6308 6340
f 6307 6340 6339
f 6308 6309 6341
f 6308 6341 6340
f 6309 6310 6342
f 6309 6342 6341
f 6310 6311 6343
f 6310 6343 6342
f 6311 6312 6344
f 6311 6344 6343
f 6312 6313 6345
f 6312 6345 6344
f 6313 6314 6346
f 6313 6346 6345
f 6314 6315 6347
f 6314 6347 6346
f 6315 6316 6348
f 6315 6348 6347
f 6316 6317 6349
f 6316 6349 6348
f 6317 6318 6350
f 6317 6350 6349
f 6318 6319 6351
f 6318 6351 6350
f 6319 6320 6352
f 6319 6352 6351
f 6320 6321 6353
f 6320 6353 6352
f 6321 6322 6354
f 6321 6354 6353
f 6322 6323 6355
f 6322 6355 6354
f 6323 6324 6356
f 6323 6356 6355
f 6324 6325 6357
f 6324 6357 6356
f 6325 6326 6358
f 6325 6358 6357
f 6326 6327 6359
f 6326 6359 6358
f 6327 6328 6360
f 6327 6360 6359
f 6328 6329 6361
f 6328 6361 6360
f 6329 6330 6362
f 6329 6362 6361
f 6330 6331 6363
f 6330 6363 6362
f 6331 6332 6364
f 6331 6364 6363
f 6332 6333 6365
f 6332 6365 6364
f 6333 6334 6366
f 6333 6366 6365
f 6334 6335 6367
f 6334 6367 6366
f 6335 6336 6368
f 6335 6368 6367
f 6336 6305 6337
f 6336 6337 6368
f 6337 6338 6370
f 6337 6370 6369
f 6338 6339 6371
f 6338 6371 6370
f 6339 6340 6372
f 6339 6372 6371
f 6340 6341 6373
f 6340 6373 6372
f 6341 6342 6374
f 6341 6374 6373
f 6342 6343 6375
f 6342 6375 6374
f 6343 6344 6376
f 6343 6376 6375
f 6344 6345 6377
f 6344 6377 6376
f 6345 6346 6378
f 6345 6378 6377
f 6346 6347 6379
f 6346 6379 6378
f 6347 6348 6380
f 6347 6380 6379
f 6348 6349 6381
f 6348 6381 6380
f 6349 6350 6382
f 6349 6382 6381
f 6350 6351 6383
f 6350 6383 6382
f 6351 6352 6384
f 6351 6384 6383
f 6352 6353 6385
f 6352 6385 6384
f 6353 6354 6386
f 6353 6386 6385
f 6354 6355 6387
f 6354 6387 6386
f 6355 6356 6388
f 6355 6388 6387
f 6356 6357 6389
f 6356 6389 6388
f 6357 6358 6390
f 6357 6390 6389
f 6358 6359 6391
f 6358 6391 6390
f 6359 6360 6392
f 6359 6392 6391
f 6360 6361 6393
f 6360 6393 6392
f 6361 6362 6394
f 6361 6394 6393
f 6362 6363 6395
f 6362 6395 6394
f 6363 6364 6396
f 6363 6396 6395
f 6364 6365 6397
f 6364 6397 6396
f 6365 6366 6398
f 6365 6398 6397
f 6366 6367 6399
f 6366 6399 6398
f 6367 6368 6400
f 6367 6400 6399
f 6368 6337 6369
f 6368 6369 6400
f 6369 6370 6402
f 6369 6402 6401
f 6370 6371 6403
f 6370 6403 6402
f 6371 6372 6404
f 6371 6404 6403
f 6372 6373 6405
f 6372 6405 6404
f 6373 6374 6406
f 6373 6406 6405
f 6374 6375 6407
f 6374 6407 6406
f 6375 6376 6408
f 6375 6408 6407
f 6376 6377 6409
f 6376 6409 6408
f 6377 6378 6410
f 6377 6410 6409
f 6378 6379 6411
f 6378 6411 6410
f 6379 6380 6412
f 6379 6412 6411
f 6380 6381 6413
f 6380 6413 6412
f 6381 6382 6414
f 6381 6414 6413
f 6382 6383 6415
f 6382 6415 6414
f 6383 6384 6416
f 6383 6416 6415
f 6384 6385 6417
f 6384 6417 6416
f 6385 6386 6418
f 6385 6418 6417
f 6386 6387 6419
f 6386 6419 6418
f 6387 6388 6420
f 6387 6420 6419
f 6388 6389 6421
f 6388 6421 6420
f 6389 6390 6422
f 6389 6422 6421
f 6390 6391 6423
f 6390 6423 6422
f 6391 6392 6424
f 6391 6424 6423
f 6392 6393 6425
f 6392 6425 6424
f 6393 6394 6426
f 6393 6426 6425
f 6394 6395 6427
f 6394 6427 6426
f 6395 6396 6428
f 6395 6428 6427
f 6396 6397 6429
f 6396 6429 6428
f 6397 6398 6430
f 6397 6430 6429
f 6398 6399 6431
f 6398 6431 6430
f 6399 6400 6432
f 6399 6432 6431
f 6400 6369 6401
f 6400 6401 6432
f 6401 6402 6434
f 6401 6434 6433
f 6402 6403 6435
f 6402 6435 6434
f 6403 6404 6436
f 6403 6436 6435
f 6404 6405 6437
f 6404 6437 6436
f 6405 6406 6438
f 6405 6438 6437
f 6406 6407 6439
f 6406 6439 6438
f 6407 6408 6440
f 6407 6440 6439
f 6408 6409 6441
f 6408 6441 6440
f 6409 6410 6442
f 6409 6442 6441
f 6410 6411 6443
f 6410 6443 6442
f 6411 6412 6444
f 6411 6444 6443
f 6412 6413 6445
f 6412 6445 6444
f 6413 6414 6446
f 6413 6446 6445
f 6414 6415 6447
f 6414 6447 6446
f 6415 6416 6448
f 6415 6448 6447
f 6416 6417 6449
f 6416 6449 6448
f 6417 6418 6450
f 6417 6450 6449
f 6418 6419 6451
f 6418 6451 6450
f 6419 6420 6452
f 6419 6452 6451
f 6420 6421 6453
f 6420 6453 6452
f 6421 6422 6454
f 6421 6454 6453
f 6422 6423 6455
f 6422 6455 6454
f 6423 6424 6456
f 6423 6456 6455
f 6424 6425 6457
f 6424 6457 6456
f 6425 6426 6458
f 6425 6458 6457
f 6426 6427 6459
f 6426 6459 6458
f 6427 6428 6460
f 6427 6460 6459
f 6428 6429 6461
f 6428 6461 6460
f 6429 6430 6462
f 6429 6462 6461
f 6430 6431 6463
f 6430 6463 6462
f 6431 6432 6464
f 6431 6464 6463
f 6432 6401 6433
f 6432 6433 6464
f 6433 6434 6466
f 6433 6466 6465
f 6434 6435 6467
f 6434 6467 6466
f 6435 6436 6468
f 6435 6468 6467
f 6436 6437 6469
f 6436 6469 6468
f 6437 6438 6470
f 6437 6470 6469
f 6438 6439 6471
f 6438 6471 6470
f 6439 6440 6472
f 6439 6472 6471
f 6440 6441 6473
f 6440 6473 6472
f 6441 6442 6474
f 6441 6474 6473
f 6442 6443 6475
f 6442 6475 6474
f 6443 6444 6476
f 6443 6476 6475
f 6444 6445 6477
f 6444 6477 6476
f 6445 6446 6478
f 6445 6478 6477
f 6446 6447 6479
f 6446 6479 6478
f 6447 6448 6480
f 6447 6480 6479
f 6448 6449 6481
f 6448 6481 6480
f 6449 6450 6482
f 6449 6482 6481
f 6450 6451 6483
f 6450 6483 6482
f 6451 6452 6484
f 6451 6484 6483
f 6452 6453 6485
f 6452 6485 6484
f 6453 6454 6486
f 6453 6486 6485
f 6454 6455 6487
f 6454 6487 6486
f 6455 6456 6488
f 6455 6488 6487
f 6456 6457 6489
f 6456 6489 6488
f 6457 6458 6490
f 6457 6490 6489
f 6458 6459 6491
f 6458 6491 6490
f 6459 6460 6492
f 6459 6492 6491
f 6460 6461 6493
f 6460 6493 6492
f 6461 6462 6494
f 6461 6494 6493
f 6462 6463 6495
f 6462 6495 6494
f 6463 6464 6496
f 6463 6496 6495
f 6464 6433 6465
f 6464 6465 6496
f 6465 6466 6498
f 6465 6498 6497
f 6466 6467 6499
f 6466 6499 6498
f 6467 6468 6500
f 6467 6500 6499
f 6468 6469 6501
f 6468 6501 6500
f 6469 6470 6502
f 6469 6502 6501
f 6470 6471 6503
f 6470 6503 6502
f 6471 6472 6504
f 6471 6504 6503
f 6472 6473 6505
f 6472 6505 6504
f 6473 6474 6506
f 6473 6506 6505
f 6474 6475 6507
f 6474 6507 6506
f 6475 6476 6508
f 6475 6508 6507
f 6476 6477 6509
f 6476 6509 6508
f 6477 6478 6510
f 6477 6510 6509
f 6478 6479 6511
f 6478 6511 6510
f 6479 6480 6512
f 6479 6512 6511
f 6480 6481 6513
f 6480 6513 6512
f 6481 6482 6514
f 6481 6514 6513
f 6482 6483 6515
f 6482 6515 6514
f 6483 6484 6516
f 6483 6516 6515
f 6484 6485 6517
f 6484 6517 6516
f 6485 6486 6518
f 6485 6518 6517
f 6486 6487 6519
f 6486 6519 6518
f 6487 6488 6520
f 6487 6520 6519
f 6488 6489 6521
f 6488 6521 6520
f 6489 6490 6522
f 6489 6522 6521
f 6490 6491 6523
f 6490 6523 6522
f 6491 6492 6524
f 6491 6524 6523
f 6492 6493 6525
f 6492 6525 6524
f 6493 6494 6526
f 6493 6526 6525
f 6494 6495 6527
f 6494 6527 6526
f 6495 6496 6528
f 6495 6528 6527
f 6496 6465 6497
f 6496 6497 6528
f 6497 6498 6530
f 6497 6530 6529
f 6498 6499 6531
f 6498 6531 6530
f 6499 6500 6532
f 6499 6532 6531
f 6500 6501 6533
f 6500 6533 6532
f 6501 6502 6534
f 6501 6534 6533
f 6502 6503 6535
f 6502 6535 6534
f 6503 6504 6536
f 6503 6536 6535
f 6504 6505 6537
f 6504 6537 6536
f 6505 6506 6538
f 6505 6538 6537
f 6506 6507 6539
f 6506 6539 6538
f 6507 6508 6540
f 6507 6540 6539
f 6508 6509 6541
f 6508 6541 6540
f 6509 6510 6542
f 6509 6542 6541
f 6510 6511 6543
f 6510 6543 6542
f 6511 6512 6544
f 6511 6544 6543
f 6512 6513 6545
f 6512 6545 6544
f 6513 6514 6546
f 6513 6546 6545
f 6514 6515 6547
f 6514 6547 6546
f 6515 6516 6548
f 6515 6548 6547
f 6516 6517 6549
f 6516 6549 6548
f 6517 6518 6550
f 6517 6550 6549
f 6518 6519 6551
f 6518 6551 6550
f 6519 6520 6552
f 6519 6552 6551
f 6520 6521 6553
f 6520 6553 6552
f 6521 6522 6554
f 6521 6554 6553
f 6522 6523 6555
f 6522 6555 6554
f 6523 6524 6556
f 6523 6556 6555
f 6524 6525 6557
f 6524 6557 6556
f 6525 6526 6558
f 6525 6558 6557
f 6526 6527 6559
f 6526 6559 6558
f 6527 6528 6560
f 6527 6560 6559
f 6528 6497 6529
f 6528 6529 6560
f 6529 6530 6562
f 6529 6562 6561
f 6530 6531 6563
f 6530 6563 6562
f 6531 6532 6564
f 6531 6564 6563
f 6532 6533 6565
f 6532 6565 6564
f 6533 6534 6566
f 6533 6566 6565
f 6534 6535 6567
f 6534 6567 6566
f 6535 6536 6568
f 6535 6568 6567
f 6536 6537 6569
f 6536 6569 6568
f 6537 6538 6570
f 6537 6570 6569
f 6538 6539 6571
f 6538 6571 6570
f 6539 6540 6572
f 6539 6572 6571
f 6540 6541 6573
f 6540 6573 6572
f 6541 6542 6574
f 6541 6574 6573
f 6542 6543 6575
f 6542 6575 6574
f 6543 6544 6576
f 6543 6576 6575
f 6544 6545 6577
f 6544 6577 6576
f 6545 6546 6578
f 6545 6578 6577
f 6546 6547 6579
f 6546 6579 6578
f 6547 6548 6580
f 6547 6580 6579
f 6548 6549 6581
f 6548 6581 6580
f 6549 6550 6582
f 6549 6582 6581
f 6550 6551 6583
f 6550 6583 6582
f 6551 6552 6584
f 6551 6584 6583
f 6552 6553 6585
f 6552 6585 6584
f 6553 6554 6586
f 6553 6586 6585
f 6554 6555 6587
f 6554 6587 6586
f 6555 6556 6588
f 6555 6588 6587
f 6556 6557 6589
f 6556 6589 6588
f 6557 6558 6590
f 6557 6590 6589
f 6558 6559 6591
f 6558 6591 6590
f 6559 6560 6592
f 6559 6592 6591
f 6560 6529 6561
f 6560 6561 6592
f 6561 6562 6594
f 6561 6594 6593
f 6562 6563 6595
f 6562 6595 6594
f 6563 6564 6596
f 6563 6596 6595
f 6564 6565 6597
f 6564 6597 6596
f 6565 6566 6598
f 6565 6598 6597
f 6566 6567 6599
f 6566 6599 6598
f 6567 6568 6600
f 6567 6600 6599
f 6568 6569 6601
f 6568 6601 6600
f 6569 6570 6602
f 6569 6602 6601
f 6570 6571 6603
f 6570 6603 6602
f 6571 6572 6604
f 6571 6604 6603
f 6572 6573 6605
f 6572 6605 6604
f 6573 6574 6606
f 6573 6606 6605
f 6574 6575 6607
f 6574 6607 6606
f 6575 6576 6608
f 6575 6608 6607
f 6576 6577 6609
f 6576 6609 6608
f 6577 6578 6610
f 6577 6610 6609
f 6578 6579 6611
f 6578 6611 6610
f 6579 6580 6612
f 6579 6612 6611
f 6580 6581 6613
f 6580 6613 6612
f 6581 6582 6614
f 6581 6614 6613
f 6582 6583 6615
f 6582 6615 6614
f 6583 6584 6616
f 6583 6616 6615
f 6584 6585 6617
f 6584 6617 6616
f 6585 6586 6618
f 6585 6618 6617
f 6586 6587 6619
f 6586 6619 6618
f 6587 6588 6620
f 6587 6620 6619
f 6588 6589 6621
f 6588 6621 6620
f 6589 6590 6622
f 6589 6622 6621
f 6590 6591 6623
f 6590 6623 6622
f 6591 6592 6624
f 6591 6624 6623
f 6592 6561 6593
f 6592 6593 6624
f 6593 6594 6626
f 6593 6626 6625
f 6594 6595 6627
f 6594 6627 6626
f 6595 6596 6628
f 6595 6628 6627
f 6596 6597 6629
f 6596 6629 6628
f 6597 6598 6630
f 6597 6630 6629
f 6598 6599 6631
f 6598 6631 6630
f 6599 6600 6632
f 6599 6632 6631
f 6600 6601 6633
f 6600 6633 6632
f 6601 6602 6634
f 6601 6634 6633
f 6602 6603 6635
f 6602 6635 6634
f 6603 6604 6636
f 6603 6636 6635
f 6604 6605 6637
f 6604 6637 6636
f 6605 6606 6638
f 6605 6638 6637
f 6606 6607 6639
f 6606 6639 6638
f 6607 6608 6640
f 6607 6640 6639
f 6608 6609 6641
f 6608 6641 6640
f 6609 6610 6642
f 6609 6642 6641
f 6610 6611 6643
f 6610 6643 6642
f 6611 6612 6644
f 6611 6644 6643
f 6612 6613 6645
f 6612 6645 6644
f 6613 6614 6646
f 6613 6646 6645
f 6614 6615 6647
f 6614 6647 6646
f 6615 6616 6648
f 6615 6648 6647
f 6616 6617 6649
f 6616 6649 6648
f 6617 6618 6650
f 6617 6650 6649
f 6618 6619 6651
f 6618 6651 6650
f 6619 6620 6652
f 6619 6652 6651
f 6620 6621 6653
f 6620 6653 6652
f 6621 6622 6654
f 6621 6654 6653
f 6622 6623 6655
f 6622 6655 6654
f 6623 6624 6656
f 6623 6656 6655
f 6624 6593 6625
f 6624 6625 6656
f 6625 6626 6658
f 6625 6658 6657
f 6626 6627 6659
f 6626 6659 6658
f 6627 6628 6660
f 6627 6660 6659
f 6628 6629 6661
f 6628 6661 6660
f 6629 6630 6662
f 6629 6662 6661
f 6630 6631 6663
f 6630 6663 6662
f 6631 6632 6664
f 6631 6664 6663
f 6632 6633 6665
f 6632 6665 6664
f 6633 6634 6666
f 6633 6666 6665
f 6634 6635 6667
f 6634 6667 6666
f 6635 6636 6668
f 6635 6668 6667
f 6636 6637 6669
f 6636 6669 6668
f 6637 6638 6670
f 6637 6670 6669
f 6638 6639 6671
f 6638 6671 6670
f 6639 6640 6672
f 6639 6672 6671
f 6640 6641 6673
f 6640 6673 6672
f 6641 6642 6674
f 6641 6674 6673
f 6642 6643 6675
f 6642 6675 6674
f 6643 6644 6676
f 6643 6676 6675
f 6644 6645 6677
f 6644 6677 6676
f 6645 6646 6678
f 6645 6678 6677
f 6646 6647 6679
f 6646 6679 6678
f 6647 6648 6680
f 6647 6680 6679
f 6648 6649 6681
f 6648 6681 6680
f 6649 6650 6682
f 6649 6682 6681
f 6650 6651 6683
f 6650 6683 6682
f 6651 6652 6684
f 6651 6684 6683
f 6652 6653 6685
f 6652 6685 6684
f 6653 6654 6686
f 6653 6686 6685
f 6654 6655 6687
f 6654 6687 6686
f 6655 6656 6688
f 6655 6688 6687
f 6656 6625 6657
f 6656 6657 6688
f 6657 6658 6690
f 6657 6690 6689
f 6658 6659 6691
f 6658 6691 6690
f 6659 6660 6692
f 6659 6692 6691
f 6660 6661 6693
f 6660 6693 6692
f 6661 6662 6694
f 6661 6694 6693
f 6662 6663 6695
f 6662 6695 6694
f 6663 6664 6696
f 6663 6696 6695
f 6664 6665 6697
f 6664 6697 6696
f 6665 6666 6698
f 6665 6698 6697
f 6666 6667 6699
f 6666 6699 6698
f 6667 6668 6700
f 6667 6700 6699
f 6668 6669 6701
f 6668 6701 6700
f 6669 6670 6702
f 6669 6702 6701
f 6670 6671 6703
f 6670 6703 6702
f 6671 6672 6704
f 6671 6704 6703
f 6672 6673 6705
f 6672 6705 6704
f 6673 6674 6706
f 6673 6706 6705
f 6674 6675 6707
f 6674 6707 6706
f 6675 6676 6708
f 6675 6708 6707
f 6676 6677 6709
f 6676 6709 6708
f 6677 6678 6710
f 6677 6710 6709
f 6678 6679 6711
f 6678 6711 6710
f 6679 6680 6712
f 6679 6712 6711
f 6680 6681 6713
f 6680 6713 6712
f 6681 6682 6714
f 6681 6714 6713
f 6682 6683 6715
f 6682 6715 6714
f 6683 6684 6716
f 6683 6716 6715
f 6684 6685 6717
f 6684 6717 6716
f 6685 6686 6718
f 6685 6718 6717
f 6686 6687 6719
f 6686 6719 6718
f 6687 6688 6720
f 6687 6720 6719
f 6688 6657 6689
f 6688 6689 6720
f 6689 6690 6722
f 6689 6722 6721
f 6690 6691 6723
f 6690 6723 6722
f 6691 6692 6724
f 6691 6724 6723
f 6692 6693 6725
f 6692 6725 6724
f 6693 6694 6726
f 6693 6726 6725
f 6694 6695 6727
f 6694 6727 6726
f 6695 6696 6728
f 6695 6728 6727
f 6696 6697 6729
f 6696 6729 6728
f 6697 6698 6730
f 6697 6730 6729
f 6698 6699 6731
f 6698 6731 6730
f 6699 6700 6732
f 6699 6732 6731
f 6700 6701 6733
f 6700 6733 6732
f 6701 6702 6734
f 6701 6734 6733
f 6702 6703 6735
f 6702 6735 6734
f 6703 6704 6736
f 6703 6736 6735
f 6704 6705 6737
f 6704 6737 6736
f 6705 6706 6738
f 6705 6738 6737
f 6706 6707 6739
f 6706 6739 6738
f 6707 6708 6740
f 6707 6740 6739
f 6708 6709 6741
f 6708 6741 6740
f 6709 6710 6742
f 6709 6742 6741
f 6710 6711 6743
f 6710 6743 6742
f 6711 6712 6744
f 6711 6744 6743
f 6712 6713 6745
f 6712 6745 6744
f 6713 6714 6746
f 6713 6746 6745
f 6714 6715 6747
f 6714 6747 6746
f 6715 6716 6748
f 6715 6748 6747
f 6716 6717 6749
f 6716 6749 6748
f 6717 6718 6750
f 6717 6750 6749
f 6718 6719 6751
f 6718 6751 6750
f 6719 6720 6752
f 6719 6752 6751
f 6720 6689 6721
f 6720 6721 6752
f 6721 6722 6754
f 6721 6754 6753
f 6722 6723 6755
f 6722 6755 6754
f 6723 6724 6756
f 6723 6756 6755
f 6724 6725 6757
f 6724 6757 6756
f 6725 6726 6758
f 6725 6758 6757
f 6726 6727 6759
f 6726 6759 6758
f 6727 6728 6760
f 6727 6760 6759
f 6728 6729 6761
f 6728 6761 6760
f 6729 6730 6762
f 6729 6762 6761
f 6730 6731 6763
f 6730 6763 6762
f 6731 6732 6764
f 6731 6764 6763
f 6732 6733 6765
f 6732 6765 6764
f 6733 6734 6766
f 6733 6766 6765
f 6734 6735 6767
f 6734 6767 6766
f 6735 6736 6768
f 6735 6768 6767
f 6736 6737 6769
f 6736 6769 6768
f 6737 6738 6770
f 6737 6770 6769
f 6738 6739 6771
f 6738 6771 6770
f 6739 6740 6772
f 6739 6772 6771
f 6740 6741 6773
f 6740 6773 6772
f 6741 6742 6774
f 6741 6774 6773
f 6742 6743 6775
f 6742 6775 6774
f 6743 6744 6776
f 6743 6776 6775
f 6744 6745 6777
f 6744 6777 6776
f 6745 6746 6778
f 6745 6778 6777
f 6746 6747 6779
f 6746 6779 6778
f 6747 6748 6780
f 6747 6780 6779
f 6748 6749 6781
f 6748 6781 6780
f 6749 6750 6782
f 6749 6782 6781
f 6750 6751 6783
f 6750 6783 6782
f 6751 6752 6784
f 6751 6784 6783
f 6752 6721 6753
f 6752 6753 6784
f 6753 6754 6786
f 6753 6786 6785
f 6754 6755 6787
f 6754 6787 6786
f 6755 6756 6788
f 6755 6788 6787
f 6756 6757 6789
f 6756 6789 6788
f 6757 6758 6790
f 6757 6790 6789
f 6758 6759 6791
f 6758 6791 6790
f 6759 6760 6792
f 6759 6792 6791
f 6760 6761 6793
f 6760 6793 6792
f 6761 6762 6794
f 6761 6794 6793
f 6762 6763 6795
f 6762 6795 6794
f 6763 6764 6796
f 6763 6796 6795
f 6764 6765 6797
f 6764 6797 6796
f 6765 6766 6798
f 6765 6798 6797
f 6766 6767 6799
f 6766 6799 6798
f 6767 6768 6800
f 6767 6800 6799
f 6768 6769 6801
f 6768 6801 6800
f 6769 6770 6802
f 6769 6802 6801
f 6770 6771 6803
f 6770 6803 6802
f 6771 6772 6804
f 6771 6804 6803
f 6772 6773 6805
f 6772 6805 6804
f 6773 6774 6806
f 6773 6806 6805
f 6774 6775 6807
f 6774 6807 6806
f 6775 6776 6808
f 6775 6808 6807
f 6776 6777 6809
f 6776 6809 6808
f 6777 6778 6810
f 6777 6810 6809
f 6778 6779 6811
f 6778 6811 6810
f 6779 6780 6812
f 6779 6812 6811
f 6780 6781 6813
f 6780 6813 6812
f 6781 6782 6814
f 6781 6814 6813
f 6782 6783 6815
f 6782 6815 6814
f 6783 6784 6816
f 6783 6816 6815
f 6784 6753 6785
f 6784 6785 6816
f 6785 6786 6818
f 6785 6818 6817
f 6786 6787 6819
f 6786 6819 6818
f 6787 6788 6820
f 6787 6820 6819
f 6788 6789 6821
f 6788 6821 6820
f 6789 6790 6822
f 6789 6822 6821
f 6790 6791 6823
f 6790 6823 6822
f 6791 6792 6824
f 6791 6824 6823
f 6792 6793 6825
f 6792 6825 6824
f 6793 6794 6826
f 6793 6826 6825
f 6794 6795 6827
f 6794 6827 6826
f 6795 6796 6828
f 6795 6828 6827
f 6796 6797 6829
f 6796 6829 6828
f 6797 6798 6830
f 6797 6830 6829
f 6798 6799 6831
f 6798 6831 6830
f 6799 6800 6832
f 6799 6832 6831
f 6800 6801 6833
f 6800 6833 6832
f 6801 6802 6834
f 6801 6834 6833
f 6802 6803 6835
f 6802 6835 6834
f 6803 6804 6836
f 6803 6836 6835
f 6804 6805 6837
f 6804 6837 6836
f 6805 6806 6838
f 6805 6838 6837
f 6806 6807 6839
f 6806 6839 6838
f 6807 6808 6840
f 6807 6840 6839
f 6808 6809 6841
f 6808 6841 6840
f 6809 6810 6842
f 6809 6842 6841
f 6810 6811 6843
f 6810 6843 6842
f 6811 6812 6844
f 6811 6844 6843
f 6812 6813 6845
f 6812 6845 6844
f 6813 6814 6846
f 6813 6846 6845
f 6814 6815 6847
f 6814 6847 6846
f 6815 6816 6848
f 6815 6848 6847
f 6816 6785 6817
f 6816 6817 6848
f 6817 6818 6850
f 6817 6850 6849
f 6818 6819 6851
f 6818 6851 6850
f 6819 6820 6852
f 6819 6852 6851
f 6820 6821 6853
f 6820 6853 6852
f 6821 6822 6854
f 6821 6854 6853
f 6822 6823 6855
f 6822 6855 6854
f 6823 6824 6856
f 6823 6856 6855
f 6824 6825 6857
f 6824 6857 6856
f 6825 6826 6858
f 6825 6858 6857
f 6826 6827 6859
f 6826 6859 6858
f 6827 6828 6860
f 6827 6860 6859
f 6828 6829 6861
f 6828 6861 6860
f 6829 6830 6862
f 6829 6862 6861
f 6830 6831 6863
f 6830 6863 6862
f 6831 6832 6864
f 6831 6864 6863
f 6832 6833 6865
f 6832 6865 6864
f 6833 6834 6866
f 6833 6866 6865
f 6834 6835 6867
f 6834 6867 6866
f 6835 6836 6868
f 6835 6868 6867
f 6836 6837 6869
f 6836 6869 6868
f 6837 6838 6870
f 6837 6870 6869
f 6838 6839 6871
f 6838 6871 6870
f 6839 6840 6872
f 6839 6872 6871
f 6840 6841 6873
f 6840 6873 6872
f 6841 6842 6874
f 6841 6874 6873
f 6842 6843 6875
f 6842 6875 6874
f 6843 6844 6876
f 6843 6876 6875
f 6844 6845 6877
f 6844 6877 6876
f 6845 6846 6878
f 6845 6878 6877
f 6846 6847 6879
f 6846 6879 6878
f 6847 6848 6880
f 6847 6880 6879
f 6848 6817 6849
f 6848 6849 6880
f 6849 6850 6882
f 6849 6882 6881
f 6850 6851 6883
f 6850 6883 6882
f 6851 6852 6884
f 6851 6884 6883
f 6852 6853 6885
f 6852 6885 6884
f 6853 6854 6886
f 6853 6886 6885
f 6854 6855 6887
f 6854 6887 6886
f 6855 6856 6888
f 6855 6888 6887
f 6856 6857 6889
f 6856 6889 6888
f 6857 6858 6890
f 6857 6890 6889
f 6858 6859 6891
f 6858 6891 6890
f 6859 6860 6892
f 6859 6892 6891
f 6860 6861 6893
f 6860 6893 6892
f 6861 6862 6894
f 6861 6894 6893
f 6862 6863 6895
f 6862 6895 6894
f 6863 6864 6896
f 6863 6896 6895
f 6864 6865 6897
f 6864 6897 6896
f 6865 6866 6898
f 6865 6898 6897
f 6866 6867 6899
f 6866 6899 6898
f 6867 6868 6900
f 6867 6900 6899
f 6868 6869 6901
f 6868 6901 6900
f 6869 6870 6902
f 6869 6902 6901
f 6870 6871 6903
f 6870 6903 6902
f 6871 6872 6904
f 6871 6904 6903
f 6872 6873 6905
f 6872 6905 6904
f 6873 6874 6906
f 6873 6906 6905
f 6874 6875 6907
f 6874 6907 6906
f 6875 6876 6908
f 6875 6908 6907
f 6876 6877 6909
f 6876 6909 6908
f 6877 6878 6910
f 6877 6910 6909
f 6878 6879 6911
f 6878 6911 6910
f 6879 6880 6912
f 6879 6912 6911
f 6880 6849 6881
f 6880 6881 6912
f 6881 6882 6914
f 6881 6914 6913
f 6882 6883 6915
f 6882 6915 6914
f 6883 6884 6916
f 6883 6916 6915
f 6884 6885 6917
f 6884 6917 6916
f 6885 6886 6918
f 6885 6918 6917
f 6886 6887 6919
f 6886 6919 6918
f 6887 6888 6920
f 6887 6920 6919
f 6888 6889 6921
f 6888 6921 6920
f 6889 6890 6922
f 6889 6922 6921
f 6890 6891 6923
f 6890 6923 6922
f 6891 6892 6924
f 6891 6924 6923
f 6892 6893 6925
f 6892 6925 6924
f 6893 6894 6926
f 6893 6926 6925
f 6894 6895 6927
f 6894 6927 6926
f 6895 6896 6928
f 6895 6928 6927
f 6896 6897 6929
f 6896 6929 6928
f 6897 6898 6930
f 6897 6930 6929
f 6898 6899 6931
f 6898 6931 6930
f 6899 6900 6932
f 6899 6932 6931
f 6900 6901 6933
f 6900 6933 6932
f 6901 6902 6934
f 6901 6934 6933
f 6902 6903 6935
f 6902 6935 6934
f 6903 6904 6936
f 6903 6936 6935
f 6904 6905 6937
f 6904 6937 6936
f 6905 6906 6938
f 6905 6938 6937
f 6906 6907 6939
f 6906 6939 6938
f 6907 6908 6940
f 6907 6940 6939
f 6908 6909 6941
f 6908 6941 6940
f 6909 6910 6942
f 6909 6942 6941
f 6910 6911 6943
f 6910 6943 6942
f 6911 6912 6944
f 6911 6944 6943
f 6912 6881 6913
f 6912 6913 6944
f 6913 6914 6946
f 6913 6946 6945
f 6914 6915 6947
f 6914 6947 6946
f 6915 6916 6948
f 6915 6948 6947
f 6916 6917 6949
f 6916 6949 6948
f 6917 6918 6950
f 6917 6950 6949
f 6918 6919 6951
f 6918 6951 6950
f 6919 6920 6952
f 6919 6952 6951
f 6920 6921 6953
f 6920 6953 6952
f 6921 6922 6954
f 6921 6954 6953
f 6922 6923 6955
f 6922 6955 6954
f 6923 6924 6956
f 6923 6956 6955
f 6924 6925 6957
f 6924 6957 6956
f 6925 6926 6958
f 6925 6958 6957
f 6926 6927 6959
f 6926 6959 6958
f 6927 6928 6960
f 6927 6960 6959
f 6928 6929 6961
f 6928 6961 6960
f 6929 6930 6962
f 6929 6962 6961
f 6930 6931 6963
f 6930 6963 6962
f 6931 6932 6964
f 6931 6964 6963
f 6932 6933 6965
f 6932 6965 6964
f 6933 6934 6966
f 6933 6966 6965
f 6934 6935 6967
f 6934 6967 6966
f 6935 6936 6968
f 6935 6968 6967
f 6936 6937 6969
f 6936 6969 6968
f 6937 6938 6970
f 6937 6970 6969
f 6938 6939 6971
f 6938 6971 6970
f 6939 6940 6972
f 6939 6972 6971
f 6940 6941 6973
f 6940 6973 6972
f 6941 6942 6974
f 6941 6974 6973
f 6942 6943 6975
f 6942 6975 6974
f 6943 6944 6976
f 6943 6976 6975
f 6944 6913 6945
f 6944 6945 6976
f 6945 6946 6978
f 6945 6978 6977
f 6946 6947 6979
f 6946 6979 6978
f 6947 6948 6980
f 6947 6980 6979
f 6948 6949 6981
f 6948 6981 6980
f 6949 6950 6982
f 6949 6982 6981
f 6950 6951 6983
f 6950 6983 6982
f 6951 6952 6984
f 6951 6984 6983
f 6952 6953 6985
f 6952 6985 6984
f 6953 6954 6986
f 6953 6986 6985
f 6954 6955 6987
f 6954 6987 6986
f 6955 6956 6988
f 6955 6988 6987
f 6956 6957 6989
f 6956 6989 6988
f 6957 6958 6990
f 6957 6990 6989
f 6958 6959 6991
f 6958 6991 6990
f 6959 6960 6992
f 6959 6992 6991
f 6960 6961 6993
f 6960 6993 6992
f 6961 6962 6994
f 6961 6994 6993
f 6962 6963 6995
f 6962 6995 6994
f 6963 6964 6996
f 6963 6996 6995
f 6964 6965 6997
f 6964 6997 6996
f 6965 6966 6998
f 6965 6998 6997
f 6966 6967 6999
f 6966 6999 6998
f 6967 6968 7000
f 6967 7000 6999
f 6968 6969 7001
f 6968 7001 7000
f 6969 6970 7002
f 6969 7002 7001
f 6970 6971 7003
f 6970 7003 7002
f 6971 6972 7004
f 6971 7004 7003
f 6972 6973 7005
f 6972 7005 7004
f 6973 6974 7006
f 6973 7006 7005
f 6974 6975 7007
f 6974 7007 7006
f 6975 6976 7008
f 6975 7008 7007
f 6976 6945 6977
f 6976 6977 7008
f 6977 6978 7010
f 6977 7010 7009
f 6978 6979 7011
f 6978 7011 7010
f 6979 6980 7012
f 6979 7012 7011
f 6980 6981 7013
f 6980 7013 7012
f 6981 6982 7014
f 6981 7014 7013
f 6982 6983 7015
f 6982 7015 7014
f 6983 6984 7016
f 6983 7016 7015
f 6984 6985 7017
f 6984 7017 7016
f 6985 6986 7018
f 6985 7018 7017
f 6986 6987 7019
f 6986 7019 7018
f 6987 6988 7020
f 6987 7020 7019
f 6988 6989 7021
f 6988 7021 7020
f 6989 6990 7022
f 6989 7022 7021
f 6990 6991 7023
f 6990 7023 7022
f 6991 6992 7024
f 6991 7024 7023
f 6992 6993 7025
f 6992 7025 7024
f 6993 6994 7026
f 6993 7026 7025
f 6994 6995 7027
f 6994 7027 7026
f 6995 6996 7028
f 6995 7028 7027
f 6996 6997 7029
f 6996 7029 7028
f 6997 6998 7030
f 6997 7030 7029
f 6998 6999 7031
f 6998 7031 7030
f 6999 7000 7032
f 6999 7032 7031
f 7000 7001 7033
f 7000 7033 7032
f 7001 7002 7034
f 7001 7034 7033
f 7002 7003 7035
f 7002 7035 7034
f 7003 7004 7036
f 7003 7036 7035
f 7004 7005 7037
f 7004 7037 7036
f 7005 7006 7038
f 7005 7038 7037
f 7006 7007 7039
f 7006 7039 7038
f 7007 7008 7040
f 7007 7040 7039
f 7008 6977 7009
f 7008 7009 7040
usemtl BallWhite
f 7041 7043 7044
f 7041 7044 7042
f 7043 7045 7046
f 7043 7046 7044
f 7045 7047 7048
f 7045 7048 7046
f 7047 7049 7050
f 7047 7050 7048
f 7049 7051 7052
f 7049 7052 7050
f 7051 7053 7054
f 7051 7054 7052
f 7053 7055 7056
f 7053 7056 7054
f 7055 7057 7058
f 7055 7058 7056
f 7057 7059 7060
f 7057 7060 7058
f 7059 7061 7062
f 7059 7062 7060
f 7061 7063 7064
f 7061 7064 7062
f 7063 7065 7066
f 7063 7066 7064
f 7065 7067 7068
f 7065 7068 7066
f 7067 7069 7070
f 7067 7070 7068
f 7069 7071 7072
f 7069 7072 7070
f 7071 7073 7074
f 7071 7074 7072
f 7073 7075 7076
f 7073 7076 7074
f 7075 7077 7078
f 7075 7078 7076
f 7077 7079 7080
f 7077 7080 7078
f 7079 7041 7042
f 7079 7042 7080
f 7081 7083 7084
f 7081 7084 7082
f 7083 7085 7086
f 7083 7086 7084
f 7085 7087 7088
f 7085 7088 7086
f 7087 7089 7090
f 7087 7090 7088
f 7089 7091 7092
f 7089 7092 7090
f 7091 7093 7094
f 7091 7094 7092
f 7093 7095 7096
f 7093 7096 7094
f 7095 7097 7098
f 7095 7098 7096
f 7097 7099 7100
f 7097 7100 7098
f 7099 7101 7102
f 7099 7102 7100
f 7101 7103 7104
f 7101 7104 7102
f 7103 7105 7106
f 7103 7106 7104
f 7105 7107 7108
f 7105 7108 7106
f 7107 7109 7110
f 7107 7110 7108
f 7109 7111 7112
f 7109 7112 7110
f 7111 7113 7114
f 7111 7114 7112
f 7113 7115 7116
f 7113 7116 7114
f 7115 7117 7118
f 7115 7118 7116
f 7117 7119 7120
f 7117 7120 7118
f 7119 7081 7082
f 7119 7082 7120
f 7121 7123 7124
f 7121 7124 7122
f 7123 7125 7126
f 7123 7126 7124
f 7125 7127 7128
f 7125 7128 7126
f 7127 7129 7130
f 7127 7130 7128
f 7129 7131 7132
f 7129 7132 7130
f 7131 7133 7134
f 7131 7134 7132
f 7133 7135 7136
f 7133 7136 7134
f 7135 7137 7138
f 7135 7138 7136
f 7137 7139 7140
f 7137 7140 7138
f 7139 7141 7142
f 7139 7142 7140
f 7141 7143 7144
f 7141 7144 7142
f 7143 7145 7146
f 7143 7146 7144
f 7145 7147 7148
f 7145 7148 7146
f 7147 7149 7150
f 7147 7150 7148
f 7149 7151 7152
f 7149 7152 7150
f 7151 7153 7154
f 7151 7154 7152
f 7153 7155 7156
f 7153 7156 7154
f 7155 7157 7158
f 7155 7158 7156
f 7157 7159 7160
f 7157 7160 7158
f 7159 7121 7122
f 7159 7122 7160
f 7161 7163 7164
f 7161 7164 7162
f 7163 7165 7166
f 7163 7166 7164
f 7165 7167 7168
f 7165 7168 7166
f 7167 7169 7170
f 7167 7170 7168
f 7169 7171 7172
f 7169 7172 7170
f 7171 7173 7174
f 7171 7174 7172
f 7173 7175 7176
f 7173 7176 7174
f 7175 7177 7178
f 7175 7178 7176
f 7177 7179 7180
f 7177 7180 7178
f 7179 7181 7182
f 7179 7182 7180
f 7181 7183 7184
f 7181 7184 7182
f 7183 7185 7186
f 7183 7186 7184
f 7185 7187 7188
f 7185 7188 7186
f 7187 7189 7190
f 7187 7190 7188
f 7189 7191 7192
f 7189 7192 7190
f 7191 7193 7194
f 7191 7194 7192
f 7193 7195 7196
f 7193 7196 7194
f 7195 7197 7198
f 7195 7198 7196
f 7197 7199 7200
f 7197 7200 7198
f 7199 7161 7162
f 7199 7162 7200
f 7201 7203 7204
f 7201 7204 7202
f 7203 7205 7206
f 7203 7206 7204
f 7205 7207 7208
f 7205 7208 7206
f 7207 7209 7210
f 7207 7210 7208
f 7209 7211 7212
f 7209 7212 7210
f 7211 7213 7214
f 7211 7214 7212
f 7213 7215 7216
f 7213 7216 7214
f 7215 7217 7218
f 7215 7218 7216
f 7217 7219 7220
f 7217 7220 7218
f 7219 7221 7222
f 7219 7222 7220
f 7221 7223 7224
f 7221 7224 7222
f 7223 7225 7226
f 7223 7226 7224
f 7225 7227 7228
f 7225 7228 7226
f 7227 7229 7230
f 7227 7230 7228
f 7229 7231 7232
f 7229 7232 7230
f 7231 7233 7234
f 7231 7234 7232
f 7233 7235 7236
f 7233 7236 7234
f 7235 7237 7238
f 7235 7238 7236
f 7237 7239 7240
f 7237 7240 7238
f 7239 7201 7202
f 7239 7202 7240
f 7241 7243 7244
f 7241 7244 7242
f 7243 7245 7246
f 7243 7246 7244
f 7245 7247 7248
f 7245 7248 7246
f 7247 7249 7250
f 7247 7250 7248
f 7249 7251 7252
f 7249 7252 7250
f 7251 7253 7254
f 7251 7254 7252
f 7253 7255 7256
f 7253 7256 7254
f 7255 7257 7258
f 7255 7258 7256
f 7257 7259 7260
f 7257 7260 7258
f 7259 7261 7262
f 7259 7262 7260
f 7261 7263 7264
f 7261 7264 7262
f 7263 7265 7266
f 7263 7266 7264
f 7265 7267 7268
f 7265 7268 7266
f 7267 7269 7270
f 7267 7270 7268
f 7269 7271 7272
f 7269 7272 7270
f 7271 7273 7274
f 7271 7274 7272
f 7273 7275 7276
f 7273 7276 7274
f 7275 7277 7278
f 7275 7278 7276
f 7277 7279 7280
f 7277 7280 7278
f 7279 7241 7242
f 7279 7242 7280
f 7281 7283 7284
f 7281 7284 7282
f 7283 7285 7286
f 7283 7286 7284
f 7285 7287 7288
f 7285 7288 7286
f 7287 7289 7290
f 7287 7290 7288
f 7289 7291 7292
f 7289 7292 7290
f 7291 7293 7294
f 7291 7294 7292
f 7293 7295 7296
f 7293 7296 7294
f 7295 7297 7298
f 7295 7298 7296
f 7297 7299 7300
f 7297 7300 7298
f 7299 7301 7302
f 7299 7302 7300
f 7301 7303 7304
f 7301 7304 7302
f 7303 7305 7306
f 7303 7306 7304
f 7305 7307 7308
f 7305 7308 7306
f 7307 7309 7310
f 7307 7310 7308
f 7309 7311 7312
f 7309 7312 7310
f 7311 7313 7314
f 7311 7314 7312
f 7313 7315 7316
f 7313 7316 7314
f 7315 7317 7318
f 7315 7318 7316
f 7317 7319 7320
f 7317 7320 7318
f 7319 7281 7282
f 7319 7282 7320
f 7321 7323 7324
f 7321 7324 7322
f 7323 7325 7326
f 7323 7326 7324
f 7325 7327 7328
f 7325 7328 7326
f 7327 7329 7330
f 7327 7330 7328
f 7329 7331 7332
f 7329 7332 7330
f 7331 7333 7334
f 7331 7334 7332
f 7333 7335 7336
f 7333 7336 7334
f 7335 7337 7338
f 7335 7338 7336
f 7337 7339 7340
f 7337 7340 7338
f 7339 7341 7342
f 7339 7342 7340
f 7341 7343 7344
f 7341 7344 7342
f 7343 7345 7346
f 7343 7346 7344
f 7345 7347 7348
f 7345 7348 7346
f 7347 7349 7350
f 7347 7350 7348
f 7349 7351 7352
f 7349 7352 7350
f 7351 7353 7354
f 7351 7354 7352
f 7353 7355 7356
f 7353 7356 7354
f 7355 7357 7358
f 7355 7358 7356
f 7357 7359 7360
f 7357 7360 7358
f 7359 7321 7322
f 7359 7322 7360
f 7361 7363 7364
f 7361 7364 7362
f 7363 7365 7366
f 7363 7366 7364
f 7365 7367 7368
f 7365 7368 7366
f 7367 7369 7370
f 7367 7370 7368
f 7369 7371 7372
f 7369 7372 7370
f 7371 7373 7374
f 7371 7374 7372
f 7373 7375 7376
f 7373 7376 7374
f 7375 7377 7378
f 7375 7378 7376
f 7377 7379 7380
f 7377 7380 7378
f 7379 7381 7382
f 7379 7382 7380
f 7381 7383 7384
f 7381 7384 7382
f 7383 7385 7386
f 7383 7386 7384
f 7385 7387 7388
f 7385 7388 7386
f 7387 7389 7390
f 7387 7390 7388
f 7389 7391 7392
f 7389 7392 7390
f 7391 7393 7394
f 7391 7394 7392
f 7393 7395 7396
f 7393 7396 7394
f 7395 7397 7398
f 7395 7398 7396
f 7397 7399 7400
f 7397 7400 7398
f 7399 7361 7362
f 7399 7362 7400
f 7401 7403 7404
f 7401 7404 7402
f 7403 7405 7406
f 7403 7406 7404
f 7405 7407 7408
f 7405 7408 7406
f 7407 7409 7410
f 7407 7410 7408
f 7409 7411 7412
f 7409 7412 7410
f 7411 7413 7414
f 7411 7414 7412
f 7413 7415 7416
f 7413 7416 7414
f 7415 7417 7418
f 7415 7418 7416
f 7417 7419 7420
f 7417 7420 7418
f 7419 7421 7422
f 7419 7422 7420
f 7421 7423 7424
f 7421 7424 7422
f 7423 7425 7426
f 7423 7426 7424
f 7425 7427 7428
f 7425 7428 7426
f 7427 7429 7430
f 7427 7430 7428
f 7429 7431 7432
f 7429 7432 7430
f 7431 7433 7434
f 7431 7434 7432
f 7433 7435 7436
f 7433 7436 7434
f 7435 7437 7438
f 7435 7438 7436
f 7437 7439 7440
f 7437 7440 7438
f 7439 7401 7402
f 7439 7402 7440
f 7441 7443 7444
f 7441 7444 7442
f 7443 7445 7446
f 7443 7446 7444
f 7445 7447 7448
f 7445 7448 7446
f 7447 7449 7450
f 7447 7450 7448
f 7449 7451 7452
f 7449 7452 7450
f 7451 7453 7454
f 7451 7454 7452
f 7453 7455 7456
f 7453 7456 7454
f 7455 7457 7458
f 7455 7458 7456
f 7457 7459 7460
f 7457 7460 7458
f 7459 7461 7462
f 7459 7462 7460
f 7461 7463 7464
f 7461 7464 7462
f 7463 7465 7466
f 7463 7466 7464
f 7465 7467 7468
f 7465 7468 7466
f 7467 7469 7470
f 7467 7470 7468
f 7469 7471 7472
f 7469 7472 7470
f 7471 7473 7474
f 7471 7474 7472
f 7473 7475 7476
f 7473 7476 7474
f 7475 7477 7478
f 7475 7478 7476
f 7477 7479 7480
f 7477 7480 7478
f 7479 7441 7442
f 7479 7442 7480
f 7481 7483 7484
f 7481 7484 7482
f 7483 7485 7486
f 7483 7486 7484
f 7485 7487 7488
f 7485 7488 7486
f 7487 7489 7490
f 7487 7490 7488
f 7489 7491 7492
f 7489 7492 7490
f 7491 7493 7494
f 7491 7494 7492
f 7493 7495 7496
f 7493 7496 7494
f 7495 7497 7498
f 7495 7498 7496
f 7497 7499 7500
f 7497 7500 7498
f 7499 7501 7502
f 7499 7502 7500
f 7501 7503 7504
f 7501 7504 7502
f 7503 7505 7506
f 7503 7506 7504
f 7505 7507 7508
f 7505 7508 7506
f 7507 7509 7510
f 7507 7510 7508
f 7509 7511 7512
f 7509 7512 7510
f 7511 7513 7514
f 7511 7514 7512
f 7513 7515 7516
f 7513 7516 7514
f 7515 7517 7518
f 7515 7518 7516
f 7517 7519 7520
f 7517 7520 7518
f 7519 7481 7482
f 7519 7482 7520
f 7521 7523 7524
f 7521 7524 7522
f 7523 7525 7526
f 7523 7526 7524
f 7525 7527 7528
f 7525 7528 7526
f 7527 7529 7530
f 7527 7530 7528
f 7529 7531 7532
f 7529 7532 7530
f 7531 7533 7534
f 7531 7534 7532
f 7533 7535 7536
f 7533 7536 7534
f 7535 7537 7538
f 7535 7538 7536
f 7537 7539 7540
f 7537 7540 7538
f 7539 7541 7542
f 7539 7542 7540
f 7541 7543 7544
f 7541 7544 7542
f 7543 7545 7546
f 7543 7546 7544
f 7545 7547 7548
f 7545 7548 7546
f 7547 7549 7550
f 7547 7550 7548
f 7549 7551 7552
f 7549 7552 7550
f 7551 7553 7554
f 7551 7554 7552
f 7553 7555 7556
f 7553 7556 7554
f 7555 7557 7558
f 7555 7558 7556
f 7557 7559 7560
f 7557 7560 7558
f 7559 7521 7522
f 7559 7522 7560
f 7561 7563 7564
f 7561 7564 7562
f 7563 7565 7566
f 7563 7566 7564
f 7565 7567 7568
f 7565 7568 7566
f 7567 7569 7570
f 7567 7570 7568
f 7569 7571 7572
f 7569 7572 7570
f 7571 7573 7574
f 7571 7574 7572
f 7573 7575 7576
f 7573 7576 7574
f 7575 7577 7578
f 7575 7578 7576
f 7577 7579 7580
f 7577 7580 7578
f 7579 7581 7582
f 7579 7582 7580
f 7581 7583 7584
f 7581 7584 7582
f 7583 7585 7586
f 7583 7586 7584
f 7585 7587 7588
f 7585 7588 7586
f 7587 7589 7590
f 7587 7590 7588
f 7589 7591 7592
f 7589 7592 7590
f 7591 7593 7594
f 7591 7594 7592
f 7593 7595 7596
f 7593 7596 7594
f 7595 7597 7598
f 7595 7598 7596
f 7597 7599 7600
f 7597 7600 7598
f 7599 7561 7562
f 7599 7562 7600
f 7601 7603 7604
f 7601 7604 7602
f 7603 7605 7606
f 7603 7606 7604
f 7605 7607 7608
f 7605 7608 7606
f 7607 7609 7610
f 7607 7610 7608
f 7609 7611 7612
f 7609 7612 7610
f 7611 7613 7614
f 7611 7614 7612
f 7613 7615 7616
f 7613 7616 7614
f 7615 7617 7618
f 7615 7618 7616
f 7617 7619 7620
f 7617 7620 7618
f 7619 7621 7622
f 7619 7622 7620
f 7621 7623 7624
f 7621 7624 7622
f 7623 7625 7626
f 7623 7626 7624
f 7625 7627 7628
f 7625 7628 7626
f 7627 7629 7630
f 7627 7630 7628
f 7629 7631 7632
f 7629 7632 7630
f 7631 7633 7634
f 7631 7634 7632
f 7633 7635 7636
f 7633 7636 7634
f 7635 7637 7638
f 7635 7638 7636
f 7637 7639 7640
f 7637 7640 7638
f 7639 7601 7602
f 7639 7602 7640
f 7641 7643 7644
f 7641 7644 7642
f 7643 7645 7646
f 7643 7646 7644
f 7645 7647 7648
f 7645 7648 7646
f 7647 7649 7650
f 7647 7650 7648
f 7649 7651 7652
f 7649 7652 7650
f 7651 7653 7654
f 7651 7654 7652
f 7653 7655 7656
f 7653 7656 7654
f 7655 7657 7658
f 7655 7658 7656
f 7657 7659 7660
f 7657 7660 7658
f 7659 7661 7662
f 7659 7662 7660
f 7661 7663 7664
f 7661 7664 7662
f 7663 7665 7666
f 7663 7666 7664
f 7665 7667 7668
f 7665 7668 7666
f 7667 7669 7670
f 7667 7670 7668
f 7669 7671 7672
f 7669 7672 7670
f 7671 7673 7674
f 7671 7674 7672
f 7673 7675 7676
f 7673 7676 7674
f 7675 7677 7678
f 7675 7678 7676
f 7677 7679 7680
f 7677 7680 7678
f 7679 7641 7642
f 7679 7642 7680
f 7681 7683 7684
f 7681 7684 7682
f 7683 7685 7686
f 7683 7686 7684
f 7685 7687 7688
f 7685 7688 7686
f 7687 7689 7690
f 7687 7690 7688
f 7689 7691 7692
f 7689 7692 7690
f 7691 7693 7694
f 7691 7694 7692
f 7693 7695 7696
f 7693 7696 7694
f 7695 7697 7698
f 7695 7698 7696
f 7697 7699 7700
f 7697 7700 7698
f 7699 7701 7702
f 7699 7702 7700
f 7701 7703 7704
f 7701 7704 7702
f 7703 7705 7706
f 7703 7706 7704
f 7705 7707 7708
f 7705 7708 7706
f 7707 7709 7710
f 7707 7710 7708
f 7709 7711 7712
f 7709 7712 7710
f 7711 7713 7714
f 7711 7714 7712
f 7713 7715 7716
f 7713 7716 7714
f 7715 7717 7718
f 7715 7718 7716
f 7717 7719 7720
f 7717 7720 7718
f 7719 7681 7682
f 7719 7682 7720
f 7721 7723 7724
f 7721 7724 7722
f 7723 7725 7726
f 7723 7726 7724
f 7725 7727 7728
f 7725 7728 7726
f 7727 7729 7730
f 7727 7730 7728
f 7729 7731 7732
f 7729 7732 7730
f 7731 7733 7734
f 7731 7734 7732
f 7733 7735 7736
f 7733 7736 7734
f 7735 7737 7738
f 7735 7738 7736
f 7737 7739 7740
f 7737 7740 7738
f 7739 7741 7742
f 7739 7742 7740
f 7741 7743 7744
f 7741 7744 7742
f 7743 7745 7746
f 7743 7746 7744
f 7745 7747 7748
f 7745 7748 7746
f 7747 7749 7750
f 7747 7750 7748
f 7749 7751 7752
f 7749 7752 7750
f 7751 7753 7754
f 7751 7754 7752
f 7753 7755 7756
f 7753 7756 7754
f 7755 7757 7758
f 7755 7758 7756
f 7757 7759 7760
f 7757 7760 7758
f 7759 7721 7722
f 7759 7722 7760
f 7761 7763 7764
f 7761 7764 7762
f 7763 7765 7766
f 7763 7766 7764
f 7765 7767 7768
f 7765 7768 7766
f 7767 7769 7770
f 7767 7770 7768
f 7769 7771 7772
f 7769 7772 7770
f 7771 7773 7774
f 7771 7774 7772
f 7773 7775 7776
f 7773 7776 7774
f 7775 7777 7778
f 7775 7778 7776
f 7777 7779 7780
f 7777 7780 7778
f 7779 7781 7782
f 7779 7782 7780
f 7781 7783 7784
f 7781 7784 7782
f 7783 7785 7786
f 7783 7786 7784
f 7785 7787 7788
f 7785 7788 7786
f 7787 7789 7790
f 7787 7790 7788
f 7789 7791 7792
f 7789 7792 7790
f 7791 7793 7794
f 7791 7794 7792
f 7793 7795 7796
f 7793 7796 7794
f 7795 7797 7798
f 7795 7798 7796
f 7797 7799 7800
f 7797 7800 7798
f 7799 7761 7762
f 7799 7762 7800
f 7801 7803 7804
f 7801 7804 7802
f 7803 7805 7806
f 7803 7806 7804
f 7805 7807 7808
f 7805 7808 7806
f 7807 7809 7810
f 7807 7810 7808
f 7809 7811 7812
f 7809 7812 7810
f 7811 7813 7814
f 7811 7814 7812
f 7813 7815 7816
f 7813 7816 7814
f 7815 7817 7818
f 7815 7818 7816
f 7817 7819 7820
f 7817 7820 7818
f 7819 7821 7822
f 7819 7822 7820
f 7821 7823 7824
f 7821 7824 7822
f 7823 7825 7826
f 7823 7826 7824
f 7825 7827 7828
f 7825 7828 7826
f 7827 7829 7830
f 7827 7830 7828
f 7829 7831 7832
f 7829 7832 7830
f 7831 7833 7834
f 7831 7834 7832
f 7833 7835 7836
f 7833 7836 7834
f 7835 7837 7838
f 7835 7838 7836
f 7837 7839 7840
f 7837 7840 7838
f 7839 7801 7802
f 7839 7802 7840
f 7841 7843 7844
f 7841 7844 7842
f 7843 7845 7846
f 7843 7846 7844
f 7845 7847 7848
f 7845 7848 7846
f 7847 7849 7850
f 7847 7850 7848
f 7849 7851 7852
f 7849 7852 7850
f 7851 7853 7854
f 7851 7854 7852
f 7853 7855 7856
f 7853 7856 7854
f 7855 7857 7858
f 7855 7858 7856
f 7857 7859 7860
f 7857 7860 7858
f 7859 7861 7862
f 7859 7862 7860
f 7861 7863 7864
f 7861 7864 7862
f 7863 7865 7866
f 7863 7866 7864
f 7865 7867 7868
f 7865 7868 7866
f 7867 7869 7870
f 7867 7870 7868
f 7869 7871 7872
f 7869 7872 7870
f 7871 7873 7874
f 7871 7874 7872
f 7873 7875 7876
f 7873 7876 7874
f 7875 7877 7878
f 7875 7878 7876
f 7877 7879 7880
f 7877 7880 7878
f 7879 7841 7842
f 7879 7842 7880
f 7881 7883 7884
f 7881 7884 7882
f 7883 7885 7886
f 7883 7886 7884
f 7885 7887 7888
f 7885 7888 7886
f 7887 7889 7890
f 7887 7890 7888
f 7889 7891 7892
f 7889 7892 7890
f 7891 7893 7894
f 7891 7894 7892
f 7893 7895 7896
f 7893 7896 7894
f 7895 7897 7898
f 7895 7898 7896
f 7897 7899 7900
f 7897 7900 7898
f 7899 7901 7902
f 7899 7902 7900
f 7901 7903 7904
f 7901 7904 7902
f 7903 7905 7906
f 7903 7906 7904
f 7905 7907 7908
f 7905 7908 7906
f 7907 7909 7910
f 7907 7910 7908
f 7909 7911 7912
f 7909 7912 7910
f 7911 7913 7914
f 7911 7914 7912
f 7913 7915 7916
f 7913 7916 7914
f 7915 7917 7918
f 7915 7918 7916
f 7917 7919 7920
f 7917 7920 7918
f 7919 7881 7882
f 7919 7882 7920
f 7921 7923 7924
f 7921 7924 7922
f 7923 7925 7926
f 7923 7926 7924
f 7925 7927 7928
f 7925 7928 7926
f 7927 7929 7930
f 7927 7930 7928
f 7929 7931 7932
f 7929 7932 7930
f 7931 7933 7934
f 7931 7934 7932
f 7933 7935 7936
f 7933 7936 7934
f 7935 7937 7938
f 7935 7938 7936
f 7937 7939 7940
f 7937 7940 7938
f 7939 7941 7942
f 7939 7942 7940
f 7941 7943 7944
f 7941 7944 7942
f 7943 7945 7946
f 7943 7946 7944
f 7945 7947 7948
f 7945 7948 7946
f 7947 7949 7950
f 7947 7950 7948
f 7949 7951 7952
f 7949 7952 7950
f 7951 7953 7954
f 7951 7954 7952
f 7953 7955 7956
f 7953 7956 7954
f 7955 7957 7958
f 7955 7958 7956
f 7957 7959 7960
f 7957 7960 7958
f 7959 7921 7922
f 7959 7922 7960
f 7961 7963 7964
f 7961 7964 7962
f 7963 7965 7966
f 7963 7966 7964
f 7965 7967 7968
f 7965 7968 7966
f 7967 7969 7970
f 7967 7970 7968
f 7969 7971 7972
f 7969 7972 7970
f 7971 7973 7974
f 7971 7974 7972
f 7973 7975 7976
f 7973 7976 7974
f 7975 7977 7978
f 7975 7978 7976
f 7977 7979 7980
f 7977 7980 7978
f 7979 7981 7982
f 7979 7982 7980
f 7981 7983 7984
f 7981 7984 7982
f 7983 7985 7986
f 7983 7986 7984
f 7985 7987 7988
f 7985 7988 7986
f 7987 7989 7990
f 7987 7990 7988
f 7989 7991 7992
f 7989 7992 7990
f 7991 7993 7994
f 7991 7994 7992
f 7993 7995 7996
f 7993 7996 7994
f 7995 7997 7998
f 7995 7998 7996
f 7997 7999 8000
f 7997 8000 7998
f 7999 7961 7962
f 7999 7962 8000
f 8001 8003 8004
f 8001 8004 8002
f 8003 8005 8006
f 8003 8006 8004
f 8005 8007 8008
f 8005 8008 8006
f 8007 8009 8010
f 8007 8010 8008
f 8009 8011 8012
f 8009 8012 8010
f 8011 8013 8014
f 8011 8014 8012
f 8013 8015 8016
f 8013 8016 8014
f 8015 8017 8018
f 8015 8018 8016
f 8017 8019 8020
f 8017 8020 8018
f 8019 8021 8022
f 8019 8022 8020
f 8021 8023 8024
f 8021 8024 8022
f 8023 8025 8026
f 8023 8026 8024
f 8025 8027 8028
f 8025 8028 8026
f 8027 8029 8030
f 8027 8030 8028
f 8029 8031 8032
f 8029 8032 8030
f 8031 8033 8034
f 8031 8034 8032
f 8033 8035 8036
f 8033 8036 8034
f 8035 8037 8038
f 8035 8038 8036
f 8037 8039 8040
f 8037 8040 8038
f 8039 8001 8002
f 8039 8002 8040
f 8041 8043 8044
f 8041 8044 8042
f 8043 8045 8046
f 8043 8046 8044
f 8045 8047 8048
f 8045 8048 8046
f 8047 8049 8050
f 8047 8050 8048
f 8049 8051 8052
f 8049 8052 8050
f 8051 8053 8054
f 8051 8054 8052
f 8053 8055 8056
f 8053 8056 8054
f 8055 8057 8058
f 8055 8058 8056
f 8057 8059 8060
f 8057 8060 8058
f 8059 8061 8062
f 8059 8062 8060
f 8061 8063 8064
f 8061 8064 8062
f 8063 8065 8066
f 8063 8066 8064
f 8065 8067 8068
f 8065 8068 8066
f 8067 8069 8070
f 8067 8070 8068
f 8069 8071 8072
f 8069 8072 8070
f 8071 8073 8074
f 8071 8074 8072
f 8073 8075 8076
f 8073 8076 8074
f 8075 8077 8078
f 8075 8078 8076
f 8077 8079 8080
f 8077 8080 8078
f 8079 8041 8042
f 8079 8042 8080
