# IFF floorball stick - generated from SPCR 011 section 2.1.3 / drawings B1-B2.
# stick length 920, lie 60 deg, blade 76 high, 9 thick, hook 10, bottom radius 270.
# units: millimetres, origin = blade floor-contact point
mtllib floorball_stick.mtl
v -108.134 27.519 -0.425
v -106.318 26.717 -0.164
v -104.368 25.874 0.109
v -102.412 25.047 0.376
v -100.449 24.235 0.637
v -98.479 23.440 0.892
v -96.504 22.660 1.141
v -94.522 21.896 1.384
v -92.534 21.147 1.621
v -90.540 20.415 1.851
v -88.541 19.699 2.075
v -86.536 18.998 2.293
v -84.525 18.314 2.504
v -82.509 17.646 2.708
v -80.487 16.994 2.905
v -78.461 16.358 3.096
v -76.429 15.739 3.280
v -74.392 15.135 3.457
v -72.351 14.548 3.627
v -70.305 13.978 3.790
v -68.255 13.423 3.946
v -66.200 12.886 4.095
v -64.141 12.364 4.237
v -62.078 11.859 4.371
v -60.011 11.371 4.498
v -57.940 10.899 4.618
v -55.865 10.444 4.730
v -53.787 10.005 4.835
v -51.705 9.583 4.932
v -49.620 9.178 5.022
v -47.532 8.790 5.104
v -45.441 8.418 5.178
v -43.347 8.062 5.245
v -41.250 7.724 5.304
v -39.151 7.402 5.356
v -37.049 7.098 5.399
v -34.944 6.810 5.435
v -32.838 6.539 5.463
v -30.729 6.284 5.483
v -28.618 6.047 5.496
v -26.506 5.826 5.500
v -24.392 5.623 5.496
v -22.276 5.436 5.485
v -20.159 5.266 5.465
v -18.040 5.114 5.438
v -15.920 4.978 5.403
v -13.800 4.859 5.359
v -11.678 4.757 5.308
v -9.556 4.672 5.248
v -7.433 4.604 5.181
v -5.310 4.553 5.106
v -3.186 4.519 5.022
v -1.062 4.502 4.931
v 1.062 4.502 4.831
v 3.186 4.519 4.724
v 5.310 4.553 4.608
v 7.433 4.604 4.485
v 9.556 4.672 4.354
v 11.678 4.757 4.214
v 13.800 4.859 4.067
v 15.920 4.978 3.912
v 18.040 5.114 3.749
v 20.159 5.266 3.578
v 22.276 5.436 3.399
v 24.392 5.623 3.212
v 26.506 5.826 3.018
v 28.618 6.047 2.816
v 30.729 6.284 2.606
v 32.838 6.539 2.388
v 34.944 6.810 2.163
v 37.049 7.098 1.930
v 39.151 7.402 1.690
v 41.250 7.724 1.442
v 43.347 8.062 1.186
v 45.441 8.418 0.923
v 47.532 8.790 0.653
v 49.620 9.178 0.375
v 51.705 9.583 0.090
v 53.787 10.005 -0.202
v 55.865 10.444 -0.501
v 57.940 10.899 -0.808
v 60.011 11.371 -1.122
v 62.078 11.859 -1.442
v 64.141 12.364 -1.770
v 66.200 12.886 -2.104
v 68.255 13.423 -2.445
v 70.305 13.978 -2.793
v 72.351 14.548 -3.148
v 74.392 15.135 -3.509
v 76.429 15.739 -3.877
v 78.339 16.321 -4.229
v 80.640 17.188 -4.500
v 82.973 18.362 -4.500
v 85.447 19.896 -4.500
v 88.043 21.784 -4.500
v 90.745 24.016 -4.500
v 93.538 26.578 -4.500
v 96.411 29.455 -4.500
v 99.354 32.632 -4.500
v 102.360 36.092 -4.500
v 105.422 39.821 -4.500
v 108.535 43.802 -4.500
v 111.694 48.020 -4.500
v 114.894 52.461 -4.500
v 118.131 57.108 -4.500
v 121.403 61.948 -4.500
v 124.704 66.966 -4.500
v 128.032 72.146 -4.500
v 131.384 77.475 -4.500
v 134.756 82.937 -4.500
v 138.145 88.518 -4.500
v 141.549 94.205 -4.500
v 144.963 99.982 -4.500
v 148.387 105.835 -4.500
v 149.558 107.857 -4.500
v 143.936 111.103 -4.500
v 137.386 114.884 -4.500
v 138.129 114.455 -4.500
v 137.185 112.983 -4.500
v 133.500 108.290 -4.500
v 129.545 104.141 -4.500
v 125.361 100.507 -4.500
v 120.992 97.356 -4.500
v 116.480 94.651 -4.500
v 111.868 92.351 -4.500
v 107.194 90.413 -4.500
v 102.493 88.795 -4.500
v 97.800 87.454 -4.500
v 93.148 86.346 -4.500
v 88.569 85.430 -4.500
v 84.095 84.665 -4.500
v 79.759 84.011 -4.494
v 75.594 83.429 -3.725
v 71.636 82.881 -3.023
v 67.922 82.332 -2.390
v 64.494 81.747 -1.827
v 61.397 81.099 -1.336
v 58.573 80.339 -0.903
v 57.142 79.902 -0.689
v 55.619 79.451 -0.466
v 54.093 79.013 -0.246
v 52.563 78.586 -0.029
v 51.030 78.172 0.183
v 49.494 77.769 0.392
v 47.955 77.380 0.597
v 46.412 77.002 0.799
v 44.867 76.637 0.996
v 43.319 76.284 1.190
v 41.767 75.944 1.379
v 40.214 75.616 1.565
v 38.657 75.301 1.747
v 37.099 74.998 1.924
v 35.537 74.707 2.098
v 33.974 74.429 2.268
v 32.408 74.163 2.433
v 30.841 73.910 2.594
v 29.271 73.670 2.752
v 27.699 73.442 2.905
v 26.126 73.227 3.053
v 24.551 73.024 3.198
v 22.974 72.834 3.338
v 21.396 72.656 3.474
v 19.817 72.492 3.606
v 18.236 72.339 3.733
v 16.654 72.200 3.856
v 15.071 72.073 3.975
v 13.488 71.959 4.089
v 11.903 71.857 4.199
v 10.317 71.768 4.305
v 8.731 71.692 4.406
v 7.144 71.629 4.502
v 5.557 71.578 4.594
v 3.970 71.540 4.682
v 2.382 71.514 4.765
v 0.794 71.502 4.844
v -0.794 71.502 4.919
v -2.382 71.514 4.988
v -3.970 71.540 5.054
v -5.557 71.578 5.115
v -7.144 71.629 5.171
v -8.731 71.692 5.223
v -10.317 71.768 5.271
v -11.903 71.857 5.314
v -13.488 71.959 5.352
v -15.071 72.073 5.386
v -16.654 72.200 5.416
v -18.236 72.339 5.441
v -19.817 72.492 5.462
v -21.396 72.656 5.478
v -22.974 72.834 5.490
v -24.551 73.024 5.497
v -26.126 73.227 5.500
v -27.699 73.442 5.498
v -29.271 73.670 5.493
v -30.841 73.910 5.482
v -32.408 74.163 5.468
v -33.974 74.429 5.449
v -35.537 74.707 5.426
v -37.099 74.998 5.398
v -38.657 75.301 5.367
v -40.214 75.616 5.331
v -41.767 75.944 5.291
v -43.319 76.284 5.246
v -44.867 76.637 5.197
v -46.412 77.002 5.145
v -47.955 77.380 5.088
v -49.494 77.769 5.027
v -51.030 78.172 4.962
v -52.563 78.586 4.893
v -54.093 79.013 4.820
v -55.619 79.451 4.743
v -57.142 79.902 4.662
v -58.661 80.366 4.577
v -60.176 80.841 4.488
v -61.687 81.328 4.396
v -63.195 81.828 4.299
v -64.698 82.340 4.199
v -66.197 82.863 4.095
v -67.692 83.399 3.988
v -69.183 83.946 3.877
v -70.669 84.506 3.762
v -72.151 85.077 3.644
v -73.628 85.660 3.522
v -75.100 86.255 3.396
v -76.568 86.862 3.268
v -78.030 87.480 3.136
v -79.488 88.110 3.000
v -80.797 88.689 2.876
v -85.053 90.264 2.449
v -89.324 91.235 1.988
v -93.686 91.641 1.485
v -98.064 91.474 0.945
v -102.382 90.737 0.380
v -106.567 89.443 -0.200
v -110.548 87.613 -0.780
v -114.255 85.280 -1.345
v -117.626 82.482 -1.881
v -120.604 79.269 -2.370
v -123.136 75.694 -2.799
v -125.180 71.819 -3.154
v -126.701 67.711 -3.422
v -127.673 63.439 -3.596
v -128.078 59.078 -3.669
v -127.911 54.700 -3.639
v -127.174 50.382 -3.507
v -125.880 46.197 -3.277
v -124.050 42.216 -2.957
v -121.717 38.509 -2.558
v -118.919 35.137 -2.092
v -115.706 32.160 -1.573
v -112.131 29.628 -1.018
v -108.884 25.968 -0.192
v -107.007 25.139 0.080
v -105.045 24.290 0.357
v -103.076 23.458 0.628
v -101.100 22.641 0.894
v -99.118 21.840 1.153
v -97.130 21.055 1.406
v -95.135 20.286 1.652
v -93.134 19.533 1.893
v -91.128 18.796 2.127
v -89.115 18.075 2.354
v -87.097 17.370 2.575
v -85.073 16.682 2.789
v -83.044 16.009 2.997
v -81.009 15.353 3.198
v -78.970 14.713 3.392
v -76.925 14.089 3.578
v -74.875 13.482 3.758
v -72.820 12.891 3.931
v -70.761 12.317 4.097
v -68.698 11.759 4.256
v -66.629 11.218 4.407
v -64.557 10.693 4.551
v -62.481 10.185 4.688
v -60.400 9.694 4.817
v -58.316 9.219 4.939
v -56.228 8.761 5.053
v -54.136 8.319 5.160
v -52.041 7.894 5.259
v -49.942 7.486 5.351
v -47.841 7.095 5.435
v -45.736 6.721 5.511
v -43.628 6.364 5.579
v -41.518 6.023 5.640
v -39.405 5.699 5.693
v -37.289 5.392 5.737
v -35.171 5.103 5.774
v -33.051 4.830 5.803
v -30.928 4.574 5.824
v -28.804 4.335 5.837
v -26.678 4.113 5.842
v -24.550 3.908 5.840
v -22.420 3.720 5.829
v -20.289 3.549 5.809
v -18.157 3.396 5.782
v -16.024 3.259 5.747
v -13.889 3.139 5.704
v -11.754 3.037 5.652
v -9.618 2.951 5.593
v -7.481 2.883 5.525
v -5.344 2.831 5.449
v -3.207 2.797 5.366
v -1.069 2.780 5.274
v 1.069 2.780 5.173
v 3.207 2.797 5.065
v 5.344 2.831 4.949
v 7.481 2.883 4.825
v 9.618 2.951 4.692
v 11.754 3.037 4.552
v 13.889 3.139 4.403
v 16.024 3.259 4.247
v 18.157 3.396 4.082
v 20.289 3.549 3.909
v 22.420 3.720 3.729
v 24.550 3.908 3.541
v 26.678 4.113 3.344
v 28.804 4.335 3.140
v 30.928 4.574 2.928
v 33.051 4.830 2.708
v 35.171 5.103 2.481
v 37.289 5.392 2.245
v 39.405 5.699 2.003
v 41.518 6.023 1.752
v 43.628 6.364 1.494
v 45.736 6.721 1.228
v 47.841 7.095 0.955
v 49.942 7.486 0.674
v 52.041 7.894 0.386
v 54.136 8.319 0.091
v 56.228 8.761 -0.212
v 58.316 9.219 -0.522
v 60.400 9.694 -0.839
v 62.481 10.185 -1.163
v 64.557 10.693 -1.494
v 66.629 11.218 -1.832
v 68.698 11.759 -2.177
v 70.761 12.317 -2.529
v 72.820 12.891 -2.888
v 74.875 13.482 -3.253
v 76.925 14.089 -3.625
v 78.895 14.690 -3.989
v 81.333 15.609 -4.157
v 83.815 16.858 -4.157
v 86.408 18.466 -4.157
v 89.099 20.423 -4.157
v 91.876 22.717 -4.157
v 94.730 25.335 -4.157
v 97.652 28.261 -4.157
v 100.636 31.482 -4.157
v 103.675 34.981 -4.157
v 106.766 38.744 -4.157
v 109.902 42.755 -4.157
v 113.081 47.001 -4.157
v 116.299 51.465 -4.157
v 119.551 56.134 -4.157
v 122.836 60.993 -4.157
v 126.148 66.027 -4.157
v 129.486 71.222 -4.157
v 132.846 76.564 -4.157
v 136.225 82.038 -4.157
v 139.620 87.629 -4.157
v 143.029 93.324 -4.157
v 146.448 99.109 -4.157
v 149.875 104.969 -4.157
v 151.913 108.486 -4.157
v 144.797 112.594 -4.157
v 138.247 116.375 -4.157
v 137.567 116.768 -4.157
v 135.780 113.982 -4.157
v 132.197 109.418 -4.157
v 128.354 105.388 -4.157
v 124.290 101.859 -4.157
v 120.043 98.796 -4.157
v 115.652 96.162 -4.157
v 111.153 93.919 -4.157
v 106.583 92.024 -4.157
v 101.976 90.439 -4.157
v 97.364 89.120 -4.157
v 92.780 88.029 -4.157
v 88.255 87.124 -4.157
v 83.822 86.366 -4.157
v 79.511 85.715 -4.105
v 75.357 85.135 -3.340
v 71.392 84.586 -2.638
v 67.651 84.032 -2.002
v 64.173 83.439 -1.432
v 60.996 82.775 -0.931
v 58.097 81.994 -0.489
v 56.646 81.552 -0.273
v 55.137 81.105 -0.053
v 53.624 80.669 0.164
v 52.107 80.247 0.377
v 50.588 79.836 0.586
v 49.065 79.437 0.792
v 47.539 79.051 0.994
v 46.010 78.677 1.193
v 44.478 78.315 1.388
v 42.943 77.965 1.578
v 41.405 77.628 1.766
v 39.865 77.302 1.949
v 38.322 76.990 2.128
v 36.777 76.689 2.303
v 35.229 76.401 2.474
v 33.679 76.126 2.642
v 32.127 75.862 2.805
v 30.573 75.612 2.964
v 29.017 75.373 3.119
v 27.459 75.147 3.270
v 25.899 74.934 3.417
v 24.338 74.733 3.560
v 22.775 74.544 3.698
v 21.211 74.369 3.832
v 19.645 74.205 3.962
v 18.078 74.054 4.088
v 16.510 73.916 4.210
v 14.941 73.790 4.327
v 13.371 73.677 4.440
v 11.800 73.576 4.549
v 10.228 73.488 4.653
v 8.655 73.413 4.753
v 7.082 73.350 4.848
v 5.509 73.299 4.940
v 3.935 73.261 5.027
v 2.361 73.236 5.109
v 0.787 73.224 5.187
v -0.787 73.224 5.261
v -2.361 73.236 5.330
v -3.935 73.261 5.395
v -5.509 73.299 5.456
v -7.082 73.350 5.512
v -8.655 73.413 5.563
v -10.228 73.488 5.611
v -11.800 73.576 5.654
v -13.371 73.677 5.692
v -14.941 73.790 5.726
v -16.510 73.916 5.756
v -18.078 74.054 5.781
v -19.645 74.205 5.802
v -21.211 74.369 5.819
v -22.775 74.544 5.831
v -24.338 74.733 5.839
v -25.899 74.934 5.842
v -27.459 75.147 5.842
v -29.017 75.373 5.836
v -30.573 75.612 5.827
v -32.127 75.862 5.813
v -33.679 76.126 5.796
v -35.229 76.401 5.773
v -36.777 76.689 5.747
v -38.322 76.990 5.716
v -39.865 77.302 5.682
v -41.405 77.628 5.643
v -42.943 77.965 5.600
v -44.478 78.315 5.553
v -46.010 78.677 5.501
v -47.539 79.051 5.446
v -49.065 79.437 5.387
v -50.588 79.836 5.324
v -52.107 80.247 5.256
v -53.624 80.669 5.185
v -55.137 81.105 5.110
v -56.646 81.552 5.031
v -58.152 82.011 4.948
v -59.654 82.482 4.862
v -61.152 82.965 4.771
v -62.646 83.460 4.677
v -64.137 83.968 4.579
v -65.623 84.487 4.478
v -67.105 85.018 4.373
v -68.583 85.560 4.264
v -70.056 86.115 4.152
v -71.525 86.681 4.037
v -72.989 87.259 3.917
v -74.449 87.849 3.795
v -75.903 88.450 3.669
v -77.353 89.063 3.540
v -78.798 89.688 3.407
v -80.150 90.285 3.280
v -84.561 91.918 2.842
v -89.052 92.940 2.361
v -93.639 93.366 1.833
v -98.242 93.191 1.265
v -102.783 92.416 0.668
v -107.184 91.055 0.055
v -111.369 89.131 -0.561
v -115.268 86.677 -1.162
v -118.813 83.735 -1.732
v -121.944 80.356 -2.253
v -124.606 76.597 -2.711
v -126.756 72.523 -3.089
v -128.355 68.203 -3.376
v -129.377 63.711 -3.562
v -129.803 59.125 -3.640
v -129.628 54.522 -3.608
v -128.853 49.981 -3.467
v -127.492 45.580 -3.221
v -125.568 41.394 -2.879
v -123.114 37.496 -2.453
v -120.172 33.951 -1.956
v -116.793 30.820 -1.404
v -113.034 28.157 -0.814
v -109.521 24.653 0.690
v -107.592 23.801 0.972
v -105.619 22.948 1.252
v -103.639 22.111 1.527
v -101.653 21.290 1.796
v -99.660 20.485 2.058
v -97.660 19.695 2.314
v -95.655 18.922 2.564
v -93.643 18.165 2.808
v -91.625 17.424 3.045
v -89.602 16.699 3.275
v -87.573 15.990 3.499
v -85.538 15.298 3.716
v -83.498 14.622 3.927
v -81.452 13.962 4.130
v -79.401 13.318 4.327
v -77.345 12.691 4.516
v -75.284 12.081 4.699
v -73.218 11.487 4.874
v -71.148 10.909 5.042
v -69.073 10.348 5.203
v -66.994 9.804 5.357
v -64.910 9.277 5.503
v -62.822 8.766 5.641
v -60.730 8.271 5.773
v -58.634 7.794 5.896
v -56.535 7.333 6.013
v -54.432 6.889 6.121
v -52.325 6.462 6.222
v -50.215 6.052 6.315
v -48.102 5.659 6.400
v -45.986 5.283 6.478
v -43.867 4.923 6.547
v -41.745 4.581 6.609
v -39.620 4.255 6.663
v -37.493 3.947 6.709
v -35.363 3.655 6.747
v -33.231 3.381 6.777
v -31.097 3.124 6.798
v -28.961 2.883 6.812
v -26.823 2.660 6.818
v -24.684 2.454 6.815
v -22.543 2.265 6.805
v -20.400 2.094 6.786
v -18.256 1.939 6.759
v -16.111 1.802 6.724
v -13.965 1.681 6.681
v -11.818 1.578 6.630
v -9.670 1.492 6.570
v -7.522 1.423 6.502
v -5.373 1.372 6.426
v -3.224 1.337 6.342
v -1.075 1.320 6.249
v 1.075 1.320 6.149
v 3.224 1.337 6.040
v 5.373 1.372 5.923
v 7.522 1.423 5.798
v 9.670 1.492 5.664
v 11.818 1.578 5.523
v 13.965 1.681 5.373
v 16.111 1.802 5.215
v 18.256 1.939 5.050
v 20.400 2.094 4.876
v 22.543 2.265 4.694
v 24.684 2.454 4.504
v 26.823 2.660 4.306
v 28.961 2.883 4.100
v 31.097 3.124 3.886
v 33.231 3.381 3.665
v 35.363 3.655 3.435
v 37.493 3.947 3.198
v 39.620 4.255 2.953
v 41.745 4.581 2.700
v 43.867 4.923 2.440
v 45.986 5.283 2.172
v 48.102 5.659 1.896
v 50.215 6.052 1.613
v 52.325 6.462 1.322
v 54.432 6.889 1.024
v 56.535 7.333 0.718
v 58.634 7.794 0.406
v 60.730 8.271 0.086
v 62.822 8.766 -0.241
v 64.910 9.277 -0.576
v 66.994 9.804 -0.917
v 69.073 10.348 -1.265
v 71.148 10.909 -1.620
v 73.218 11.487 -1.982
v 75.284 12.081 -2.351
v 77.345 12.691 -2.727
v 79.365 13.307 -3.102
v 81.920 14.270 -3.182
v 84.529 15.583 -3.182
v 87.223 17.254 -3.182
v 89.994 19.269 -3.182
v 92.835 21.616 -3.182
v 95.740 24.281 -3.182
v 98.704 27.249 -3.182
v 101.723 30.507 -3.182
v 104.791 34.039 -3.182
v 107.905 37.831 -3.182
v 111.062 41.868 -3.182
v 114.258 46.136 -3.182
v 117.490 50.621 -3.182
v 120.755 55.308 -3.182
v 124.050 60.183 -3.182
v 127.372 65.231 -3.182
v 130.718 70.439 -3.182
v 134.085 75.792 -3.182
v 137.470 81.275 -3.182
v 140.870 86.875 -3.182
v 144.284 92.578 -3.182
v 147.706 98.369 -3.182
v 151.136 104.234 -3.182
v 153.910 109.019 -3.182
v 145.527 113.859 -3.182
v 138.977 117.640 -3.182
v 137.090 118.730 -3.182
v 134.589 114.828 -3.182
v 131.092 110.375 -3.182
v 127.345 106.445 -3.182
v 123.383 103.004 -3.182
v 119.239 100.016 -3.182
v 114.950 97.443 -3.182
v 110.547 95.248 -3.182
v 106.066 93.390 -3.182
v 101.537 91.832 -3.182
v 96.994 90.533 -3.182
v 92.468 89.455 -3.182
v 87.989 88.559 -3.182
v 83.590 87.807 -3.182
v 79.302 87.160 -3.090
v 75.156 86.581 -2.328
v 71.185 86.031 -1.627
v 67.422 85.474 -0.988
v 63.901 84.874 -0.413
v 60.657 84.195 0.097
v 57.695 83.398 0.547
v 56.226 82.950 0.764
v 54.728 82.506 0.981
v 53.226 82.074 1.195
v 51.721 81.654 1.406
v 50.212 81.247 1.613
v 48.701 80.851 1.816
v 47.186 80.467 2.016
v 45.668 80.096 2.212
v 44.148 79.737 2.404
v 42.624 79.390 2.593
v 41.098 79.055 2.778
v 39.569 78.732 2.959
v 38.038 78.422 3.136
v 36.504 78.123 3.309
v 34.968 77.838 3.478
v 33.429 77.564 3.644
v 31.889 77.303 3.805
v 30.346 77.054 3.962
v 28.802 76.817 4.116
v 27.255 76.593 4.265
v 25.707 76.381 4.410
v 24.157 76.182 4.551
v 22.606 75.995 4.688
v 21.053 75.820 4.821
v 19.499 75.658 4.950
v 17.944 75.508 5.074
v 16.387 75.371 5.195
v 14.830 75.246 5.311
v 13.271 75.133 5.422
v 11.712 75.033 5.530
v 10.152 74.946 5.633
v 8.591 74.871 5.732
v 7.030 74.809 5.827
v 5.468 74.759 5.917
v 3.906 74.721 6.004
v 2.344 74.696 6.085
v 0.781 74.684 6.163
v -0.781 74.684 6.236
v -2.344 74.696 6.305
v -3.906 74.721 6.369
v -5.468 74.759 6.430
v -7.030 74.809 6.485
v -8.591 74.871 6.537
v -10.152 74.946 6.584
v -11.712 75.033 6.627
v -13.271 75.133 6.665
v -14.830 75.246 6.699
v -16.387 75.371 6.729
v -17.944 75.508 6.755
v -19.499 75.658 6.776
v -21.053 75.820 6.793
v -22.606 75.995 6.805
v -24.157 76.182 6.814
v -25.707 76.381 6.818
v -27.255 76.593 6.817
v -28.802 76.817 6.813
v -30.346 77.054 6.804
v -31.889 77.303 6.791
v -33.429 77.564 6.774
v -34.968 77.838 6.753
v -36.504 78.123 6.727
v -38.038 78.422 6.698
v -39.569 78.732 6.664
v -41.098 79.055 6.626
v -42.624 79.390 6.585
v -44.148 79.737 6.539
v -45.668 80.096 6.489
v -47.186 80.467 6.435
v -48.701 80.851 6.377
v -50.212 81.247 6.315
v -51.721 81.654 6.249
v -53.226 82.074 6.180
v -54.728 82.506 6.106
v -56.226 82.950 6.029
v -57.720 83.406 5.948
v -59.211 83.873 5.863
v -60.698 84.353 5.775
v -62.182 84.844 5.682
v -63.661 85.348 5.587
v -65.136 85.863 5.487
v -66.607 86.390 5.384
v -68.074 86.929 5.278
v -69.536 87.479 5.168
v -70.994 88.041 5.054
v -72.447 88.615 4.937
v -73.896 89.200 4.817
v -75.340 89.797 4.694
v -76.779 90.406 4.567
v -78.214 91.026 4.437
v -79.601 91.639 4.308
v -84.144 93.320 3.861
v -88.822 94.384 3.362
v -93.599 94.829 2.813
v -98.394 94.646 2.221
v -103.123 93.839 1.597
v -107.707 92.421 0.955
v -112.066 90.417 0.309
v -116.127 87.862 -0.322
v -119.819 84.798 -0.922
v -123.080 81.278 -1.472
v -125.853 77.363 -1.954
v -128.092 73.120 -2.353
v -129.757 68.620 -2.656
v -130.822 63.942 -2.852
v -131.266 59.165 -2.935
v -131.083 54.370 -2.901
v -130.276 49.641 -2.752
v -128.858 45.057 -2.492
v -126.854 40.698 -2.132
v -124.299 36.637 -1.682
v -121.235 32.945 -1.158
v -117.715 29.684 -0.577
v -113.800 26.911 0.043
v -109.946 23.775 2.088
v -107.982 22.907 2.375
v -106.002 22.051 2.658
v -104.015 21.211 2.935
v -102.022 20.387 3.206
v -100.021 19.579 3.471
v -98.015 18.787 3.729
v -96.002 18.010 3.981
v -93.983 17.250 4.227
v -91.958 16.507 4.466
v -89.927 15.779 4.699
v -87.891 15.068 4.924
v -85.848 14.373 5.144
v -83.801 13.694 5.356
v -81.748 13.032 5.561
v -79.689 12.386 5.759
v -77.626 11.757 5.951
v -75.557 11.144 6.135
v -73.484 10.548 6.312
v -71.406 9.969 6.481
v -69.324 9.406 6.644
v -67.237 8.859 6.799
v -65.145 8.330 6.946
v -63.050 7.817 7.087
v -60.951 7.321 7.219
v -58.847 6.842 7.344
v -56.740 6.380 7.461
v -54.629 5.934 7.571
v -52.515 5.506 7.673
v -50.397 5.094 7.767
v -48.277 4.699 7.853
v -46.153 4.321 7.932
v -44.026 3.961 8.002
v -41.896 3.617 8.065
v -39.764 3.290 8.119
v -37.629 2.981 8.166
v -35.492 2.688 8.205
v -33.352 2.413 8.235
v -31.210 2.155 8.257
v -29.066 1.914 8.272
v -26.921 1.690 8.278
v -24.774 1.483 8.276
v -22.625 1.293 8.265
v -20.474 1.121 8.247
v -18.323 0.966 8.220
v -16.170 0.828 8.185
v -14.016 0.707 8.142
v -11.861 0.604 8.091
v -9.706 0.517 8.031
v -7.549 0.448 7.963
v -5.393 0.396 7.887
v -3.236 0.362 7.802
v -1.079 0.345 7.709
v 1.079 0.345 7.608
v 3.236 0.362 7.499
v 5.393 0.396 7.382
v 7.549 0.448 7.256
v 9.706 0.517 7.122
v 11.861 0.604 6.980
v 14.016 0.707 6.829
v 16.170 0.828 6.671
v 18.323 0.966 6.504
v 20.474 1.121 6.330
v 22.625 1.293 6.147
v 24.774 1.483 5.956
v 26.921 1.690 5.757
v 29.066 1.914 5.550
v 31.210 2.155 5.335
v 33.352 2.413 5.112
v 35.492 2.688 4.881
v 37.629 2.981 4.642
v 39.764 3.290 4.396
v 41.896 3.617 4.142
v 44.026 3.961 3.880
v 46.153 4.321 3.610
v 48.277 4.699 3.333
v 50.397 5.094 3.048
v 52.515 5.506 2.755
v 54.629 5.934 2.455
v 56.740 6.380 2.148
v 58.847 6.842 1.833
v 60.951 7.321 1.512
v 63.050 7.817 1.182
v 65.145 8.330 0.846
v 67.237 8.859 0.503
v 69.324 9.406 0.152
v 71.406 9.969 -0.205
v 73.484 10.548 -0.570
v 75.557 11.144 -0.941
v 77.626 11.757 -1.319
v 79.680 12.384 -1.701
v 82.313 13.375 -1.722
v 85.007 14.732 -1.722
v 87.768 16.444 -1.722
v 90.592 18.498 -1.722
v 93.476 20.880 -1.722
v 96.416 23.576 -1.722
v 99.408 26.573 -1.722
v 102.449 29.855 -1.722
v 105.536 33.409 -1.722
v 108.666 37.221 -1.722
v 111.837 41.275 -1.722
v 115.044 45.559 -1.722
v 118.286 50.057 -1.722
v 121.560 54.756 -1.722
v 124.862 59.642 -1.722
v 128.190 64.700 -1.722
v 131.541 69.916 -1.722
v 134.913 75.276 -1.722
v 138.302 80.766 -1.722
v 141.706 86.372 -1.722
v 145.122 92.079 -1.722
v 148.547 97.875 -1.722
v 151.979 103.743 -1.722
v 155.244 109.375 -1.722
v 146.014 114.703 -1.722
v 139.465 118.485 -1.722
v 136.771 120.040 -1.722
v 133.792 115.394 -1.722
v 130.353 111.014 -1.722
v 126.671 107.151 -1.722
v 122.776 103.770 -1.722
v 118.702 100.831 -1.722
v 114.480 98.299 -1.722
v 110.142 96.136 -1.722
v 105.720 94.303 -1.722
v 101.244 92.762 -1.722
v 96.747 91.477 -1.722
v 92.259 90.408 -1.722
v 87.811 89.519 -1.722
v 83.435 88.770 -1.722
v 79.161 88.125 -1.604
v 75.021 87.547 -0.844
v 71.047 86.997 -0.143
v 67.269 86.438 0.497
v 63.719 85.832 1.076
v 60.430 85.145 1.592
v 57.425 84.335 2.047
v 55.945 83.884 2.265
v 54.454 83.442 2.481
v 52.960 83.013 2.693
v 51.463 82.595 2.902
v 49.962 82.189 3.107
v 48.458 81.796 3.309
v 46.950 81.414 3.507
v 45.440 81.044 3.701
v 43.927 80.687 3.892
v 42.411 80.342 4.079
v 40.893 80.008 4.262
v 39.371 79.687 4.442
v 37.848 79.378 4.617
v 36.322 79.082 4.789
v 34.793 78.797 4.957
v 33.262 78.525 5.121
v 31.729 78.265 5.281
v 30.195 78.017 5.438
v 28.658 77.782 5.590
v 27.119 77.559 5.738
v 25.579 77.348 5.882
v 24.037 77.150 6.022
v 22.493 76.964 6.158
v 20.948 76.790 6.290
v 19.402 76.628 6.418
v 17.854 76.479 6.541
v 16.306 76.343 6.661
v 14.756 76.218 6.776
v 13.205 76.107 6.887
v 11.654 76.007 6.994
v 10.101 75.920 7.096
v 8.548 75.846 7.195
v 6.995 75.783 7.289
v 5.441 75.734 7.379
v 3.887 75.696 7.465
v 2.332 75.671 7.546
v 0.777 75.659 7.623
v -0.777 75.659 7.696
v -2.332 75.671 7.764
v -3.887 75.696 7.829
v -5.441 75.734 7.888
v -6.995 75.783 7.944
v -8.548 75.846 7.995
v -10.101 75.920 8.042
v -11.654 76.007 8.085
v -13.205 76.107 8.124
v -14.756 76.218 8.158
v -16.306 76.343 8.188
v -17.854 76.479 8.213
v -19.402 76.628 8.235
v -20.948 76.790 8.252
v -22.493 76.964 8.264
v -24.037 77.150 8.273
v -25.579 77.348 8.277
v -27.119 77.559 8.277
v -28.658 77.782 8.273
v -30.195 78.017 8.265
v -31.729 78.265 8.253
v -33.262 78.525 8.236
v -34.793 78.797 8.215
v -36.322 79.082 8.191
v -37.848 79.378 8.162
v -39.371 79.687 8.129
v -40.893 80.008 8.092
v -42.411 80.342 8.051
v -43.927 80.687 8.005
v -45.440 81.044 7.956
v -46.950 81.414 7.903
v -48.458 81.796 7.846
v -49.962 82.189 7.786
v -51.463 82.595 7.721
v -52.960 83.013 7.652
v -54.454 83.442 7.580
v -55.945 83.884 7.504
v -57.432 84.337 7.424
v -58.916 84.803 7.340
v -60.395 85.280 7.253
v -61.871 85.769 7.162
v -63.343 86.270 7.067
v -64.811 86.783 6.969
v -66.274 87.307 6.868
v -67.734 87.843 6.763
v -69.189 88.391 6.654
v -70.640 88.950 6.542
v -72.086 89.521 6.427
v -73.527 90.103 6.308
v -74.964 90.697 6.186
v -76.396 91.303 6.061
v -77.823 91.920 5.933
v -79.234 92.543 5.802
v -83.865 94.257 5.349
v -88.668 95.350 4.839
v -93.572 95.806 4.276
v -98.495 95.618 3.668
v -103.350 94.789 3.026
v -108.056 93.334 2.364
v -112.532 91.277 1.698
v -116.700 88.653 1.046
v -120.491 85.508 0.426
v -123.839 81.894 -0.142
v -126.686 77.875 -0.642
v -128.984 73.518 -1.055
v -130.694 68.899 -1.369
v -131.787 64.096 -1.572
v -132.243 59.191 -1.658
v -132.055 54.269 -1.622
v -131.227 49.414 -1.468
v -129.771 44.708 -1.199
v -127.714 40.232 -0.825
v -125.090 36.063 -0.360
v -121.945 32.273 0.182
v -118.331 28.925 0.783
v -114.312 26.078 1.424
v -110.095 23.466 3.787
v -108.120 22.593 4.077
v -106.137 21.736 4.361
v -104.147 20.895 4.639
v -102.151 20.070 4.911
v -100.149 19.261 5.176
v -98.139 18.467 5.436
v -96.124 17.690 5.688
v -94.103 16.929 5.935
v -92.075 16.185 6.175
v -90.042 15.456 6.408
v -88.002 14.744 6.634
v -85.957 14.048 6.854
v -83.907 13.369 7.067
v -81.851 12.706 7.273
v -79.790 12.059 7.472
v -77.724 11.429 7.664
v -75.653 10.816 7.848
v -73.577 10.219 8.026
v -71.497 9.638 8.196
v -69.412 9.075 8.359
v -67.322 8.528 8.515
v -65.228 7.998 8.663
v -63.130 7.484 8.803
v -61.028 6.987 8.936
v -58.922 6.508 9.062
v -56.812 6.045 9.180
v -54.699 5.599 9.290
v -52.582 5.170 9.392
v -50.462 4.757 9.486
v -48.338 4.362 9.573
v -46.211 3.984 9.652
v -44.082 3.623 9.723
v -41.949 3.279 9.786
v -39.814 2.952 9.840
v -37.677 2.642 9.887
v -35.537 2.349 9.926
v -33.394 2.073 9.957
v -31.250 1.815 9.979
v -29.103 1.573 9.994
v -26.955 1.349 10.000
v -24.805 1.142 9.998
v -22.653 0.952 9.988
v -20.500 0.779 9.969
v -18.346 0.624 9.943
v -16.190 0.486 9.908
v -14.034 0.365 9.864
v -11.876 0.261 9.813
v -9.718 0.175 9.753
v -7.559 0.106 9.685
v -5.400 0.054 9.609
v -3.240 0.019 9.524
v -1.080 0.002 9.432
v 1.080 0.002 9.330
v 3.240 0.019 9.221
v 5.400 0.054 9.103
v 7.559 0.106 8.977
v 9.718 0.175 8.843
v 11.876 0.261 8.701
v 14.034 0.365 8.550
v 16.190 0.486 8.391
v 18.346 0.624 8.225
v 20.500 0.779 8.049
v 22.653 0.952 7.866
v 24.805 1.142 7.675
v 26.955 1.349 7.476
v 29.103 1.573 7.268
v 31.250 1.815 7.053
v 33.394 2.073 6.829
v 35.537 2.349 6.598
v 37.677 2.642 6.359
v 39.814 2.952 6.112
v 41.949 3.279 5.857
v 44.082 3.623 5.595
v 46.211 3.984 5.324
v 48.338 4.362 5.047
v 50.462 4.757 4.761
v 52.582 5.170 4.468
v 54.699 5.599 4.168
v 56.812 6.045 3.860
v 58.922 6.508 3.544
v 61.028 6.987 3.222
v 63.130 7.484 2.892
v 65.228 7.998 2.555
v 67.322 8.528 2.210
v 69.412 9.075 1.859
v 71.497 9.638 1.501
v 73.577 10.219 1.136
v 75.653 10.816 0.764
v 77.724 11.429 0.385
v 79.790 12.059 0.000
v 82.450 13.061 0.000
v 85.174 14.433 0.000
v 87.959 16.159 0.000
v 90.802 18.227 0.000
v 93.701 20.621 0.000
v 96.653 23.329 0.000
v 99.655 26.335 0.000
v 102.704 29.626 0.000
v 105.798 33.188 0.000
v 108.934 37.006 0.000
v 112.109 41.067 0.000
v 115.320 45.356 0.000
v 118.566 49.859 0.000
v 121.842 54.562 0.000
v 125.147 59.452 0.000
v 128.477 64.513 0.000
v 131.830 69.732 0.000
v 135.203 75.095 0.000
v 138.594 80.587 0.000
v 141.999 86.195 0.000
v 145.416 91.904 0.000
v 148.843 97.701 0.000
v 152.275 103.571 0.000
v 155.712 109.500 0.000
v 146.186 115.000 0.000
v 139.636 118.781 0.000
v 136.659 120.500 0.000
v 133.513 115.593 0.000
v 130.094 111.238 0.000
v 126.434 107.399 0.000
v 122.564 104.038 0.000
v 118.514 101.118 0.000
v 114.316 98.600 0.000
v 110.000 96.448 0.000
v 105.599 94.623 0.000
v 101.142 93.089 0.000
v 96.660 91.808 0.000
v 92.186 90.743 0.000
v 87.749 89.855 0.000
v 83.380 89.108 0.000
v 79.112 88.464 0.127
v 74.974 87.886 0.887
v 70.998 87.336 1.587
v 67.215 86.776 2.228
v 63.655 86.169 2.808
v 60.350 85.478 3.326
v 57.331 84.665 3.783
v 55.846 84.212 4.001
v 54.358 83.771 4.216
v 52.867 83.342 4.428
v 51.372 82.925 4.636
v 49.874 82.520 4.841
v 48.372 82.127 5.042
v 46.868 81.746 5.240
v 45.360 81.377 5.433
v 43.850 81.021 5.624
v 42.337 80.676 5.810
v 40.821 80.343 5.993
v 39.302 80.023 6.172
v 37.781 79.714 6.347
v 36.258 79.418 6.519
v 34.732 79.134 6.686
v 33.204 78.863 6.850
v 31.674 78.603 7.009
v 30.141 78.356 7.165
v 28.607 78.121 7.317
v 27.071 77.898 7.465
v 25.534 77.688 7.608
v 23.994 77.490 7.748
v 22.454 77.304 7.884
v 20.911 77.130 8.015
v 19.368 76.969 8.143
v 17.823 76.820 8.266
v 16.277 76.684 8.385
v 14.730 76.560 8.500
v 13.182 76.448 8.611
v 11.633 76.349 8.717
v 10.083 76.262 8.820
v 8.533 76.188 8.918
v 6.982 76.126 9.012
v 5.431 76.076 9.102
v 3.880 76.039 9.187
v 2.328 76.014 9.268
v 0.776 76.002 9.345
v -0.776 76.002 9.418
v -2.328 76.014 9.486
v -3.880 76.039 9.550
v -5.431 76.076 9.610
v -6.982 76.126 9.666
v -8.533 76.188 9.717
v -10.083 76.262 9.764
v -11.633 76.349 9.807
v -13.182 76.448 9.845
v -14.730 76.560 9.879
v -16.277 76.684 9.909
v -17.823 76.820 9.935
v -19.368 76.969 9.956
v -20.911 77.130 9.973
v -22.454 77.304 9.986
v -23.994 77.490 9.995
v -25.534 77.688 9.999
v -27.071 77.898 10.000
v -28.607 78.121 9.996
v -30.141 78.356 9.988
v -31.674 78.603 9.975
v -33.204 78.863 9.959
v -34.732 79.134 9.938
v -36.258 79.418 9.914
v -37.781 79.714 9.885
v -39.302 80.023 9.852
v -40.821 80.343 9.816
v -42.337 80.676 9.775
v -43.850 81.021 9.730
v -45.360 81.377 9.681
v -46.868 81.746 9.628
v -48.372 82.127 9.572
v -49.874 82.520 9.511
v -51.372 82.925 9.447
v -52.867 83.342 9.379
v -54.358 83.771 9.307
v -55.846 84.212 9.231
v -57.331 84.665 9.151
v -58.812 85.129 9.068
v -60.289 85.606 8.981
v -61.762 86.094 8.891
v -63.231 86.594 8.797
v -64.696 87.106 8.699
v -66.158 87.629 8.598
v -67.614 88.164 8.493
v -69.067 88.711 8.385
v -70.515 89.269 8.274
v -71.959 89.839 8.159
v -73.398 90.420 8.041
v -74.832 91.013 7.920
v -76.261 91.618 7.795
v -77.686 92.234 7.667
v -79.106 92.861 7.536
v -83.767 94.586 7.081
v -88.614 95.689 6.567
v -93.563 96.149 5.999
v -98.530 95.960 5.386
v -103.430 95.123 4.738
v -108.179 93.655 4.069
v -112.695 91.579 3.396
v -116.902 88.931 2.736
v -120.727 85.757 2.109
v -124.105 82.111 1.534
v -126.978 78.055 1.028
v -129.298 73.658 0.610
v -131.023 68.997 0.292
v -132.126 64.150 0.087
v -132.586 59.201 0.000
v -132.397 54.234 0.036
v -131.560 49.334 0.192
v -130.092 44.585 0.464
v -128.016 40.069 0.842
v -125.368 35.862 1.313
v -122.194 32.037 1.862
v -118.548 28.659 2.469
v -114.492 25.785 3.118
v -109.946 23.775 5.532
v -107.982 22.907 5.819
v -106.002 22.051 6.102
v -104.015 21.211 6.379
v -102.022 20.387 6.650
v -100.021 19.579 6.915
v -98.015 18.787 7.173
v -96.002 18.010 7.426
v -93.983 17.250 7.671
v -91.958 16.507 7.910
v -89.927 15.779 8.143
v -87.891 15.068 8.369
v -85.848 14.373 8.588
v -83.801 13.694 8.800
v -81.748 13.032 9.005
v -79.689 12.386 9.203
v -77.626 11.757 9.395
v -75.557 11.144 9.579
v -73.484 10.548 9.756
v -71.406 9.969 9.926
v -69.324 9.406 10.088
v -67.237 8.859 10.243
v -65.145 8.330 10.391
v -63.050 7.817 10.531
v -60.951 7.321 10.663
v -58.847 6.842 10.788
v -56.740 6.380 10.906
v -54.629 5.934 11.015
v -52.515 5.506 11.117
v -50.397 5.094 11.211
v -48.277 4.699 11.298
v -46.153 4.321 11.376
v -44.026 3.961 11.446
v -41.896 3.617 11.509
v -39.764 3.290 11.564
v -37.629 2.981 11.610
v -35.492 2.688 11.649
v -33.352 2.413 11.679
v -31.210 2.155 11.702
v -29.066 1.914 11.716
v -26.921 1.690 11.722
v -24.774 1.483 11.720
v -22.625 1.293 11.709
v -20.474 1.121 11.691
v -18.323 0.966 11.664
v -16.170 0.828 11.629
v -14.016 0.707 11.586
v -11.861 0.604 11.535
v -9.706 0.517 11.475
v -7.549 0.448 11.407
v -5.393 0.396 11.331
v -3.236 0.362 11.246
v -1.079 0.345 11.154
v 1.079 0.345 11.053
v 3.236 0.362 10.943
v 5.393 0.396 10.826
v 7.549 0.448 10.700
v 9.706 0.517 10.566
v 11.861 0.604 10.424
v 14.016 0.707 10.274
v 16.170 0.828 10.115
v 18.323 0.966 9.948
v 20.474 1.121 9.774
v 22.625 1.293 9.591
v 24.774 1.483 9.400
v 26.921 1.690 9.201
v 29.066 1.914 8.994
v 31.210 2.155 8.779
v 33.352 2.413 8.556
v 35.492 2.688 8.325
v 37.629 2.981 8.087
v 39.764 3.290 7.840
v 41.896 3.617 7.586
v 44.026 3.961 7.324
v 46.153 4.321 7.054
v 48.277 4.699 6.777
v 50.397 5.094 6.492
v 52.515 5.506 6.199
v 54.629 5.934 5.900
v 56.740 6.380 5.592
v 58.847 6.842 5.278
v 60.951 7.321 4.956
v 63.050 7.817 4.627
v 65.145 8.330 4.290
v 67.237 8.859 3.947
v 69.324 9.406 3.596
v 71.406 9.969 3.239
v 73.484 10.548 2.875
v 75.557 11.144 2.503
v 77.626 11.757 2.126
v 79.680 12.384 1.743
v 82.313 13.375 1.722
v 85.007 14.732 1.722
v 87.768 16.444 1.722
v 90.592 18.498 1.722
v 93.476 20.880 1.722
v 96.416 23.576 1.722
v 99.408 26.573 1.722
v 102.449 29.855 1.722
v 105.536 33.409 1.722
v 108.666 37.221 1.722
v 111.837 41.275 1.722
v 115.044 45.559 1.722
v 118.286 50.057 1.722
v 121.560 54.756 1.722
v 124.862 59.642 1.722
v 128.190 64.700 1.722
v 131.541 69.916 1.722
v 134.913 75.276 1.722
v 138.302 80.766 1.722
v 141.706 86.372 1.722
v 145.122 92.079 1.722
v 148.547 97.875 1.722
v 151.979 103.743 1.722
v 155.244 109.375 1.722
v 146.014 114.703 1.722
v 139.465 118.485 1.722
v 136.771 120.040 1.722
v 133.792 115.394 1.722
v 130.353 111.014 1.722
v 126.671 107.151 1.722
v 122.776 103.770 1.722
v 118.702 100.831 1.722
v 114.480 98.299 1.722
v 110.142 96.136 1.722
v 105.720 94.303 1.722
v 101.244 92.762 1.722
v 96.747 91.477 1.722
v 92.259 90.408 1.722
v 87.811 89.519 1.722
v 83.435 88.770 1.722
v 79.161 88.125 1.840
v 75.021 87.547 2.600
v 71.047 86.997 3.301
v 67.269 86.438 3.941
v 63.719 85.832 4.520
v 60.430 85.145 5.036
v 57.425 84.335 5.491
v 55.945 83.884 5.709
v 54.454 83.442 5.925
v 52.960 83.013 6.137
v 51.463 82.595 6.346
v 49.962 82.189 6.551
v 48.458 81.796 6.753
v 46.950 81.414 6.951
v 45.440 81.044 7.145
v 43.927 80.687 7.336
v 42.411 80.342 7.523
v 40.893 80.008 7.706
v 39.371 79.687 7.886
v 37.848 79.378 8.062
v 36.322 79.082 8.233
v 34.793 78.797 8.401
v 33.262 78.525 8.565
v 31.729 78.265 8.726
v 30.195 78.017 8.882
v 28.658 77.782 9.034
v 27.119 77.559 9.182
v 25.579 77.348 9.326
v 24.037 77.150 9.466
v 22.493 76.964 9.602
v 20.948 76.790 9.734
v 19.402 76.628 9.862
v 17.854 76.479 9.985
v 16.306 76.343 10.105
v 14.756 76.218 10.220
v 13.205 76.107 10.331
v 11.654 76.007 10.438
v 10.101 75.920 10.541
v 8.548 75.846 10.639
v 6.995 75.783 10.733
v 5.441 75.734 10.823
v 3.887 75.696 10.909
v 2.332 75.671 10.990
v 0.777 75.659 11.067
v -0.777 75.659 11.140
v -2.332 75.671 11.208
v -3.887 75.696 11.273
v -5.441 75.734 11.333
v -6.995 75.783 11.388
v -8.548 75.846 11.440
v -10.101 75.920 11.487
v -11.654 76.007 11.529
v -13.205 76.107 11.568
v -14.756 76.218 11.602
v -16.306 76.343 11.632
v -17.854 76.479 11.657
v -19.402 76.628 11.679
v -20.948 76.790 11.696
v -22.493 76.964 11.709
v -24.037 77.150 11.717
v -25.579 77.348 11.721
v -27.119 77.559 11.722
v -28.658 77.782 11.718
v -30.195 78.017 11.709
v -31.729 78.265 11.697
v -33.262 78.525 11.680
v -34.793 78.797 11.660
v -36.322 79.082 11.635
v -37.848 79.378 11.606
v -39.371 79.687 11.573
v -40.893 80.008 11.536
v -42.411 80.342 11.495
v -43.927 80.687 11.450
v -45.440 81.044 11.400
v -46.950 81.414 11.347
v -48.458 81.796 11.291
v -49.962 82.189 11.230
v -51.463 82.595 11.165
v -52.960 83.013 11.096
v -54.454 83.442 11.024
v -55.945 83.884 10.948
v -57.432 84.337 10.868
v -58.916 84.803 10.784
v -60.395 85.280 10.697
v -61.871 85.769 10.606
v -63.343 86.270 10.512
v -64.811 86.783 10.414
v -66.274 87.307 10.312
v -67.734 87.843 10.207
v -69.189 88.391 10.098
v -70.640 88.950 9.986
v -72.086 89.521 9.871
v -73.527 90.103 9.752
v -74.964 90.697 9.630
v -76.396 91.303 9.505
v -77.823 91.920 9.377
v -79.234 92.543 9.246
v -83.865 94.257 8.793
v -88.668 95.350 8.283
v -93.572 95.806 7.720
v -98.495 95.618 7.112
v -103.350 94.789 6.471
v -108.056 93.334 5.809
v -112.532 91.277 5.143
v -116.700 88.653 4.490
v -120.491 85.508 3.870
v -123.839 81.894 3.302
v -126.686 77.875 2.802
v -128.984 73.518 2.389
v -130.694 68.899 2.075
v -131.787 64.096 1.872
v -132.243 59.191 1.787
v -132.055 54.269 1.822
v -131.227 49.414 1.977
v -129.771 44.708 2.245
v -127.714 40.232 2.619
v -125.090 36.063 3.084
v -121.945 32.273 3.626
v -118.331 28.925 4.227
v -114.312 26.078 4.868
v -109.521 24.653 7.054
v -107.592 23.801 7.336
v -105.619 22.948 7.616
v -103.639 22.111 7.891
v -101.653 21.290 8.160
v -99.660 20.485 8.422
v -97.660 19.695 8.678
v -95.655 18.922 8.928
v -93.643 18.165 9.172
v -91.625 17.424 9.409
v -89.602 16.699 9.639
v -87.573 15.990 9.863
v -85.538 15.298 10.080
v -83.498 14.622 10.291
v -81.452 13.962 10.494
v -79.401 13.318 10.691
v -77.345 12.691 10.880
v -75.284 12.081 11.063
v -73.218 11.487 11.238
v -71.148 10.909 11.406
v -69.073 10.348 11.567
v -66.994 9.804 11.720
v -64.910 9.277 11.867
v -62.822 8.766 12.005
v -60.730 8.271 12.137
v -58.634 7.794 12.260
v -56.535 7.333 12.377
v -54.432 6.889 12.485
v -52.325 6.462 12.586
v -50.215 6.052 12.679
v -48.102 5.659 12.764
v -45.986 5.283 12.842
v -43.867 4.923 12.911
v -41.745 4.581 12.973
v -39.620 4.255 13.027
v -37.493 3.947 13.073
v -35.363 3.655 13.111
v -33.231 3.381 13.141
v -31.097 3.124 13.162
v -28.961 2.883 13.176
v -26.823 2.660 13.182
v -24.684 2.454 13.179
v -22.543 2.265 13.169
v -20.400 2.094 13.150
v -18.256 1.939 13.123
v -16.111 1.802 13.088
v -13.965 1.681 13.045
v -11.818 1.578 12.993
v -9.670 1.492 12.934
v -7.522 1.423 12.866
v -5.373 1.372 12.790
v -3.224 1.337 12.706
v -1.075 1.320 12.613
v 1.075 1.320 12.513
v 3.224 1.337 12.404
v 5.373 1.372 12.287
v 7.522 1.423 12.162
v 9.670 1.492 12.028
v 11.818 1.578 11.887
v 13.965 1.681 11.737
v 16.111 1.802 11.579
v 18.256 1.939 11.414
v 20.400 2.094 11.240
v 22.543 2.265 11.058
v 24.684 2.454 10.868
v 26.823 2.660 10.670
v 28.961 2.883 10.464
v 31.097 3.124 10.250
v 33.231 3.381 10.029
v 35.363 3.655 9.799
v 37.493 3.947 9.562
v 39.620 4.255 9.317
v 41.745 4.581 9.064
v 43.867 4.923 8.804
v 45.986 5.283 8.535
v 48.102 5.659 8.260
v 50.215 6.052 7.977
v 52.325 6.462 7.686
v 54.432 6.889 7.388
v 56.535 7.333 7.082
v 58.634 7.794 6.770
v 60.730 8.271 6.450
v 62.822 8.766 6.123
v 64.910 9.277 5.788
v 66.994 9.804 5.447
v 69.073 10.348 5.099
v 71.148 10.909 4.744
v 73.218 11.487 4.382
v 75.284 12.081 4.013
v 77.345 12.691 3.637
v 79.365 13.307 3.262
v 81.920 14.270 3.182
v 84.529 15.583 3.182
v 87.223 17.254 3.182
v 89.994 19.269 3.182
v 92.835 21.616 3.182
v 95.740 24.281 3.182
v 98.704 27.249 3.182
v 101.723 30.507 3.182
v 104.791 34.039 3.182
v 107.905 37.831 3.182
v 111.062 41.868 3.182
v 114.258 46.136 3.182
v 117.490 50.621 3.182
v 120.755 55.308 3.182
v 124.050 60.183 3.182
v 127.372 65.231 3.182
v 130.718 70.439 3.182
v 134.085 75.792 3.182
v 137.470 81.275 3.182
v 140.870 86.875 3.182
v 144.284 92.578 3.182
v 147.706 98.369 3.182
v 151.136 104.234 3.182
v 153.910 109.019 3.182
v 145.527 113.859 3.182
v 138.977 117.640 3.182
v 137.090 118.730 3.182
v 134.589 114.828 3.182
v 131.092 110.375 3.182
v 127.345 106.445 3.182
v 123.383 103.004 3.182
v 119.239 100.016 3.182
v 114.950 97.443 3.182
v 110.547 95.248 3.182
v 106.066 93.390 3.182
v 101.537 91.832 3.182
v 96.994 90.533 3.182
v 92.468 89.455 3.182
v 87.989 88.559 3.182
v 83.590 87.807 3.182
v 79.302 87.160 3.274
v 75.156 86.581 4.036
v 71.185 86.031 4.737
v 67.422 85.474 5.376
v 63.901 84.874 5.951
v 60.657 84.195 6.461
v 57.695 83.398 6.911
v 56.226 82.950 7.128
v 54.728 82.506 7.345
v 53.226 82.074 7.559
v 51.721 81.654 7.770
v 50.212 81.247 7.977
v 48.701 80.851 8.180
v 47.186 80.467 8.380
v 45.668 80.096 8.576
v 44.148 79.737 8.768
v 42.624 79.390 8.957
v 41.098 79.055 9.142
v 39.569 78.732 9.323
v 38.038 78.422 9.500
v 36.504 78.123 9.673
v 34.968 77.838 9.842
v 33.429 77.564 10.008
v 31.889 77.303 10.169
v 30.346 77.054 10.326
v 28.802 76.817 10.480
v 27.255 76.593 10.629
v 25.707 76.381 10.774
v 24.157 76.182 10.915
v 22.606 75.995 11.052
v 21.053 75.820 11.185
v 19.499 75.658 11.314
v 17.944 75.508 11.438
v 16.387 75.371 11.559
v 14.830 75.246 11.675
v 13.271 75.133 11.786
v 11.712 75.033 11.894
v 10.152 74.946 11.997
v 8.591 74.871 12.096
v 7.030 74.809 12.191
v 5.468 74.759 12.281
v 3.906 74.721 12.368
v 2.344 74.696 12.449
v 0.781 74.684 12.527
v -0.781 74.684 12.600
v -2.344 74.696 12.669
v -3.906 74.721 12.733
v -5.468 74.759 12.793
v -7.030 74.809 12.849
v -8.591 74.871 12.901
v -10.152 74.946 12.948
v -11.712 75.033 12.991
v -13.271 75.133 13.029
v -14.830 75.246 13.063
v -16.387 75.371 13.093
v -17.944 75.508 13.119
v -19.499 75.658 13.140
v -21.053 75.820 13.157
v -22.606 75.995 13.169
v -24.157 76.182 13.178
v -25.707 76.381 13.182
v -27.255 76.593 13.181
v -28.802 76.817 13.177
v -30.346 77.054 13.168
v -31.889 77.303 13.155
v -33.429 77.564 13.138
v -34.968 77.838 13.117
v -36.504 78.123 13.091
v -38.038 78.422 13.062
v -39.569 78.732 13.028
v -41.098 79.055 12.990
v -42.624 79.390 12.948
v -44.148 79.737 12.903
v -45.668 80.096 12.853
v -47.186 80.467 12.799
v -48.701 80.851 12.741
v -50.212 81.247 12.679
v -51.721 81.654 12.613
v -53.226 82.074 12.544
v -54.728 82.506 12.470
v -56.226 82.950 12.393
v -57.720 83.406 12.312
v -59.211 83.873 12.227
v -60.698 84.353 12.139
v -62.182 84.844 12.046
v -63.661 85.348 11.951
v -65.136 85.863 11.851
v -66.607 86.390 11.748
v -68.074 86.929 11.642
v -69.536 87.479 11.532
v -70.994 88.041 11.418
v -72.447 88.615 11.301
v -73.896 89.200 11.181
v -75.340 89.797 11.058
v -76.779 90.406 10.931
v -78.214 91.026 10.801
v -79.601 91.639 10.672
v -84.144 93.320 10.225
v -88.822 94.384 9.726
v -93.599 94.829 9.177
v -98.394 94.646 8.585
v -103.123 93.839 7.961
v -107.707 92.421 7.319
v -112.066 90.417 6.673
v -116.127 87.862 6.042
v -119.819 84.798 5.442
v -123.080 81.278 4.892
v -125.853 77.363 4.410
v -128.092 73.120 4.011
v -129.757 68.620 3.708
v -130.822 63.942 3.512
v -131.266 59.165 3.429
v -131.083 54.370 3.463
v -130.276 49.641 3.612
v -128.858 45.057 3.872
v -126.854 40.698 4.232
v -124.299 36.637 4.682
v -121.235 32.945 5.206
v -117.715 29.684 5.787
v -113.800 26.911 6.407
v -108.884 25.968 8.123
v -107.007 25.139 8.395
v -105.045 24.290 8.672
v -103.076 23.458 8.943
v -101.100 22.641 9.208
v -99.118 21.840 9.468
v -97.130 21.055 9.721
v -95.135 20.286 9.967
v -93.134 19.533 10.208
v -91.128 18.796 10.442
v -89.115 18.075 10.669
v -87.097 17.370 10.890
v -85.073 16.682 11.104
v -83.044 16.009 11.312
v -81.009 15.353 11.513
v -78.970 14.713 11.706
v -76.925 14.089 11.893
v -74.875 13.482 12.073
v -72.820 12.891 12.246
v -70.761 12.317 12.412
v -68.698 11.759 12.571
v -66.629 11.218 12.722
v -64.557 10.693 12.866
v -62.481 10.185 13.003
v -60.400 9.694 13.132
v -58.316 9.219 13.254
v -56.228 8.761 13.368
v -54.136 8.319 13.475
v -52.041 7.894 13.574
v -49.942 7.486 13.666
v -47.841 7.095 13.750
v -45.736 6.721 13.826
v -43.628 6.364 13.894
v -41.518 6.023 13.955
v -39.405 5.699 14.007
v -37.289 5.392 14.052
v -35.171 5.103 14.089
v -33.051 4.830 14.118
v -30.928 4.574 14.139
v -28.804 4.335 14.152
v -26.678 4.113 14.157
v -24.550 3.908 14.154
v -22.420 3.720 14.143
v -20.289 3.549 14.124
v -18.157 3.396 14.097
v -16.024 3.259 14.062
v -13.889 3.139 14.019
v -11.754 3.037 13.967
v -9.618 2.951 13.908
v -7.481 2.883 13.840
v -5.344 2.831 13.764
v -3.207 2.797 13.680
v -1.069 2.780 13.588
v 1.069 2.780 13.488
v 3.207 2.797 13.380
v 5.344 2.831 13.264
v 7.481 2.883 13.140
v 9.618 2.951 13.007
v 11.754 3.037 12.867
v 13.889 3.139 12.718
v 16.024 3.259 12.562
v 18.157 3.396 12.397
v 20.289 3.549 12.224
v 22.420 3.720 12.044
v 24.550 3.908 11.856
v 26.678 4.113 11.659
v 28.804 4.335 11.455
v 30.928 4.574 11.243
v 33.051 4.830 11.023
v 35.171 5.103 10.796
v 37.289 5.392 10.560
v 39.405 5.699 10.317
v 41.518 6.023 10.067
v 43.628 6.364 9.809
v 45.736 6.721 9.543
v 47.841 7.095 9.270
v 49.942 7.486 8.989
v 52.041 7.894 8.701
v 54.136 8.319 8.406
v 56.228 8.761 8.103
v 58.316 9.219 7.793
v 60.400 9.694 7.476
v 62.481 10.185 7.152
v 64.557 10.693 6.821
v 66.629 11.218 6.483
v 68.698 11.759 6.138
v 70.761 12.317 5.786
v 72.820 12.891 5.427
v 74.875 13.482 5.062
v 76.925 14.089 4.690
v 78.895 14.690 4.325
v 81.333 15.609 4.157
v 83.815 16.858 4.157
v 86.408 18.466 4.157
v 89.099 20.423 4.157
v 91.876 22.717 4.157
v 94.730 25.335 4.157
v 97.652 28.261 4.157
v 100.636 31.482 4.157
v 103.675 34.981 4.157
v 106.766 38.744 4.157
v 109.902 42.755 4.157
v 113.081 47.001 4.157
v 116.299 51.465 4.157
v 119.551 56.134 4.157
v 122.836 60.993 4.157
v 126.148 66.027 4.157
v 129.486 71.222 4.157
v 132.846 76.564 4.157
v 136.225 82.038 4.157
v 139.620 87.629 4.157
v 143.029 93.324 4.157
v 146.448 99.109 4.157
v 149.875 104.969 4.157
v 151.913 108.486 4.157
v 144.797 112.594 4.157
v 138.247 116.375 4.157
v 137.567 116.768 4.157
v 135.780 113.982 4.157
v 132.197 109.418 4.157
v 128.354 105.388 4.157
v 124.290 101.859 4.157
v 120.043 98.796 4.157
v 115.652 96.162 4.157
v 111.153 93.919 4.157
v 106.583 92.024 4.157
v 101.976 90.439 4.157
v 97.364 89.120 4.157
v 92.780 88.029 4.157
v 88.255 87.124 4.157
v 83.822 86.366 4.157
v 79.511 85.715 4.210
v 75.357 85.135 4.975
v 71.392 84.586 5.677
v 67.651 84.032 6.313
v 64.173 83.439 6.883
v 60.996 82.775 7.384
v 58.097 81.994 7.826
v 56.646 81.552 8.042
v 55.137 81.105 8.262
v 53.624 80.669 8.479
v 52.107 80.247 8.692
v 50.588 79.836 8.901
v 49.065 79.437 9.107
v 47.539 79.051 9.309
v 46.010 78.677 9.508
v 44.478 78.315 9.703
v 42.943 77.965 9.893
v 41.405 77.628 10.080
v 39.865 77.302 10.264
v 38.322 76.990 10.443
v 36.777 76.689 10.618
v 35.229 76.401 10.789
v 33.679 76.126 10.957
v 32.127 75.862 11.120
v 30.573 75.612 11.279
v 29.017 75.373 11.434
v 27.459 75.147 11.585
v 25.899 74.934 11.732
v 24.338 74.733 11.875
v 22.775 74.544 12.013
v 21.211 74.369 12.147
v 19.645 74.205 12.277
v 18.078 74.054 12.403
v 16.510 73.916 12.525
v 14.941 73.790 12.642
v 13.371 73.677 12.755
v 11.800 73.576 12.864
v 10.228 73.488 12.968
v 8.655 73.413 13.068
v 7.082 73.350 13.163
v 5.509 73.299 13.255
v 3.935 73.261 13.341
v 2.361 73.236 13.424
v 0.787 73.224 13.502
v -0.787 73.224 13.576
v -2.361 73.236 13.645
v -3.935 73.261 13.710
v -5.509 73.299 13.770
v -7.082 73.350 13.827
v -8.655 73.413 13.878
v -10.228 73.488 13.926
v -11.800 73.576 13.968
v -13.371 73.677 14.007
v -14.941 73.790 14.041
v -16.510 73.916 14.071
v -18.078 74.054 14.096
v -19.645 74.205 14.117
v -21.211 74.369 14.134
v -22.775 74.544 14.146
v -24.338 74.733 14.154
v -25.899 74.934 14.157
v -27.459 75.147 14.156
v -29.017 75.373 14.151
v -30.573 75.612 14.142
v -32.127 75.862 14.128
v -33.679 76.126 14.110
v -35.229 76.401 14.088
v -36.777 76.689 14.062
v -38.322 76.990 14.031
v -39.865 77.302 13.997
v -41.405 77.628 13.958
v -42.943 77.965 13.915
v -44.478 78.315 13.868
v -46.010 78.677 13.816
v -47.539 79.051 13.761
v -49.065 79.437 13.702
v -50.588 79.836 13.639
v -52.107 80.247 13.571
v -53.624 80.669 13.500
v -55.137 81.105 13.425
v -56.646 81.552 13.346
v -58.152 82.011 13.263
v -59.654 82.482 13.177
v -61.152 82.965 13.086
v -62.646 83.460 12.992
v -64.137 83.968 12.894
v -65.623 84.487 12.793
v -67.105 85.018 12.688
v -68.583 85.560 12.579
v -70.056 86.115 12.467
v -71.525 86.681 12.351
v -72.989 87.259 12.232
v -74.449 87.849 12.110
v -75.903 88.450 11.984
v -77.353 89.063 11.855
v -78.798 89.688 11.722
v -80.150 90.285 11.595
v -84.561 91.918 11.157
v -89.052 92.940 10.676
v -93.639 93.366 10.148
v -98.242 93.191 9.580
v -102.783 92.416 8.983
v -107.184 91.055 8.370
v -111.369 89.131 7.754
v -115.268 86.677 7.153
v -118.813 83.735 6.583
v -121.944 80.356 6.061
v -124.606 76.597 5.604
v -126.756 72.523 5.225
v -128.355 68.203 4.938
v -129.377 63.711 4.753
v -129.803 59.125 4.675
v -129.628 54.522 4.707
v -128.853 49.981 4.848
v -127.492 45.580 5.094
v -125.568 41.394 5.436
v -123.114 37.496 5.862
v -120.172 33.951 6.359
v -116.793 30.820 6.911
v -113.034 28.157 7.501
v -108.134 27.519 8.575
v -106.318 26.717 8.836
v -104.368 25.874 9.109
v -102.412 25.047 9.376
v -100.449 24.235 9.637
v -98.479 23.440 9.892
v -96.504 22.660 10.141
v -94.522 21.896 10.384
v -92.534 21.147 10.621
v -90.540 20.415 10.851
v -88.541 19.699 11.075
v -86.536 18.998 11.293
v -84.525 18.314 11.504
v -82.509 17.646 11.708
v -80.487 16.994 11.905
v -78.461 16.358 12.096
v -76.429 15.739 12.280
v -74.392 15.135 12.457
v -72.351 14.548 12.627
v -70.305 13.978 12.790
v -68.255 13.423 12.946
v -66.200 12.886 13.095
v -64.141 12.364 13.237
v -62.078 11.859 13.371
v -60.011 11.371 13.498
v -57.940 10.899 13.618
v -55.865 10.444 13.730
v -53.787 10.005 13.835
v -51.705 9.583 13.932
v -49.620 9.178 14.022
v -47.532 8.790 14.104
v -45.441 8.418 14.178
v -43.347 8.062 14.245
v -41.250 7.724 14.304
v -39.151 7.402 14.356
v -37.049 7.098 14.399
v -34.944 6.810 14.435
v -32.838 6.539 14.463
v -30.729 6.284 14.483
v -28.618 6.047 14.496
v -26.506 5.826 14.500
v -24.392 5.623 14.496
v -22.276 5.436 14.485
v -20.159 5.266 14.465
v -18.040 5.114 14.438
v -15.920 4.978 14.403
v -13.800 4.859 14.359
v -11.678 4.757 14.308
v -9.556 4.672 14.248
v -7.433 4.604 14.181
v -5.310 4.553 14.106
v -3.186 4.519 14.022
v -1.062 4.502 13.931
v 1.062 4.502 13.831
v 3.186 4.519 13.724
v 5.310 4.553 13.608
v 7.433 4.604 13.485
v 9.556 4.672 13.354
v 11.678 4.757 13.214
v 13.800 4.859 13.067
v 15.920 4.978 12.912
v 18.040 5.114 12.749
v 20.159 5.266 12.578
v 22.276 5.436 12.399
v 24.392 5.623 12.212
v 26.506 5.826 12.018
v 28.618 6.047 11.816
v 30.729 6.284 11.606
v 32.838 6.539 11.388
v 34.944 6.810 11.163
v 37.049 7.098 10.930
v 39.151 7.402 10.690
v 41.250 7.724 10.442
v 43.347 8.062 10.186
v 45.441 8.418 9.923
v 47.532 8.790 9.653
v 49.620 9.178 9.375
v 51.705 9.583 9.090
v 53.787 10.005 8.798
v 55.865 10.444 8.499
v 57.940 10.899 8.192
v 60.011 11.371 7.878
v 62.078 11.859 7.558
v 64.141 12.364 7.230
v 66.200 12.886 6.896
v 68.255 13.423 6.555
v 70.305 13.978 6.207
v 72.351 14.548 5.852
v 74.392 15.135 5.491
v 76.429 15.739 5.123
v 78.339 16.321 4.771
v 80.640 17.188 4.500
v 82.973 18.362 4.500
v 85.447 19.896 4.500
v 88.043 21.784 4.500
v 90.745 24.016 4.500
v 93.538 26.578 4.500
v 96.411 29.455 4.500
v 99.354 32.632 4.500
v 102.360 36.092 4.500
v 105.422 39.821 4.500
v 108.535 43.802 4.500
v 111.694 48.020 4.500
v 114.894 52.461 4.500
v 118.131 57.108 4.500
v 121.403 61.948 4.500
v 124.704 66.966 4.500
v 128.032 72.146 4.500
v 131.384 77.475 4.500
v 134.756 82.937 4.500
v 138.145 88.518 4.500
v 141.549 94.205 4.500
v 144.963 99.982 4.500
v 148.387 105.835 4.500
v 149.558 107.857 4.500
v 143.936 111.103 4.500
v 137.386 114.884 4.500
v 138.129 114.455 4.500
v 137.185 112.983 4.500
v 133.500 108.290 4.500
v 129.545 104.141 4.500
v 125.361 100.507 4.500
v 120.992 97.356 4.500
v 116.480 94.651 4.500
v 111.868 92.351 4.500
v 107.194 90.413 4.500
v 102.493 88.795 4.500
v 97.800 87.454 4.500
v 93.148 86.346 4.500
v 88.569 85.430 4.500
v 84.095 84.665 4.500
v 79.759 84.011 4.506
v 75.594 83.429 5.275
v 71.636 82.881 5.977
v 67.922 82.332 6.610
v 64.494 81.747 7.173
v 61.397 81.099 7.664
v 58.573 80.339 8.097
v 57.142 79.902 8.311
v 55.619 79.451 8.534
v 54.093 79.013 8.754
v 52.563 78.586 8.971
v 51.030 78.172 9.183
v 49.494 77.769 9.392
v 47.955 77.380 9.597
v 46.412 77.002 9.799
v 44.867 76.637 9.996
v 43.319 76.284 10.190
v 41.767 75.944 10.379
v 40.214 75.616 10.565
v 38.657 75.301 10.747
v 37.099 74.998 10.924
v 35.537 74.707 11.098
v 33.974 74.429 11.268
v 32.408 74.163 11.433
v 30.841 73.910 11.594
v 29.271 73.670 11.752
v 27.699 73.442 11.905
v 26.126 73.227 12.053
v 24.551 73.024 12.198
v 22.974 72.834 12.338
v 21.396 72.656 12.474
v 19.817 72.492 12.606
v 18.236 72.339 12.733
v 16.654 72.200 12.856
v 15.071 72.073 12.975
v 13.488 71.959 13.089
v 11.903 71.857 13.199
v 10.317 71.768 13.305
v 8.731 71.692 13.406
v 7.144 71.629 13.502
v 5.557 71.578 13.594
v 3.970 71.540 13.682
v 2.382 71.514 13.765
v 0.794 71.502 13.844
v -0.794 71.502 13.919
v -2.382 71.514 13.988
v -3.970 71.540 14.054
v -5.557 71.578 14.115
v -7.144 71.629 14.171
v -8.731 71.692 14.223
v -10.317 71.768 14.271
v -11.903 71.857 14.314
v -13.488 71.959 14.352
v -15.071 72.073 14.386
v -16.654 72.200 14.416
v -18.236 72.339 14.441
v -19.817 72.492 14.462
v -21.396 72.656 14.478
v -22.974 72.834 14.490
v -24.551 73.024 14.497
v -26.126 73.227 14.500
v -27.699 73.442 14.498
v -29.271 73.670 14.493
v -30.841 73.910 14.482
v -32.408 74.163 14.468
v -33.974 74.429 14.449
v -35.537 74.707 14.426
v -37.099 74.998 14.398
v -38.657 75.301 14.367
v -40.214 75.616 14.331
v -41.767 75.944 14.291
v -43.319 76.284 14.246
v -44.867 76.637 14.197
v -46.412 77.002 14.145
v -47.955 77.380 14.088
v -49.494 77.769 14.027
v -51.030 78.172 13.962
v -52.563 78.586 13.893
v -54.093 79.013 13.820
v -55.619 79.451 13.743
v -57.142 79.902 13.662
v -58.661 80.366 13.577
v -60.176 80.841 13.488
v -61.687 81.328 13.396
v -63.195 81.828 13.299
v -64.698 82.340 13.199
v -66.197 82.863 13.095
v -67.692 83.399 12.988
v -69.183 83.946 12.877
v -70.669 84.506 12.762
v -72.151 85.077 12.644
v -73.628 85.660 12.522
v -75.100 86.255 12.396
v -76.568 86.862 12.268
v -78.030 87.480 12.136
v -79.488 88.110 12.000
v -80.797 88.689 11.876
v -85.053 90.264 11.449
v -89.324 91.235 10.988
v -93.686 91.641 10.485
v -98.064 91.474 9.945
v -102.382 90.737 9.380
v -106.567 89.443 8.800
v -110.548 87.613 8.220
v -114.255 85.280 7.655
v -117.626 82.482 7.119
v -120.604 79.269 6.630
v -123.136 75.694 6.201
v -125.180 71.819 5.846
v -126.701 67.711 5.578
v -127.673 63.439 5.404
v -128.078 59.078 5.331
v -127.911 54.700 5.361
v -127.174 50.382 5.493
v -125.880 46.197 5.723
v -124.050 42.216 6.043
v -121.717 38.509 6.442
v -118.919 35.137 6.908
v -115.706 32.160 7.427
v -112.131 29.628 7.982
v 150.810 95.010 0.000
v 150.506 95.185 3.115
v 149.609 95.703 6.074
v 148.165 96.537 8.729
v 146.245 97.645 10.946
v 143.946 98.972 12.614
v 141.384 100.452 13.649
v 138.686 102.010 14.000
v 135.988 103.567 13.649
v 133.425 105.047 12.614
v 131.126 106.374 10.946
v 129.207 107.482 8.729
v 127.762 108.316 6.074
v 126.865 108.834 3.115
v 126.561 109.010 0.000
v 126.865 108.834 -3.115
v 127.762 108.316 -6.074
v 129.207 107.482 -8.729
v 131.126 106.374 -10.946
v 133.425 105.047 -12.614
v 135.988 103.567 -13.649
v 138.686 102.010 -14.000
v 141.384 100.452 -13.649
v 143.946 98.972 -12.614
v 146.245 97.645 -10.946
v 148.165 96.537 -8.729
v 149.609 95.703 -6.074
v 150.506 95.185 -3.115
v 390.915 510.883 0.000
v 390.611 511.059 3.115
v 389.714 511.576 6.074
v 388.270 512.410 8.729
v 386.350 513.519 10.946
v 384.051 514.846 12.614
v 381.488 516.326 13.649
v 378.790 517.883 14.000
v 376.093 519.441 13.649
v 373.530 520.920 12.614
v 371.231 522.248 10.946
v 369.311 523.356 8.729
v 367.867 524.190 6.074
v 366.970 524.708 3.115
v 366.666 524.883 0.000
v 366.970 524.708 -3.115
v 367.867 524.190 -6.074
v 369.311 523.356 -8.729
v 371.231 522.248 -10.946
v 373.530 520.920 -12.614
v 376.093 519.441 -13.649
v 378.790 517.883 -14.000
v 381.488 516.326 -13.649
v 384.051 514.846 -12.614
v 386.350 513.519 -10.946
v 388.270 512.410 -8.729
v 389.714 511.576 -6.074
v 390.611 511.059 -3.115
v 150.810 95.010 0.000
v 150.506 95.185 3.115
v 149.609 95.703 6.074
v 148.165 96.537 8.729
v 146.245 97.645 10.946
v 143.946 98.972 12.614
v 141.384 100.452 13.649
v 138.686 102.010 14.000
v 135.988 103.567 13.649
v 133.425 105.047 12.614
v 131.126 106.374 10.946
v 129.207 107.482 8.729
v 127.762 108.316 6.074
v 126.865 108.834 3.115
v 126.561 109.010 0.000
v 126.865 108.834 -3.115
v 127.762 108.316 -6.074
v 129.207 107.482 -8.729
v 131.126 106.374 -10.946
v 133.425 105.047 -12.614
v 135.988 103.567 -13.649
v 138.686 102.010 -14.000
v 141.384 100.452 -13.649
v 143.946 98.972 -12.614
v 146.245 97.645 -10.946
v 148.165 96.537 -8.729
v 149.609 95.703 -6.074
v 150.506 95.185 -3.115
v 138.686 102.010 0.000
v 390.915 510.883 0.000
v 390.611 511.059 3.115
v 389.714 511.576 6.074
v 388.270 512.410 8.729
v 386.350 513.519 10.946
v 384.051 514.846 12.614
v 381.488 516.326 13.649
v 378.790 517.883 14.000
v 376.093 519.441 13.649
v 373.530 520.920 12.614
v 371.231 522.248 10.946
v 369.311 523.356 8.729
v 367.867 524.190 6.074
v 366.970 524.708 3.115
v 366.666 524.883 0.000
v 366.970 524.708 -3.115
v 367.867 524.190 -6.074
v 369.311 523.356 -8.729
v 371.231 522.248 -10.946
v 373.530 520.920 -12.614
v 376.093 519.441 -13.649
v 378.790 517.883 -14.000
v 381.488 516.326 -13.649
v 384.051 514.846 -12.614
v 386.350 513.519 -10.946
v 388.270 512.410 -8.729
v 389.714 511.576 -6.074
v 390.611 511.059 -3.115
v 540.915 770.691 0.000
v 540.611 770.866 3.115
v 539.714 771.384 6.074
v 538.270 772.218 8.729
v 536.350 773.326 10.946
v 534.051 774.654 12.614
v 531.488 776.133 13.649
v 528.790 777.691 14.000
v 526.093 779.248 13.649
v 523.530 780.728 12.614
v 521.231 782.055 10.946
v 519.311 783.164 8.729
v 517.867 783.998 6.074
v 516.970 784.515 3.115
v 516.666 784.691 0.000
v 516.970 784.515 -3.115
v 517.867 783.998 -6.074
v 519.311 783.164 -8.729
v 521.231 782.055 -10.946
v 523.530 780.728 -12.614
v 526.093 779.248 -13.649
v 528.790 777.691 -14.000
v 531.488 776.133 -13.649
v 534.051 774.654 -12.614
v 536.350 773.326 -10.946
v 538.270 772.218 -8.729
v 539.714 771.384 -6.074
v 540.611 770.866 -3.115
v 391.954 510.283 0.000
v 391.624 510.474 3.382
v 390.650 511.036 6.595
v 389.082 511.941 9.477
v 386.998 513.145 11.884
v 384.502 514.586 13.695
v 381.720 516.192 14.819
v 378.790 517.883 15.200
v 375.861 519.574 14.819
v 373.079 521.181 13.695
v 370.583 522.622 11.884
v 368.499 523.825 9.477
v 366.930 524.731 6.595
v 365.957 525.293 3.382
v 365.627 525.483 0.000
v 365.957 525.293 -3.382
v 366.930 524.731 -6.595
v 368.499 523.825 -9.477
v 370.583 522.622 -11.884
v 373.079 521.181 -13.695
v 375.861 519.574 -14.819
v 378.790 517.883 -15.200
v 381.720 516.192 -14.819
v 384.502 514.586 -13.695
v 386.998 513.145 -11.884
v 389.082 511.941 -9.477
v 390.650 511.036 -6.595
v 391.624 510.474 -3.382
v 541.954 770.091 0.000
v 541.624 770.281 3.382
v 540.650 770.843 6.595
v 539.082 771.749 9.477
v 536.998 772.952 11.884
v 534.502 774.393 13.695
v 531.720 776.000 14.819
v 528.790 777.691 15.200
v 525.861 779.382 14.819
v 523.079 780.988 13.695
v 520.583 782.429 11.884
v 518.499 783.633 9.477
v 516.930 784.538 6.595
v 515.957 785.100 3.382
v 515.627 785.291 0.000
v 515.957 785.100 -3.382
v 516.930 784.538 -6.595
v 518.499 783.633 -9.477
v 520.583 782.429 -11.884
v 523.079 780.988 -13.695
v 525.861 779.382 -14.819
v 528.790 777.691 -15.200
v 531.720 776.000 -14.819
v 534.502 774.393 -13.695
v 536.998 772.952 -11.884
v 539.082 771.749 -9.477
v 540.650 770.843 -6.595
v 541.624 770.281 -3.382
v 391.954 510.283 0.000
v 391.624 510.474 3.382
v 390.650 511.036 6.595
v 389.082 511.941 9.477
v 386.998 513.145 11.884
v 384.502 514.586 13.695
v 381.720 516.192 14.819
v 378.790 517.883 15.200
v 375.861 519.574 14.819
v 373.079 521.181 13.695
v 370.583 522.622 11.884
v 368.499 523.825 9.477
v 366.930 524.731 6.595
v 365.957 525.293 3.382
v 365.627 525.483 0.000
v 365.957 525.293 -3.382
v 366.930 524.731 -6.595
v 368.499 523.825 -9.477
v 370.583 522.622 -11.884
v 373.079 521.181 -13.695
v 375.861 519.574 -14.819
v 378.790 517.883 -15.200
v 381.720 516.192 -14.819
v 384.502 514.586 -13.695
v 386.998 513.145 -11.884
v 389.082 511.941 -9.477
v 390.650 511.036 -6.595
v 391.624 510.474 -3.382
v 378.790 517.883 0.000
v 274.675 308.949 0.000
v 274.364 309.129 3.182
v 273.448 309.657 6.205
v 271.973 310.509 8.916
v 270.012 311.641 11.180
v 267.664 312.997 12.884
v 265.046 314.508 13.941
v 262.290 316.099 14.300
v 259.535 317.690 13.941
v 256.917 319.202 12.884
v 254.569 320.557 11.180
v 252.608 321.689 8.916
v 251.133 322.541 6.205
v 250.217 323.070 3.182
v 249.906 323.249 0.000
v 250.217 323.070 -3.182
v 251.133 322.541 -6.205
v 252.608 321.689 -8.916
v 254.569 320.557 -11.180
v 256.917 319.202 -12.884
v 259.535 317.690 -13.941
v 262.290 316.099 -14.300
v 265.046 314.508 -13.941
v 267.664 312.997 -12.884
v 270.012 311.641 -11.180
v 271.973 310.509 -8.916
v 273.448 309.657 -6.205
v 274.364 309.129 -3.182
v 284.675 326.270 0.000
v 284.364 326.449 3.182
v 283.448 326.978 6.205
v 281.973 327.830 8.916
v 280.012 328.962 11.180
v 277.664 330.318 12.884
v 275.046 331.829 13.941
v 272.290 333.420 14.300
v 269.535 335.011 13.941
v 266.917 336.522 12.884
v 264.569 337.878 11.180
v 262.608 339.010 8.916
v 261.133 339.862 6.205
v 260.217 340.391 3.182
v 259.906 340.570 0.000
v 260.217 340.391 -3.182
v 261.133 339.862 -6.205
v 262.608 339.010 -8.916
v 264.569 337.878 -11.180
v 266.917 336.522 -12.884
v 269.535 335.011 -13.941
v 272.290 333.420 -14.300
v 275.046 331.829 -13.941
v 277.664 330.318 -12.884
v 280.012 328.962 -11.180
v 281.973 327.830 -8.916
v 283.448 326.978 -6.205
v 284.364 326.449 -3.182
v 542.214 769.941 0.000
v 541.877 770.135 3.449
v 540.885 770.708 6.725
v 539.285 771.632 9.664
v 537.160 772.859 12.118
v 534.615 774.328 13.965
v 531.777 775.966 15.111
v 528.790 777.691 15.500
v 525.803 779.415 15.111
v 522.966 781.053 13.965
v 520.421 782.523 12.118
v 518.296 783.750 9.664
v 516.696 784.673 6.725
v 515.704 785.247 3.449
v 515.367 785.441 0.000
v 515.704 785.247 -3.449
v 516.696 784.673 -6.725
v 518.296 783.750 -9.664
v 520.421 782.523 -12.118
v 522.966 781.053 -13.965
v 525.803 779.415 -15.111
v 528.790 777.691 -15.500
v 531.777 775.966 -15.111
v 534.615 774.328 -13.965
v 537.160 772.859 -12.118
v 539.285 771.632 -9.664
v 540.885 770.708 -6.725
v 541.877 770.135 -3.449
v 553.214 788.993 0.000
v 552.877 789.188 3.449
v 551.885 789.761 6.725
v 550.285 790.684 9.664
v 548.160 791.911 12.118
v 545.615 793.381 13.965
v 542.777 795.019 15.111
v 539.790 796.743 15.500
v 536.803 798.468 15.111
v 533.966 800.106 13.965
v 531.421 801.575 12.118
v 529.296 802.803 9.664
v 527.696 803.726 6.725
v 526.704 804.299 3.449
v 526.367 804.493 0.000
v 526.704 804.299 -3.449
v 527.696 803.726 -6.725
v 529.296 802.803 -9.664
v 531.421 801.575 -12.118
v 533.966 800.106 -13.965
v 536.803 798.468 -15.111
v 539.790 796.743 -15.500
v 542.777 795.019 -15.111
v 545.615 793.381 -13.965
v 548.160 791.911 -12.118
v 550.285 790.684 -9.664
v 551.885 789.761 -6.725
v 552.877 789.188 -3.449
v 542.214 769.941 0.000
v 541.877 770.135 3.449
v 540.885 770.708 6.725
v 539.285 771.632 9.664
v 537.160 772.859 12.118
v 534.615 774.328 13.965
v 531.777 775.966 15.111
v 528.790 777.691 15.500
v 525.803 779.415 15.111
v 522.966 781.053 13.965
v 520.421 782.523 12.118
v 518.296 783.750 9.664
v 516.696 784.673 6.725
v 515.704 785.247 3.449
v 515.367 785.441 0.000
v 515.704 785.247 -3.449
v 516.696 784.673 -6.725
v 518.296 783.750 -9.664
v 520.421 782.523 -12.118
v 522.966 781.053 -13.965
v 525.803 779.415 -15.111
v 528.790 777.691 -15.500
v 531.777 775.966 -15.111
v 534.615 774.328 -13.965
v 537.160 772.859 -12.118
v 539.285 771.632 -9.664
v 540.885 770.708 -6.725
v 541.877 770.135 -3.449
v 528.790 777.691 0.000
v 553.214 788.993 0.000
v 552.877 789.188 3.449
v 551.885 789.761 6.725
v 550.285 790.684 9.664
v 548.160 791.911 12.118
v 545.615 793.381 13.965
v 542.777 795.019 15.111
v 539.790 796.743 15.500
v 536.803 798.468 15.111
v 533.966 800.106 13.965
v 531.421 801.575 12.118
v 529.296 802.803 9.664
v 527.696 803.726 6.725
v 526.704 804.299 3.449
v 526.367 804.493 0.000
v 526.704 804.299 -3.449
v 527.696 803.726 -6.725
v 529.296 802.803 -9.664
v 531.421 801.575 -12.118
v 533.966 800.106 -13.965
v 536.803 798.468 -15.111
v 539.790 796.743 -15.500
v 542.777 795.019 -15.111
v 545.615 793.381 -13.965
v 548.160 791.911 -12.118
v 550.285 790.684 -9.664
v 551.885 789.761 -6.725
v 552.877 789.188 -3.449
v 539.790 796.743 0.000
vn 0.0605 -0.1716 -0.9833
vn 0.0660 -0.1682 -0.9835
vn 0.0625 -0.1721 -0.9831
vn 0.0584 -0.1772 -0.9824
vn 0.0542 -0.1830 -0.9816
vn 0.0497 -0.1895 -0.9806
vn 0.0452 -0.1965 -0.9795
vn 0.0406 -0.2038 -0.9782
vn 0.0360 -0.2114 -0.9767
vn 0.0315 -0.2191 -0.9752
vn 0.0271 -0.2269 -0.9735
vn 0.0228 -0.2346 -0.9718
vn 0.0187 -0.2421 -0.9701
vn 0.0148 -0.2495 -0.9683
vn 0.0110 -0.2567 -0.9664
vn 0.0075 -0.2637 -0.9646
vn 0.0041 -0.2704 -0.9627
vn 0.0010 -0.2768 -0.9609
vn -0.0020 -0.2830 -0.9591
vn -0.0048 -0.2889 -0.9573
vn -0.0074 -0.2946 -0.9556
vn -0.0099 -0.3000 -0.9539
vn -0.0122 -0.3051 -0.9522
vn -0.0144 -0.3100 -0.9506
vn -0.0165 -0.3147 -0.9491
vn -0.0184 -0.3191 -0.9475
vn -0.0202 -0.3234 -0.9460
vn -0.0219 -0.3274 -0.9446
vn -0.0235 -0.3313 -0.9432
vn -0.0250 -0.3350 -0.9419
vn -0.0264 -0.3385 -0.9406
vn -0.0277 -0.3419 -0.9393
vn -0.0289 -0.3451 -0.9381
vn -0.0301 -0.3482 -0.9369
vn -0.0312 -0.3511 -0.9358
vn -0.0323 -0.3539 -0.9347
vn -0.0332 -0.3566 -0.9337
vn -0.0342 -0.3592 -0.9326
vn -0.0350 -0.3617 -0.9316
vn -0.0358 -0.3640 -0.9307
vn -0.0366 -0.3663 -0.9298
vn -0.0373 -0.3685 -0.9289
vn -0.0380 -0.3705 -0.9280
vn -0.0387 -0.3725 -0.9272
vn -0.0393 -0.3744 -0.9264
vn -0.0398 -0.3762 -0.9257
vn -0.0404 -0.3780 -0.9249
vn -0.0409 -0.3797 -0.9242
vn -0.0414 -0.3812 -0.9235
vn -0.0418 -0.3828 -0.9229
vn -0.0422 -0.3842 -0.9223
vn -0.0426 -0.3856 -0.9217
vn -0.0430 -0.3869 -0.9211
vn -0.0433 -0.3882 -0.9206
vn -0.0436 -0.3894 -0.9200
vn -0.0439 -0.3905 -0.9195
vn -0.0442 -0.3916 -0.9191
vn -0.0445 -0.3926 -0.9186
vn -0.0447 -0.3936 -0.9182
vn -0.0449 -0.3945 -0.9178
vn -0.0451 -0.3954 -0.9174
vn -0.0453 -0.3962 -0.9170
vn -0.0455 -0.3969 -0.9167
vn -0.0457 -0.3977 -0.9164
vn -0.0458 -0.3983 -0.9161
vn -0.0459 -0.3989 -0.9158
vn -0.0461 -0.3995 -0.9156
vn -0.0462 -0.4000 -0.9154
vn -0.0463 -0.4005 -0.9151
vn -0.0463 -0.4009 -0.9150
vn -0.0464 -0.4013 -0.9148
vn -0.0465 -0.4016 -0.9146
vn -0.0465 -0.4019 -0.9145
vn -0.0466 -0.4021 -0.9144
vn -0.0466 -0.4023 -0.9143
vn -0.0467 -0.4025 -0.9142
vn -0.0467 -0.4026 -0.9142
vn -0.0467 -0.4026 -0.9142
vn -0.0467 -0.4027 -0.9141
vn -0.0467 -0.4027 -0.9142
vn -0.0467 -0.4026 -0.9142
vn -0.0467 -0.4025 -0.9142
vn -0.0467 -0.4024 -0.9143
vn -0.0467 -0.4022 -0.9144
vn -0.0467 -0.4020 -0.9145
vn -0.0467 -0.4017 -0.9146
vn -0.0467 -0.4014 -0.9147
vn -0.0467 -0.4011 -0.9149
vn -0.0466 -0.4007 -0.9150
vn -0.0466 -0.4002 -0.9153
vn -0.0376 -0.2978 -0.9539
vn -0.0210 -0.0832 -0.9963
vn -0.0133 0.0238 -0.9996
vn -0.0136 0.0202 -0.9997
vn -0.0137 0.0177 -0.9997
vn -0.0138 0.0159 -0.9998
vn -0.0139 0.0145 -0.9998
vn -0.0139 0.0134 -0.9998
vn -0.0139 0.0125 -0.9998
vn -0.0139 0.0118 -0.9998
vn -0.0139 0.0112 -0.9998
vn -0.0139 0.0106 -0.9998
vn -0.0139 0.0102 -0.9999
vn -0.0138 0.0098 -0.9999
vn -0.0138 0.0095 -0.9999
vn -0.0138 0.0092 -0.9999
vn -0.0137 0.0089 -0.9999
vn -0.0137 0.0087 -0.9999
vn -0.0137 0.0085 -0.9999
vn -0.0136 0.0084 -0.9999
vn -0.0136 0.0082 -0.9999
vn -0.0136 0.0081 -0.9999
vn 0.0149 -0.0789 -0.9968
vn 0.1682 -0.0979 -0.9809
vn 0.0362 0.0446 -0.9983
vn 0.0224 0.0387 -0.9990
vn 0.0131 0.0227 -0.9997
vn -0.2678 0.1136 -0.9568
vn -0.0297 0.0227 -0.9993
vn -0.0227 0.0202 -0.9995
vn -0.0212 0.0229 -0.9995
vn -0.0204 0.0265 -0.9994
vn -0.0201 0.0315 -0.9993
vn -0.0206 0.0387 -0.9990
vn -0.0220 0.0496 -0.9985
vn -0.0250 0.0680 -0.9974
vn -0.0318 0.1041 -0.9941
vn 0.0509 -0.2418 -0.9690
vn -0.1070 0.4977 -0.8607
vn 0.0565 -0.5994 -0.7985
vn 0.0576 -0.5978 -0.7996
vn -0.0807 -0.2655 -0.9607
vn -0.2008 0.2060 -0.9577
vn -0.1941 0.1927 -0.9619
vn -0.1947 0.2214 -0.9556
vn -0.1946 0.2110 -0.9579
vn -0.0912 -0.3744 -0.9228
vn -0.1594 0.0333 -0.9867
vn 0.0058 -0.6600 -0.7512
vn -0.1324 -0.0387 -0.9904
vn -0.1338 -0.0256 -0.9907
vn -0.1354 -0.0104 -0.9907
vn -0.1375 0.0074 -0.9905
vn -0.1400 0.0283 -0.9897
vn -0.1430 0.0531 -0.9883
vn -0.1467 0.0829 -0.9857
vn 0.1187 -0.8807 -0.4585
vn -0.1244 0.0107 -0.9922
vn -0.1306 0.0540 -0.9900
vn -0.1385 0.1115 -0.9841
vn -0.1997 0.9798 -0.0120
vn -0.2043 0.9596 -0.1934
vn -0.1997 0.9477 -0.2490
vn 0.0240 0.0436 -0.9988
vn -0.1792 0.9660 -0.1863
vn -0.1746 0.9542 -0.2428
vn 0.0282 0.0590 -0.9979
vn -0.1535 0.9732 -0.1714
vn -0.1490 0.9619 -0.2293
vn -0.1438 0.9473 -0.2864
vn 0.0343 0.0734 -0.9967
vn -0.1228 0.9703 -0.2085
vn -0.1178 0.9563 -0.2675
vn 0.0394 0.0885 -0.9953
vn -0.0961 0.9789 -0.1805
vn -0.0912 0.9660 -0.2419
vn -0.0859 0.9494 -0.3022
vn 0.0464 0.1018 -0.9937
vn -0.0643 0.9758 -0.2090
vn -0.0591 0.9604 -0.2724
vn -0.0537 0.9409 -0.3344
vn 0.0538 0.1143 -0.9920
vn -0.0320 0.9714 -0.2352
vn -0.0267 0.9532 -0.3011
vn -0.0212 0.9307 -0.3651
vn 0.0615 0.1257 -0.9902
vn 0.0006 0.9655 -0.2604
vn 0.0059 0.9442 -0.3292
vn 0.0112 0.9184 -0.3955
vn 0.0696 0.1359 -0.9883
vn 0.0334 0.9578 -0.2855
vn 0.0385 0.9330 -0.3578
vn 0.0434 0.9033 -0.4267
vn 0.0778 0.1449 -0.9864
vn 0.0660 0.9477 -0.3123
vn 0.0708 0.9187 -0.3884
vn 0.0751 0.8846 -0.4602
vn 0.0862 0.1524 -0.9846
vn 0.0984 0.9343 -0.3425
vn 0.1025 0.9003 -0.4230
vn 0.1058 0.8609 -0.4977
vn 0.0946 0.1585 -0.9828
vn 0.1302 0.9162 -0.3791
vn 0.1331 0.8758 -0.4640
vn 0.1350 0.8300 -0.5412
vn 0.1359 0.7809 -0.6097
vn 0.1036 0.1587 -0.9819
vn 0.1618 0.8421 -0.5144
vn 0.1616 0.7890 -0.5928
vn 0.1602 0.7336 -0.6604
vn 0.1115 0.1612 -0.9806
vn 0.1870 0.7943 -0.5780
vn 0.1839 0.7333 -0.6546
vn 0.1797 0.6722 -0.7182
vn 0.1750 0.6132 -0.7703
vn 0.1193 0.1567 -0.9804
vn 0.1993 0.6573 -0.7268
vn 0.1921 0.5929 -0.7820
vn 0.1850 0.5333 -0.8255
vn 0.1261 0.1559 -0.9797
vn 0.2046 0.5570 -0.8049
vn 0.1952 0.4948 -0.8468
vn 0.1865 0.4396 -0.8786
vn 0.1325 0.1543 -0.9791
vn 0.1979 0.4361 -0.8779
vn 0.1884 0.3843 -0.9038
vn 0.1801 0.3398 -0.9231
vn 0.1731 0.3015 -0.9376
vn 0.1378 0.1449 -0.9798
vn 0.1758 0.2793 -0.9440
vn 0.1703 0.2497 -0.9532
vn 0.1659 0.2247 -0.9602
vn 0.1464 0.1489 -0.9780
vn 0.1669 0.2038 -0.9647
vn 0.1658 0.1898 -0.9677
vn 0.1655 0.1786 -0.9699
vn 0.1659 0.1700 -0.9714
vn 0.1638 0.1779 -0.9703
vn 0.1484 0.1639 -0.9753
vn 0.1373 0.1526 -0.9787
vn 0.1349 0.1631 -0.9773
vn 0.1269 0.1567 -0.9795
vn 0.1207 0.1568 -0.9802
vn 0.1166 0.1731 -0.9780
vn 0.1064 0.1589 -0.9815
vn 0.1002 0.1738 -0.9797
vn 0.0897 0.1537 -0.9840
vn 0.0815 0.1466 -0.9858
vn 0.0734 0.1381 -0.9877
vn 0.0655 0.1283 -0.9896
vn 0.0578 0.1173 -0.9914
vn 0.0504 0.1052 -0.9932
vn 0.0434 0.0922 -0.9948
vn 0.0404 0.0551 -0.9977
vn 0.0323 0.0628 -0.9975
vn 0.0317 0.0234 -0.9992
vn -0.1144 0.6015 -0.7907
vn 0.0155 -0.1103 -0.9938
vn 0.0227 -0.1399 -0.9899
vn 0.0276 -0.1583 -0.9870
vn -0.0189 -0.0927 -0.9955
vn -0.0218 -0.3273 -0.9447
vn -0.0223 -0.3571 -0.9338
vn -0.0217 -0.3563 -0.9341
vn -0.0221 -0.3573 -0.9337
vn -0.0225 -0.3583 -0.9333
vn -0.0229 -0.3593 -0.9329
vn -0.0233 -0.3603 -0.9325
vn -0.0237 -0.3613 -0.9322
vn -0.0241 -0.3622 -0.9318
vn -0.0245 -0.3632 -0.9314
vn -0.0250 -0.3641 -0.9310
vn -0.0254 -0.3649 -0.9307
vn -0.0258 -0.3658 -0.9303
vn -0.0262 -0.3666 -0.9300
vn -0.0266 -0.3674 -0.9297
vn -0.0270 -0.3682 -0.9293
vn -0.0274 -0.3690 -0.9290
vn -0.0278 -0.3697 -0.9287
vn -0.0282 -0.3705 -0.9284
vn -0.0286 -0.3712 -0.9281
vn -0.0291 -0.3719 -0.9278
vn -0.0295 -0.3725 -0.9276
vn -0.0299 -0.3732 -0.9273
vn -0.0303 -0.3738 -0.9270
vn -0.0307 -0.3744 -0.9268
vn -0.0311 -0.3750 -0.9265
vn -0.0316 -0.3755 -0.9263
vn -0.0320 -0.3761 -0.9260
vn -0.0324 -0.3766 -0.9258
vn -0.0328 -0.3771 -0.9256
vn -0.0332 -0.3776 -0.9254
vn -0.0337 -0.3780 -0.9252
vn -0.0341 -0.3785 -0.9250
vn -0.0345 -0.3789 -0.9248
vn -0.0349 -0.3793 -0.9246
vn -0.0354 -0.3796 -0.9245
vn -0.0358 -0.3800 -0.9243
vn -0.0362 -0.3803 -0.9242
vn -0.0367 -0.3806 -0.9240
vn -0.0371 -0.3809 -0.9239
vn -0.0375 -0.3812 -0.9237
vn -0.0379 -0.3814 -0.9236
vn -0.0384 -0.3816 -0.9235
vn -0.0388 -0.3818 -0.9234
vn -0.0392 -0.3820 -0.9233
vn -0.0397 -0.3822 -0.9232
vn -0.0401 -0.3823 -0.9232
vn -0.0405 -0.3824 -0.9231
vn -0.0410 -0.3825 -0.9230
vn -0.0414 -0.3826 -0.9230
vn -0.0418 -0.3826 -0.9229
vn -0.0423 -0.3827 -0.9229
vn -0.0427 -0.3827 -0.9229
vn -0.0431 -0.3827 -0.9229
vn -0.0436 -0.3827 -0.9229
vn -0.0440 -0.3826 -0.9229
vn -0.0444 -0.3825 -0.9229
vn -0.0449 -0.3824 -0.9229
vn -0.0453 -0.3823 -0.9229
vn -0.0458 -0.3822 -0.9229
vn -0.0462 -0.3820 -0.9230
vn -0.0466 -0.3819 -0.9230
vn -0.0471 -0.3817 -0.9231
vn -0.0475 -0.3814 -0.9232
vn -0.0480 -0.3812 -0.9232
vn -0.0484 -0.3809 -0.9233
vn -0.0488 -0.3807 -0.9234
vn -0.0493 -0.3804 -0.9235
vn -0.0497 -0.3800 -0.9236
vn -0.0502 -0.3797 -0.9238
vn -0.0506 -0.3793 -0.9239
vn -0.0510 -0.3789 -0.9240
vn -0.0515 -0.3785 -0.9242
vn -0.0519 -0.3781 -0.9243
vn -0.0524 -0.3777 -0.9245
vn -0.0528 -0.3772 -0.9246
vn -0.0532 -0.3767 -0.9248
vn -0.0537 -0.3762 -0.9250
vn -0.0541 -0.3756 -0.9252
vn -0.0546 -0.3751 -0.9254
vn -0.0550 -0.3745 -0.9256
vn -0.0554 -0.3739 -0.9258
vn -0.0559 -0.3733 -0.9260
vn -0.0563 -0.3727 -0.9263
vn -0.0568 -0.3720 -0.9265
vn -0.0572 -0.3713 -0.9267
vn -0.0576 -0.3706 -0.9270
vn -0.0581 -0.3699 -0.9273
vn -0.0585 -0.3692 -0.9275
vn -0.0591 -0.3679 -0.9280
vn 0.0211 -0.3641 -0.9311
vn 0.1232 -0.3590 -0.9252
vn 0.1931 -0.3369 -0.9216
vn 0.2187 -0.3198 -0.9219
vn 0.2389 -0.3041 -0.9222
vn 0.2551 -0.2899 -0.9224
vn 0.2681 -0.2773 -0.9226
vn 0.2787 -0.2661 -0.9228
vn 0.2874 -0.2562 -0.9229
vn 0.2946 -0.2475 -0.9230
vn 0.3006 -0.2398 -0.9231
vn 0.3056 -0.2330 -0.9232
vn 0.3099 -0.2269 -0.9233
vn 0.3136 -0.2216 -0.9233
vn 0.3168 -0.2168 -0.9234
vn 0.3195 -0.2126 -0.9235
vn 0.3218 -0.2088 -0.9235
vn 0.3238 -0.2055 -0.9235
vn 0.3255 -0.2025 -0.9236
vn 0.3270 -0.1999 -0.9236
vn 0.3283 -0.1977 -0.9237
vn 0.3294 -0.1957 -0.9237
vn 0.3303 -0.1940 -0.9237
vn 0.3249 -0.1892 -0.9267
vn 0.2534 0.2371 -0.9379
vn 0.1935 0.3351 -0.9221
vn 0.1725 0.2988 -0.9386
vn -0.3485 0.2667 -0.8986
vn -0.3292 0.2448 -0.9120
vn -0.2853 0.2502 -0.9252
vn -0.2604 0.2763 -0.9251
vn -0.2340 0.2992 -0.9250
vn -0.2072 0.3187 -0.9249
vn -0.1810 0.3346 -0.9248
vn -0.1561 0.3471 -0.9247
vn -0.1333 0.3567 -0.9246
vn -0.1130 0.3639 -0.9246
vn -0.0953 0.3690 -0.9245
vn -0.0806 0.3726 -0.9245
vn -0.0688 0.3750 -0.9245
vn -0.0670 0.3786 -0.9231
vn -0.1392 0.3809 -0.9141
vn -0.2148 0.3693 -0.9042
vn -0.2104 0.3694 -0.9051
vn -0.2105 0.3685 -0.9055
vn -0.2161 0.3664 -0.9050
vn -0.2284 0.3625 -0.9036
vn -0.2347 0.3416 -0.9101
vn -0.2405 0.3592 -0.9017
vn -0.2352 0.3587 -0.9033
vn -0.2301 0.3599 -0.9042
vn -0.2250 0.3610 -0.9050
vn -0.2199 0.3621 -0.9058
vn -0.2147 0.3632 -0.9066
vn -0.2095 0.3643 -0.9074
vn -0.2043 0.3653 -0.9082
vn -0.1991 0.3663 -0.9090
vn -0.1938 0.3672 -0.9097
vn -0.1886 0.3682 -0.9104
vn -0.1833 0.3691 -0.9111
vn -0.1780 0.3700 -0.9118
vn -0.1726 0.3708 -0.9125
vn -0.1673 0.3716 -0.9132
vn -0.1619 0.3724 -0.9138
vn -0.1565 0.3732 -0.9145
vn -0.1511 0.3739 -0.9151
vn -0.1457 0.3746 -0.9157
vn -0.1402 0.3753 -0.9162
vn -0.1348 0.3759 -0.9168
vn -0.1293 0.3765 -0.9173
vn -0.1238 0.3771 -0.9179
vn -0.1183 0.3776 -0.9184
vn -0.1128 0.3782 -0.9188
vn -0.1073 0.3786 -0.9193
vn -0.1017 0.3791 -0.9198
vn -0.0962 0.3795 -0.9202
vn -0.0906 0.3799 -0.9206
vn -0.0850 0.3802 -0.9210
vn -0.0795 0.3806 -0.9213
vn -0.0739 0.3808 -0.9217
vn -0.0683 0.3811 -0.9220
vn -0.0627 0.3813 -0.9223
vn -0.0571 0.3815 -0.9226
vn -0.0515 0.3817 -0.9229
vn -0.0458 0.3818 -0.9231
vn -0.0402 0.3819 -0.9233
vn -0.0346 0.3819 -0.9235
vn -0.0290 0.3820 -0.9237
vn -0.0233 0.3820 -0.9239
vn -0.0177 0.3819 -0.9240
vn -0.0121 0.3818 -0.9242
vn -0.0064 0.3817 -0.9243
vn -0.0008 0.3816 -0.9243
vn 0.0048 0.3814 -0.9244
vn 0.0105 0.3812 -0.9244
vn 0.0161 0.3810 -0.9244
vn 0.0217 0.3807 -0.9244
vn 0.0273 0.3804 -0.9244
vn 0.0329 0.3801 -0.9244
vn 0.0385 0.3797 -0.9243
vn 0.0441 0.3793 -0.9242
vn 0.0497 0.3788 -0.9241
vn 0.0553 0.3784 -0.9240
vn 0.0609 0.3779 -0.9239
vn 0.0664 0.3773 -0.9237
vn 0.0720 0.3768 -0.9235
vn 0.0775 0.3762 -0.9233
vn 0.0830 0.3756 -0.9231
vn 0.0885 0.3749 -0.9228
vn 0.0940 0.3742 -0.9226
vn 0.0995 0.3735 -0.9223
vn 0.1050 0.3727 -0.9220
vn 0.1105 0.3719 -0.9217
vn 0.1159 0.3711 -0.9213
vn 0.1213 0.3703 -0.9210
vn 0.1267 0.3694 -0.9206
vn 0.1321 0.3685 -0.9202
vn 0.1375 0.3676 -0.9198
vn 0.1428 0.3666 -0.9194
vn 0.1482 0.3656 -0.9189
vn 0.1535 0.3646 -0.9184
vn 0.1588 0.3635 -0.9180
vn 0.1640 0.3624 -0.9175
vn 0.1693 0.3613 -0.9169
vn 0.1745 0.3602 -0.9164
vn 0.1797 0.3590 -0.9159
vn 0.1849 0.3578 -0.9153
vn 0.1900 0.3566 -0.9147
vn 0.1952 0.3553 -0.9141
vn 0.2003 0.3540 -0.9135
vn 0.2053 0.3527 -0.9129
vn 0.2104 0.3514 -0.9123
vn 0.2154 0.3500 -0.9116
vn 0.2204 0.3487 -0.9110
vn 0.2254 0.3473 -0.9103
vn 0.2303 0.3458 -0.9096
vn 0.2348 0.3435 -0.9093
vn 0.2337 0.3816 -0.8943
vn 0.1979 0.3635 -0.9103
vn 0.1572 0.3764 -0.9130
vn 0.1155 0.3820 -0.9169
vn 0.0733 0.3815 -0.9215
vn 0.0315 0.3746 -0.9267
vn -0.0095 0.3613 -0.9324
vn -0.0489 0.3418 -0.9385
vn -0.0860 0.3162 -0.9448
vn -0.1202 0.2847 -0.9510
vn -0.1507 0.2478 -0.9570
vn -0.1769 0.2061 -0.9624
vn -0.1982 0.1601 -0.9670
vn -0.2140 0.1109 -0.9705
vn -0.2239 0.0593 -0.9728
vn -0.2277 0.0064 -0.9737
vn -0.2252 -0.0466 -0.9732
vn -0.2166 -0.0986 -0.9713
vn -0.2020 -0.1485 -0.9681
vn -0.1818 -0.1953 -0.9637
vn -0.1566 -0.2381 -0.9585
vn -0.1270 -0.2762 -0.9527
vn -0.0936 -0.3090 -0.9464
vn -0.0571 -0.3364 -0.9400
vn -0.2049 -0.6348 -0.7450
vn -0.1862 -0.6650 -0.7233
vn -0.1827 -0.6657 -0.7235
vn -0.1798 -0.6673 -0.7228
vn -0.1768 -0.6689 -0.7221
vn -0.1738 -0.6704 -0.7214
vn -0.1708 -0.6719 -0.7207
vn -0.1679 -0.6733 -0.7200
vn -0.1649 -0.6747 -0.7194
vn -0.1619 -0.6761 -0.7188
vn -0.1589 -0.6775 -0.7182
vn -0.1560 -0.6788 -0.7176
vn -0.1530 -0.6801 -0.7170
vn -0.1500 -0.6814 -0.7164
vn -0.1470 -0.6826 -0.7158
vn -0.1441 -0.6838 -0.7153
vn -0.1411 -0.6850 -0.7148
vn -0.1381 -0.6861 -0.7143
vn -0.1351 -0.6872 -0.7138
vn -0.1322 -0.6883 -0.7133
vn -0.1292 -0.6893 -0.7128
vn -0.1262 -0.6903 -0.7124
vn -0.1232 -0.6913 -0.7120
vn -0.1203 -0.6923 -0.7116
vn -0.1173 -0.6932 -0.7112
vn -0.1143 -0.6941 -0.7108
vn -0.1114 -0.6949 -0.7104
vn -0.1084 -0.6958 -0.7100
vn -0.1054 -0.6966 -0.7097
vn -0.1025 -0.6973 -0.7094
vn -0.0995 -0.6981 -0.7091
vn -0.0965 -0.6988 -0.7088
vn -0.0936 -0.6995 -0.7085
vn -0.0906 -0.7001 -0.7083
vn -0.0876 -0.7007 -0.7080
vn -0.0847 -0.7013 -0.7078
vn -0.0817 -0.7019 -0.7076
vn -0.0787 -0.7024 -0.7074
vn -0.0758 -0.7029 -0.7072
vn -0.0728 -0.7034 -0.7071
vn -0.0698 -0.7038 -0.7069
vn -0.0669 -0.7042 -0.7068
vn -0.0639 -0.7046 -0.7067
vn -0.0609 -0.7050 -0.7066
vn -0.0580 -0.7053 -0.7065
vn -0.0550 -0.7056 -0.7065
vn -0.0521 -0.7059 -0.7064
vn -0.0491 -0.7061 -0.7064
vn -0.0461 -0.7063 -0.7064
vn -0.0432 -0.7065 -0.7064
vn -0.0402 -0.7067 -0.7064
vn -0.0372 -0.7068 -0.7064
vn -0.0343 -0.7069 -0.7065
vn -0.0313 -0.7070 -0.7066
vn -0.0284 -0.7070 -0.7066
vn -0.0254 -0.7070 -0.7067
vn -0.0224 -0.7070 -0.7069
vn -0.0195 -0.7069 -0.7070
vn -0.0165 -0.7069 -0.7071
vn -0.0136 -0.7068 -0.7073
vn -0.0106 -0.7066 -0.7075
vn -0.0076 -0.7065 -0.7077
vn -0.0047 -0.7063 -0.7079
vn -0.0017 -0.7061 -0.7081
vn 0.0012 -0.7058 -0.7084
vn 0.0042 -0.7055 -0.7087
vn 0.0072 -0.7052 -0.7089
vn 0.0101 -0.7049 -0.7092
vn 0.0131 -0.7045 -0.7096
vn 0.0160 -0.7041 -0.7099
vn 0.0190 -0.7037 -0.7102
vn 0.0219 -0.7032 -0.7106
vn 0.0249 -0.7028 -0.7110
vn 0.0279 -0.7022 -0.7114
vn 0.0308 -0.7017 -0.7118
vn 0.0338 -0.7011 -0.7122
vn 0.0367 -0.7005 -0.7127
vn 0.0397 -0.6999 -0.7131
vn 0.0427 -0.6992 -0.7136
vn 0.0456 -0.6985 -0.7141
vn 0.0486 -0.6978 -0.7146
vn 0.0515 -0.6970 -0.7152
vn 0.0545 -0.6963 -0.7157
vn 0.0575 -0.6954 -0.7163
vn 0.0604 -0.6946 -0.7169
vn 0.0634 -0.6937 -0.7174
vn 0.0664 -0.6928 -0.7181
vn 0.0693 -0.6919 -0.7187
vn 0.0723 -0.6909 -0.7193
vn 0.0752 -0.6898 -0.7201
vn 0.1642 -0.6780 -0.7165
vn 0.2738 -0.6505 -0.7085
vn 0.3505 -0.6179 -0.7038
vn 0.3986 -0.5876 -0.7042
vn 0.4368 -0.5593 -0.7045
vn 0.4673 -0.5337 -0.7048
vn 0.4918 -0.5108 -0.7051
vn 0.5118 -0.4905 -0.7053
vn 0.5282 -0.4725 -0.7055
vn 0.5418 -0.4565 -0.7057
vn 0.5532 -0.4424 -0.7058
vn 0.5629 -0.4299 -0.7060
vn 0.5710 -0.4188 -0.7061
vn 0.5780 -0.4090 -0.7062
vn 0.5839 -0.4002 -0.7063
vn 0.5891 -0.3924 -0.7064
vn 0.5935 -0.3856 -0.7064
vn 0.5974 -0.3794 -0.7065
vn 0.6007 -0.3740 -0.7066
vn 0.6035 -0.3693 -0.7067
vn 0.6060 -0.3651 -0.7067
vn 0.6081 -0.3615 -0.7068
vn 0.6099 -0.3584 -0.7068
vn 0.6102 -0.3553 -0.7081
vn 0.5064 0.3675 -0.7800
vn 0.3526 0.6108 -0.7089
vn 0.3430 0.5941 -0.7276
vn -0.4282 0.5076 -0.7476
vn -0.5807 0.4213 -0.6966
vn -0.5319 0.4623 -0.7095
vn -0.4857 0.5109 -0.7093
vn -0.4367 0.5536 -0.7091
vn -0.3868 0.5898 -0.7089
vn -0.3379 0.6194 -0.7087
vn -0.2916 0.6427 -0.7085
vn -0.2490 0.6605 -0.7083
vn -0.2110 0.6738 -0.7082
vn -0.1780 0.6833 -0.7081
vn -0.1504 0.6900 -0.7081
vn -0.1283 0.6944 -0.7080
vn -0.1194 0.6973 -0.7068
vn -0.1665 0.6953 -0.6991
vn -0.2206 0.6854 -0.6940
vn -0.2188 0.6854 -0.6945
vn -0.2250 0.6835 -0.6944
vn -0.2407 0.6790 -0.6936
vn -0.2681 0.6705 -0.6918
vn -0.2893 0.6491 -0.7036
vn -0.2993 0.6605 -0.6885
vn -0.2925 0.6620 -0.6901
vn -0.2856 0.6642 -0.6908
vn -0.2787 0.6664 -0.6915
vn -0.2718 0.6685 -0.6923
vn -0.2649 0.6706 -0.6929
vn -0.2579 0.6726 -0.6936
vn -0.2509 0.6745 -0.6943
vn -0.2438 0.6765 -0.6949
vn -0.2368 0.6783 -0.6956
vn -0.2297 0.6801 -0.6962
vn -0.2225 0.6819 -0.6968
vn -0.2153 0.6835 -0.6974
vn -0.2081 0.6852 -0.6980
vn -0.2009 0.6868 -0.6986
vn -0.1937 0.6883 -0.6991
vn -0.1864 0.6897 -0.6997
vn -0.1791 0.6911 -0.7002
vn -0.1718 0.6925 -0.7007
vn -0.1644 0.6938 -0.7012
vn -0.1570 0.6950 -0.7016
vn -0.1496 0.6962 -0.7021
vn -0.1422 0.6973 -0.7025
vn -0.1348 0.6983 -0.7030
vn -0.1273 0.6993 -0.7034
vn -0.1199 0.7002 -0.7038
vn -0.1124 0.7011 -0.7041
vn -0.1049 0.7019 -0.7045
vn -0.0973 0.7026 -0.7048
vn -0.0898 0.7033 -0.7052
vn -0.0823 0.7039 -0.7055
vn -0.0747 0.7045 -0.7058
vn -0.0671 0.7050 -0.7060
vn -0.0596 0.7054 -0.7063
vn -0.0520 0.7058 -0.7065
vn -0.0444 0.7061 -0.7067
vn -0.0368 0.7063 -0.7069
vn -0.0292 0.7065 -0.7071
vn -0.0216 0.7066 -0.7073
vn -0.0140 0.7067 -0.7074
vn -0.0064 0.7067 -0.7075
vn 0.0013 0.7066 -0.7076
vn 0.0089 0.7064 -0.7077
vn 0.0165 0.7062 -0.7078
vn 0.0241 0.7060 -0.7078
vn 0.0317 0.7056 -0.7079
vn 0.0393 0.7052 -0.7079
vn 0.0469 0.7048 -0.7079
vn 0.0545 0.7043 -0.7079
vn 0.0621 0.7037 -0.7078
vn 0.0696 0.7030 -0.7078
vn 0.0772 0.7023 -0.7077
vn 0.0848 0.7015 -0.7076
vn 0.0923 0.7007 -0.7075
vn 0.0998 0.6998 -0.7073
vn 0.1073 0.6988 -0.7072
vn 0.1148 0.6978 -0.7070
vn 0.1223 0.6967 -0.7068
vn 0.1298 0.6956 -0.7066
vn 0.1372 0.6944 -0.7064
vn 0.1447 0.6931 -0.7062
vn 0.1521 0.6918 -0.7059
vn 0.1595 0.6904 -0.7056
vn 0.1668 0.6889 -0.7054
vn 0.1742 0.6874 -0.7050
vn 0.1815 0.6859 -0.7047
vn 0.1888 0.6842 -0.7044
vn 0.1961 0.6826 -0.7040
vn 0.2033 0.6808 -0.7037
vn 0.2105 0.6790 -0.7033
vn 0.2177 0.6772 -0.7029
vn 0.2249 0.6753 -0.7025
vn 0.2320 0.6733 -0.7020
vn 0.2391 0.6713 -0.7016
vn 0.2461 0.6692 -0.7011
vn 0.2532 0.6671 -0.7007
vn 0.2602 0.6649 -0.7002
vn 0.2671 0.6626 -0.6997
vn 0.2741 0.6604 -0.6992
vn 0.2810 0.6580 -0.6986
vn 0.2878 0.6556 -0.6981
vn 0.2946 0.6532 -0.6975
vn 0.3014 0.6507 -0.6970
vn 0.3082 0.6481 -0.6964
vn 0.3149 0.6455 -0.6958
vn 0.3215 0.6429 -0.6952
vn 0.3282 0.6402 -0.6946
vn 0.3348 0.6375 -0.6939
vn 0.3412 0.6345 -0.6935
vn 0.3229 0.6699 -0.6686
vn 0.2664 0.6677 -0.6951
vn 0.1840 0.6916 -0.6984
vn 0.0993 0.7043 -0.7030
vn 0.0133 0.7057 -0.7084
vn -0.0729 0.6957 -0.7146
vn -0.1580 0.6741 -0.7215
vn -0.2407 0.6408 -0.7290
vn -0.3196 0.5958 -0.7368
vn -0.3930 0.5394 -0.7447
vn -0.4593 0.4722 -0.7523
vn -0.5170 0.3951 -0.7593
vn -0.5645 0.3093 -0.7653
vn -0.6002 0.2163 -0.7700
vn -0.6231 0.1182 -0.7731
vn -0.6324 0.0173 -0.7744
vn -0.6278 -0.0841 -0.7738
vn -0.6093 -0.1834 -0.7714
vn -0.5777 -0.2784 -0.7673
vn -0.5340 -0.3669 -0.7617
vn -0.4796 -0.4471 -0.7550
vn -0.4159 -0.5178 -0.7476
vn -0.3446 -0.5779 -0.7398
vn -0.2673 -0.6269 -0.7318
vn -0.3558 -0.8370 -0.4157
vn -0.3208 -0.8634 -0.3894
vn -0.3148 -0.8655 -0.3897
vn -0.3090 -0.8677 -0.3894
vn -0.3032 -0.8699 -0.3891
vn -0.2974 -0.8720 -0.3888
vn -0.2915 -0.8741 -0.3885
vn -0.2857 -0.8762 -0.3882
vn -0.2799 -0.8782 -0.3879
vn -0.2740 -0.8801 -0.3876
vn -0.2682 -0.8821 -0.3874
vn -0.2623 -0.8839 -0.3871
vn -0.2565 -0.8858 -0.3869
vn -0.2506 -0.8875 -0.3866
vn -0.2448 -0.8893 -0.3864
vn -0.2389 -0.8910 -0.3861
vn -0.2331 -0.8926 -0.3859
vn -0.2272 -0.8942 -0.3857
vn -0.2213 -0.8958 -0.3855
vn -0.2155 -0.8973 -0.3853
vn -0.2096 -0.8988 -0.3851
vn -0.2037 -0.9002 -0.3849
vn -0.1978 -0.9016 -0.3847
vn -0.1920 -0.9029 -0.3845
vn -0.1861 -0.9042 -0.3843
vn -0.1802 -0.9055 -0.3842
vn -0.1743 -0.9067 -0.3840
vn -0.1684 -0.9079 -0.3839
vn -0.1625 -0.9090 -0.3837
vn -0.1566 -0.9101 -0.3836
vn -0.1507 -0.9112 -0.3834
vn -0.1448 -0.9122 -0.3833
vn -0.1389 -0.9132 -0.3832
vn -0.1330 -0.9141 -0.3831
vn -0.1271 -0.9150 -0.3830
vn -0.1212 -0.9158 -0.3829
vn -0.1153 -0.9166 -0.3828
vn -0.1094 -0.9174 -0.3827
vn -0.1035 -0.9181 -0.3827
vn -0.0976 -0.9187 -0.3826
vn -0.0917 -0.9194 -0.3826
vn -0.0858 -0.9200 -0.3825
vn -0.0799 -0.9205 -0.3825
vn -0.0739 -0.9210 -0.3824
vn -0.0680 -0.9215 -0.3824
vn -0.0621 -0.9219 -0.3824
vn -0.0562 -0.9223 -0.3824
vn -0.0503 -0.9226 -0.3824
vn -0.0443 -0.9229 -0.3824
vn -0.0384 -0.9232 -0.3824
vn -0.0325 -0.9234 -0.3824
vn -0.0266 -0.9236 -0.3824
vn -0.0207 -0.9237 -0.3825
vn -0.0147 -0.9238 -0.3825
vn -0.0088 -0.9239 -0.3825
vn -0.0029 -0.9239 -0.3826
vn 0.0031 -0.9239 -0.3827
vn 0.0090 -0.9238 -0.3827
vn 0.0149 -0.9237 -0.3828
vn 0.0208 -0.9236 -0.3829
vn 0.0268 -0.9234 -0.3830
vn 0.0327 -0.9231 -0.3831
vn 0.0386 -0.9229 -0.3832
vn 0.0446 -0.9225 -0.3833
vn 0.0505 -0.9222 -0.3834
vn 0.0564 -0.9218 -0.3836
vn 0.0624 -0.9213 -0.3837
vn 0.0683 -0.9209 -0.3838
vn 0.0743 -0.9203 -0.3840
vn 0.0802 -0.9198 -0.3842
vn 0.0861 -0.9192 -0.3843
vn 0.0921 -0.9185 -0.3845
vn 0.0980 -0.9178 -0.3847
vn 0.1039 -0.9171 -0.3849
vn 0.1099 -0.9163 -0.3851
vn 0.1158 -0.9155 -0.3853
vn 0.1218 -0.9146 -0.3855
vn 0.1277 -0.9137 -0.3857
vn 0.1336 -0.9128 -0.3859
vn 0.1396 -0.9118 -0.3862
vn 0.1455 -0.9108 -0.3864
vn 0.1514 -0.9097 -0.3866
vn 0.1574 -0.9086 -0.3869
vn 0.1633 -0.9074 -0.3872
vn 0.1692 -0.9062 -0.3874
vn 0.1752 -0.9050 -0.3877
vn 0.1811 -0.9037 -0.3880
vn 0.1870 -0.9024 -0.3883
vn 0.1930 -0.9010 -0.3886
vn 0.1989 -0.8996 -0.3889
vn 0.2688 -0.8847 -0.3808
vn 0.3714 -0.8464 -0.3817
vn 0.4548 -0.8057 -0.3795
vn 0.5181 -0.7664 -0.3797
vn 0.5683 -0.7298 -0.3800
vn 0.6085 -0.6966 -0.3802
vn 0.6408 -0.6668 -0.3805
vn 0.6671 -0.6403 -0.3807
vn 0.6888 -0.6169 -0.3809
vn 0.7067 -0.5961 -0.3810
vn 0.7218 -0.5777 -0.3812
vn 0.7344 -0.5614 -0.3813
vn 0.7452 -0.5470 -0.3815
vn 0.7544 -0.5341 -0.3816
vn 0.7623 -0.5227 -0.3817
vn 0.7691 -0.5126 -0.3818
vn 0.7749 -0.5036 -0.3819
vn 0.7800 -0.4957 -0.3820
vn 0.7844 -0.4886 -0.3821
vn 0.7882 -0.4824 -0.3821
vn 0.7914 -0.4770 -0.3822
vn 0.7942 -0.4723 -0.3823
vn 0.7966 -0.4683 -0.3824
vn 0.7985 -0.4649 -0.3824
vn 0.7546 0.4607 -0.4673
vn 0.4604 0.7975 -0.3899
vn 0.4569 0.7914 -0.4060
vn -0.4806 0.7550 -0.4461
vn -0.7532 0.5384 -0.3779
vn -0.6976 0.6042 -0.3851
vn -0.6371 0.6678 -0.3848
vn -0.5729 0.7239 -0.3845
vn -0.5074 0.7713 -0.3843
vn -0.4433 0.8099 -0.3841
vn -0.3825 0.8404 -0.3839
vn -0.3267 0.8637 -0.3837
vn -0.2768 0.8810 -0.3836
vn -0.2336 0.8935 -0.3836
vn -0.1973 0.9022 -0.3836
vn -0.1682 0.9080 -0.3836
vn -0.1509 0.9112 -0.3834
vn -0.1665 0.9095 -0.3809
vn -0.1944 0.9044 -0.3797
vn -0.1954 0.9041 -0.3800
vn -0.2069 0.9015 -0.3800
vn -0.2309 0.8958 -0.3797
vn -0.2700 0.8851 -0.3791
vn -0.3036 0.8666 -0.3960
vn -0.3167 0.8707 -0.3762
vn -0.3090 0.8732 -0.3770
vn -0.3012 0.8758 -0.3772
vn -0.2933 0.8783 -0.3775
vn -0.2855 0.8808 -0.3777
vn -0.2776 0.8832 -0.3780
vn -0.2697 0.8856 -0.3782
vn -0.2617 0.8878 -0.3785
vn -0.2538 0.8901 -0.3787
vn -0.2458 0.8922 -0.3789
vn -0.2377 0.8943 -0.3791
vn -0.2297 0.8963 -0.3793
vn -0.2216 0.8982 -0.3796
vn -0.2135 0.9001 -0.3798
vn -0.2054 0.9019 -0.3800
vn -0.1972 0.9037 -0.3801
vn -0.1890 0.9053 -0.3803
vn -0.1808 0.9069 -0.3805
vn -0.1726 0.9084 -0.3807
vn -0.1644 0.9099 -0.3809
vn -0.1561 0.9113 -0.3810
vn -0.1478 0.9126 -0.3812
vn -0.1396 0.9138 -0.3813
vn -0.1312 0.9150 -0.3815
vn -0.1229 0.9161 -0.3816
vn -0.1146 0.9171 -0.3817
vn -0.1062 0.9181 -0.3819
vn -0.0979 0.9190 -0.3820
vn -0.0895 0.9198 -0.3821
vn -0.0811 0.9205 -0.3822
vn -0.0727 0.9212 -0.3823
vn -0.0643 0.9218 -0.3824
vn -0.0559 0.9223 -0.3825
vn -0.0474 0.9227 -0.3826
vn -0.0390 0.9231 -0.3827
vn -0.0306 0.9234 -0.3827
vn -0.0221 0.9236 -0.3828
vn -0.0137 0.9237 -0.3829
vn -0.0052 0.9238 -0.3829
vn 0.0032 0.9238 -0.3830
vn 0.0116 0.9237 -0.3830
vn 0.0201 0.9235 -0.3830
vn 0.0285 0.9233 -0.3831
vn 0.0370 0.9230 -0.3831
vn 0.0454 0.9226 -0.3831
vn 0.0539 0.9221 -0.3831
vn 0.0623 0.9216 -0.3831
vn 0.0707 0.9210 -0.3831
vn 0.0791 0.9203 -0.3831
vn 0.0875 0.9196 -0.3831
vn 0.0959 0.9187 -0.3830
vn 0.1043 0.9178 -0.3830
vn 0.1127 0.9169 -0.3830
vn 0.1211 0.9158 -0.3829
vn 0.1294 0.9147 -0.3829
vn 0.1378 0.9135 -0.3828
vn 0.1461 0.9122 -0.3828
vn 0.1544 0.9109 -0.3827
vn 0.1627 0.9095 -0.3826
vn 0.1710 0.9080 -0.3825
vn 0.1792 0.9064 -0.3824
vn 0.1875 0.9048 -0.3824
vn 0.1957 0.9031 -0.3823
vn 0.2039 0.9013 -0.3822
vn 0.2120 0.8995 -0.3820
vn 0.2202 0.8976 -0.3819
vn 0.2283 0.8956 -0.3818
vn 0.2364 0.8935 -0.3817
vn 0.2445 0.8914 -0.3815
vn 0.2526 0.8892 -0.3814
vn 0.2606 0.8870 -0.3813
vn 0.2686 0.8847 -0.3811
vn 0.2765 0.8823 -0.3810
vn 0.2845 0.8798 -0.3808
vn 0.2924 0.8773 -0.3806
vn 0.3003 0.8747 -0.3805
vn 0.3081 0.8720 -0.3803
vn 0.3159 0.8693 -0.3801
vn 0.3237 0.8665 -0.3799
vn 0.3315 0.8637 -0.3797
vn 0.3392 0.8608 -0.3795
vn 0.3468 0.8578 -0.3793
vn 0.3545 0.8547 -0.3791
vn 0.3621 0.8516 -0.3789
vn 0.3697 0.8485 -0.3787
vn 0.3772 0.8453 -0.3785
vn 0.3847 0.8420 -0.3783
vn 0.3921 0.8386 -0.3781
vn 0.3995 0.8352 -0.3778
vn 0.3668 0.8636 -0.3459
vn 0.2972 0.8766 -0.3785
vn 0.1843 0.9065 -0.3797
vn 0.0684 0.9218 -0.3815
vn -0.0491 0.9222 -0.3837
vn -0.1664 0.9073 -0.3861
vn -0.2818 0.8771 -0.3889
vn -0.3933 0.8318 -0.3918
vn -0.4989 0.7715 -0.3948
vn -0.5967 0.6969 -0.3978
vn -0.6846 0.6088 -0.4008
vn -0.7606 0.5086 -0.4034
vn -0.8228 0.3979 -0.4057
vn -0.8696 0.2787 -0.4075
vn -0.8997 0.1535 -0.4086
vn -0.9121 0.0248 -0.4092
vn -0.9066 -0.1044 -0.4090
vn -0.8832 -0.2313 -0.4081
vn -0.8426 -0.3531 -0.4066
vn -0.7861 -0.4674 -0.4045
vn -0.7151 -0.5719 -0.4020
vn -0.6314 -0.6648 -0.3992
vn -0.5371 -0.7447 -0.3962
vn -0.4341 -0.8106 -0.3931
vn -0.4445 -0.8954 -0.0261
vn -0.4004 -0.9164 0.0002
vn -0.3930 -0.9195 0.0000
vn -0.3856 -0.9227 -0.0000
vn -0.3782 -0.9257 0.0000
vn -0.3708 -0.9287 -0.0000
vn -0.3634 -0.9316 0.0000
vn -0.3559 -0.9345 -0.0000
vn -0.3484 -0.9373 -0.0000
vn -0.3409 -0.9401 0.0000
vn -0.3334 -0.9428 -0.0000
vn -0.3258 -0.9454 -0.0000
vn -0.3183 -0.9480 0.0000
vn -0.3107 -0.9505 0.0000
vn -0.3030 -0.9530 0.0000
vn -0.2954 -0.9554 0.0000
vn -0.2878 -0.9577 -0.0000
vn -0.2801 -0.9600 -0.0000
vn -0.2724 -0.9622 0.0000
vn -0.2647 -0.9643 0.0000
vn -0.2570 -0.9664 -0.0000
vn -0.2492 -0.9684 0.0000
vn -0.2415 -0.9704 -0.0000
vn -0.2337 -0.9723 -0.0000
vn -0.2259 -0.9741 0.0000
vn -0.2181 -0.9759 -0.0000
vn -0.2103 -0.9776 -0.0000
vn -0.2025 -0.9793 0.0000
vn -0.1946 -0.9809 -0.0000
vn -0.1868 -0.9824 -0.0000
vn -0.1789 -0.9839 0.0000
vn -0.1710 -0.9853 -0.0000
vn -0.1631 -0.9866 -0.0000
vn -0.1552 -0.9879 0.0000
vn -0.1473 -0.9891 -0.0000
vn -0.1394 -0.9902 0.0000
vn -0.1315 -0.9913 -0.0000
vn -0.1236 -0.9923 0.0000
vn -0.1156 -0.9933 -0.0000
vn -0.1077 -0.9942 -0.0000
vn -0.0997 -0.9950 0.0000
vn -0.0917 -0.9958 -0.0000
vn -0.0838 -0.9965 0.0000
vn -0.0758 -0.9971 0.0000
vn -0.0678 -0.9977 0.0000
vn -0.0598 -0.9982 -0.0000
vn -0.0519 -0.9987 -0.0000
vn -0.0439 -0.9990 0.0000
vn -0.0359 -0.9994 -0.0000
vn -0.0279 -0.9996 0.0000
vn -0.0199 -0.9998 -0.0000
vn -0.0119 -0.9999 0.0000
vn -0.0039 -1.0000 -0.0000
vn 0.0041 -1.0000 -0.0000
vn 0.0121 -0.9999 0.0000
vn 0.0201 -0.9998 -0.0000
vn 0.0281 -0.9996 -0.0000
vn 0.0361 -0.9993 -0.0000
vn 0.0441 -0.9990 0.0000
vn 0.0521 -0.9986 -0.0000
vn 0.0601 -0.9982 0.0000
vn 0.0681 -0.9977 -0.0000
vn 0.0761 -0.9971 0.0000
vn 0.0840 -0.9965 0.0000
vn 0.0920 -0.9958 0.0000
vn 0.1000 -0.9950 -0.0000
vn 0.1079 -0.9942 0.0000
vn 0.1159 -0.9933 0.0000
vn 0.1238 -0.9923 -0.0000
vn 0.1317 -0.9913 -0.0000
vn 0.1397 -0.9902 0.0000
vn 0.1476 -0.9890 -0.0000
vn 0.1555 -0.9878 -0.0000
vn 0.1634 -0.9866 0.0000
vn 0.1713 -0.9852 0.0000
vn 0.1792 -0.9838 -0.0000
vn 0.1870 -0.9824 0.0000
vn 0.1949 -0.9808 -0.0000
vn 0.2027 -0.9792 -0.0000
vn 0.2105 -0.9776 0.0000
vn 0.2183 -0.9759 0.0000
vn 0.2261 -0.9741 -0.0000
vn 0.2339 -0.9723 -0.0000
vn 0.2417 -0.9704 0.0000
vn 0.2495 -0.9684 0.0000
vn 0.2572 -0.9664 0.0000
vn 0.2649 -0.9643 -0.0000
vn 0.2726 -0.9621 -0.0000
vn 0.2803 -0.9599 0.0000
vn 0.2880 -0.9576 -0.0001
vn 0.3219 -0.9467 0.0089
vn 0.4033 -0.9151 0.0023
vn 0.4902 -0.8716 0.0024
vn 0.5590 -0.8292 0.0024
vn 0.6136 -0.7896 0.0023
vn 0.6573 -0.7537 0.0021
vn 0.6924 -0.7215 0.0020
vn 0.7211 -0.6929 0.0018
vn 0.7446 -0.6675 0.0017
vn 0.7641 -0.6451 0.0015
vn 0.7805 -0.6252 0.0014
vn 0.7943 -0.6076 0.0013
vn 0.8060 -0.5919 0.0012
vn 0.8160 -0.5780 0.0011
vn 0.8246 -0.5657 0.0010
vn 0.8320 -0.5548 0.0009
vn 0.8384 -0.5451 0.0008
vn 0.8439 -0.5364 0.0007
vn 0.8487 -0.5288 0.0006
vn 0.8529 -0.5221 0.0005
vn 0.8564 -0.5163 0.0005
vn 0.8595 -0.5112 0.0004
vn 0.8620 -0.5068 0.0003
vn 0.8642 -0.5032 -0.0014
vn 0.8810 0.4727 0.0215
vn 0.5000 0.8660 -0.0111
vn 0.4998 0.8657 -0.0271
vn -0.4670 0.8839 0.0236
vn -0.8155 0.5787 0.0003
vn -0.7567 0.6538 -0.0014
vn -0.6911 0.7228 -0.0011
vn -0.6214 0.7835 -0.0009
vn -0.5505 0.8348 -0.0007
vn -0.4809 0.8768 -0.0005
vn -0.4150 0.9098 -0.0004
vn -0.3545 0.9351 -0.0004
vn -0.3004 0.9538 -0.0004
vn -0.2534 0.9673 -0.0005
vn -0.2141 0.9768 -0.0006
vn -0.1825 0.9832 -0.0007
vn -0.1581 0.9874 -0.0009
vn -0.1389 0.9903 -0.0011
vn -0.1383 0.9904 -0.0014
vn -0.1421 0.9898 -0.0016
vn -0.1574 0.9875 -0.0019
vn -0.1863 0.9825 -0.0023
vn -0.2320 0.9727 -0.0025
vn -0.2737 0.9616 -0.0222
vn -0.2879 0.9577 0.0001
vn -0.2803 0.9599 -0.0000
vn -0.2726 0.9621 -0.0000
vn -0.2649 0.9643 0.0000
vn -0.2572 0.9664 0.0000
vn -0.2494 0.9684 -0.0000
vn -0.2417 0.9704 0.0000
vn -0.2339 0.9723 0.0000
vn -0.2261 0.9741 -0.0000
vn -0.2183 0.9759 -0.0000
vn -0.2105 0.9776 0.0000
vn -0.2027 0.9792 0.0000
vn -0.1948 0.9808 0.0000
vn -0.1870 0.9824 0.0000
vn -0.1791 0.9838 -0.0000
vn -0.1712 0.9852 -0.0000
vn -0.1634 0.9866 0.0000
vn -0.1555 0.9878 0.0000
vn -0.1475 0.9891 -0.0000
vn -0.1396 0.9902 0.0000
vn -0.1317 0.9913 -0.0000
vn -0.1238 0.9923 -0.0000
vn -0.1158 0.9933 0.0000
vn -0.1079 0.9942 -0.0000
vn -0.0999 0.9950 -0.0000
vn -0.0920 0.9958 0.0000
vn -0.0840 0.9965 0.0000
vn -0.0760 0.9971 -0.0000
vn -0.0680 0.9977 0.0000
vn -0.0601 0.9982 0.0000
vn -0.0521 0.9986 -0.0000
vn -0.0441 0.9990 -0.0000
vn -0.0361 0.9993 0.0000
vn -0.0281 0.9996 -0.0000
vn -0.0201 0.9998 0.0000
vn -0.0121 0.9999 0.0000
vn -0.0041 1.0000 0.0000
vn 0.0039 1.0000 -0.0000
vn 0.0119 0.9999 -0.0000
vn 0.0199 0.9998 -0.0000
vn 0.0279 0.9996 0.0000
vn 0.0359 0.9994 0.0000
vn 0.0439 0.9990 0.0000
vn 0.0519 0.9987 0.0000
vn 0.0599 0.9982 -0.0000
vn 0.0679 0.9977 -0.0000
vn 0.0758 0.9971 0.0000
vn 0.0838 0.9965 -0.0000
vn 0.0918 0.9958 -0.0000
vn 0.0997 0.9950 -0.0000
vn 0.1077 0.9942 0.0000
vn 0.1157 0.9933 -0.0000
vn 0.1236 0.9923 0.0000
vn 0.1315 0.9913 0.0000
vn 0.1395 0.9902 -0.0000
vn 0.1474 0.9891 0.0000
vn 0.1553 0.9879 -0.0000
vn 0.1632 0.9866 -0.0000
vn 0.1711 0.9853 0.0000
vn 0.1789 0.9839 0.0000
vn 0.1868 0.9824 -0.0000
vn 0.1947 0.9809 0.0000
vn 0.2025 0.9793 -0.0000
vn 0.2103 0.9776 0.0000
vn 0.2181 0.9759 -0.0000
vn 0.2259 0.9741 0.0000
vn 0.2337 0.9723 -0.0000
vn 0.2415 0.9704 -0.0000
vn 0.2493 0.9684 0.0000
vn 0.2570 0.9664 -0.0000
vn 0.2647 0.9643 -0.0000
vn 0.2724 0.9622 -0.0000
vn 0.2801 0.9600 0.0000
vn 0.2878 0.9577 -0.0000
vn 0.2954 0.9554 0.0000
vn 0.3031 0.9530 0.0000
vn 0.3107 0.9505 -0.0000
vn 0.3183 0.9480 -0.0000
vn 0.3259 0.9454 0.0000
vn 0.3334 0.9428 0.0000
vn 0.3409 0.9401 0.0000
vn 0.3485 0.9373 -0.0000
vn 0.3559 0.9345 0.0000
vn 0.3634 0.9316 0.0000
vn 0.3708 0.9287 0.0000
vn 0.3783 0.9257 -0.0000
vn 0.3857 0.9226 -0.0000
vn 0.3930 0.9195 0.0000
vn 0.4004 0.9163 -0.0003
vn 0.3576 0.9332 0.0346
vn 0.2849 0.9586 -0.0001
vn 0.1573 0.9876 -0.0000
vn 0.0270 0.9996 -0.0000
vn -0.1037 0.9946 0.0000
vn -0.2326 0.9726 0.0000
vn -0.3576 0.9339 0.0000
vn -0.4764 0.8792 0.0000
vn -0.5870 0.8096 0.0000
vn -0.6877 0.7260 -0.0000
vn -0.7765 0.6301 -0.0000
vn -0.8521 0.5234 -0.0000
vn -0.9131 0.4077 -0.0000
vn -0.9585 0.2851 -0.0000
vn -0.9875 0.1575 0.0000
vn -0.9996 0.0273 0.0000
vn -0.9946 -0.1034 0.0000
vn -0.9726 -0.2324 -0.0000
vn -0.9340 -0.3574 0.0000
vn -0.8793 -0.4762 0.0000
vn -0.8096 -0.5870 -0.0000
vn -0.7261 -0.6876 -0.0000
vn -0.6301 -0.7766 0.0000
vn -0.5233 -0.8522 0.0001
vn -0.4617 -0.8152 0.3498
vn -0.4162 -0.8286 0.3744
vn -0.4086 -0.8322 0.3748
vn -0.4010 -0.8358 0.3751
vn -0.3933 -0.8393 0.3754
vn -0.3856 -0.8427 0.3757
vn -0.3778 -0.8461 0.3760
vn -0.3700 -0.8494 0.3764
vn -0.3621 -0.8526 0.3767
vn -0.3542 -0.8558 0.3770
vn -0.3463 -0.8589 0.3772
vn -0.3383 -0.8620 0.3775
vn -0.3303 -0.8650 0.3778
vn -0.3222 -0.8679 0.3781
vn -0.3141 -0.8707 0.3783
vn -0.3060 -0.8735 0.3786
vn -0.2978 -0.8762 0.3789
vn -0.2896 -0.8789 0.3791
vn -0.2813 -0.8815 0.3793
vn -0.2730 -0.8840 0.3796
vn -0.2647 -0.8864 0.3798
vn -0.2563 -0.8888 0.3800
vn -0.2479 -0.8911 0.3802
vn -0.2395 -0.8933 0.3804
vn -0.2311 -0.8954 0.3806
vn -0.2226 -0.8975 0.3808
vn -0.2141 -0.8995 0.3810
vn -0.2055 -0.9014 0.3811
vn -0.1970 -0.9032 0.3813
vn -0.1884 -0.9050 0.3814
vn -0.1798 -0.9067 0.3816
vn -0.1711 -0.9083 0.3817
vn -0.1625 -0.9098 0.3818
vn -0.1538 -0.9113 0.3820
vn -0.1451 -0.9127 0.3821
vn -0.1364 -0.9140 0.3822
vn -0.1276 -0.9152 0.3823
vn -0.1189 -0.9163 0.3823
vn -0.1101 -0.9174 0.3824
vn -0.1014 -0.9184 0.3825
vn -0.0926 -0.9193 0.3825
vn -0.0838 -0.9201 0.3826
vn -0.0750 -0.9209 0.3826
vn -0.0661 -0.9215 0.3826
vn -0.0573 -0.9221 0.3827
vn -0.0485 -0.9226 0.3827
vn -0.0396 -0.9230 0.3827
vn -0.0308 -0.9234 0.3827
vn -0.0219 -0.9236 0.3827
vn -0.0131 -0.9238 0.3826
vn -0.0042 -0.9239 0.3826
vn 0.0046 -0.9239 0.3826
vn 0.0135 -0.9239 0.3825
vn 0.0223 -0.9237 0.3824
vn 0.0312 -0.9235 0.3824
vn 0.0400 -0.9232 0.3823
vn 0.0489 -0.9228 0.3822
vn 0.0577 -0.9223 0.3821
vn 0.0665 -0.9218 0.3820
vn 0.0753 -0.9211 0.3819
vn 0.0841 -0.9204 0.3818
vn 0.0929 -0.9196 0.3816
vn 0.1017 -0.9188 0.3815
vn 0.1104 -0.9178 0.3813
vn 0.1192 -0.9168 0.3812
vn 0.1279 -0.9157 0.3810
vn 0.1366 -0.9145 0.3808
vn 0.1453 -0.9132 0.3807
vn 0.1540 -0.9119 0.3805
vn 0.1626 -0.9105 0.3803
vn 0.1712 -0.9090 0.3800
vn 0.1798 -0.9074 0.3798
vn 0.1884 -0.9058 0.3796
vn 0.1970 -0.9040 0.3794
vn 0.2055 -0.9022 0.3791
vn 0.2140 -0.9004 0.3789
vn 0.2225 -0.8984 0.3786
vn 0.2309 -0.8964 0.3784
vn 0.2393 -0.8943 0.3781
vn 0.2477 -0.8921 0.3778
vn 0.2561 -0.8899 0.3775
vn 0.2644 -0.8876 0.3772
vn 0.2726 -0.8852 0.3769
vn 0.2809 -0.8828 0.3766
vn 0.2891 -0.8802 0.3763
vn 0.2973 -0.8776 0.3760
vn 0.3054 -0.8750 0.3757
vn 0.3135 -0.8723 0.3753
vn 0.3216 -0.8695 0.3750
vn 0.3295 -0.8669 0.3741
vn 0.3274 -0.8635 0.3837
vn 0.3718 -0.8455 0.3833
vn 0.4514 -0.8054 0.3842
vn 0.5152 -0.7661 0.3843
vn 0.5658 -0.7295 0.3843
vn 0.6063 -0.6963 0.3842
vn 0.6389 -0.6665 0.3842
vn 0.6654 -0.6401 0.3841
vn 0.6872 -0.6166 0.3840
vn 0.7053 -0.5959 0.3839
vn 0.7205 -0.5775 0.3838
vn 0.7333 -0.5613 0.3837
vn 0.7442 -0.5468 0.3837
vn 0.7535 -0.5340 0.3836
vn 0.7614 -0.5226 0.3835
vn 0.7683 -0.5125 0.3834
vn 0.7743 -0.5035 0.3833
vn 0.7794 -0.4956 0.3833
vn 0.7839 -0.4886 0.3832
vn 0.7877 -0.4824 0.3831
vn 0.7910 -0.4770 0.3831
vn 0.7939 -0.4723 0.3830
vn 0.7963 -0.4682 0.3830
vn 0.8005 -0.4662 0.3767
vn 0.7736 0.3753 0.5105
vn 0.4643 0.8042 0.3712
vn 0.4683 0.8110 0.3507
vn -0.3676 0.7846 0.4993
vn -0.7540 0.5343 0.3821
vn -0.6998 0.6033 0.3825
vn -0.6392 0.6671 0.3827
vn -0.5748 0.7232 0.3829
vn -0.5093 0.7707 0.3830
vn -0.4450 0.8094 0.3831
vn -0.3841 0.8401 0.3831
vn -0.3281 0.8635 0.3830
vn -0.2781 0.8810 0.3829
vn -0.2347 0.8936 0.3827
vn -0.1982 0.9024 0.3825
vn -0.1690 0.9085 0.3823
vn -0.1418 0.9128 0.3829
vn -0.0887 0.9188 0.3847
vn -0.0593 0.9215 0.3839
vn -0.0655 0.9212 0.3835
vn -0.0823 0.9199 0.3833
vn -0.1116 0.9168 0.3834
vn -0.1565 0.9100 0.3840
vn -0.2002 0.9088 0.3662
vn -0.2130 0.8967 0.3881
vn -0.2067 0.8982 0.3878
vn -0.2004 0.8998 0.3876
vn -0.1941 0.9012 0.3874
vn -0.1878 0.9027 0.3872
vn -0.1815 0.9041 0.3869
vn -0.1752 0.9054 0.3867
vn -0.1689 0.9067 0.3865
vn -0.1626 0.9079 0.3863
vn -0.1563 0.9091 0.3861
vn -0.1500 0.9103 0.3859
vn -0.1437 0.9113 0.3857
vn -0.1374 0.9124 0.3856
vn -0.1311 0.9134 0.3854
vn -0.1247 0.9144 0.3852
vn -0.1184 0.9153 0.3850
vn -0.1121 0.9161 0.3849
vn -0.1058 0.9169 0.3847
vn -0.0994 0.9177 0.3846
vn -0.0931 0.9184 0.3844
vn -0.0868 0.9191 0.3843
vn -0.0804 0.9198 0.3842
vn -0.0741 0.9203 0.3840
vn -0.0678 0.9209 0.3839
vn -0.0614 0.9214 0.3838
vn -0.0551 0.9218 0.3837
vn -0.0488 0.9222 0.3836
vn -0.0424 0.9226 0.3835
vn -0.0361 0.9229 0.3834
vn -0.0298 0.9231 0.3833
vn -0.0234 0.9234 0.3832
vn -0.0171 0.9235 0.3832
vn -0.0108 0.9237 0.3831
vn -0.0044 0.9237 0.3830
vn 0.0019 0.9238 0.3830
vn 0.0082 0.9238 0.3829
vn 0.0146 0.9237 0.3829
vn 0.0209 0.9236 0.3828
vn 0.0272 0.9234 0.3828
vn 0.0336 0.9232 0.3827
vn 0.0399 0.9230 0.3827
vn 0.0462 0.9227 0.3827
vn 0.0525 0.9224 0.3827
vn 0.0589 0.9220 0.3827
vn 0.0652 0.9216 0.3827
vn 0.0715 0.9211 0.3827
vn 0.0778 0.9206 0.3827
vn 0.0841 0.9200 0.3827
vn 0.0904 0.9194 0.3827
vn 0.0967 0.9188 0.3827
vn 0.1030 0.9181 0.3828
vn 0.1093 0.9173 0.3828
vn 0.1156 0.9166 0.3828
vn 0.1219 0.9157 0.3829
vn 0.1282 0.9148 0.3829
vn 0.1345 0.9139 0.3830
vn 0.1408 0.9129 0.3830
vn 0.1471 0.9119 0.3831
vn 0.1534 0.9109 0.3832
vn 0.1596 0.9097 0.3833
vn 0.1659 0.9086 0.3833
vn 0.1722 0.9074 0.3834
vn 0.1784 0.9061 0.3835
vn 0.1847 0.9048 0.3836
vn 0.1909 0.9035 0.3837
vn 0.1972 0.9021 0.3838
vn 0.2034 0.9007 0.3840
vn 0.2096 0.8992 0.3841
vn 0.2159 0.8977 0.3842
vn 0.2221 0.8961 0.3843
vn 0.2283 0.8945 0.3845
vn 0.2345 0.8928 0.3846
vn 0.2407 0.8911 0.3847
vn 0.2469 0.8893 0.3849
vn 0.2531 0.8875 0.3851
vn 0.2593 0.8856 0.3852
vn 0.2655 0.8837 0.3854
vn 0.2716 0.8818 0.3855
vn 0.2778 0.8798 0.3857
vn 0.2840 0.8777 0.3859
vn 0.2901 0.8757 0.3861
vn 0.2963 0.8735 0.3863
vn 0.3024 0.8713 0.3865
vn 0.3085 0.8691 0.3867
vn 0.3146 0.8668 0.3869
vn 0.3207 0.8645 0.3871
vn 0.3268 0.8621 0.3873
vn 0.3329 0.8597 0.3875
vn 0.3392 0.8575 0.3868
vn 0.2926 0.8595 0.4190
vn 0.2283 0.8938 0.3861
vn 0.1056 0.9171 0.3844
vn -0.0186 0.9238 0.3824
vn -0.1418 0.9140 0.3801
vn -0.2618 0.8882 0.3776
vn -0.3764 0.8472 0.3749
vn -0.4837 0.7922 0.3722
vn -0.5819 0.7244 0.3695
vn -0.6698 0.6455 0.3670
vn -0.7462 0.5570 0.3646
vn -0.8103 0.4604 0.3626
vn -0.8614 0.3575 0.3609
vn -0.8991 0.2496 0.3596
vn -0.9231 0.1385 0.3588
vn -0.9332 0.0255 0.3585
vn -0.9293 -0.0878 0.3587
vn -0.9116 -0.1999 0.3593
vn -0.8800 -0.3095 0.3604
vn -0.8348 -0.4149 0.3619
vn -0.7764 -0.5145 0.3639
vn -0.7054 -0.6069 0.3661
vn -0.6226 -0.6904 0.3685
vn -0.5286 -0.7633 0.3714
vn -0.4135 -0.6246 0.6625
vn -0.3725 -0.6270 0.6842
vn -0.3657 -0.6301 0.6850
vn -0.3587 -0.6331 0.6859
vn -0.3517 -0.6361 0.6868
vn -0.3446 -0.6389 0.6877
vn -0.3375 -0.6418 0.6886
vn -0.3303 -0.6446 0.6895
vn -0.3231 -0.6473 0.6903
vn -0.3158 -0.6500 0.6912
vn -0.3085 -0.6527 0.6920
vn -0.3011 -0.6553 0.6928
vn -0.2937 -0.6578 0.6936
vn -0.2863 -0.6603 0.6943
vn -0.2787 -0.6627 0.6951
vn -0.2712 -0.6650 0.6958
vn -0.2636 -0.6674 0.6965
vn -0.2560 -0.6696 0.6972
vn -0.2483 -0.6718 0.6979
vn -0.2406 -0.6739 0.6985
vn -0.2328 -0.6760 0.6992
vn -0.2250 -0.6780 0.6998
vn -0.2172 -0.6799 0.7004
vn -0.2093 -0.6818 0.7009
vn -0.2014 -0.6837 0.7015
vn -0.1935 -0.6854 0.7020
vn -0.1855 -0.6871 0.7025
vn -0.1775 -0.6887 0.7030
vn -0.1695 -0.6903 0.7034
vn -0.1614 -0.6918 0.7038
vn -0.1533 -0.6932 0.7042
vn -0.1452 -0.6946 0.7046
vn -0.1371 -0.6959 0.7050
vn -0.1289 -0.6971 0.7053
vn -0.1207 -0.6983 0.7056
vn -0.1125 -0.6993 0.7059
vn -0.1043 -0.7004 0.7061
vn -0.0961 -0.7013 0.7064
vn -0.0878 -0.7022 0.7066
vn -0.0795 -0.7030 0.7067
vn -0.0712 -0.7037 0.7069
vn -0.0629 -0.7044 0.7070
vn -0.0546 -0.7050 0.7071
vn -0.0463 -0.7055 0.7072
vn -0.0380 -0.7060 0.7072
vn -0.0296 -0.7064 0.7072
vn -0.0213 -0.7067 0.7072
vn -0.0129 -0.7069 0.7072
vn -0.0046 -0.7071 0.7071
vn 0.0038 -0.7072 0.7070
vn 0.0121 -0.7072 0.7069
vn 0.0205 -0.7071 0.7068
vn 0.0288 -0.7070 0.7066
vn 0.0371 -0.7068 0.7064
vn 0.0455 -0.7066 0.7062
vn 0.0538 -0.7062 0.7059
vn 0.0621 -0.7058 0.7057
vn 0.0704 -0.7053 0.7054
vn 0.0787 -0.7048 0.7050
vn 0.0870 -0.7042 0.7047
vn 0.0952 -0.7035 0.7043
vn 0.1035 -0.7027 0.7039
vn 0.1117 -0.7019 0.7035
vn 0.1199 -0.7010 0.7030
vn 0.1281 -0.7000 0.7025
vn 0.1363 -0.6990 0.7020
vn 0.1444 -0.6979 0.7015
vn 0.1525 -0.6967 0.7010
vn 0.1606 -0.6955 0.7004
vn 0.1687 -0.6941 0.6998
vn 0.1767 -0.6928 0.6992
vn 0.1847 -0.6913 0.6985
vn 0.1927 -0.6898 0.6979
vn 0.2006 -0.6883 0.6972
vn 0.2085 -0.6866 0.6965
vn 0.2164 -0.6849 0.6957
vn 0.2243 -0.6832 0.6950
vn 0.2321 -0.6814 0.6942
vn 0.2398 -0.6795 0.6934
vn 0.2476 -0.6775 0.6926
vn 0.2552 -0.6755 0.6917
vn 0.2629 -0.6735 0.6909
vn 0.2705 -0.6714 0.6900
vn 0.2780 -0.6692 0.6891
vn 0.2856 -0.6669 0.6882
vn 0.2930 -0.6647 0.6873
vn 0.3005 -0.6623 0.6863
vn 0.3078 -0.6599 0.6854
vn 0.3152 -0.6575 0.6844
vn 0.3225 -0.6558 0.6826
vn 0.2962 -0.6564 0.6939
vn 0.2900 -0.6478 0.7044
vn 0.3443 -0.6169 0.7077
vn 0.3933 -0.5867 0.7079
vn 0.4321 -0.5586 0.7080
vn 0.4632 -0.5331 0.7080
vn 0.4882 -0.5102 0.7080
vn 0.5086 -0.4899 0.7080
vn 0.5254 -0.4720 0.7080
vn 0.5393 -0.4561 0.7079
vn 0.5509 -0.4420 0.7079
vn 0.5608 -0.4296 0.7078
vn 0.5691 -0.4185 0.7078
vn 0.5763 -0.4087 0.7077
vn 0.5824 -0.4000 0.7077
vn 0.5877 -0.3922 0.7076
vn 0.5923 -0.3854 0.7076
vn 0.5963 -0.3793 0.7075
vn 0.5997 -0.3739 0.7075
vn 0.6027 -0.3692 0.7074
vn 0.6053 -0.3650 0.7074
vn 0.6075 -0.3615 0.7073
vn 0.6093 -0.3584 0.7073
vn 0.6202 -0.3614 0.6962
vn 0.5264 0.2338 0.8175
vn 0.3577 0.6195 0.6988
vn 0.3702 0.6413 0.6721
vn -0.2406 0.5397 0.8067
vn -0.5750 0.4088 0.7088
vn -0.5361 0.4605 0.7075
vn -0.4897 0.5093 0.7077
vn -0.4404 0.5523 0.7078
vn -0.3903 0.5887 0.7079
vn -0.3412 0.6185 0.7079
vn -0.2946 0.6421 0.7078
vn -0.2517 0.6602 0.7077
vn -0.2134 0.6737 0.7075
vn -0.1801 0.6835 0.7074
vn -0.1522 0.6905 0.7072
vn -0.1297 0.6953 0.7069
vn -0.1061 0.6976 0.7086
vn -0.0256 0.7011 0.7126
vn 0.0297 0.7044 0.7092
vn 0.0221 0.7048 0.7091
vn 0.0067 0.7046 0.7096
vn -0.0181 0.7033 0.7107
vn -0.0546 0.6990 0.7130
vn -0.0925 0.7069 0.7012
vn -0.1015 0.6877 0.7189
vn -0.0979 0.6889 0.7183
vn -0.0943 0.6899 0.7177
vn -0.0906 0.6910 0.7172
vn -0.0869 0.6920 0.7167
vn -0.0832 0.6929 0.7162
vn -0.0795 0.6939 0.7157
vn -0.0759 0.6948 0.7152
vn -0.0722 0.6956 0.7148
vn -0.0685 0.6965 0.7143
vn -0.0648 0.6973 0.7139
vn -0.0611 0.6980 0.7134
vn -0.0575 0.6988 0.7130
vn -0.0538 0.6995 0.7126
vn -0.0501 0.7001 0.7123
vn -0.0464 0.7008 0.7119
vn -0.0427 0.7014 0.7115
vn -0.0390 0.7019 0.7112
vn -0.0354 0.7025 0.7108
vn -0.0317 0.7030 0.7105
vn -0.0280 0.7034 0.7102
vn -0.0243 0.7039 0.7099
vn -0.0206 0.7043 0.7096
vn -0.0169 0.7046 0.7094
vn -0.0132 0.7050 0.7091
vn -0.0096 0.7053 0.7089
vn -0.0059 0.7055 0.7086
vn -0.0022 0.7058 0.7084
vn 0.0015 0.7060 0.7082
vn 0.0052 0.7062 0.7080
vn 0.0089 0.7063 0.7079
vn 0.0126 0.7064 0.7077
vn 0.0163 0.7065 0.7075
vn 0.0199 0.7065 0.7074
vn 0.0236 0.7065 0.7073
vn 0.0273 0.7065 0.7072
vn 0.0310 0.7065 0.7071
vn 0.0347 0.7064 0.7070
vn 0.0384 0.7063 0.7069
vn 0.0421 0.7061 0.7068
vn 0.0458 0.7059 0.7068
vn 0.0494 0.7057 0.7068
vn 0.0531 0.7055 0.7067
vn 0.0568 0.7052 0.7067
vn 0.0605 0.7049 0.7067
vn 0.0642 0.7045 0.7068
vn 0.0679 0.7042 0.7068
vn 0.0715 0.7038 0.7068
vn 0.0752 0.7033 0.7069
vn 0.0789 0.7028 0.7070
vn 0.0826 0.7023 0.7070
vn 0.0863 0.7018 0.7071
vn 0.0899 0.7012 0.7072
vn 0.0936 0.7006 0.7074
vn 0.0973 0.7000 0.7075
vn 0.1010 0.6993 0.7076
vn 0.1046 0.6986 0.7078
vn 0.1083 0.6979 0.7080
vn 0.1120 0.6971 0.7081
vn 0.1157 0.6963 0.7083
vn 0.1193 0.6955 0.7085
vn 0.1230 0.6946 0.7088
vn 0.1267 0.6937 0.7090
vn 0.1303 0.6928 0.7092
vn 0.1340 0.6918 0.7095
vn 0.1377 0.6908 0.7098
vn 0.1413 0.6898 0.7101
vn 0.1450 0.6888 0.7104
vn 0.1486 0.6877 0.7107
vn 0.1523 0.6865 0.7110
vn 0.1559 0.6854 0.7113
vn 0.1596 0.6842 0.7116
vn 0.1633 0.6829 0.7120
vn 0.1669 0.6817 0.7124
vn 0.1705 0.6804 0.7127
vn 0.1742 0.6790 0.7131
vn 0.1778 0.6777 0.7135
vn 0.1815 0.6763 0.7140
vn 0.1851 0.6748 0.7144
vn 0.1887 0.6734 0.7148
vn 0.1924 0.6719 0.7153
vn 0.1960 0.6703 0.7157
vn 0.1996 0.6687 0.7162
vn 0.2033 0.6671 0.7167
vn 0.2069 0.6655 0.7172
vn 0.2105 0.6638 0.7177
vn 0.2141 0.6621 0.7182
vn 0.2177 0.6603 0.7187
vn 0.2221 0.6599 0.7178
vn 0.1792 0.6467 0.7414
vn 0.1345 0.6860 0.7150
vn 0.0369 0.7027 0.7105
vn -0.0613 0.7065 0.7051
vn -0.1583 0.6974 0.6990
vn -0.2521 0.6760 0.6924
vn -0.3412 0.6431 0.6855
vn -0.4239 0.5999 0.6786
vn -0.4993 0.5473 0.6717
vn -0.5662 0.4866 0.6653
vn -0.6240 0.4192 0.6594
vn -0.6723 0.3462 0.6543
vn -0.7107 0.2687 0.6501
vn -0.7390 0.1880 0.6470
vn -0.7570 0.1051 0.6450
vn -0.7647 0.0209 0.6441
vn -0.7620 -0.0636 0.6444
vn -0.7490 -0.1473 0.6460
vn -0.7258 -0.2292 0.6486
vn -0.6923 -0.3084 0.6524
vn -0.6488 -0.3838 0.6571
vn -0.5956 -0.4542 0.6626
vn -0.5330 -0.5183 0.6688
vn -0.4613 -0.5748 0.6759
vn -0.3095 -0.3521 0.8833
vn -0.2774 -0.3406 0.8983
vn -0.2721 -0.3427 0.8992
vn -0.2665 -0.3443 0.9002
vn -0.2609 -0.3458 0.9013
vn -0.2553 -0.3474 0.9023
vn -0.2496 -0.3489 0.9033
vn -0.2439 -0.3503 0.9043
vn -0.2381 -0.3518 0.9053
vn -0.2323 -0.3532 0.9063
vn -0.2265 -0.3546 0.9072
vn -0.2206 -0.3559 0.9081
vn -0.2147 -0.3572 0.9090
vn -0.2088 -0.3585 0.9099
vn -0.2028 -0.3598 0.9107
vn -0.1968 -0.3610 0.9115
vn -0.1908 -0.3622 0.9123
vn -0.1848 -0.3634 0.9131
vn -0.1787 -0.3645 0.9139
vn -0.1726 -0.3657 0.9146
vn -0.1664 -0.3667 0.9153
vn -0.1602 -0.3678 0.9160
vn -0.1540 -0.3688 0.9167
vn -0.1478 -0.3698 0.9173
vn -0.1416 -0.3707 0.9179
vn -0.1353 -0.3716 0.9185
vn -0.1290 -0.3725 0.9190
vn -0.1227 -0.3733 0.9195
vn -0.1163 -0.3742 0.9200
vn -0.1100 -0.3749 0.9205
vn -0.1036 -0.3757 0.9209
vn -0.0972 -0.3764 0.9214
vn -0.0908 -0.3770 0.9217
vn -0.0843 -0.3777 0.9221
vn -0.0779 -0.3783 0.9224
vn -0.0714 -0.3788 0.9227
vn -0.0649 -0.3794 0.9230
vn -0.0584 -0.3799 0.9232
vn -0.0519 -0.3803 0.9234
vn -0.0454 -0.3807 0.9236
vn -0.0389 -0.3811 0.9237
vn -0.0324 -0.3814 0.9238
vn -0.0258 -0.3817 0.9239
vn -0.0193 -0.3820 0.9240
vn -0.0127 -0.3822 0.9240
vn -0.0062 -0.3824 0.9240
vn 0.0004 -0.3826 0.9239
vn 0.0069 -0.3827 0.9238
vn 0.0135 -0.3828 0.9237
vn 0.0201 -0.3828 0.9236
vn 0.0266 -0.3828 0.9234
vn 0.0332 -0.3828 0.9232
vn 0.0397 -0.3827 0.9230
vn 0.0463 -0.3826 0.9227
vn 0.0528 -0.3825 0.9224
vn 0.0594 -0.3823 0.9221
vn 0.0659 -0.3821 0.9218
vn 0.0724 -0.3818 0.9214
vn 0.0789 -0.3816 0.9210
vn 0.0854 -0.3812 0.9205
vn 0.0919 -0.3809 0.9201
vn 0.0984 -0.3805 0.9196
vn 0.1048 -0.3800 0.9190
vn 0.1113 -0.3795 0.9185
vn 0.1177 -0.3790 0.9179
vn 0.1241 -0.3785 0.9172
vn 0.1305 -0.3779 0.9166
vn 0.1369 -0.3773 0.9159
vn 0.1432 -0.3766 0.9152
vn 0.1496 -0.3760 0.9145
vn 0.1559 -0.3752 0.9137
vn 0.1622 -0.3745 0.9129
vn 0.1684 -0.3737 0.9121
vn 0.1747 -0.3729 0.9113
vn 0.1809 -0.3720 0.9104
vn 0.1871 -0.3711 0.9095
vn 0.1932 -0.3702 0.9086
vn 0.1994 -0.3692 0.9077
vn 0.2055 -0.3683 0.9067
vn 0.2115 -0.3672 0.9057
vn 0.2176 -0.3662 0.9047
vn 0.2236 -0.3651 0.9037
vn 0.2296 -0.3640 0.9027
vn 0.2355 -0.3629 0.9016
vn 0.2415 -0.3617 0.9005
vn 0.2473 -0.3605 0.8994
vn 0.2532 -0.3593 0.8982
vn 0.2590 -0.3580 0.8971
vn 0.2648 -0.3567 0.8959
vn 0.2708 -0.3571 0.8939
vn 0.2367 -0.3542 0.9047
vn 0.1754 -0.3502 0.9201
vn 0.1850 -0.3347 0.9240
vn 0.2116 -0.3181 0.9241
vn 0.2328 -0.3027 0.9242
vn 0.2497 -0.2887 0.9243
vn 0.2633 -0.2763 0.9243
vn 0.2744 -0.2653 0.9243
vn 0.2835 -0.2555 0.9243
vn 0.2911 -0.2469 0.9243
vn 0.2975 -0.2392 0.9243
vn 0.3029 -0.2325 0.9242
vn 0.3075 -0.2265 0.9242
vn 0.3114 -0.2212 0.9242
vn 0.3147 -0.2165 0.9242
vn 0.3177 -0.2123 0.9241
vn 0.3202 -0.2086 0.9241
vn 0.3224 -0.2053 0.9241
vn 0.3243 -0.2024 0.9241
vn 0.3259 -0.1998 0.9240
vn 0.3273 -0.1976 0.9240
vn 0.3286 -0.1956 0.9240
vn 0.3296 -0.1940 0.9240
vn 0.3534 -0.2061 0.9125
vn 0.2606 0.0974 0.9605
vn 0.1953 0.3383 0.9205
vn 0.2238 0.3877 0.8942
vn -0.1289 0.2689 0.9545
vn -0.3042 0.2172 0.9275
vn -0.2908 0.2476 0.9242
vn -0.2657 0.2740 0.9243
vn -0.2392 0.2973 0.9243
vn -0.2121 0.3171 0.9244
vn -0.1855 0.3334 0.9244
vn -0.1603 0.3463 0.9243
vn -0.1370 0.3563 0.9243
vn -0.1163 0.3639 0.9242
vn -0.0982 0.3694 0.9241
vn -0.0830 0.3734 0.9239
vn -0.0707 0.3763 0.9238
vn -0.0571 0.3751 0.9252
vn 0.0385 0.3735 0.9268
vn 0.1132 0.3785 0.9186
vn 0.1056 0.3793 0.9192
vn 0.0941 0.3798 0.9203
vn 0.0778 0.3797 0.9218
vn 0.0557 0.3772 0.9244
vn 0.0299 0.3912 0.9198
vn 0.0262 0.3675 0.9296
vn 0.0265 0.3688 0.9291
vn 0.0269 0.3695 0.9288
vn 0.0274 0.3703 0.9285
vn 0.0278 0.3709 0.9282
vn 0.0283 0.3716 0.9280
vn 0.0287 0.3723 0.9277
vn 0.0292 0.3729 0.9274
vn 0.0296 0.3735 0.9272
vn 0.0301 0.3741 0.9269
vn 0.0306 0.3746 0.9267
vn 0.0310 0.3752 0.9264
vn 0.0315 0.3757 0.9262
vn 0.0319 0.3762 0.9260
vn 0.0324 0.3767 0.9258
vn 0.0329 0.3771 0.9256
vn 0.0333 0.3776 0.9254
vn 0.0338 0.3780 0.9252
vn 0.0342 0.3784 0.9250
vn 0.0347 0.3787 0.9249
vn 0.0352 0.3791 0.9247
vn 0.0356 0.3794 0.9245
vn 0.0361 0.3797 0.9244
vn 0.0366 0.3800 0.9243
vn 0.0370 0.3803 0.9241
vn 0.0375 0.3805 0.9240
vn 0.0380 0.3807 0.9239
vn 0.0385 0.3809 0.9238
vn 0.0389 0.3811 0.9237
vn 0.0394 0.3813 0.9236
vn 0.0399 0.3814 0.9235
vn 0.0403 0.3815 0.9235
vn 0.0408 0.3816 0.9234
vn 0.0413 0.3817 0.9234
vn 0.0418 0.3818 0.9233
vn 0.0422 0.3818 0.9233
vn 0.0427 0.3818 0.9232
vn 0.0432 0.3818 0.9232
vn 0.0437 0.3818 0.9232
vn 0.0441 0.3817 0.9232
vn 0.0446 0.3817 0.9232
vn 0.0451 0.3816 0.9232
vn 0.0456 0.3815 0.9233
vn 0.0460 0.3813 0.9233
vn 0.0465 0.3812 0.9233
vn 0.0470 0.3810 0.9234
vn 0.0475 0.3808 0.9234
vn 0.0479 0.3806 0.9235
vn 0.0484 0.3804 0.9236
vn 0.0489 0.3801 0.9236
vn 0.0494 0.3798 0.9237
vn 0.0499 0.3795 0.9238
vn 0.0503 0.3792 0.9239
vn 0.0508 0.3789 0.9241
vn 0.0513 0.3785 0.9242
vn 0.0518 0.3781 0.9243
vn 0.0523 0.3777 0.9244
vn 0.0527 0.3773 0.9246
vn 0.0532 0.3768 0.9247
vn 0.0537 0.3764 0.9249
vn 0.0542 0.3759 0.9251
vn 0.0546 0.3754 0.9253
vn 0.0551 0.3748 0.9254
vn 0.0556 0.3743 0.9256
vn 0.0561 0.3737 0.9258
vn 0.0566 0.3731 0.9261
vn 0.0570 0.3725 0.9263
vn 0.0575 0.3719 0.9265
vn 0.0580 0.3712 0.9267
vn 0.0585 0.3705 0.9270
vn 0.0589 0.3698 0.9272
vn 0.0594 0.3691 0.9275
vn 0.0599 0.3684 0.9277
vn 0.0604 0.3676 0.9280
vn 0.0609 0.3668 0.9283
vn 0.0613 0.3660 0.9286
vn 0.0618 0.3652 0.9289
vn 0.0623 0.3644 0.9292
vn 0.0628 0.3635 0.9295
vn 0.0632 0.3626 0.9298
vn 0.0637 0.3617 0.9301
vn 0.0642 0.3608 0.9305
vn 0.0646 0.3598 0.9308
vn 0.0651 0.3588 0.9311
vn 0.0656 0.3578 0.9315
vn 0.0661 0.3568 0.9318
vn 0.0665 0.3558 0.9322
vn 0.0670 0.3547 0.9326
vn 0.0689 0.3566 0.9317
vn 0.0369 0.3308 0.9430
vn 0.0190 0.3702 0.9288
vn -0.0377 0.3799 0.9243
vn -0.0948 0.3829 0.9189
vn -0.1513 0.3791 0.9129
vn -0.2063 0.3686 0.9064
vn -0.2588 0.3519 0.8995
vn -0.3079 0.3294 0.8926
vn -0.3528 0.3016 0.8858
vn -0.3929 0.2691 0.8793
vn -0.4279 0.2327 0.8734
vn -0.4572 0.1930 0.8682
vn -0.4807 0.1506 0.8639
vn -0.4980 0.1062 0.8606
vn -0.5092 0.0604 0.8585
vn -0.5142 0.0138 0.8576
vn -0.5128 -0.0330 0.8579
vn -0.5052 -0.0793 0.8594
vn -0.4913 -0.1246 0.8620
vn -0.4713 -0.1683 0.8658
vn -0.4453 -0.2097 0.8705
vn -0.4135 -0.2481 0.8761
vn -0.3762 -0.2830 0.8822
vn -0.3333 -0.3130 0.8894
vn -0.2258 -0.1631 0.9604
vn -0.2024 -0.1468 0.9682
vn -0.1944 -0.1380 0.9712
vn -0.1853 -0.1266 0.9745
vn -0.1756 -0.1129 0.9780
vn -0.1654 -0.0975 0.9814
vn -0.1548 -0.0806 0.9847
vn -0.1441 -0.0626 0.9876
vn -0.1333 -0.0437 0.9901
vn -0.1226 -0.0244 0.9922
vn -0.1121 -0.0050 0.9937
vn -0.1019 0.0144 0.9947
vn -0.0920 0.0335 0.9952
vn -0.0826 0.0521 0.9952
vn -0.0737 0.0702 0.9948
vn -0.0653 0.0876 0.9940
vn -0.0573 0.1042 0.9929
vn -0.0498 0.1201 0.9915
vn -0.0429 0.1352 0.9899
vn -0.0363 0.1495 0.9881
vn -0.0303 0.1630 0.9862
vn -0.0246 0.1758 0.9841
vn -0.0193 0.1879 0.9820
vn -0.0144 0.1992 0.9798
vn -0.0099 0.2099 0.9777
vn -0.0057 0.2200 0.9755
vn -0.0018 0.2295 0.9733
vn 0.0019 0.2385 0.9711
vn 0.0053 0.2469 0.9690
vn 0.0084 0.2549 0.9669
vn 0.0113 0.2624 0.9649
vn 0.0141 0.2695 0.9629
vn 0.0166 0.2762 0.9610
vn 0.0190 0.2825 0.9591
vn 0.0212 0.2885 0.9572
vn 0.0232 0.2942 0.9555
vn 0.0252 0.2996 0.9537
vn 0.0269 0.3047 0.9521
vn 0.0286 0.3095 0.9505
vn 0.0302 0.3141 0.9489
vn 0.0316 0.3185 0.9474
vn 0.0330 0.3226 0.9460
vn 0.0343 0.3265 0.9446
vn 0.0355 0.3303 0.9432
vn 0.0366 0.3338 0.9419
vn 0.0376 0.3372 0.9407
vn 0.0386 0.3404 0.9395
vn 0.0395 0.3435 0.9383
vn 0.0404 0.3464 0.9372
vn 0.0412 0.3492 0.9361
vn 0.0419 0.3518 0.9351
vn 0.0426 0.3544 0.9341
vn 0.0433 0.3568 0.9332
vn 0.0439 0.3590 0.9323
vn 0.0445 0.3612 0.9314
vn 0.0450 0.3633 0.9306
vn 0.0455 0.3653 0.9298
vn 0.0460 0.3671 0.9290
vn 0.0464 0.3689 0.9283
vn 0.0468 0.3706 0.9276
vn 0.0472 0.3722 0.9270
vn 0.0475 0.3737 0.9263
vn 0.0478 0.3751 0.9257
vn 0.0481 0.3765 0.9252
vn 0.0484 0.3777 0.9246
vn 0.0486 0.3789 0.9241
vn 0.0489 0.3801 0.9237
vn 0.0491 0.3811 0.9232
vn 0.0493 0.3821 0.9228
vn 0.0495 0.3830 0.9224
vn 0.0496 0.3839 0.9220
vn 0.0498 0.3847 0.9217
vn 0.0499 0.3854 0.9214
vn 0.0500 0.3861 0.9211
vn 0.0501 0.3867 0.9209
vn 0.0502 0.3872 0.9206
vn 0.0503 0.3877 0.9204
vn 0.0504 0.3882 0.9202
vn 0.0504 0.3885 0.9201
vn 0.0505 0.3889 0.9199
vn 0.0505 0.3891 0.9198
vn 0.0506 0.3894 0.9197
vn 0.0506 0.3895 0.9196
vn 0.0506 0.3896 0.9196
vn 0.0507 0.3897 0.9195
vn 0.0507 0.3897 0.9195
vn 0.0507 0.3897 0.9195
vn 0.0507 0.3896 0.9196
vn 0.0507 0.3895 0.9196
vn 0.0508 0.3890 0.9198
vn 0.0431 0.2870 0.9570
vn 0.0264 0.0726 0.9970
vn 0.0181 -0.0322 0.9993
vn 0.0184 -0.0273 0.9995
vn 0.0186 -0.0240 0.9995
vn 0.0187 -0.0215 0.9996
vn 0.0188 -0.0196 0.9996
vn 0.0188 -0.0181 0.9997
vn 0.0188 -0.0169 0.9997
vn 0.0188 -0.0159 0.9997
vn 0.0188 -0.0150 0.9997
vn 0.0187 -0.0143 0.9997
vn 0.0187 -0.0137 0.9997
vn 0.0187 -0.0132 0.9997
vn 0.0186 -0.0128 0.9997
vn 0.0186 -0.0124 0.9998
vn 0.0185 -0.0120 0.9998
vn 0.0185 -0.0117 0.9998
vn 0.0184 -0.0115 0.9998
vn 0.0184 -0.0113 0.9998
vn 0.0183 -0.0111 0.9998
vn 0.0183 -0.0109 0.9998
vn -0.0089 0.0754 0.9971
vn 0.1681 -0.0982 0.9809
vn 0.0369 0.0101 0.9993
vn 0.0229 0.0396 0.9990
vn 0.0223 0.0386 0.9990
vn -0.3414 0.1996 0.9185
vn -0.0257 0.0184 0.9995
vn -0.0235 0.0197 0.9995
vn -0.0221 0.0224 0.9995
vn -0.0213 0.0261 0.9994
vn -0.0211 0.0311 0.9993
vn -0.0217 0.0383 0.9990
vn -0.0232 0.0493 0.9985
vn -0.0265 0.0677 0.9974
vn -0.0337 0.1037 0.9940
vn -0.0522 0.2469 0.9676
vn 0.1063 -0.4943 0.8627
vn -0.0740 0.6706 0.7381
vn -0.0810 0.7030 0.7066
vn -0.0083 0.5121 0.8589
vn 0.1536 0.1698 0.9734
vn 0.1440 0.1852 0.9721
vn 0.1447 0.1319 0.9806
vn 0.1425 0.0963 0.9851
vn 0.0392 0.5317 0.8460
vn 0.1095 0.1439 0.9835
vn -0.0383 0.7204 0.6925
vn 0.0847 0.1964 0.9769
vn 0.0853 0.1915 0.9778
vn 0.0861 0.1857 0.9788
vn 0.0870 0.1788 0.9800
vn 0.0881 0.1706 0.9814
vn 0.0896 0.1607 0.9829
vn 0.0914 0.1485 0.9847
vn -0.1311 0.9003 0.4151
vn 0.0622 0.2552 0.9649
vn 0.0634 0.2481 0.9667
vn 0.0652 0.2383 0.9690
vn 0.1998 -0.9798 0.0120
vn 0.2049 -0.9577 0.2018
vn 0.2004 -0.9447 0.2597
vn -0.0247 -0.0390 0.9989
vn 0.1799 -0.9642 0.1947
vn 0.1754 -0.9513 0.2537
vn -0.0288 -0.0544 0.9981
vn 0.1542 -0.9716 0.1796
vn 0.1497 -0.9591 0.2401
vn 0.1446 -0.9430 0.2998
vn -0.0349 -0.0687 0.9970
vn 0.1235 -0.9679 0.2191
vn 0.1186 -0.9524 0.2809
vn -0.0398 -0.0836 0.9957
vn 0.0968 -0.9769 0.1904
vn 0.0921 -0.9626 0.2550
vn 0.0868 -0.9440 0.3184
vn -0.0467 -0.0967 0.9942
vn 0.0651 -0.9730 0.2214
vn 0.0601 -0.9556 0.2884
vn 0.0547 -0.9338 0.3537
vn -0.0540 -0.1087 0.9926
vn 0.0329 -0.9675 0.2507
vn 0.0278 -0.9468 0.3206
vn 0.0224 -0.9214 0.3881
vn -0.0615 -0.1197 0.9909
vn 0.0004 -0.9601 0.2795
vn -0.0046 -0.9357 0.3529
vn -0.0097 -0.9061 0.4230
vn -0.0694 -0.1292 0.9892
vn -0.0321 -0.9504 0.3095
vn -0.0369 -0.9214 0.3869
vn -0.0414 -0.8869 0.4600
vn -0.0773 -0.1373 0.9875
vn -0.0644 -0.9373 0.3426
vn -0.0686 -0.9027 0.4248
vn -0.0722 -0.8624 0.5011
vn -0.0854 -0.1437 0.9859
vn -0.0962 -0.9192 0.3818
vn -0.0993 -0.8775 0.4692
vn -0.1016 -0.8300 0.5485
vn -0.0933 -0.1481 0.9846
vn -0.1267 -0.8932 0.4314
vn -0.1281 -0.8422 0.5238
vn -0.1282 -0.7858 0.6051
vn -0.1274 -0.7269 0.6748
vn -0.1016 -0.1459 0.9841
vn -0.1532 -0.7903 0.5933
vn -0.1502 -0.7234 0.6739
vn -0.1463 -0.6566 0.7399
vn -0.1084 -0.1450 0.9835
vn -0.1713 -0.7107 0.6823
vn -0.1641 -0.6333 0.7563
vn -0.1565 -0.5605 0.8133
vn -0.1490 -0.4941 0.8566
vn -0.1141 -0.1349 0.9843
vn -0.1643 -0.5042 0.8478
vn -0.1534 -0.4316 0.8889
vn -0.1437 -0.3691 0.9182
vn -0.1177 -0.1250 0.9851
vn -0.1447 -0.3316 0.9322
vn -0.1331 -0.2711 0.9533
vn -0.1235 -0.2213 0.9673
vn -0.1180 -0.1069 0.9872
vn -0.1057 -0.1361 0.9850
vn -0.0972 -0.0982 0.9904
vn -0.0904 -0.0675 0.9936
vn -0.0850 -0.0425 0.9955
vn -0.1082 -0.0608 0.9923
vn -0.0559 0.0518 0.9971
vn -0.0530 0.0650 0.9965
vn -0.0508 0.0758 0.9958
vn -0.0807 0.0187 0.9966
vn -0.0244 0.1480 0.9887
vn -0.0242 0.1512 0.9882
vn -0.0243 0.1536 0.9878
vn -0.0245 0.1555 0.9875
vn -0.0269 0.1752 0.9842
vn -0.0695 0.1001 0.9925
vn -0.1142 -0.0033 0.9935
vn -0.1334 -0.0793 0.9879
vn -0.1329 -0.1039 0.9857
vn -0.1295 -0.1214 0.9841
vn -0.1262 -0.1487 0.9808
vn -0.1162 -0.1411 0.9832
vn -0.1097 -0.1608 0.9809
vn -0.0990 -0.1439 0.9846
vn -0.0905 -0.1394 0.9861
vn -0.0820 -0.1329 0.9877
vn -0.0736 -0.1247 0.9895
vn -0.0656 -0.1150 0.9912
vn -0.0578 -0.1040 0.9929
vn -0.0505 -0.0919 0.9945
vn -0.0472 -0.0558 0.9973
vn -0.0386 -0.0643 0.9972
vn -0.0378 -0.0257 0.9990
vn 0.1104 -0.6031 0.7900
vn -0.0196 0.1074 0.9940
vn -0.0266 0.1363 0.9903
vn -0.0313 0.1540 0.9876
vn 0.0187 0.0923 0.9956
vn 0.8654 -0.4996 0.0375
vn 0.8365 -0.4829 0.2590
vn 0.7656 -0.4420 0.4674
vn 0.6563 -0.3789 0.6524
vn 0.5142 -0.2969 0.8047
vn 0.3462 -0.1999 0.9166
vn 0.1609 -0.0929 0.9826
vn -0.0325 0.0188 0.9993
vn -0.2243 0.1295 0.9659
vn -0.4048 0.2337 0.8840
vn -0.5650 0.3262 0.7579
vn -0.6969 0.4023 0.5937
vn -0.7938 0.4583 0.3998
vn -0.8510 0.4913 0.1858
vn -0.8654 0.4996 -0.0375
vn -0.8365 0.4829 -0.2590
vn -0.7656 0.4420 -0.4674
vn -0.6563 0.3789 -0.6524
vn -0.5142 0.2969 -0.8047
vn -0.3462 0.1999 -0.9166
vn -0.1609 0.0929 -0.9826
vn 0.0325 -0.0188 -0.9993
vn 0.2243 -0.1295 -0.9659
vn 0.4048 -0.2337 -0.8840
vn 0.5650 -0.3262 -0.7579
vn 0.6969 -0.4023 -0.5937
vn 0.7938 -0.4583 -0.3998
vn 0.8510 -0.4913 -0.1858
vn 0.8654 -0.4996 -0.0375
vn 0.8510 -0.4913 0.1858
vn 0.7938 -0.4583 0.3998
vn 0.6969 -0.4023 0.5937
vn 0.5650 -0.3262 0.7579
vn 0.4048 -0.2337 0.8840
vn 0.2243 -0.1295 0.9659
vn 0.0325 -0.0188 0.9993
vn -0.1609 0.0929 0.9826
vn -0.3462 0.1999 0.9166
vn -0.5142 0.2969 0.8047
vn -0.6563 0.3789 0.6524
vn -0.7656 0.4420 0.4674
vn -0.8365 0.4829 0.2590
vn -0.8654 0.4996 0.0375
vn -0.8510 0.4913 -0.1858
vn -0.7938 0.4583 -0.3998
vn -0.6969 0.4023 -0.5937
vn -0.5650 0.3262 -0.7579
vn -0.4048 0.2337 -0.8840
vn -0.2243 0.1295 -0.9659
vn -0.0325 0.0188 -0.9993
vn 0.1609 -0.0929 -0.9826
vn 0.3462 -0.1999 -0.9166
vn 0.5142 -0.2969 -0.8047
vn 0.6563 -0.3789 -0.6524
vn 0.7656 -0.4420 -0.4674
vn 0.8365 -0.4829 -0.2590
vn 0.5000 0.8660 0.0000
vn 0.5000 0.8660 -0.0000
vn 0.5000 0.8660 -0.0000
vn 0.5000 0.8660 0.0000
vn 0.5000 0.8660 0.0000
vn 0.5000 0.8660 -0.0000
vn 0.5000 0.8660 0.0000
vn 0.5000 0.8660 0.0000
vn 0.5000 0.8660 -0.0000
vn 0.5000 0.8660 -0.0000
vn 0.5000 0.8660 0.0000
vn 0.5000 0.8660 0.0000
vn 0.5000 0.8660 -0.0000
vn 0.5000 0.8660 -0.0000
vn 0.5000 0.8660 0.0000
vn 0.5000 0.8660 0.0000
vn 0.5000 0.8660 -0.0000
vn 0.5000 0.8660 0.0000
vn 0.5000 0.8660 0.0000
vn 0.5000 0.8660 -0.0000
vn 0.5000 0.8660 0.0000
vn 0.5000 0.8660 0.0000
vn 0.5000 0.8660 -0.0000
vn 0.5000 0.8660 -0.0000
vn 0.5000 0.8660 -0.0000
vn 0.5000 0.8660 0.0000
vn 0.5000 0.8660 0.0000
vn 0.5000 0.8660 0.0000
vn 0.5000 0.8660 0.0000
vn 0.8654 -0.4996 0.0375
vn 0.8365 -0.4829 0.2590
vn 0.7656 -0.4420 0.4674
vn 0.6563 -0.3789 0.6524
vn 0.5142 -0.2969 0.8047
vn 0.3462 -0.1999 0.9166
vn 0.1609 -0.0929 0.9826
vn -0.0325 0.0188 0.9993
vn -0.2243 0.1295 0.9659
vn -0.4048 0.2337 0.8840
vn -0.5650 0.3262 0.7579
vn -0.6969 0.4023 0.5937
vn -0.7938 0.4583 0.3998
vn -0.8510 0.4913 0.1858
vn -0.8654 0.4996 -0.0375
vn -0.8365 0.4829 -0.2590
vn -0.7656 0.4420 -0.4674
vn -0.6563 0.3789 -0.6524
vn -0.5142 0.2969 -0.8047
vn -0.3462 0.1999 -0.9166
vn -0.1609 0.0929 -0.9826
vn 0.0325 -0.0188 -0.9993
vn 0.2243 -0.1295 -0.9659
vn 0.4048 -0.2337 -0.8840
vn 0.5650 -0.3262 -0.7579
vn 0.6969 -0.4023 -0.5937
vn 0.7938 -0.4583 -0.3998
vn 0.8510 -0.4913 -0.1858
vn 0.8654 -0.4996 -0.0375
vn 0.8510 -0.4913 0.1858
vn 0.7938 -0.4583 0.3998
vn 0.6969 -0.4023 0.5937
vn 0.5650 -0.3262 0.7579
vn 0.4048 -0.2337 0.8840
vn 0.2243 -0.1295 0.9659
vn 0.0325 -0.0188 0.9993
vn -0.1609 0.0929 0.9826
vn -0.3462 0.1999 0.9166
vn -0.5142 0.2969 0.8047
vn -0.6563 0.3789 0.6524
vn -0.7656 0.4420 0.4674
vn -0.8365 0.4829 0.2590
vn -0.8654 0.4996 0.0375
vn -0.8510 0.4913 -0.1858
vn -0.7938 0.4583 -0.3998
vn -0.6969 0.4023 -0.5937
vn -0.5650 0.3262 -0.7579
vn -0.4048 0.2337 -0.8840
vn -0.2243 0.1295 -0.9659
vn -0.0325 0.0188 -0.9993
vn 0.1609 -0.0929 -0.9826
vn 0.3462 -0.1999 -0.9166
vn 0.5142 -0.2969 -0.8047
vn 0.6563 -0.3789 -0.6524
vn 0.7656 -0.4420 -0.4674
vn 0.8365 -0.4829 -0.2590
vn 0.8654 -0.4996 0.0375
vn 0.8365 -0.4829 0.2590
vn 0.7656 -0.4420 0.4674
vn 0.6563 -0.3789 0.6524
vn 0.5142 -0.2969 0.8047
vn 0.3462 -0.1999 0.9166
vn 0.1609 -0.0929 0.9826
vn -0.0325 0.0188 0.9993
vn -0.2243 0.1295 0.9659
vn -0.4048 0.2337 0.8840
vn -0.5650 0.3262 0.7579
vn -0.6969 0.4023 0.5937
vn -0.7938 0.4583 0.3998
vn -0.8510 0.4913 0.1858
vn -0.8654 0.4996 -0.0375
vn -0.8365 0.4829 -0.2590
vn -0.7656 0.4420 -0.4674
vn -0.6563 0.3789 -0.6524
vn -0.5142 0.2969 -0.8047
vn -0.3462 0.1999 -0.9166
vn -0.1609 0.0929 -0.9826
vn 0.0325 -0.0188 -0.9993
vn 0.2243 -0.1295 -0.9659
vn 0.4048 -0.2337 -0.8840
vn 0.5650 -0.3262 -0.7579
vn 0.6969 -0.4023 -0.5937
vn 0.7938 -0.4583 -0.3998
vn 0.8510 -0.4913 -0.1858
vn 0.8654 -0.4996 -0.0375
vn 0.8510 -0.4913 0.1858
vn 0.7938 -0.4583 0.3998
vn 0.6969 -0.4023 0.5937
vn 0.5650 -0.3262 0.7579
vn 0.4048 -0.2337 0.8840
vn 0.2243 -0.1295 0.9659
vn 0.0325 -0.0188 0.9993
vn -0.1609 0.0929 0.9826
vn -0.3462 0.1999 0.9166
vn -0.5142 0.2969 0.8047
vn -0.6563 0.3789 0.6524
vn -0.7656 0.4420 0.4674
vn -0.8365 0.4829 0.2590
vn -0.8654 0.4996 0.0375
vn -0.8510 0.4913 -0.1858
vn -0.7938 0.4583 -0.3998
vn -0.6969 0.4023 -0.5937
vn -0.5650 0.3262 -0.7579
vn -0.4048 0.2337 -0.8840
vn -0.2243 0.1295 -0.9659
vn -0.0325 0.0188 -0.9993
vn 0.1609 -0.0929 -0.9826
vn 0.3462 -0.1999 -0.9166
vn 0.5142 -0.2969 -0.8047
vn 0.6563 -0.3789 -0.6524
vn 0.7656 -0.4420 -0.4674
vn 0.8365 -0.4829 -0.2590
vn 0.5000 0.8660 0.0000
vn 0.5000 0.8660 -0.0000
vn 0.5000 0.8660 0.0000
vn 0.5000 0.8660 0.0000
vn 0.5000 0.8660 -0.0000
vn 0.5000 0.8660 -0.0000
vn 0.5000 0.8660 -0.0000
vn 0.5000 0.8660 0.0000
vn 0.5000 0.8660 0.0000
vn 0.5000 0.8660 0.0000
vn 0.5000 0.8660 0.0000
vn 0.5000 0.8660 -0.0000
vn 0.5000 0.8660 -0.0000
vn 0.5000 0.8660 -0.0000
vn 0.5000 0.8660 0.0000
vn 0.5000 0.8660 -0.0000
vn 0.5000 0.8660 0.0000
vn 0.5000 0.8660 0.0000
vn 0.5000 0.8660 -0.0000
vn 0.5000 0.8660 -0.0000
vn 0.5000 0.8660 -0.0000
vn 0.5000 0.8660 0.0000
vn 0.5000 0.8660 0.0000
vn 0.5000 0.8660 0.0000
vn 0.5000 0.8660 -0.0000
vn 0.5000 0.8660 -0.0000
vn 0.5000 0.8660 -0.0000
vn 0.5000 0.8660 0.0000
vn 0.5000 0.8660 -0.0000
vn 0.8654 -0.4996 0.0375
vn 0.8365 -0.4829 0.2590
vn 0.7656 -0.4420 0.4674
vn 0.6563 -0.3789 0.6524
vn 0.5142 -0.2969 0.8047
vn 0.3462 -0.1999 0.9166
vn 0.1609 -0.0929 0.9826
vn -0.0325 0.0188 0.9993
vn -0.2243 0.1295 0.9659
vn -0.4048 0.2337 0.8840
vn -0.5650 0.3262 0.7579
vn -0.6969 0.4023 0.5937
vn -0.7938 0.4583 0.3998
vn -0.8510 0.4913 0.1858
vn -0.8654 0.4996 -0.0375
vn -0.8365 0.4829 -0.2590
vn -0.7656 0.4420 -0.4674
vn -0.6563 0.3789 -0.6524
vn -0.5142 0.2969 -0.8047
vn -0.3462 0.1999 -0.9166
vn -0.1609 0.0929 -0.9826
vn 0.0325 -0.0188 -0.9993
vn 0.2243 -0.1295 -0.9659
vn 0.4048 -0.2337 -0.8840
vn 0.5650 -0.3262 -0.7579
vn 0.6969 -0.4023 -0.5937
vn 0.7938 -0.4583 -0.3998
vn 0.8510 -0.4913 -0.1858
vn 0.8654 -0.4996 -0.0375
vn 0.8510 -0.4913 0.1858
vn 0.7938 -0.4583 0.3998
vn 0.6969 -0.4023 0.5937
vn 0.5650 -0.3262 0.7579
vn 0.4048 -0.2337 0.8840
vn 0.2243 -0.1295 0.9659
vn 0.0325 -0.0188 0.9993
vn -0.1609 0.0929 0.9826
vn -0.3462 0.1999 0.9166
vn -0.5142 0.2969 0.8047
vn -0.6563 0.3789 0.6524
vn -0.7656 0.4420 0.4674
vn -0.8365 0.4829 0.2590
vn -0.8654 0.4996 0.0375
vn -0.8510 0.4913 -0.1858
vn -0.7938 0.4583 -0.3998
vn -0.6969 0.4023 -0.5937
vn -0.5650 0.3262 -0.7579
vn -0.4048 0.2337 -0.8840
vn -0.2243 0.1295 -0.9659
vn -0.0325 0.0188 -0.9993
vn 0.1609 -0.0929 -0.9826
vn 0.3462 -0.1999 -0.9166
vn 0.5142 -0.2969 -0.8047
vn 0.6563 -0.3789 -0.6524
vn 0.7656 -0.4420 -0.4674
vn 0.8365 -0.4829 -0.2590
vn 0.8654 -0.4996 0.0375
vn 0.8365 -0.4829 0.2590
vn 0.7656 -0.4420 0.4674
vn 0.6563 -0.3789 0.6524
vn 0.5142 -0.2969 0.8047
vn 0.3462 -0.1999 0.9166
vn 0.1609 -0.0929 0.9826
vn -0.0325 0.0188 0.9993
vn -0.2243 0.1295 0.9659
vn -0.4048 0.2337 0.8840
vn -0.5650 0.3262 0.7579
vn -0.6969 0.4023 0.5937
vn -0.7938 0.4583 0.3998
vn -0.8510 0.4913 0.1858
vn -0.8654 0.4996 -0.0375
vn -0.8365 0.4829 -0.2590
vn -0.7656 0.4420 -0.4674
vn -0.6563 0.3789 -0.6524
vn -0.5142 0.2969 -0.8047
vn -0.3462 0.1999 -0.9166
vn -0.1609 0.0929 -0.9826
vn 0.0325 -0.0188 -0.9993
vn 0.2243 -0.1295 -0.9659
vn 0.4048 -0.2337 -0.8840
vn 0.5650 -0.3262 -0.7579
vn 0.6969 -0.4023 -0.5937
vn 0.7938 -0.4583 -0.3998
vn 0.8510 -0.4913 -0.1858
vn 0.8654 -0.4996 -0.0375
vn 0.8510 -0.4913 0.1858
vn 0.7938 -0.4583 0.3998
vn 0.6969 -0.4023 0.5937
vn 0.5650 -0.3262 0.7579
vn 0.4048 -0.2337 0.8840
vn 0.2243 -0.1295 0.9659
vn 0.0325 -0.0188 0.9993
vn -0.1609 0.0929 0.9826
vn -0.3462 0.1999 0.9166
vn -0.5142 0.2969 0.8047
vn -0.6563 0.3789 0.6524
vn -0.7656 0.4420 0.4674
vn -0.8365 0.4829 0.2590
vn -0.8654 0.4996 0.0375
vn -0.8510 0.4913 -0.1858
vn -0.7938 0.4583 -0.3998
vn -0.6969 0.4023 -0.5937
vn -0.5650 0.3262 -0.7579
vn -0.4048 0.2337 -0.8840
vn -0.2243 0.1295 -0.9659
vn -0.0325 0.0188 -0.9993
vn 0.1609 -0.0929 -0.9826
vn 0.3462 -0.1999 -0.9166
vn 0.5142 -0.2969 -0.8047
vn 0.6563 -0.3789 -0.6524
vn 0.7656 -0.4420 -0.4674
vn 0.8365 -0.4829 -0.2590
vn 0.5000 0.8660 0.0000
vn 0.5000 0.8660 0.0000
vn 0.5000 0.8660 0.0000
vn 0.5000 0.8660 -0.0000
vn 0.5000 0.8660 -0.0000
vn 0.5000 0.8660 0.0000
vn 0.5000 0.8660 0.0000
vn 0.5000 0.8660 0.0000
vn 0.5000 0.8660 -0.0000
vn 0.5000 0.8660 -0.0000
vn 0.5000 0.8660 0.0000
vn 0.5000 0.8660 0.0000
vn 0.5000 0.8660 -0.0000
vn 0.5000 0.8660 -0.0000
vn 0.5000 0.8660 0.0000
vn 0.5000 0.8660 0.0000
vn 0.5000 0.8660 0.0000
vn 0.5000 0.8660 -0.0000
vn 0.5000 0.8660 -0.0000
vn 0.5000 0.8660 0.0000
vn 0.5000 0.8660 0.0000
vn 0.5000 0.8660 0.0000
vn 0.5000 0.8660 -0.0000
vn 0.5000 0.8660 -0.0000
vn 0.5000 0.8660 0.0000
vn 0.5000 0.8660 0.0000
vn 0.5000 0.8660 -0.0000
vn 0.5000 0.8660 -0.0000
vn 0.5000 0.8660 0.0000
vn -0.5000 -0.8660 0.0000
vn -0.5000 -0.8660 -0.0000
vn -0.5000 -0.8660 -0.0000
vn -0.5000 -0.8660 0.0000
vn -0.5000 -0.8660 0.0000
vn -0.5000 -0.8660 -0.0000
vn -0.5000 -0.8660 -0.0000
vn -0.5000 -0.8660 0.0000
vn -0.5000 -0.8660 0.0000
vn -0.5000 -0.8660 0.0000
vn -0.5000 -0.8660 -0.0000
vn -0.5000 -0.8660 -0.0000
vn -0.5000 -0.8660 0.0000
vn -0.5000 -0.8660 0.0000
vn -0.5000 -0.8660 0.0000
vn -0.5000 -0.8660 -0.0000
vn -0.5000 -0.8660 -0.0000
vn -0.5000 -0.8660 0.0000
vn -0.5000 -0.8660 0.0000
vn -0.5000 -0.8660 -0.0000
vn -0.5000 -0.8660 -0.0000
vn -0.5000 -0.8660 0.0000
vn -0.5000 -0.8660 0.0000
vn -0.5000 -0.8660 0.0000
vn -0.5000 -0.8660 -0.0000
vn -0.5000 -0.8660 -0.0000
vn -0.5000 -0.8660 0.0000
vn -0.5000 -0.8660 0.0000
vn -0.5000 -0.8660 0.0000
usemtl Blade
f 1//1 2//2 253//253
f 1//1 253//253 252//252
f 2//2 3//3 254//254
f 2//2 254//254 253//253
f 3//3 4//4 255//255
f 3//3 255//255 254//254
f 4//4 5//5 256//256
f 4//4 256//256 255//255
f 5//5 6//6 257//257
f 5//5 257//257 256//256
f 6//6 7//7 258//258
f 6//6 258//258 257//257
f 7//7 8//8 259//259
f 7//7 259//259 258//258
f 8//8 9//9 260//260
f 8//8 260//260 259//259
f 9//9 10//10 261//261
f 9//9 261//261 260//260
f 10//10 11//11 262//262
f 10//10 262//262 261//261
f 11//11 12//12 263//263
f 11//11 263//263 262//262
f 12//12 13//13 264//264
f 12//12 264//264 263//263
f 13//13 14//14 265//265
f 13//13 265//265 264//264
f 14//14 15//15 266//266
f 14//14 266//266 265//265
f 15//15 16//16 267//267
f 15//15 267//267 266//266
f 16//16 17//17 268//268
f 16//16 268//268 267//267
f 17//17 18//18 269//269
f 17//17 269//269 268//268
f 18//18 19//19 270//270
f 18//18 270//270 269//269
f 19//19 20//20 271//271
f 19//19 271//271 270//270
f 20//20 21//21 272//272
f 20//20 272//272 271//271
f 21//21 22//22 273//273
f 21//21 273//273 272//272
f 22//22 23//23 274//274
f 22//22 274//274 273//273
f 23//23 24//24 275//275
f 23//23 275//275 274//274
f 24//24 25//25 276//276
f 24//24 276//276 275//275
f 25//25 26//26 277//277
f 25//25 277//277 276//276
f 26//26 27//27 278//278
f 26//26 278//278 277//277
f 27//27 28//28 279//279
f 27//27 279//279 278//278
f 28//28 29//29 280//280
f 28//28 280//280 279//279
f 29//29 30//30 281//281
f 29//29 281//281 280//280
f 30//30 31//31 282//282
f 30//30 282//282 281//281
f 31//31 32//32 283//283
f 31//31 283//283 282//282
f 32//32 33//33 284//284
f 32//32 284//284 283//283
f 33//33 34//34 285//285
f 33//33 285//285 284//284
f 34//34 35//35 286//286
f 34//34 286//286 285//285
f 35//35 36//36 287//287
f 35//35 287//287 286//286
f 36//36 37//37 288//288
f 36//36 288//288 287//287
f 37//37 38//38 289//289
f 37//37 289//289 288//288
f 38//38 39//39 290//290
f 38//38 290//290 289//289
f 39//39 40//40 291//291
f 39//39 291//291 290//290
f 40//40 41//41 292//292
f 40//40 292//292 291//291
f 41//41 42//42 293//293
f 41//41 293//293 292//292
f 42//42 43//43 294//294
f 42//42 294//294 293//293
f 43//43 44//44 295//295
f 43//43 295//295 294//294
f 44//44 45//45 296//296
f 44//44 296//296 295//295
f 45//45 46//46 297//297
f 45//45 297//297 296//296
f 46//46 47//47 298//298
f 46//46 298//298 297//297
f 47//47 48//48 299//299
f 47//47 299//299 298//298
f 48//48 49//49 300//300
f 48//48 300//300 299//299
f 49//49 50//50 301//301
f 49//49 301//301 300//300
f 50//50 51//51 302//302
f 50//50 302//302 301//301
f 51//51 52//52 303//303
f 51//51 303//303 302//302
f 52//52 53//53 304//304
f 52//52 304//304 303//303
f 53//53 54//54 305//305
f 53//53 305//305 304//304
f 54//54 55//55 306//306
f 54//54 306//306 305//305
f 55//55 56//56 307//307
f 55//55 307//307 306//306
f 56//56 57//57 308//308
f 56//56 308//308 307//307
f 57//57 58//58 309//309
f 57//57 309//309 308//308
f 58//58 59//59 310//310
f 58//58 310//310 309//309
f 59//59 60//60 311//311
f 59//59 311//311 310//310
f 60//60 61//61 312//312
f 60//60 312//312 311//311
f 61//61 62//62 313//313
f 61//61 313//313 312//312
f 62//62 63//63 314//314
f 62//62 314//314 313//313
f 63//63 64//64 315//315
f 63//63 315//315 314//314
f 64//64 65//65 316//316
f 64//64 316//316 315//315
f 65//65 66//66 317//317
f 65//65 317//317 316//316
f 66//66 67//67 318//318
f 66//66 318//318 317//317
f 67//67 68//68 319//319
f 67//67 319//319 318//318
f 68//68 69//69 320//320
f 68//68 320//320 319//319
f 69//69 70//70 321//321
f 69//69 321//321 320//320
f 70//70 71//71 322//322
f 70//70 322//322 321//321
f 71//71 72//72 323//323
f 71//71 323//323 322//322
f 72//72 73//73 324//324
f 72//72 324//324 323//323
f 73//73 74//74 325//325
f 73//73 325//325 324//324
f 74//74 75//75 326//326
f 74//74 326//326 325//325
f 75//75 76//76 327//327
f 75//75 327//327 326//326
f 76//76 77//77 328//328
f 76//76 328//328 327//327
f 77//77 78//78 329//329
f 77//77 329//329 328//328
f 78//78 79//79 330//330
f 78//78 330//330 329//329
f 79//79 80//80 331//331
f 79//79 331//331 330//330
f 80//80 81//81 332//332
f 80//80 332//332 331//331
f 81//81 82//82 333//333
f 81//81 333//333 332//332
f 82//82 83//83 334//334
f 82//82 334//334 333//333
f 83//83 84//84 335//335
f 83//83 335//335 334//334
f 84//84 85//85 336//336
f 84//84 336//336 335//335
f 85//85 86//86 337//337
f 85//85 337//337 336//336
f 86//86 87//87 338//338
f 86//86 338//338 337//337
f 87//87 88//88 339//339
f 87//87 339//339 338//338
f 88//88 89//89 340//340
f 88//88 340//340 339//339
f 89//89 90//90 341//341
f 89//89 341//341 340//340
f 90//90 91//91 342//342
f 90//90 342//342 341//341
f 91//91 92//92 343//343
f 91//91 343//343 342//342
f 92//92 93//93 344//344
f 92//92 344//344 343//343
f 93//93 94//94 345//345
f 93//93 345//345 344//344
f 94//94 95//95 346//346
f 94//94 346//346 345//345
f 95//95 96//96 347//347
f 95//95 347//347 346//346
f 96//96 97//97 348//348
f 96//96 348//348 347//347
f 97//97 98//98 349//349
f 97//97 349//349 348//348
f 98//98 99//99 350//350
f 98//98 350//350 349//349
f 99//99 100//100 351//351
f 99//99 351//351 350//350
f 100//100 101//101 352//352
f 100//100 352//352 351//351
f 101//101 102//102 353//353
f 101//101 353//353 352//352
f 102//102 103//103 354//354
f 102//102 354//354 353//353
f 103//103 104//104 355//355
f 103//103 355//355 354//354
f 104//104 105//105 356//356
f 104//104 356//356 355//355
f 105//105 106//106 357//357
f 105//105 357//357 356//356
f 106//106 107//107 358//358
f 106//106 358//358 357//357
f 107//107 108//108 359//359
f 107//107 359//359 358//358
f 108//108 109//109 360//360
f 108//108 360//360 359//359
f 109//109 110//110 361//361
f 109//109 361//361 360//360
f 110//110 111//111 362//362
f 110//110 362//362 361//361
f 111//111 112//112 363//363
f 111//111 363//363 362//362
f 112//112 113//113 364//364
f 112//112 364//364 363//363
f 113//113 114//114 365//365
f 113//113 365//365 364//364
f 114//114 115//115 366//366
f 114//114 366//366 365//365
f 115//115 116//116 367//367
f 115//115 367//367 366//366
f 116//116 117//117 368//368
f 116//116 368//368 367//367
f 117//117 118//118 369//369
f 117//117 369//369 368//368
f 118//118 119//119 370//370
f 118//118 370//370 369//369
f 119//119 120//120 371//371
f 119//119 371//371 370//370
f 120//120 121//121 372//372
f 120//120 372//372 371//371
f 121//121 122//122 373//373
f 121//121 373//373 372//372
f 122//122 123//123 374//374
f 122//122 374//374 373//373
f 123//123 124//124 375//375
f 123//123 375//375 374//374
f 124//124 125//125 376//376
f 124//124 376//376 375//375
f 125//125 126//126 377//377
f 125//125 377//377 376//376
f 126//126 127//127 378//378
f 126//126 378//378 377//377
f 127//127 128//128 379//379
f 127//127 379//379 378//378
f 128//128 129//129 380//380
f 128//128 380//380 379//379
f 129//129 130//130 381//381
f 129//129 381//381 380//380
f 130//130 131//131 382//382
f 130//130 382//382 381//381
f 131//131 132//132 383//383
f 131//131 383//383 382//382
f 132//132 133//133 384//384
f 132//132 384//384 383//383
f 133//133 134//134 385//385
f 133//133 385//385 384//384
f 134//134 135//135 386//386
f 134//134 386//386 385//385
f 135//135 136//136 387//387
f 135//135 387//387 386//386
f 136//136 137//137 388//388
f 136//136 388//388 387//387
f 137//137 138//138 389//389
f 137//137 389//389 388//388
f 138//138 139//139 390//390
f 138//138 390//390 389//389
f 139//139 140//140 391//391
f 139//139 391//391 390//390
f 140//140 141//141 392//392
f 140//140 392//392 391//391
f 141//141 142//142 393//393
f 141//141 393//393 392//392
f 142//142 143//143 394//394
f 142//142 394//394 393//393
f 143//143 144//144 395//395
f 143//143 395//395 394//394
f 144//144 145//145 396//396
f 144//144 396//396 395//395
f 145//145 146//146 397//397
f 145//145 397//397 396//396
f 146//146 147//147 398//398
f 146//146 398//398 397//397
f 147//147 148//148 399//399
f 147//147 399//399 398//398
f 148//148 149//149 400//400
f 148//148 400//400 399//399
f 149//149 150//150 401//401
f 149//149 401//401 400//400
f 150//150 151//151 402//402
f 150//150 402//402 401//401
f 151//151 152//152 403//403
f 151//151 403//403 402//402
f 152//152 153//153 404//404
f 152//152 404//404 403//403
f 153//153 154//154 405//405
f 153//153 405//405 404//404
f 154//154 155//155 406//406
f 154//154 406//406 405//405
f 155//155 156//156 407//407
f 155//155 407//407 406//406
f 156//156 157//157 408//408
f 156//156 408//408 407//407
f 157//157 158//158 409//409
f 157//157 409//409 408//408
f 158//158 159//159 410//410
f 158//158 410//410 409//409
f 159//159 160//160 411//411
f 159//159 411//411 410//410
f 160//160 161//161 412//412
f 160//160 412//412 411//411
f 161//161 162//162 413//413
f 161//161 413//413 412//412
f 162//162 163//163 414//414
f 162//162 414//414 413//413
f 163//163 164//164 415//415
f 163//163 415//415 414//414
f 164//164 165//165 416//416
f 164//164 416//416 415//415
f 165//165 166//166 417//417
f 165//165 417//417 416//416
f 166//166 167//167 418//418
f 166//166 418//418 417//417
f 167//167 168//168 419//419
f 167//167 419//419 418//418
f 168//168 169//169 420//420
f 168//168 420//420 419//419
f 169//169 170//170 421//421
f 169//169 421//421 420//420
f 170//170 171//171 422//422
f 170//170 422//422 421//421
f 171//171 172//172 423//423
f 171//171 423//423 422//422
f 172//172 173//173 424//424
f 172//172 424//424 423//423
f 173//173 174//174 425//425
f 173//173 425//425 424//424
f 174//174 175//175 426//426
f 174//174 426//426 425//425
f 175//175 176//176 427//427
f 175//175 427//427 426//426
f 176//176 177//177 428//428
f 176//176 428//428 427//427
f 177//177 178//178 429//429
f 177//177 429//429 428//428
f 178//178 179//179 430//430
f 178//178 430//430 429//429
f 179//179 180//180 431//431
f 179//179 431//431 430//430
f 180//180 181//181 432//432
f 180//180 432//432 431//431
f 181//181 182//182 433//433
f 181//181 433//433 432//432
f 182//182 183//183 434//434
f 182//182 434//434 433//433
f 183//183 184//184 435//435
f 183//183 435//435 434//434
f 184//184 185//185 436//436
f 184//184 436//436 435//435
f 185//185 186//186 437//437
f 185//185 437//437 436//436
f 186//186 187//187 438//438
f 186//186 438//438 437//437
f 187//187 188//188 439//439
f 187//187 439//439 438//438
f 188//188 189//189 440//440
f 188//188 440//440 439//439
f 189//189 190//190 441//441
f 189//189 441//441 440//440
f 190//190 191//191 442//442
f 190//190 442//442 441//441
f 191//191 192//192 443//443
f 191//191 443//443 442//442
f 192//192 193//193 444//444
f 192//192 444//444 443//443
f 193//193 194//194 445//445
f 193//193 445//445 444//444
f 194//194 195//195 446//446
f 194//194 446//446 445//445
f 195//195 196//196 447//447
f 195//195 447//447 446//446
f 196//196 197//197 448//448
f 196//196 448//448 447//447
f 197//197 198//198 449//449
f 197//197 449//449 448//448
f 198//198 199//199 450//450
f 198//198 450//450 449//449
f 199//199 200//200 451//451
f 199//199 451//451 450//450
f 200//200 201//201 452//452
f 200//200 452//452 451//451
f 201//201 202//202 453//453
f 201//201 453//453 452//452
f 202//202 203//203 454//454
f 202//202 454//454 453//453
f 203//203 204//204 455//455
f 203//203 455//455 454//454
f 204//204 205//205 456//456
f 204//204 456//456 455//455
f 205//205 206//206 457//457
f 205//205 457//457 456//456
f 206//206 207//207 458//458
f 206//206 458//458 457//457
f 207//207 208//208 459//459
f 207//207 459//459 458//458
f 208//208 209//209 460//460
f 208//208 460//460 459//459
f 209//209 210//210 461//461
f 209//209 461//461 460//460
f 210//210 211//211 462//462
f 210//210 462//462 461//461
f 211//211 212//212 463//463
f 211//211 463//463 462//462
f 212//212 213//213 464//464
f 212//212 464//464 463//463
f 213//213 214//214 465//465
f 213//213 465//465 464//464
f 214//214 215//215 466//466
f 214//214 466//466 465//465
f 215//215 216//216 467//467
f 215//215 467//467 466//466
f 216//216 217//217 468//468
f 216//216 468//468 467//467
f 217//217 218//218 469//469
f 217//217 469//469 468//468
f 218//218 219//219 470//470
f 218//218 470//470 469//469
f 219//219 220//220 471//471
f 219//219 471//471 470//470
f 220//220 221//221 472//472
f 220//220 472//472 471//471
f 221//221 222//222 473//473
f 221//221 473//473 472//472
f 222//222 223//223 474//474
f 222//222 474//474 473//473
f 223//223 224//224 475//475
f 223//223 475//475 474//474
f 224//224 225//225 476//476
f 224//224 476//476 475//475
f 225//225 226//226 477//477
f 225//225 477//477 476//476
f 226//226 227//227 478//478
f 226//226 478//478 477//477
f 227//227 228//228 479//479
f 227//227 479//479 478//478
f 228//228 229//229 480//480
f 228//228 480//480 479//479
f 229//229 230//230 481//481
f 229//229 481//481 480//480
f 230//230 231//231 482//482
f 230//230 482//482 481//481
f 231//231 232//232 483//483
f 231//231 483//483 482//482
f 232//232 233//233 484//484
f 232//232 484//484 483//483
f 233//233 234//234 485//485
f 233//233 485//485 484//484
f 234//234 235//235 486//486
f 234//234 486//486 485//485
f 235//235 236//236 487//487
f 235//235 487//487 486//486
f 236//236 237//237 488//488
f 236//236 488//488 487//487
f 237//237 238//238 489//489
f 237//237 489//489 488//488
f 238//238 239//239 490//490
f 238//238 490//490 489//489
f 239//239 240//240 491//491
f 239//239 491//491 490//490
f 240//240 241//241 492//492
f 240//240 492//492 491//491
f 241//241 242//242 493//493
f 241//241 493//493 492//492
f 242//242 243//243 494//494
f 242//242 494//494 493//493
f 243//243 244//244 495//495
f 243//243 495//495 494//494
f 244//244 245//245 496//496
f 244//244 496//496 495//495
f 245//245 246//246 497//497
f 245//245 497//497 496//496
f 246//246 247//247 498//498
f 246//246 498//498 497//497
f 247//247 248//248 499//499
f 247//247 499//499 498//498
f 248//248 249//249 500//500
f 248//248 500//500 499//499
f 249//249 250//250 501//501
f 249//249 501//501 500//500
f 250//250 251//251 502//502
f 250//250 502//502 501//501
f 251//251 1//1 252//252
f 251//251 252//252 502//502
f 252//252 253//253 504//504
f 252//252 504//504 503//503
f 253//253 254//254 505//505
f 253//253 505//505 504//504
f 254//254 255//255 506//506
f 254//254 506//506 505//505
f 255//255 256//256 507//507
f 255//255 507//507 506//506
f 256//256 257//257 508//508
f 256//256 508//508 507//507
f 257//257 258//258 509//509
f 257//257 509//509 508//508
f 258//258 259//259 510//510
f 258//258 510//510 509//509
f 259//259 260//260 511//511
f 259//259 511//511 510//510
f 260//260 261//261 512//512
f 260//260 512//512 511//511
f 261//261 262//262 513//513
f 261//261 513//513 512//512
f 262//262 263//263 514//514
f 262//262 514//514 513//513
f 263//263 264//264 515//515
f 263//263 515//515 514//514
f 264//264 265//265 516//516
f 264//264 516//516 515//515
f 265//265 266//266 517//517
f 265//265 517//517 516//516
f 266//266 267//267 518//518
f 266//266 518//518 517//517
f 267//267 268//268 519//519
f 267//267 519//519 518//518
f 268//268 269//269 520//520
f 268//268 520//520 519//519
f 269//269 270//270 521//521
f 269//269 521//521 520//520
f 270//270 271//271 522//522
f 270//270 522//522 521//521
f 271//271 272//272 523//523
f 271//271 523//523 522//522
f 272//272 273//273 524//524
f 272//272 524//524 523//523
f 273//273 274//274 525//525
f 273//273 525//525 524//524
f 274//274 275//275 526//526
f 274//274 526//526 525//525
f 275//275 276//276 527//527
f 275//275 527//527 526//526
f 276//276 277//277 528//528
f 276//276 528//528 527//527
f 277//277 278//278 529//529
f 277//277 529//529 528//528
f 278//278 279//279 530//530
f 278//278 530//530 529//529
f 279//279 280//280 531//531
f 279//279 531//531 530//530
f 280//280 281//281 532//532
f 280//280 532//532 531//531
f 281//281 282//282 533//533
f 281//281 533//533 532//532
f 282//282 283//283 534//534
f 282//282 534//534 533//533
f 283//283 284//284 535//535
f 283//283 535//535 534//534
f 284//284 285//285 536//536
f 284//284 536//536 535//535
f 285//285 286//286 537//537
f 285//285 537//537 536//536
f 286//286 287//287 538//538
f 286//286 538//538 537//537
f 287//287 288//288 539//539
f 287//287 539//539 538//538
f 288//288 289//289 540//540
f 288//288 540//540 539//539
f 289//289 290//290 541//541
f 289//289 541//541 540//540
f 290//290 291//291 542//542
f 290//290 542//542 541//541
f 291//291 292//292 543//543
f 291//291 543//543 542//542
f 292//292 293//293 544//544
f 292//292 544//544 543//543
f 293//293 294//294 545//545
f 293//293 545//545 544//544
f 294//294 295//295 546//546
f 294//294 546//546 545//545
f 295//295 296//296 547//547
f 295//295 547//547 546//546
f 296//296 297//297 548//548
f 296//296 548//548 547//547
f 297//297 298//298 549//549
f 297//297 549//549 548//548
f 298//298 299//299 550//550
f 298//298 550//550 549//549
f 299//299 300//300 551//551
f 299//299 551//551 550//550
f 300//300 301//301 552//552
f 300//300 552//552 551//551
f 301//301 302//302 553//553
f 301//301 553//553 552//552
f 302//302 303//303 554//554
f 302//302 554//554 553//553
f 303//303 304//304 555//555
f 303//303 555//555 554//554
f 304//304 305//305 556//556
f 304//304 556//556 555//555
f 305//305 306//306 557//557
f 305//305 557//557 556//556
f 306//306 307//307 558//558
f 306//306 558//558 557//557
f 307//307 308//308 559//559
f 307//307 559//559 558//558
f 308//308 309//309 560//560
f 308//308 560//560 559//559
f 309//309 310//310 561//561
f 309//309 561//561 560//560
f 310//310 311//311 562//562
f 310//310 562//562 561//561
f 311//311 312//312 563//563
f 311//311 563//563 562//562
f 312//312 313//313 564//564
f 312//312 564//564 563//563
f 313//313 314//314 565//565
f 313//313 565//565 564//564
f 314//314 315//315 566//566
f 314//314 566//566 565//565
f 315//315 316//316 567//567
f 315//315 567//567 566//566
f 316//316 317//317 568//568
f 316//316 568//568 567//567
f 317//317 318//318 569//569
f 317//317 569//569 568//568
f 318//318 319//319 570//570
f 318//318 570//570 569//569
f 319//319 320//320 571//571
f 319//319 571//571 570//570
f 320//320 321//321 572//572
f 320//320 572//572 571//571
f 321//321 322//322 573//573
f 321//321 573//573 572//572
f 322//322 323//323 574//574
f 322//322 574//574 573//573
f 323//323 324//324 575//575
f 323//323 575//575 574//574
f 324//324 325//325 576//576
f 324//324 576//576 575//575
f 325//325 326//326 577//577
f 325//325 577//577 576//576
f 326//326 327//327 578//578
f 326//326 578//578 577//577
f 327//327 328//328 579//579
f 327//327 579//579 578//578
f 328//328 329//329 580//580
f 328//328 580//580 579//579
f 329//329 330//330 581//581
f 329//329 581//581 580//580
f 330//330 331//331 582//582
f 330//330 582//582 581//581
f 331//331 332//332 583//583
f 331//331 583//583 582//582
f 332//332 333//333 584//584
f 332//332 584//584 583//583
f 333//333 334//334 585//585
f 333//333 585//585 584//584
f 334//334 335//335 586//586
f 334//334 586//586 585//585
f 335//335 336//336 587//587
f 335//335 587//587 586//586
f 336//336 337//337 588//588
f 336//336 588//588 587//587
f 337//337 338//338 589//589
f 337//337 589//589 588//588
f 338//338 339//339 590//590
f 338//338 590//590 589//589
f 339//339 340//340 591//591
f 339//339 591//591 590//590
f 340//340 341//341 592//592
f 340//340 592//592 591//591
f 341//341 342//342 593//593
f 341//341 593//593 592//592
f 342//342 343//343 594//594
f 342//342 594//594 593//593
f 343//343 344//344 595//595
f 343//343 595//595 594//594
f 344//344 345//345 596//596
f 344//344 596//596 595//595
f 345//345 346//346 597//597
f 345//345 597//597 596//596
f 346//346 347//347 598//598
f 346//346 598//598 597//597
f 347//347 348//348 599//599
f 347//347 599//599 598//598
f 348//348 349//349 600//600
f 348//348 600//600 599//599
f 349//349 350//350 601//601
f 349//349 601//601 600//600
f 350//350 351//351 602//602
f 350//350 602//602 601//601
f 351//351 352//352 603//603
f 351//351 603//603 602//602
f 352//352 353//353 604//604
f 352//352 604//604 603//603
f 353//353 354//354 605//605
f 353//353 605//605 604//604
f 354//354 355//355 606//606
f 354//354 606//606 605//605
f 355//355 356//356 607//607
f 355//355 607//607 606//606
f 356//356 357//357 608//608
f 356//356 608//608 607//607
f 357//357 358//358 609//609
f 357//357 609//609 608//608
f 358//358 359//359 610//610
f 358//358 610//610 609//609
f 359//359 360//360 611//611
f 359//359 611//611 610//610
f 360//360 361//361 612//612
f 360//360 612//612 611//611
f 361//361 362//362 613//613
f 361//361 613//613 612//612
f 362//362 363//363 614//614
f 362//362 614//614 613//613
f 363//363 364//364 615//615
f 363//363 615//615 614//614
f 364//364 365//365 616//616
f 364//364 616//616 615//615
f 365//365 366//366 617//617
f 365//365 617//617 616//616
f 366//366 367//367 618//618
f 366//366 618//618 617//617
f 367//367 368//368 619//619
f 367//367 619//619 618//618
f 368//368 369//369 620//620
f 368//368 620//620 619//619
f 369//369 370//370 621//621
f 369//369 621//621 620//620
f 370//370 371//371 622//622
f 370//370 622//622 621//621
f 371//371 372//372 623//623
f 371//371 623//623 622//622
f 372//372 373//373 624//624
f 372//372 624//624 623//623
f 373//373 374//374 625//625
f 373//373 625//625 624//624
f 374//374 375//375 626//626
f 374//374 626//626 625//625
f 375//375 376//376 627//627
f 375//375 627//627 626//626
f 376//376 377//377 628//628
f 376//376 628//628 627//627
f 377//377 378//378 629//629
f 377//377 629//629 628//628
f 378//378 379//379 630//630
f 378//378 630//630 629//629
f 379//379 380//380 631//631
f 379//379 631//631 630//630
f 380//380 381//381 632//632
f 380//380 632//632 631//631
f 381//381 382//382 633//633
f 381//381 633//633 632//632
f 382//382 383//383 634//634
f 382//382 634//634 633//633
f 383//383 384//384 635//635
f 383//383 635//635 634//634
f 384//384 385//385 636//636
f 384//384 636//636 635//635
f 385//385 386//386 637//637
f 385//385 637//637 636//636
f 386//386 387//387 638//638
f 386//386 638//638 637//637
f 387//387 388//388 639//639
f 387//387 639//639 638//638
f 388//388 389//389 640//640
f 388//388 640//640 639//639
f 389//389 390//390 641//641
f 389//389 641//641 640//640
f 390//390 391//391 642//642
f 390//390 642//642 641//641
f 391//391 392//392 643//643
f 391//391 643//643 642//642
f 392//392 393//393 644//644
f 392//392 644//644 643//643
f 393//393 394//394 645//645
f 393//393 645//645 644//644
f 394//394 395//395 646//646
f 394//394 646//646 645//645
f 395//395 396//396 647//647
f 395//395 647//647 646//646
f 396//396 397//397 648//648
f 396//396 648//648 647//647
f 397//397 398//398 649//649
f 397//397 649//649 648//648
f 398//398 399//399 650//650
f 398//398 650//650 649//649
f 399//399 400//400 651//651
f 399//399 651//651 650//650
f 400//400 401//401 652//652
f 400//400 652//652 651//651
f 401//401 402//402 653//653
f 401//401 653//653 652//652
f 402//402 403//403 654//654
f 402//402 654//654 653//653
f 403//403 404//404 655//655
f 403//403 655//655 654//654
f 404//404 405//405 656//656
f 404//404 656//656 655//655
f 405//405 406//406 657//657
f 405//405 657//657 656//656
f 406//406 407//407 658//658
f 406//406 658//658 657//657
f 407//407 408//408 659//659
f 407//407 659//659 658//658
f 408//408 409//409 660//660
f 408//408 660//660 659//659
f 409//409 410//410 661//661
f 409//409 661//661 660//660
f 410//410 411//411 662//662
f 410//410 662//662 661//661
f 411//411 412//412 663//663
f 411//411 663//663 662//662
f 412//412 413//413 664//664
f 412//412 664//664 663//663
f 413//413 414//414 665//665
f 413//413 665//665 664//664
f 414//414 415//415 666//666
f 414//414 666//666 665//665
f 415//415 416//416 667//667
f 415//415 667//667 666//666
f 416//416 417//417 668//668
f 416//416 668//668 667//667
f 417//417 418//418 669//669
f 417//417 669//669 668//668
f 418//418 419//419 670//670
f 418//418 670//670 669//669
f 419//419 420//420 671//671
f 419//419 671//671 670//670
f 420//420 421//421 672//672
f 420//420 672//672 671//671
f 421//421 422//422 673//673
f 421//421 673//673 672//672
f 422//422 423//423 674//674
f 422//422 674//674 673//673
f 423//423 424//424 675//675
f 423//423 675//675 674//674
f 424//424 425//425 676//676
f 424//424 676//676 675//675
f 425//425 426//426 677//677
f 425//425 677//677 676//676
f 426//426 427//427 678//678
f 426//426 678//678 677//677
f 427//427 428//428 679//679
f 427//427 679//679 678//678
f 428//428 429//429 680//680
f 428//428 680//680 679//679
f 429//429 430//430 681//681
f 429//429 681//681 680//680
f 430//430 431//431 682//682
f 430//430 682//682 681//681
f 431//431 432//432 683//683
f 431//431 683//683 682//682
f 432//432 433//433 684//684
f 432//432 684//684 683//683
f 433//433 434//434 685//685
f 433//433 685//685 684//684
f 434//434 435//435 686//686
f 434//434 686//686 685//685
f 435//435 436//436 687//687
f 435//435 687//687 686//686
f 436//436 437//437 688//688
f 436//436 688//688 687//687
f 437//437 438//438 689//689
f 437//437 689//689 688//688
f 438//438 439//439 690//690
f 438//438 690//690 689//689
f 439//439 440//440 691//691
f 439//439 691//691 690//690
f 440//440 441//441 692//692
f 440//440 692//692 691//691
f 441//441 442//442 693//693
f 441//441 693//693 692//692
f 442//442 443//443 694//694
f 442//442 694//694 693//693
f 443//443 444//444 695//695
f 443//443 695//695 694//694
f 444//444 445//445 696//696
f 444//444 696//696 695//695
f 445//445 446//446 697//697
f 445//445 697//697 696//696
f 446//446 447//447 698//698
f 446//446 698//698 697//697
f 447//447 448//448 699//699
f 447//447 699//699 698//698
f 448//448 449//449 700//700
f 448//448 700//700 699//699
f 449//449 450//450 701//701
f 449//449 701//701 700//700
f 450//450 451//451 702//702
f 450//450 702//702 701//701
f 451//451 452//452 703//703
f 451//451 703//703 702//702
f 452//452 453//453 704//704
f 452//452 704//704 703//703
f 453//453 454//454 705//705
f 453//453 705//705 704//704
f 454//454 455//455 706//706
f 454//454 706//706 705//705
f 455//455 456//456 707//707
f 455//455 707//707 706//706
f 456//456 457//457 708//708
f 456//456 708//708 707//707
f 457//457 458//458 709//709
f 457//457 709//709 708//708
f 458//458 459//459 710//710
f 458//458 710//710 709//709
f 459//459 460//460 711//711
f 459//459 711//711 710//710
f 460//460 461//461 712//712
f 460//460 712//712 711//711
f 461//461 462//462 713//713
f 461//461 713//713 712//712
f 462//462 463//463 714//714
f 462//462 714//714 713//713
f 463//463 464//464 715//715
f 463//463 715//715 714//714
f 464//464 465//465 716//716
f 464//464 716//716 715//715
f 465//465 466//466 717//717
f 465//465 717//717 716//716
f 466//466 467//467 718//718
f 466//466 718//718 717//717
f 467//467 468//468 719//719
f 467//467 719//719 718//718
f 468//468 469//469 720//720
f 468//468 720//720 719//719
f 469//469 470//470 721//721
f 469//469 721//721 720//720
f 470//470 471//471 722//722
f 470//470 722//722 721//721
f 471//471 472//472 723//723
f 471//471 723//723 722//722
f 472//472 473//473 724//724
f 472//472 724//724 723//723
f 473//473 474//474 725//725
f 473//473 725//725 724//724
f 474//474 475//475 726//726
f 474//474 726//726 725//725
f 475//475 476//476 727//727
f 475//475 727//727 726//726
f 476//476 477//477 728//728
f 476//476 728//728 727//727
f 477//477 478//478 729//729
f 477//477 729//729 728//728
f 478//478 479//479 730//730
f 478//478 730//730 729//729
f 479//479 480//480 731//731
f 479//479 731//731 730//730
f 480//480 481//481 732//732
f 480//480 732//732 731//731
f 481//481 482//482 733//733
f 481//481 733//733 732//732
f 482//482 483//483 734//734
f 482//482 734//734 733//733
f 483//483 484//484 735//735
f 483//483 735//735 734//734
f 484//484 485//485 736//736
f 484//484 736//736 735//735
f 485//485 486//486 737//737
f 485//485 737//737 736//736
f 486//486 487//487 738//738
f 486//486 738//738 737//737
f 487//487 488//488 739//739
f 487//487 739//739 738//738
f 488//488 489//489 740//740
f 488//488 740//740 739//739
f 489//489 490//490 741//741
f 489//489 741//741 740//740
f 490//490 491//491 742//742
f 490//490 742//742 741//741
f 491//491 492//492 743//743
f 491//491 743//743 742//742
f 492//492 493//493 744//744
f 492//492 744//744 743//743
f 493//493 494//494 745//745
f 493//493 745//745 744//744
f 494//494 495//495 746//746
f 494//494 746//746 745//745
f 495//495 496//496 747//747
f 495//495 747//747 746//746
f 496//496 497//497 748//748
f 496//496 748//748 747//747
f 497//497 498//498 749//749
f 497//497 749//749 748//748
f 498//498 499//499 750//750
f 498//498 750//750 749//749
f 499//499 500//500 751//751
f 499//499 751//751 750//750
f 500//500 501//501 752//752
f 500//500 752//752 751//751
f 501//501 502//502 753//753
f 501//501 753//753 752//752
f 502//502 252//252 503//503
f 502//502 503//503 753//753
f 503//503 504//504 755//755
f 503//503 755//755 754//754
f 504//504 505//505 756//756
f 504//504 756//756 755//755
f 505//505 506//506 757//757
f 505//505 757//757 756//756
f 506//506 507//507 758//758
f 506//506 758//758 757//757
f 507//507 508//508 759//759
f 507//507 759//759 758//758
f 508//508 509//509 760//760
f 508//508 760//760 759//759
f 509//509 510//510 761//761
f 509//509 761//761 760//760
f 510//510 511//511 762//762
f 510//510 762//762 761//761
f 511//511 512//512 763//763
f 511//511 763//763 762//762
f 512//512 513//513 764//764
f 512//512 764//764 763//763
f 513//513 514//514 765//765
f 513//513 765//765 764//764
f 514//514 515//515 766//766
f 514//514 766//766 765//765
f 515//515 516//516 767//767
f 515//515 767//767 766//766
f 516//516 517//517 768//768
f 516//516 768//768 767//767
f 517//517 518//518 769//769
f 517//517 769//769 768//768
f 518//518 519//519 770//770
f 518//518 770//770 769//769
f 519//519 520//520 771//771
f 519//519 771//771 770//770
f 520//520 521//521 772//772
f 520//520 772//772 771//771
f 521//521 522//522 773//773
f 521//521 773//773 772//772
f 522//522 523//523 774//774
f 522//522 774//774 773//773
f 523//523 524//524 775//775
f 523//523 775//775 774//774
f 524//524 525//525 776//776
f 524//524 776//776 775//775
f 525//525 526//526 777//777
f 525//525 777//777 776//776
f 526//526 527//527 778//778
f 526//526 778//778 777//777
f 527//527 528//528 779//779
f 527//527 779//779 778//778
f 528//528 529//529 780//780
f 528//528 780//780 779//779
f 529//529 530//530 781//781
f 529//529 781//781 780//780
f 530//530 531//531 782//782
f 530//530 782//782 781//781
f 531//531 532//532 783//783
f 531//531 783//783 782//782
f 532//532 533//533 784//784
f 532//532 784//784 783//783
f 533//533 534//534 785//785
f 533//533 785//785 784//784
f 534//534 535//535 786//786
f 534//534 786//786 785//785
f 535//535 536//536 787//787
f 535//535 787//787 786//786
f 536//536 537//537 788//788
f 536//536 788//788 787//787
f 537//537 538//538 789//789
f 537//537 789//789 788//788
f 538//538 539//539 790//790
f 538//538 790//790 789//789
f 539//539 540//540 791//791
f 539//539 791//791 790//790
f 540//540 541//541 792//792
f 540//540 792//792 791//791
f 541//541 542//542 793//793
f 541//541 793//793 792//792
f 542//542 543//543 794//794
f 542//542 794//794 793//793
f 543//543 544//544 795//795
f 543//543 795//795 794//794
f 544//544 545//545 796//796
f 544//544 796//796 795//795
f 545//545 546//546 797//797
f 545//545 797//797 796//796
f 546//546 547//547 798//798
f 546//546 798//798 797//797
f 547//547 548//548 799//799
f 547//547 799//799 798//798
f 548//548 549//549 800//800
f 548//548 800//800 799//799
f 549//549 550//550 801//801
f 549//549 801//801 800//800
f 550//550 551//551 802//802
f 550//550 802//802 801//801
f 551//551 552//552 803//803
f 551//551 803//803 802//802
f 552//552 553//553 804//804
f 552//552 804//804 803//803
f 553//553 554//554 805//805
f 553//553 805//805 804//804
f 554//554 555//555 806//806
f 554//554 806//806 805//805
f 555//555 556//556 807//807
f 555//555 807//807 806//806
f 556//556 557//557 808//808
f 556//556 808//808 807//807
f 557//557 558//558 809//809
f 557//557 809//809 808//808
f 558//558 559//559 810//810
f 558//558 810//810 809//809
f 559//559 560//560 811//811
f 559//559 811//811 810//810
f 560//560 561//561 812//812
f 560//560 812//812 811//811
f 561//561 562//562 813//813
f 561//561 813//813 812//812
f 562//562 563//563 814//814
f 562//562 814//814 813//813
f 563//563 564//564 815//815
f 563//563 815//815 814//814
f 564//564 565//565 816//816
f 564//564 816//816 815//815
f 565//565 566//566 817//817
f 565//565 817//817 816//816
f 566//566 567//567 818//818
f 566//566 818//818 817//817
f 567//567 568//568 819//819
f 567//567 819//819 818//818
f 568//568 569//569 820//820
f 568//568 820//820 819//819
f 569//569 570//570 821//821
f 569//569 821//821 820//820
f 570//570 571//571 822//822
f 570//570 822//822 821//821
f 571//571 572//572 823//823
f 571//571 823//823 822//822
f 572//572 573//573 824//824
f 572//572 824//824 823//823
f 573//573 574//574 825//825
f 573//573 825//825 824//824
f 574//574 575//575 826//826
f 574//574 826//826 825//825
f 575//575 576//576 827//827
f 575//575 827//827 826//826
f 576//576 577//577 828//828
f 576//576 828//828 827//827
f 577//577 578//578 829//829
f 577//577 829//829 828//828
f 578//578 579//579 830//830
f 578//578 830//830 829//829
f 579//579 580//580 831//831
f 579//579 831//831 830//830
f 580//580 581//581 832//832
f 580//580 832//832 831//831
f 581//581 582//582 833//833
f 581//581 833//833 832//832
f 582//582 583//583 834//834
f 582//582 834//834 833//833
f 583//583 584//584 835//835
f 583//583 835//835 834//834
f 584//584 585//585 836//836
f 584//584 836//836 835//835
f 585//585 586//586 837//837
f 585//585 837//837 836//836
f 586//586 587//587 838//838
f 586//586 838//838 837//837
f 587//587 588//588 839//839
f 587//587 839//839 838//838
f 588//588 589//589 840//840
f 588//588 840//840 839//839
f 589//589 590//590 841//841
f 589//589 841//841 840//840
f 590//590 591//591 842//842
f 590//590 842//842 841//841
f 591//591 592//592 843//843
f 591//591 843//843 842//842
f 592//592 593//593 844//844
f 592//592 844//844 843//843
f 593//593 594//594 845//845
f 593//593 845//845 844//844
f 594//594 595//595 846//846
f 594//594 846//846 845//845
f 595//595 596//596 847//847
f 595//595 847//847 846//846
f 596//596 597//597 848//848
f 596//596 848//848 847//847
f 597//597 598//598 849//849
f 597//597 849//849 848//848
f 598//598 599//599 850//850
f 598//598 850//850 849//849
f 599//599 600//600 851//851
f 599//599 851//851 850//850
f 600//600 601//601 852//852
f 600//600 852//852 851//851
f 601//601 602//602 853//853
f 601//601 853//853 852//852
f 602//602 603//603 854//854
f 602//602 854//854 853//853
f 603//603 604//604 855//855
f 603//603 855//855 854//854
f 604//604 605//605 856//856
f 604//604 856//856 855//855
f 605//605 606//606 857//857
f 605//605 857//857 856//856
f 606//606 607//607 858//858
f 606//606 858//858 857//857
f 607//607 608//608 859//859
f 607//607 859//859 858//858
f 608//608 609//609 860//860
f 608//608 860//860 859//859
f 609//609 610//610 861//861
f 609//609 861//861 860//860
f 610//610 611//611 862//862
f 610//610 862//862 861//861
f 611//611 612//612 863//863
f 611//611 863//863 862//862
f 612//612 613//613 864//864
f 612//612 864//864 863//863
f 613//613 614//614 865//865
f 613//613 865//865 864//864
f 614//614 615//615 866//866
f 614//614 866//866 865//865
f 615//615 616//616 867//867
f 615//615 867//867 866//866
f 616//616 617//617 868//868
f 616//616 868//868 867//867
f 617//617 618//618 869//869
f 617//617 869//869 868//868
f 618//618 619//619 870//870
f 618//618 870//870 869//869
f 619//619 620//620 871//871
f 619//619 871//871 870//870
f 620//620 621//621 872//872
f 620//620 872//872 871//871
f 621//621 622//622 873//873
f 621//621 873//873 872//872
f 622//622 623//623 874//874
f 622//622 874//874 873//873
f 623//623 624//624 875//875
f 623//623 875//875 874//874
f 624//624 625//625 876//876
f 624//624 876//876 875//875
f 625//625 626//626 877//877
f 625//625 877//877 876//876
f 626//626 627//627 878//878
f 626//626 878//878 877//877
f 627//627 628//628 879//879
f 627//627 879//879 878//878
f 628//628 629//629 880//880
f 628//628 880//880 879//879
f 629//629 630//630 881//881
f 629//629 881//881 880//880
f 630//630 631//631 882//882
f 630//630 882//882 881//881
f 631//631 632//632 883//883
f 631//631 883//883 882//882
f 632//632 633//633 884//884
f 632//632 884//884 883//883
f 633//633 634//634 885//885
f 633//633 885//885 884//884
f 634//634 635//635 886//886
f 634//634 886//886 885//885
f 635//635 636//636 887//887
f 635//635 887//887 886//886
f 636//636 637//637 888//888
f 636//636 888//888 887//887
f 637//637 638//638 889//889
f 637//637 889//889 888//888
f 638//638 639//639 890//890
f 638//638 890//890 889//889
f 639//639 640//640 891//891
f 639//639 891//891 890//890
f 640//640 641//641 892//892
f 640//640 892//892 891//891
f 641//641 642//642 893//893
f 641//641 893//893 892//892
f 642//642 643//643 894//894
f 642//642 894//894 893//893
f 643//643 644//644 895//895
f 643//643 895//895 894//894
f 644//644 645//645 896//896
f 644//644 896//896 895//895
f 645//645 646//646 897//897
f 645//645 897//897 896//896
f 646//646 647//647 898//898
f 646//646 898//898 897//897
f 647//647 648//648 899//899
f 647//647 899//899 898//898
f 648//648 649//649 900//900
f 648//648 900//900 899//899
f 649//649 650//650 901//901
f 649//649 901//901 900//900
f 650//650 651//651 902//902
f 650//650 902//902 901//901
f 651//651 652//652 903//903
f 651//651 903//903 902//902
f 652//652 653//653 904//904
f 652//652 904//904 903//903
f 653//653 654//654 905//905
f 653//653 905//905 904//904
f 654//654 655//655 906//906
f 654//654 906//906 905//905
f 655//655 656//656 907//907
f 655//655 907//907 906//906
f 656//656 657//657 908//908
f 656//656 908//908 907//907
f 657//657 658//658 909//909
f 657//657 909//909 908//908
f 658//658 659//659 910//910
f 658//658 910//910 909//909
f 659//659 660//660 911//911
f 659//659 911//911 910//910
f 660//660 661//661 912//912
f 660//660 912//912 911//911
f 661//661 662//662 913//913
f 661//661 913//913 912//912
f 662//662 663//663 914//914
f 662//662 914//914 913//913
f 663//663 664//664 915//915
f 663//663 915//915 914//914
f 664//664 665//665 916//916
f 664//664 916//916 915//915
f 665//665 666//666 917//917
f 665//665 917//917 916//916
f 666//666 667//667 918//918
f 666//666 918//918 917//917
f 667//667 668//668 919//919
f 667//667 919//919 918//918
f 668//668 669//669 920//920
f 668//668 920//920 919//919
f 669//669 670//670 921//921
f 669//669 921//921 920//920
f 670//670 671//671 922//922
f 670//670 922//922 921//921
f 671//671 672//672 923//923
f 671//671 923//923 922//922
f 672//672 673//673 924//924
f 672//672 924//924 923//923
f 673//673 674//674 925//925
f 673//673 925//925 924//924
f 674//674 675//675 926//926
f 674//674 926//926 925//925
f 675//675 676//676 927//927
f 675//675 927//927 926//926
f 676//676 677//677 928//928
f 676//676 928//928 927//927
f 677//677 678//678 929//929
f 677//677 929//929 928//928
f 678//678 679//679 930//930
f 678//678 930//930 929//929
f 679//679 680//680 931//931
f 679//679 931//931 930//930
f 680//680 681//681 932//932
f 680//680 932//932 931//931
f 681//681 682//682 933//933
f 681//681 933//933 932//932
f 682//682 683//683 934//934
f 682//682 934//934 933//933
f 683//683 684//684 935//935
f 683//683 935//935 934//934
f 684//684 685//685 936//936
f 684//684 936//936 935//935
f 685//685 686//686 937//937
f 685//685 937//937 936//936
f 686//686 687//687 938//938
f 686//686 938//938 937//937
f 687//687 688//688 939//939
f 687//687 939//939 938//938
f 688//688 689//689 940//940
f 688//688 940//940 939//939
f 689//689 690//690 941//941
f 689//689 941//941 940//940
f 690//690 691//691 942//942
f 690//690 942//942 941//941
f 691//691 692//692 943//943
f 691//691 943//943 942//942
f 692//692 693//693 944//944
f 692//692 944//944 943//943
f 693//693 694//694 945//945
f 693//693 945//945 944//944
f 694//694 695//695 946//946
f 694//694 946//946 945//945
f 695//695 696//696 947//947
f 695//695 947//947 946//946
f 696//696 697//697 948//948
f 696//696 948//948 947//947
f 697//697 698//698 949//949
f 697//697 949//949 948//948
f 698//698 699//699 950//950
f 698//698 950//950 949//949
f 699//699 700//700 951//951
f 699//699 951//951 950//950
f 700//700 701//701 952//952
f 700//700 952//952 951//951
f 701//701 702//702 953//953
f 701//701 953//953 952//952
f 702//702 703//703 954//954
f 702//702 954//954 953//953
f 703//703 704//704 955//955
f 703//703 955//955 954//954
f 704//704 705//705 956//956
f 704//704 956//956 955//955
f 705//705 706//706 957//957
f 705//705 957//957 956//956
f 706//706 707//707 958//958
f 706//706 958//958 957//957
f 707//707 708//708 959//959
f 707//707 959//959 958//958
f 708//708 709//709 960//960
f 708//708 960//960 959//959
f 709//709 710//710 961//961
f 709//709 961//961 960//960
f 710//710 711//711 962//962
f 710//710 962//962 961//961
f 711//711 712//712 963//963
f 711//711 963//963 962//962
f 712//712 713//713 964//964
f 712//712 964//964 963//963
f 713//713 714//714 965//965
f 713//713 965//965 964//964
f 714//714 715//715 966//966
f 714//714 966//966 965//965
f 715//715 716//716 967//967
f 715//715 967//967 966//966
f 716//716 717//717 968//968
f 716//716 968//968 967//967
f 717//717 718//718 969//969
f 717//717 969//969 968//968
f 718//718 719//719 970//970
f 718//718 970//970 969//969
f 719//719 720//720 971//971
f 719//719 971//971 970//970
f 720//720 721//721 972//972
f 720//720 972//972 971//971
f 721//721 722//722 973//973
f 721//721 973//973 972//972
f 722//722 723//723 974//974
f 722//722 974//974 973//973
f 723//723 724//724 975//975
f 723//723 975//975 974//974
f 724//724 725//725 976//976
f 724//724 976//976 975//975
f 725//725 726//726 977//977
f 725//725 977//977 976//976
f 726//726 727//727 978//978
f 726//726 978//978 977//977
f 727//727 728//728 979//979
f 727//727 979//979 978//978
f 728//728 729//729 980//980
f 728//728 980//980 979//979
f 729//729 730//730 981//981
f 729//729 981//981 980//980
f 730//730 731//731 982//982
f 730//730 982//982 981//981
f 731//731 732//732 983//983
f 731//731 983//983 982//982
f 732//732 733//733 984//984
f 732//732 984//984 983//983
f 733//733 734//734 985//985
f 733//733 985//985 984//984
f 734//734 735//735 986//986
f 734//734 986//986 985//985
f 735//735 736//736 987//987
f 735//735 987//987 986//986
f 736//736 737//737 988//988
f 736//736 988//988 987//987
f 737//737 738//738 989//989
f 737//737 989//989 988//988
f 738//738 739//739 990//990
f 738//738 990//990 989//989
f 739//739 740//740 991//991
f 739//739 991//991 990//990
f 740//740 741//741 992//992
f 740//740 992//992 991//991
f 741//741 742//742 993//993
f 741//741 993//993 992//992
f 742//742 743//743 994//994
f 742//742 994//994 993//993
f 743//743 744//744 995//995
f 743//743 995//995 994//994
f 744//744 745//745 996//996
f 744//744 996//996 995//995
f 745//745 746//746 997//997
f 745//745 997//997 996//996
f 746//746 747//747 998//998
f 746//746 998//998 997//997
f 747//747 748//748 999//999
f 747//747 999//999 998//998
f 748//748 749//749 1000//1000
f 748//748 1000//1000 999//999
f 749//749 750//750 1001//1001
f 749//749 1001//1001 1000//1000
f 750//750 751//751 1002//1002
f 750//750 1002//1002 1001//1001
f 751//751 752//752 1003//1003
f 751//751 1003//1003 1002//1002
f 752//752 753//753 1004//1004
f 752//752 1004//1004 1003//1003
f 753//753 503//503 754//754
f 753//753 754//754 1004//1004
f 754//754 755//755 1006//1006
f 754//754 1006//1006 1005//1005
f 755//755 756//756 1007//1007
f 755//755 1007//1007 1006//1006
f 756//756 757//757 1008//1008
f 756//756 1008//1008 1007//1007
f 757//757 758//758 1009//1009
f 757//757 1009//1009 1008//1008
f 758//758 759//759 1010//1010
f 758//758 1010//1010 1009//1009
f 759//759 760//760 1011//1011
f 759//759 1011//1011 1010//1010
f 760//760 761//761 1012//1012
f 760//760 1012//1012 1011//1011
f 761//761 762//762 1013//1013
f 761//761 1013//1013 1012//1012
f 762//762 763//763 1014//1014
f 762//762 1014//1014 1013//1013
f 763//763 764//764 1015//1015
f 763//763 1015//1015 1014//1014
f 764//764 765//765 1016//1016
f 764//764 1016//1016 1015//1015
f 765//765 766//766 1017//1017
f 765//765 1017//1017 1016//1016
f 766//766 767//767 1018//1018
f 766//766 1018//1018 1017//1017
f 767//767 768//768 1019//1019
f 767//767 1019//1019 1018//1018
f 768//768 769//769 1020//1020
f 768//768 1020//1020 1019//1019
f 769//769 770//770 1021//1021
f 769//769 1021//1021 1020//1020
f 770//770 771//771 1022//1022
f 770//770 1022//1022 1021//1021
f 771//771 772//772 1023//1023
f 771//771 1023//1023 1022//1022
f 772//772 773//773 1024//1024
f 772//772 1024//1024 1023//1023
f 773//773 774//774 1025//1025
f 773//773 1025//1025 1024//1024
f 774//774 775//775 1026//1026
f 774//774 1026//1026 1025//1025
f 775//775 776//776 1027//1027
f 775//775 1027//1027 1026//1026
f 776//776 777//777 1028//1028
f 776//776 1028//1028 1027//1027
f 777//777 778//778 1029//1029
f 777//777 1029//1029 1028//1028
f 778//778 779//779 1030//1030
f 778//778 1030//1030 1029//1029
f 779//779 780//780 1031//1031
f 779//779 1031//1031 1030//1030
f 780//780 781//781 1032//1032
f 780//780 1032//1032 1031//1031
f 781//781 782//782 1033//1033
f 781//781 1033//1033 1032//1032
f 782//782 783//783 1034//1034
f 782//782 1034//1034 1033//1033
f 783//783 784//784 1035//1035
f 783//783 1035//1035 1034//1034
f 784//784 785//785 1036//1036
f 784//784 1036//1036 1035//1035
f 785//785 786//786 1037//1037
f 785//785 1037//1037 1036//1036
f 786//786 787//787 1038//1038
f 786//786 1038//1038 1037//1037
f 787//787 788//788 1039//1039
f 787//787 1039//1039 1038//1038
f 788//788 789//789 1040//1040
f 788//788 1040//1040 1039//1039
f 789//789 790//790 1041//1041
f 789//789 1041//1041 1040//1040
f 790//790 791//791 1042//1042
f 790//790 1042//1042 1041//1041
f 791//791 792//792 1043//1043
f 791//791 1043//1043 1042//1042
f 792//792 793//793 1044//1044
f 792//792 1044//1044 1043//1043
f 793//793 794//794 1045//1045
f 793//793 1045//1045 1044//1044
f 794//794 795//795 1046//1046
f 794//794 1046//1046 1045//1045
f 795//795 796//796 1047//1047
f 795//795 1047//1047 1046//1046
f 796//796 797//797 1048//1048
f 796//796 1048//1048 1047//1047
f 797//797 798//798 1049//1049
f 797//797 1049//1049 1048//1048
f 798//798 799//799 1050//1050
f 798//798 1050//1050 1049//1049
f 799//799 800//800 1051//1051
f 799//799 1051//1051 1050//1050
f 800//800 801//801 1052//1052
f 800//800 1052//1052 1051//1051
f 801//801 802//802 1053//1053
f 801//801 1053//1053 1052//1052
f 802//802 803//803 1054//1054
f 802//802 1054//1054 1053//1053
f 803//803 804//804 1055//1055
f 803//803 1055//1055 1054//1054
f 804//804 805//805 1056//1056
f 804//804 1056//1056 1055//1055
f 805//805 806//806 1057//1057
f 805//805 1057//1057 1056//1056
f 806//806 807//807 1058//1058
f 806//806 1058//1058 1057//1057
f 807//807 808//808 1059//1059
f 807//807 1059//1059 1058//1058
f 808//808 809//809 1060//1060
f 808//808 1060//1060 1059//1059
f 809//809 810//810 1061//1061
f 809//809 1061//1061 1060//1060
f 810//810 811//811 1062//1062
f 810//810 1062//1062 1061//1061
f 811//811 812//812 1063//1063
f 811//811 1063//1063 1062//1062
f 812//812 813//813 1064//1064
f 812//812 1064//1064 1063//1063
f 813//813 814//814 1065//1065
f 813//813 1065//1065 1064//1064
f 814//814 815//815 1066//1066
f 814//814 1066//1066 1065//1065
f 815//815 816//816 1067//1067
f 815//815 1067//1067 1066//1066
f 816//816 817//817 1068//1068
f 816//816 1068//1068 1067//1067
f 817//817 818//818 1069//1069
f 817//817 1069//1069 1068//1068
f 818//818 819//819 1070//1070
f 818//818 1070//1070 1069//1069
f 819//819 820//820 1071//1071
f 819//819 1071//1071 1070//1070
f 820//820 821//821 1072//1072
f 820//820 1072//1072 1071//1071
f 821//821 822//822 1073//1073
f 821//821 1073//1073 1072//1072
f 822//822 823//823 1074//1074
f 822//822 1074//1074 1073//1073
f 823//823 824//824 1075//1075
f 823//823 1075//1075 1074//1074
f 824//824 825//825 1076//1076
f 824//824 1076//1076 1075//1075
f 825//825 826//826 1077//1077
f 825//825 1077//1077 1076//1076
f 826//826 827//827 1078//1078
f 826//826 1078//1078 1077//1077
f 827//827 828//828 1079//1079
f 827//827 1079//1079 1078//1078
f 828//828 829//829 1080//1080
f 828//828 1080//1080 1079//1079
f 829//829 830//830 1081//1081
f 829//829 1081//1081 1080//1080
f 830//830 831//831 1082//1082
f 830//830 1082//1082 1081//1081
f 831//831 832//832 1083//1083
f 831//831 1083//1083 1082//1082
f 832//832 833//833 1084//1084
f 832//832 1084//1084 1083//1083
f 833//833 834//834 1085//1085
f 833//833 1085//1085 1084//1084
f 834//834 835//835 1086//1086
f 834//834 1086//1086 1085//1085
f 835//835 836//836 1087//1087
f 835//835 1087//1087 1086//1086
f 836//836 837//837 1088//1088
f 836//836 1088//1088 1087//1087
f 837//837 838//838 1089//1089
f 837//837 1089//1089 1088//1088
f 838//838 839//839 1090//1090
f 838//838 1090//1090 1089//1089
f 839//839 840//840 1091//1091
f 839//839 1091//1091 1090//1090
f 840//840 841//841 1092//1092
f 840//840 1092//1092 1091//1091
f 841//841 842//842 1093//1093
f 841//841 1093//1093 1092//1092
f 842//842 843//843 1094//1094
f 842//842 1094//1094 1093//1093
f 843//843 844//844 1095//1095
f 843//843 1095//1095 1094//1094
f 844//844 845//845 1096//1096
f 844//844 1096//1096 1095//1095
f 845//845 846//846 1097//1097
f 845//845 1097//1097 1096//1096
f 846//846 847//847 1098//1098
f 846//846 1098//1098 1097//1097
f 847//847 848//848 1099//1099
f 847//847 1099//1099 1098//1098
f 848//848 849//849 1100//1100
f 848//848 1100//1100 1099//1099
f 849//849 850//850 1101//1101
f 849//849 1101//1101 1100//1100
f 850//850 851//851 1102//1102
f 850//850 1102//1102 1101//1101
f 851//851 852//852 1103//1103
f 851//851 1103//1103 1102//1102
f 852//852 853//853 1104//1104
f 852//852 1104//1104 1103//1103
f 853//853 854//854 1105//1105
f 853//853 1105//1105 1104//1104
f 854//854 855//855 1106//1106
f 854//854 1106//1106 1105//1105
f 855//855 856//856 1107//1107
f 855//855 1107//1107 1106//1106
f 856//856 857//857 1108//1108
f 856//856 1108//1108 1107//1107
f 857//857 858//858 1109//1109
f 857//857 1109//1109 1108//1108
f 858//858 859//859 1110//1110
f 858//858 1110//1110 1109//1109
f 859//859 860//860 1111//1111
f 859//859 1111//1111 1110//1110
f 860//860 861//861 1112//1112
f 860//860 1112//1112 1111//1111
f 861//861 862//862 1113//1113
f 861//861 1113//1113 1112//1112
f 862//862 863//863 1114//1114
f 862//862 1114//1114 1113//1113
f 863//863 864//864 1115//1115
f 863//863 1115//1115 1114//1114
f 864//864 865//865 1116//1116
f 864//864 1116//1116 1115//1115
f 865//865 866//866 1117//1117
f 865//865 1117//1117 1116//1116
f 866//866 867//867 1118//1118
f 866//866 1118//1118 1117//1117
f 867//867 868//868 1119//1119
f 867//867 1119//1119 1118//1118
f 868//868 869//869 1120//1120
f 868//868 1120//1120 1119//1119
f 869//869 870//870 1121//1121
f 869//869 1121//1121 1120//1120
f 870//870 871//871 1122//1122
f 870//870 1122//1122 1121//1121
f 871//871 872//872 1123//1123
f 871//871 1123//1123 1122//1122
f 872//872 873//873 1124//1124
f 872//872 1124//1124 1123//1123
f 873//873 874//874 1125//1125
f 873//873 1125//1125 1124//1124
f 874//874 875//875 1126//1126
f 874//874 1126//1126 1125//1125
f 875//875 876//876 1127//1127
f 875//875 1127//1127 1126//1126
f 876//876 877//877 1128//1128
f 876//876 1128//1128 1127//1127
f 877//877 878//878 1129//1129
f 877//877 1129//1129 1128//1128
f 878//878 879//879 1130//1130
f 878//878 1130//1130 1129//1129
f 879//879 880//880 1131//1131
f 879//879 1131//1131 1130//1130
f 880//880 881//881 1132//1132
f 880//880 1132//1132 1131//1131
f 881//881 882//882 1133//1133
f 881//881 1133//1133 1132//1132
f 882//882 883//883 1134//1134
f 882//882 1134//1134 1133//1133
f 883//883 884//884 1135//1135
f 883//883 1135//1135 1134//1134
f 884//884 885//885 1136//1136
f 884//884 1136//1136 1135//1135
f 885//885 886//886 1137//1137
f 885//885 1137//1137 1136//1136
f 886//886 887//887 1138//1138
f 886//886 1138//1138 1137//1137
f 887//887 888//888 1139//1139
f 887//887 1139//1139 1138//1138
f 888//888 889//889 1140//1140
f 888//888 1140//1140 1139//1139
f 889//889 890//890 1141//1141
f 889//889 1141//1141 1140//1140
f 890//890 891//891 1142//1142
f 890//890 1142//1142 1141//1141
f 891//891 892//892 1143//1143
f 891//891 1143//1143 1142//1142
f 892//892 893//893 1144//1144
f 892//892 1144//1144 1143//1143
f 893//893 894//894 1145//1145
f 893//893 1145//1145 1144//1144
f 894//894 895//895 1146//1146
f 894//894 1146//1146 1145//1145
f 895//895 896//896 1147//1147
f 895//895 1147//1147 1146//1146
f 896//896 897//897 1148//1148
f 896//896 1148//1148 1147//1147
f 897//897 898//898 1149//1149
f 897//897 1149//1149 1148//1148
f 898//898 899//899 1150//1150
f 898//898 1150//1150 1149//1149
f 899//899 900//900 1151//1151
f 899//899 1151//1151 1150//1150
f 900//900 901//901 1152//1152
f 900//900 1152//1152 1151//1151
f 901//901 902//902 1153//1153
f 901//901 1153//1153 1152//1152
f 902//902 903//903 1154//1154
f 902//902 1154//1154 1153//1153
f 903//903 904//904 1155//1155
f 903//903 1155//1155 1154//1154
f 904//904 905//905 1156//1156
f 904//904 1156//1156 1155//1155
f 905//905 906//906 1157//1157
f 905//905 1157//1157 1156//1156
f 906//906 907//907 1158//1158
f 906//906 1158//1158 1157//1157
f 907//907 908//908 1159//1159
f 907//907 1159//1159 1158//1158
f 908//908 909//909 1160//1160
f 908//908 1160//1160 1159//1159
f 909//909 910//910 1161//1161
f 909//909 1161//1161 1160//1160
f 910//910 911//911 1162//1162
f 910//910 1162//1162 1161//1161
f 911//911 912//912 1163//1163
f 911//911 1163//1163 1162//1162
f 912//912 913//913 1164//1164
f 912//912 1164//1164 1163//1163
f 913//913 914//914 1165//1165
f 913//913 1165//1165 1164//1164
f 914//914 915//915 1166//1166
f 914//914 1166//1166 1165//1165
f 915//915 916//916 1167//1167
f 915//915 1167//1167 1166//1166
f 916//916 917//917 1168//1168
f 916//916 1168//1168 1167//1167
f 917//917 918//918 1169//1169
f 917//917 1169//1169 1168//1168
f 918//918 919//919 1170//1170
f 918//918 1170//1170 1169//1169
f 919//919 920//920 1171//1171
f 919//919 1171//1171 1170//1170
f 920//920 921//921 1172//1172
f 920//920 1172//1172 1171//1171
f 921//921 922//922 1173//1173
f 921//921 1173//1173 1172//1172
f 922//922 923//923 1174//1174
f 922//922 1174//1174 1173//1173
f 923//923 924//924 1175//1175
f 923//923 1175//1175 1174//1174
f 924//924 925//925 1176//1176
f 924//924 1176//1176 1175//1175
f 925//925 926//926 1177//1177
f 925//925 1177//1177 1176//1176
f 926//926 927//927 1178//1178
f 926//926 1178//1178 1177//1177
f 927//927 928//928 1179//1179
f 927//927 1179//1179 1178//1178
f 928//928 929//929 1180//1180
f 928//928 1180//1180 1179//1179
f 929//929 930//930 1181//1181
f 929//929 1181//1181 1180//1180
f 930//930 931//931 1182//1182
f 930//930 1182//1182 1181//1181
f 931//931 932//932 1183//1183
f 931//931 1183//1183 1182//1182
f 932//932 933//933 1184//1184
f 932//932 1184//1184 1183//1183
f 933//933 934//934 1185//1185
f 933//933 1185//1185 1184//1184
f 934//934 935//935 1186//1186
f 934//934 1186//1186 1185//1185
f 935//935 936//936 1187//1187
f 935//935 1187//1187 1186//1186
f 936//936 937//937 1188//1188
f 936//936 1188//1188 1187//1187
f 937//937 938//938 1189//1189
f 937//937 1189//1189 1188//1188
f 938//938 939//939 1190//1190
f 938//938 1190//1190 1189//1189
f 939//939 940//940 1191//1191
f 939//939 1191//1191 1190//1190
f 940//940 941//941 1192//1192
f 940//940 1192//1192 1191//1191
f 941//941 942//942 1193//1193
f 941//941 1193//1193 1192//1192
f 942//942 943//943 1194//1194
f 942//942 1194//1194 1193//1193
f 943//943 944//944 1195//1195
f 943//943 1195//1195 1194//1194
f 944//944 945//945 1196//1196
f 944//944 1196//1196 1195//1195
f 945//945 946//946 1197//1197
f 945//945 1197//1197 1196//1196
f 946//946 947//947 1198//1198
f 946//946 1198//1198 1197//1197
f 947//947 948//948 1199//1199
f 947//947 1199//1199 1198//1198
f 948//948 949//949 1200//1200
f 948//948 1200//1200 1199//1199
f 949//949 950//950 1201//1201
f 949//949 1201//1201 1200//1200
f 950//950 951//951 1202//1202
f 950//950 1202//1202 1201//1201
f 951//951 952//952 1203//1203
f 951//951 1203//1203 1202//1202
f 952//952 953//953 1204//1204
f 952//952 1204//1204 1203//1203
f 953//953 954//954 1205//1205
f 953//953 1205//1205 1204//1204
f 954//954 955//955 1206//1206
f 954//954 1206//1206 1205//1205
f 955//955 956//956 1207//1207
f 955//955 1207//1207 1206//1206
f 956//956 957//957 1208//1208
f 956//956 1208//1208 1207//1207
f 957//957 958//958 1209//1209
f 957//957 1209//1209 1208//1208
f 958//958 959//959 1210//1210
f 958//958 1210//1210 1209//1209
f 959//959 960//960 1211//1211
f 959//959 1211//1211 1210//1210
f 960//960 961//961 1212//1212
f 960//960 1212//1212 1211//1211
f 961//961 962//962 1213//1213
f 961//961 1213//1213 1212//1212
f 962//962 963//963 1214//1214
f 962//962 1214//1214 1213//1213
f 963//963 964//964 1215//1215
f 963//963 1215//1215 1214//1214
f 964//964 965//965 1216//1216
f 964//964 1216//1216 1215//1215
f 965//965 966//966 1217//1217
f 965//965 1217//1217 1216//1216
f 966//966 967//967 1218//1218
f 966//966 1218//1218 1217//1217
f 967//967 968//968 1219//1219
f 967//967 1219//1219 1218//1218
f 968//968 969//969 1220//1220
f 968//968 1220//1220 1219//1219
f 969//969 970//970 1221//1221
f 969//969 1221//1221 1220//1220
f 970//970 971//971 1222//1222
f 970//970 1222//1222 1221//1221
f 971//971 972//972 1223//1223
f 971//971 1223//1223 1222//1222
f 972//972 973//973 1224//1224
f 972//972 1224//1224 1223//1223
f 973//973 974//974 1225//1225
f 973//973 1225//1225 1224//1224
f 974//974 975//975 1226//1226
f 974//974 1226//1226 1225//1225
f 975//975 976//976 1227//1227
f 975//975 1227//1227 1226//1226
f 976//976 977//977 1228//1228
f 976//976 1228//1228 1227//1227
f 977//977 978//978 1229//1229
f 977//977 1229//1229 1228//1228
f 978//978 979//979 1230//1230
f 978//978 1230//1230 1229//1229
f 979//979 980//980 1231//1231
f 979//979 1231//1231 1230//1230
f 980//980 981//981 1232//1232
f 980//980 1232//1232 1231//1231
f 981//981 982//982 1233//1233
f 981//981 1233//1233 1232//1232
f 982//982 983//983 1234//1234
f 982//982 1234//1234 1233//1233
f 983//983 984//984 1235//1235
f 983//983 1235//1235 1234//1234
f 984//984 985//985 1236//1236
f 984//984 1236//1236 1235//1235
f 985//985 986//986 1237//1237
f 985//985 1237//1237 1236//1236
f 986//986 987//987 1238//1238
f 986//986 1238//1238 1237//1237
f 987//987 988//988 1239//1239
f 987//987 1239//1239 1238//1238
f 988//988 989//989 1240//1240
f 988//988 1240//1240 1239//1239
f 989//989 990//990 1241//1241
f 989//989 1241//1241 1240//1240
f 990//990 991//991 1242//1242
f 990//990 1242//1242 1241//1241
f 991//991 992//992 1243//1243
f 991//991 1243//1243 1242//1242
f 992//992 993//993 1244//1244
f 992//992 1244//1244 1243//1243
f 993//993 994//994 1245//1245
f 993//993 1245//1245 1244//1244
f 994//994 995//995 1246//1246
f 994//994 1246//1246 1245//1245
f 995//995 996//996 1247//1247
f 995//995 1247//1247 1246//1246
f 996//996 997//997 1248//1248
f 996//996 1248//1248 1247//1247
f 997//997 998//998 1249//1249
f 997//997 1249//1249 1248//1248
f 998//998 999//999 1250//1250
f 998//998 1250//1250 1249//1249
f 999//999 1000//1000 1251//1251
f 999//999 1251//1251 1250//1250
f 1000//1000 1001//1001 1252//1252
f 1000//1000 1252//1252 1251//1251
f 1001//1001 1002//1002 1253//1253
f 1001//1001 1253//1253 1252//1252
f 1002//1002 1003//1003 1254//1254
f 1002//1002 1254//1254 1253//1253
f 1003//1003 1004//1004 1255//1255
f 1003//1003 1255//1255 1254//1254
f 1004//1004 754//754 1005//1005
f 1004//1004 1005//1005 1255//1255
f 1005//1005 1006//1006 1257//1257
f 1005//1005 1257//1257 1256//1256
f 1006//1006 1007//1007 1258//1258
f 1006//1006 1258//1258 1257//1257
f 1007//1007 1008//1008 1259//1259
f 1007//1007 1259//1259 1258//1258
f 1008//1008 1009//1009 1260//1260
f 1008//1008 1260//1260 1259//1259
f 1009//1009 1010//1010 1261//1261
f 1009//1009 1261//1261 1260//1260
f 1010//1010 1011//1011 1262//1262
f 1010//1010 1262//1262 1261//1261
f 1011//1011 1012//1012 1263//1263
f 1011//1011 1263//1263 1262//1262
f 1012//1012 1013//1013 1264//1264
f 1012//1012 1264//1264 1263//1263
f 1013//1013 1014//1014 1265//1265
f 1013//1013 1265//1265 1264//1264
f 1014//1014 1015//1015 1266//1266
f 1014//1014 1266//1266 1265//1265
f 1015//1015 1016//1016 1267//1267
f 1015//1015 1267//1267 1266//1266
f 1016//1016 1017//1017 1268//1268
f 1016//1016 1268//1268 1267//1267
f 1017//1017 1018//1018 1269//1269
f 1017//1017 1269//1269 1268//1268
f 1018//1018 1019//1019 1270//1270
f 1018//1018 1270//1270 1269//1269
f 1019//1019 1020//1020 1271//1271
f 1019//1019 1271//1271 1270//1270
f 1020//1020 1021//1021 1272//1272
f 1020//1020 1272//1272 1271//1271
f 1021//1021 1022//1022 1273//1273
f 1021//1021 1273//1273 1272//1272
f 1022//1022 1023//1023 1274//1274
f 1022//1022 1274//1274 1273//1273
f 1023//1023 1024//1024 1275//1275
f 1023//1023 1275//1275 1274//1274
f 1024//1024 1025//1025 1276//1276
f 1024//1024 1276//1276 1275//1275
f 1025//1025 1026//1026 1277//1277
f 1025//1025 1277//1277 1276//1276
f 1026//1026 1027//1027 1278//1278
f 1026//1026 1278//1278 1277//1277
f 1027//1027 1028//1028 1279//1279
f 1027//1027 1279//1279 1278//1278
f 1028//1028 1029//1029 1280//1280
f 1028//1028 1280//1280 1279//1279
f 1029//1029 1030//1030 1281//1281
f 1029//1029 1281//1281 1280//1280
f 1030//1030 1031//1031 1282//1282
f 1030//1030 1282//1282 1281//1281
f 1031//1031 1032//1032 1283//1283
f 1031//1031 1283//1283 1282//1282
f 1032//1032 1033//1033 1284//1284
f 1032//1032 1284//1284 1283//1283
f 1033//1033 1034//1034 1285//1285
f 1033//1033 1285//1285 1284//1284
f 1034//1034 1035//1035 1286//1286
f 1034//1034 1286//1286 1285//1285
f 1035//1035 1036//1036 1287//1287
f 1035//1035 1287//1287 1286//1286
f 1036//1036 1037//1037 1288//1288
f 1036//1036 1288//1288 1287//1287
f 1037//1037 1038//1038 1289//1289
f 1037//1037 1289//1289 1288//1288
f 1038//1038 1039//1039 1290//1290
f 1038//1038 1290//1290 1289//1289
f 1039//1039 1040//1040 1291//1291
f 1039//1039 1291//1291 1290//1290
f 1040//1040 1041//1041 1292//1292
f 1040//1040 1292//1292 1291//1291
f 1041//1041 1042//1042 1293//1293
f 1041//1041 1293//1293 1292//1292
f 1042//1042 1043//1043 1294//1294
f 1042//1042 1294//1294 1293//1293
f 1043//1043 1044//1044 1295//1295
f 1043//1043 1295//1295 1294//1294
f 1044//1044 1045//1045 1296//1296
f 1044//1044 1296//1296 1295//1295
f 1045//1045 1046//1046 1297//1297
f 1045//1045 1297//1297 1296//1296
f 1046//1046 1047//1047 1298//1298
f 1046//1046 1298//1298 1297//1297
f 1047//1047 1048//1048 1299//1299
f 1047//1047 1299//1299 1298//1298
f 1048//1048 1049//1049 1300//1300
f 1048//1048 1300//1300 1299//1299
f 1049//1049 1050//1050 1301//1301
f 1049//1049 1301//1301 1300//1300
f 1050//1050 1051//1051 1302//1302
f 1050//1050 1302//1302 1301//1301
f 1051//1051 1052//1052 1303//1303
f 1051//1051 1303//1303 1302//1302
f 1052//1052 1053//1053 1304//1304
f 1052//1052 1304//1304 1303//1303
f 1053//1053 1054//1054 1305//1305
f 1053//1053 1305//1305 1304//1304
f 1054//1054 1055//1055 1306//1306
f 1054//1054 1306//1306 1305//1305
f 1055//1055 1056//1056 1307//1307
f 1055//1055 1307//1307 1306//1306
f 1056//1056 1057//1057 1308//1308
f 1056//1056 1308//1308 1307//1307
f 1057//1057 1058//1058 1309//1309
f 1057//1057 1309//1309 1308//1308
f 1058//1058 1059//1059 1310//1310
f 1058//1058 1310//1310 1309//1309
f 1059//1059 1060//1060 1311//1311
f 1059//1059 1311//1311 1310//1310
f 1060//1060 1061//1061 1312//1312
f 1060//1060 1312//1312 1311//1311
f 1061//1061 1062//1062 1313//1313
f 1061//1061 1313//1313 1312//1312
f 1062//1062 1063//1063 1314//1314
f 1062//1062 1314//1314 1313//1313
f 1063//1063 1064//1064 1315//1315
f 1063//1063 1315//1315 1314//1314
f 1064//1064 1065//1065 1316//1316
f 1064//1064 1316//1316 1315//1315
f 1065//1065 1066//1066 1317//1317
f 1065//1065 1317//1317 1316//1316
f 1066//1066 1067//1067 1318//1318
f 1066//1066 1318//1318 1317//1317
f 1067//1067 1068//1068 1319//1319
f 1067//1067 1319//1319 1318//1318
f 1068//1068 1069//1069 1320//1320
f 1068//1068 1320//1320 1319//1319
f 1069//1069 1070//1070 1321//1321
f 1069//1069 1321//1321 1320//1320
f 1070//1070 1071//1071 1322//1322
f 1070//1070 1322//1322 1321//1321
f 1071//1071 1072//1072 1323//1323
f 1071//1071 1323//1323 1322//1322
f 1072//1072 1073//1073 1324//1324
f 1072//1072 1324//1324 1323//1323
f 1073//1073 1074//1074 1325//1325
f 1073//1073 1325//1325 1324//1324
f 1074//1074 1075//1075 1326//1326
f 1074//1074 1326//1326 1325//1325
f 1075//1075 1076//1076 1327//1327
f 1075//1075 1327//1327 1326//1326
f 1076//1076 1077//1077 1328//1328
f 1076//1076 1328//1328 1327//1327
f 1077//1077 1078//1078 1329//1329
f 1077//1077 1329//1329 1328//1328
f 1078//1078 1079//1079 1330//1330
f 1078//1078 1330//1330 1329//1329
f 1079//1079 1080//1080 1331//1331
f 1079//1079 1331//1331 1330//1330
f 1080//1080 1081//1081 1332//1332
f 1080//1080 1332//1332 1331//1331
f 1081//1081 1082//1082 1333//1333
f 1081//1081 1333//1333 1332//1332
f 1082//1082 1083//1083 1334//1334
f 1082//1082 1334//1334 1333//1333
f 1083//1083 1084//1084 1335//1335
f 1083//1083 1335//1335 1334//1334
f 1084//1084 1085//1085 1336//1336
f 1084//1084 1336//1336 1335//1335
f 1085//1085 1086//1086 1337//1337
f 1085//1085 1337//1337 1336//1336
f 1086//1086 1087//1087 1338//1338
f 1086//1086 1338//1338 1337//1337
f 1087//1087 1088//1088 1339//1339
f 1087//1087 1339//1339 1338//1338
f 1088//1088 1089//1089 1340//1340
f 1088//1088 1340//1340 1339//1339
f 1089//1089 1090//1090 1341//1341
f 1089//1089 1341//1341 1340//1340
f 1090//1090 1091//1091 1342//1342
f 1090//1090 1342//1342 1341//1341
f 1091//1091 1092//1092 1343//1343
f 1091//1091 1343//1343 1342//1342
f 1092//1092 1093//1093 1344//1344
f 1092//1092 1344//1344 1343//1343
f 1093//1093 1094//1094 1345//1345
f 1093//1093 1345//1345 1344//1344
f 1094//1094 1095//1095 1346//1346
f 1094//1094 1346//1346 1345//1345
f 1095//1095 1096//1096 1347//1347
f 1095//1095 1347//1347 1346//1346
f 1096//1096 1097//1097 1348//1348
f 1096//1096 1348//1348 1347//1347
f 1097//1097 1098//1098 1349//1349
f 1097//1097 1349//1349 1348//1348
f 1098//1098 1099//1099 1350//1350
f 1098//1098 1350//1350 1349//1349
f 1099//1099 1100//1100 1351//1351
f 1099//1099 1351//1351 1350//1350
f 1100//1100 1101//1101 1352//1352
f 1100//1100 1352//1352 1351//1351
f 1101//1101 1102//1102 1353//1353
f 1101//1101 1353//1353 1352//1352
f 1102//1102 1103//1103 1354//1354
f 1102//1102 1354//1354 1353//1353
f 1103//1103 1104//1104 1355//1355
f 1103//1103 1355//1355 1354//1354
f 1104//1104 1105//1105 1356//1356
f 1104//1104 1356//1356 1355//1355
f 1105//1105 1106//1106 1357//1357
f 1105//1105 1357//1357 1356//1356
f 1106//1106 1107//1107 1358//1358
f 1106//1106 1358//1358 1357//1357
f 1107//1107 1108//1108 1359//1359
f 1107//1107 1359//1359 1358//1358
f 1108//1108 1109//1109 1360//1360
f 1108//1108 1360//1360 1359//1359
f 1109//1109 1110//1110 1361//1361
f 1109//1109 1361//1361 1360//1360
f 1110//1110 1111//1111 1362//1362
f 1110//1110 1362//1362 1361//1361
f 1111//1111 1112//1112 1363//1363
f 1111//1111 1363//1363 1362//1362
f 1112//1112 1113//1113 1364//1364
f 1112//1112 1364//1364 1363//1363
f 1113//1113 1114//1114 1365//1365
f 1113//1113 1365//1365 1364//1364
f 1114//1114 1115//1115 1366//1366
f 1114//1114 1366//1366 1365//1365
f 1115//1115 1116//1116 1367//1367
f 1115//1115 1367//1367 1366//1366
f 1116//1116 1117//1117 1368//1368
f 1116//1116 1368//1368 1367//1367
f 1117//1117 1118//1118 1369//1369
f 1117//1117 1369//1369 1368//1368
f 1118//1118 1119//1119 1370//1370
f 1118//1118 1370//1370 1369//1369
f 1119//1119 1120//1120 1371//1371
f 1119//1119 1371//1371 1370//1370
f 1120//1120 1121//1121 1372//1372
f 1120//1120 1372//1372 1371//1371
f 1121//1121 1122//1122 1373//1373
f 1121//1121 1373//1373 1372//1372
f 1122//1122 1123//1123 1374//1374
f 1122//1122 1374//1374 1373//1373
f 1123//1123 1124//1124 1375//1375
f 1123//1123 1375//1375 1374//1374
f 1124//1124 1125//1125 1376//1376
f 1124//1124 1376//1376 1375//1375
f 1125//1125 1126//1126 1377//1377
f 1125//1125 1377//1377 1376//1376
f 1126//1126 1127//1127 1378//1378
f 1126//1126 1378//1378 1377//1377
f 1127//1127 1128//1128 1379//1379
f 1127//1127 1379//1379 1378//1378
f 1128//1128 1129//1129 1380//1380
f 1128//1128 1380//1380 1379//1379
f 1129//1129 1130//1130 1381//1381
f 1129//1129 1381//1381 1380//1380
f 1130//1130 1131//1131 1382//1382
f 1130//1130 1382//1382 1381//1381
f 1131//1131 1132//1132 1383//1383
f 1131//1131 1383//1383 1382//1382
f 1132//1132 1133//1133 1384//1384
f 1132//1132 1384//1384 1383//1383
f 1133//1133 1134//1134 1385//1385
f 1133//1133 1385//1385 1384//1384
f 1134//1134 1135//1135 1386//1386
f 1134//1134 1386//1386 1385//1385
f 1135//1135 1136//1136 1387//1387
f 1135//1135 1387//1387 1386//1386
f 1136//1136 1137//1137 1388//1388
f 1136//1136 1388//1388 1387//1387
f 1137//1137 1138//1138 1389//1389
f 1137//1137 1389//1389 1388//1388
f 1138//1138 1139//1139 1390//1390
f 1138//1138 1390//1390 1389//1389
f 1139//1139 1140//1140 1391//1391
f 1139//1139 1391//1391 1390//1390
f 1140//1140 1141//1141 1392//1392
f 1140//1140 1392//1392 1391//1391
f 1141//1141 1142//1142 1393//1393
f 1141//1141 1393//1393 1392//1392
f 1142//1142 1143//1143 1394//1394
f 1142//1142 1394//1394 1393//1393
f 1143//1143 1144//1144 1395//1395
f 1143//1143 1395//1395 1394//1394
f 1144//1144 1145//1145 1396//1396
f 1144//1144 1396//1396 1395//1395
f 1145//1145 1146//1146 1397//1397
f 1145//1145 1397//1397 1396//1396
f 1146//1146 1147//1147 1398//1398
f 1146//1146 1398//1398 1397//1397
f 1147//1147 1148//1148 1399//1399
f 1147//1147 1399//1399 1398//1398
f 1148//1148 1149//1149 1400//1400
f 1148//1148 1400//1400 1399//1399
f 1149//1149 1150//1150 1401//1401
f 1149//1149 1401//1401 1400//1400
f 1150//1150 1151//1151 1402//1402
f 1150//1150 1402//1402 1401//1401
f 1151//1151 1152//1152 1403//1403
f 1151//1151 1403//1403 1402//1402
f 1152//1152 1153//1153 1404//1404
f 1152//1152 1404//1404 1403//1403
f 1153//1153 1154//1154 1405//1405
f 1153//1153 1405//1405 1404//1404
f 1154//1154 1155//1155 1406//1406
f 1154//1154 1406//1406 1405//1405
f 1155//1155 1156//1156 1407//1407
f 1155//1155 1407//1407 1406//1406
f 1156//1156 1157//1157 1408//1408
f 1156//1156 1408//1408 1407//1407
f 1157//1157 1158//1158 1409//1409
f 1157//1157 1409//1409 1408//1408
f 1158//1158 1159//1159 1410//1410
f 1158//1158 1410//1410 1409//1409
f 1159//1159 1160//1160 1411//1411
f 1159//1159 1411//1411 1410//1410
f 1160//1160 1161//1161 1412//1412
f 1160//1160 1412//1412 1411//1411
f 1161//1161 1162//1162 1413//1413
f 1161//1161 1413//1413 1412//1412
f 1162//1162 1163//1163 1414//1414
f 1162//1162 1414//1414 1413//1413
f 1163//1163 1164//1164 1415//1415
f 1163//1163 1415//1415 1414//1414
f 1164//1164 1165//1165 1416//1416
f 1164//1164 1416//1416 1415//1415
f 1165//1165 1166//1166 1417//1417
f 1165//1165 1417//1417 1416//1416
f 1166//1166 1167//1167 1418//1418
f 1166//1166 1418//1418 1417//1417
f 1167//1167 1168//1168 1419//1419
f 1167//1167 1419//1419 1418//1418
f 1168//1168 1169//1169 1420//1420
f 1168//1168 1420//1420 1419//1419
f 1169//1169 1170//1170 1421//1421
f 1169//1169 1421//1421 1420//1420
f 1170//1170 1171//1171 1422//1422
f 1170//1170 1422//1422 1421//1421
f 1171//1171 1172//1172 1423//1423
f 1171//1171 1423//1423 1422//1422
f 1172//1172 1173//1173 1424//1424
f 1172//1172 1424//1424 1423//1423
f 1173//1173 1174//1174 1425//1425
f 1173//1173 1425//1425 1424//1424
f 1174//1174 1175//1175 1426//1426
f 1174//1174 1426//1426 1425//1425
f 1175//1175 1176//1176 1427//1427
f 1175//1175 1427//1427 1426//1426
f 1176//1176 1177//1177 1428//1428
f 1176//1176 1428//1428 1427//1427
f 1177//1177 1178//1178 1429//1429
f 1177//1177 1429//1429 1428//1428
f 1178//1178 1179//1179 1430//1430
f 1178//1178 1430//1430 1429//1429
f 1179//1179 1180//1180 1431//1431
f 1179//1179 1431//1431 1430//1430
f 1180//1180 1181//1181 1432//1432
f 1180//1180 1432//1432 1431//1431
f 1181//1181 1182//1182 1433//1433
f 1181//1181 1433//1433 1432//1432
f 1182//1182 1183//1183 1434//1434
f 1182//1182 1434//1434 1433//1433
f 1183//1183 1184//1184 1435//1435
f 1183//1183 1435//1435 1434//1434
f 1184//1184 1185//1185 1436//1436
f 1184//1184 1436//1436 1435//1435
f 1185//1185 1186//1186 1437//1437
f 1185//1185 1437//1437 1436//1436
f 1186//1186 1187//1187 1438//1438
f 1186//1186 1438//1438 1437//1437
f 1187//1187 1188//1188 1439//1439
f 1187//1187 1439//1439 1438//1438
f 1188//1188 1189//1189 1440//1440
f 1188//1188 1440//1440 1439//1439
f 1189//1189 1190//1190 1441//1441
f 1189//1189 1441//1441 1440//1440
f 1190//1190 1191//1191 1442//1442
f 1190//1190 1442//1442 1441//1441
f 1191//1191 1192//1192 1443//1443
f 1191//1191 1443//1443 1442//1442
f 1192//1192 1193//1193 1444//1444
f 1192//1192 1444//1444 1443//1443
f 1193//1193 1194//1194 1445//1445
f 1193//1193 1445//1445 1444//1444
f 1194//1194 1195//1195 1446//1446
f 1194//1194 1446//1446 1445//1445
f 1195//1195 1196//1196 1447//1447
f 1195//1195 1447//1447 1446//1446
f 1196//1196 1197//1197 1448//1448
f 1196//1196 1448//1448 1447//1447
f 1197//1197 1198//1198 1449//1449
f 1197//1197 1449//1449 1448//1448
f 1198//1198 1199//1199 1450//1450
f 1198//1198 1450//1450 1449//1449
f 1199//1199 1200//1200 1451//1451
f 1199//1199 1451//1451 1450//1450
f 1200//1200 1201//1201 1452//1452
f 1200//1200 1452//1452 1451//1451
f 1201//1201 1202//1202 1453//1453
f 1201//1201 1453//1453 1452//1452
f 1202//1202 1203//1203 1454//1454
f 1202//1202 1454//1454 1453//1453
f 1203//1203 1204//1204 1455//1455
f 1203//1203 1455//1455 1454//1454
f 1204//1204 1205//1205 1456//1456
f 1204//1204 1456//1456 1455//1455
f 1205//1205 1206//1206 1457//1457
f 1205//1205 1457//1457 1456//1456
f 1206//1206 1207//1207 1458//1458
f 1206//1206 1458//1458 1457//1457
f 1207//1207 1208//1208 1459//1459
f 1207//1207 1459//1459 1458//1458
f 1208//1208 1209//1209 1460//1460
f 1208//1208 1460//1460 1459//1459
f 1209//1209 1210//1210 1461//1461
f 1209//1209 1461//1461 1460//1460
f 1210//1210 1211//1211 1462//1462
f 1210//1210 1462//1462 1461//1461
f 1211//1211 1212//1212 1463//1463
f 1211//1211 1463//1463 1462//1462
f 1212//1212 1213//1213 1464//1464
f 1212//1212 1464//1464 1463//1463
f 1213//1213 1214//1214 1465//1465
f 1213//1213 1465//1465 1464//1464
f 1214//1214 1215//1215 1466//1466
f 1214//1214 1466//1466 1465//1465
f 1215//1215 1216//1216 1467//1467
f 1215//1215 1467//1467 1466//1466
f 1216//1216 1217//1217 1468//1468
f 1216//1216 1468//1468 1467//1467
f 1217//1217 1218//1218 1469//1469
f 1217//1217 1469//1469 1468//1468
f 1218//1218 1219//1219 1470//1470
f 1218//1218 1470//1470 1469//1469
f 1219//1219 1220//1220 1471//1471
f 1219//1219 1471//1471 1470//1470
f 1220//1220 1221//1221 1472//1472
f 1220//1220 1472//1472 1471//1471
f 1221//1221 1222//1222 1473//1473
f 1221//1221 1473//1473 1472//1472
f 1222//1222 1223//1223 1474//1474
f 1222//1222 1474//1474 1473//1473
f 1223//1223 1224//1224 1475//1475
f 1223//1223 1475//1475 1474//1474
f 1224//1224 1225//1225 1476//1476
f 1224//1224 1476//1476 1475//1475
f 1225//1225 1226//1226 1477//1477
f 1225//1225 1477//1477 1476//1476
f 1226//1226 1227//1227 1478//1478
f 1226//1226 1478//1478 1477//1477
f 1227//1227 1228//1228 1479//1479
f 1227//1227 1479//1479 1478//1478
f 1228//1228 1229//1229 1480//1480
f 1228//1228 1480//1480 1479//1479
f 1229//1229 1230//1230 1481//1481
f 1229//1229 1481//1481 1480//1480
f 1230//1230 1231//1231 1482//1482
f 1230//1230 1482//1482 1481//1481
f 1231//1231 1232//1232 1483//1483
f 1231//1231 1483//1483 1482//1482
f 1232//1232 1233//1233 1484//1484
f 1232//1232 1484//1484 1483//1483
f 1233//1233 1234//1234 1485//1485
f 1233//1233 1485//1485 1484//1484
f 1234//1234 1235//1235 1486//1486
f 1234//1234 1486//1486 1485//1485
f 1235//1235 1236//1236 1487//1487
f 1235//1235 1487//1487 1486//1486
f 1236//1236 1237//1237 1488//1488
f 1236//1236 1488//1488 1487//1487
f 1237//1237 1238//1238 1489//1489
f 1237//1237 1489//1489 1488//1488
f 1238//1238 1239//1239 1490//1490
f 1238//1238 1490//1490 1489//1489
f 1239//1239 1240//1240 1491//1491
f 1239//1239 1491//1491 1490//1490
f 1240//1240 1241//1241 1492//1492
f 1240//1240 1492//1492 1491//1491
f 1241//1241 1242//1242 1493//1493
f 1241//1241 1493//1493 1492//1492
f 1242//1242 1243//1243 1494//1494
f 1242//1242 1494//1494 1493//1493
f 1243//1243 1244//1244 1495//1495
f 1243//1243 1495//1495 1494//1494
f 1244//1244 1245//1245 1496//1496
f 1244//1244 1496//1496 1495//1495
f 1245//1245 1246//1246 1497//1497
f 1245//1245 1497//1497 1496//1496
f 1246//1246 1247//1247 1498//1498
f 1246//1246 1498//1498 1497//1497
f 1247//1247 1248//1248 1499//1499
f 1247//1247 1499//1499 1498//1498
f 1248//1248 1249//1249 1500//1500
f 1248//1248 1500//1500 1499//1499
f 1249//1249 1250//1250 1501//1501
f 1249//1249 1501//1501 1500//1500
f 1250//1250 1251//1251 1502//1502
f 1250//1250 1502//1502 1501//1501
f 1251//1251 1252//1252 1503//1503
f 1251//1251 1503//1503 1502//1502
f 1252//1252 1253//1253 1504//1504
f 1252//1252 1504//1504 1503//1503
f 1253//1253 1254//1254 1505//1505
f 1253//1253 1505//1505 1504//1504
f 1254//1254 1255//1255 1506//1506
f 1254//1254 1506//1506 1505//1505
f 1255//1255 1005//1005 1256//1256
f 1255//1255 1256//1256 1506//1506
f 1256//1256 1257//1257 1508//1508
f 1256//1256 1508//1508 1507//1507
f 1257//1257 1258//1258 1509//1509
f 1257//1257 1509//1509 1508//1508
f 1258//1258 1259//1259 1510//1510
f 1258//1258 1510//1510 1509//1509
f 1259//1259 1260//1260 1511//1511
f 1259//1259 1511//1511 1510//1510
f 1260//1260 1261//1261 1512//1512
f 1260//1260 1512//1512 1511//1511
f 1261//1261 1262//1262 1513//1513
f 1261//1261 1513//1513 1512//1512
f 1262//1262 1263//1263 1514//1514
f 1262//1262 1514//1514 1513//1513
f 1263//1263 1264//1264 1515//1515
f 1263//1263 1515//1515 1514//1514
f 1264//1264 1265//1265 1516//1516
f 1264//1264 1516//1516 1515//1515
f 1265//1265 1266//1266 1517//1517
f 1265//1265 1517//1517 1516//1516
f 1266//1266 1267//1267 1518//1518
f 1266//1266 1518//1518 1517//1517
f 1267//1267 1268//1268 1519//1519
f 1267//1267 1519//1519 1518//1518
f 1268//1268 1269//1269 1520//1520
f 1268//1268 1520//1520 1519//1519
f 1269//1269 1270//1270 1521//1521
f 1269//1269 1521//1521 1520//1520
f 1270//1270 1271//1271 1522//1522
f 1270//1270 1522//1522 1521//1521
f 1271//1271 1272//1272 1523//1523
f 1271//1271 1523//1523 1522//1522
f 1272//1272 1273//1273 1524//1524
f 1272//1272 1524//1524 1523//1523
f 1273//1273 1274//1274 1525//1525
f 1273//1273 1525//1525 1524//1524
f 1274//1274 1275//1275 1526//1526
f 1274//1274 1526//1526 1525//1525
f 1275//1275 1276//1276 1527//1527
f 1275//1275 1527//1527 1526//1526
f 1276//1276 1277//1277 1528//1528
f 1276//1276 1528//1528 1527//1527
f 1277//1277 1278//1278 1529//1529
f 1277//1277 1529//1529 1528//1528
f 1278//1278 1279//1279 1530//1530
f 1278//1278 1530//1530 1529//1529
f 1279//1279 1280//1280 1531//1531
f 1279//1279 1531//1531 1530//1530
f 1280//1280 1281//1281 1532//1532
f 1280//1280 1532//1532 1531//1531
f 1281//1281 1282//1282 1533//1533
f 1281//1281 1533//1533 1532//1532
f 1282//1282 1283//1283 1534//1534
f 1282//1282 1534//1534 1533//1533
f 1283//1283 1284//1284 1535//1535
f 1283//1283 1535//1535 1534//1534
f 1284//1284 1285//1285 1536//1536
f 1284//1284 1536//1536 1535//1535
f 1285//1285 1286//1286 1537//1537
f 1285//1285 1537//1537 1536//1536
f 1286//1286 1287//1287 1538//1538
f 1286//1286 1538//1538 1537//1537
f 1287//1287 1288//1288 1539//1539
f 1287//1287 1539//1539 1538//1538
f 1288//1288 1289//1289 1540//1540
f 1288//1288 1540//1540 1539//1539
f 1289//1289 1290//1290 1541//1541
f 1289//1289 1541//1541 1540//1540
f 1290//1290 1291//1291 1542//1542
f 1290//1290 1542//1542 1541//1541
f 1291//1291 1292//1292 1543//1543
f 1291//1291 1543//1543 1542//1542
f 1292//1292 1293//1293 1544//1544
f 1292//1292 1544//1544 1543//1543
f 1293//1293 1294//1294 1545//1545
f 1293//1293 1545//1545 1544//1544
f 1294//1294 1295//1295 1546//1546
f 1294//1294 1546//1546 1545//1545
f 1295//1295 1296//1296 1547//1547
f 1295//1295 1547//1547 1546//1546
f 1296//1296 1297//1297 1548//1548
f 1296//1296 1548//1548 1547//1547
f 1297//1297 1298//1298 1549//1549
f 1297//1297 1549//1549 1548//1548
f 1298//1298 1299//1299 1550//1550
f 1298//1298 1550//1550 1549//1549
f 1299//1299 1300//1300 1551//1551
f 1299//1299 1551//1551 1550//1550
f 1300//1300 1301//1301 1552//1552
f 1300//1300 1552//1552 1551//1551
f 1301//1301 1302//1302 1553//1553
f 1301//1301 1553//1553 1552//1552
f 1302//1302 1303//1303 1554//1554
f 1302//1302 1554//1554 1553//1553
f 1303//1303 1304//1304 1555//1555
f 1303//1303 1555//1555 1554//1554
f 1304//1304 1305//1305 1556//1556
f 1304//1304 1556//1556 1555//1555
f 1305//1305 1306//1306 1557//1557
f 1305//1305 1557//1557 1556//1556
f 1306//1306 1307//1307 1558//1558
f 1306//1306 1558//1558 1557//1557
f 1307//1307 1308//1308 1559//1559
f 1307//1307 1559//1559 1558//1558
f 1308//1308 1309//1309 1560//1560
f 1308//1308 1560//1560 1559//1559
f 1309//1309 1310//1310 1561//1561
f 1309//1309 1561//1561 1560//1560
f 1310//1310 1311//1311 1562//1562
f 1310//1310 1562//1562 1561//1561
f 1311//1311 1312//1312 1563//1563
f 1311//1311 1563//1563 1562//1562
f 1312//1312 1313//1313 1564//1564
f 1312//1312 1564//1564 1563//1563
f 1313//1313 1314//1314 1565//1565
f 1313//1313 1565//1565 1564//1564
f 1314//1314 1315//1315 1566//1566
f 1314//1314 1566//1566 1565//1565
f 1315//1315 1316//1316 1567//1567
f 1315//1315 1567//1567 1566//1566
f 1316//1316 1317//1317 1568//1568
f 1316//1316 1568//1568 1567//1567
f 1317//1317 1318//1318 1569//1569
f 1317//1317 1569//1569 1568//1568
f 1318//1318 1319//1319 1570//1570
f 1318//1318 1570//1570 1569//1569
f 1319//1319 1320//1320 1571//1571
f 1319//1319 1571//1571 1570//1570
f 1320//1320 1321//1321 1572//1572
f 1320//1320 1572//1572 1571//1571
f 1321//1321 1322//1322 1573//1573
f 1321//1321 1573//1573 1572//1572
f 1322//1322 1323//1323 1574//1574
f 1322//1322 1574//1574 1573//1573
f 1323//1323 1324//1324 1575//1575
f 1323//1323 1575//1575 1574//1574
f 1324//1324 1325//1325 1576//1576
f 1324//1324 1576//1576 1575//1575
f 1325//1325 1326//1326 1577//1577
f 1325//1325 1577//1577 1576//1576
f 1326//1326 1327//1327 1578//1578
f 1326//1326 1578//1578 1577//1577
f 1327//1327 1328//1328 1579//1579
f 1327//1327 1579//1579 1578//1578
f 1328//1328 1329//1329 1580//1580
f 1328//1328 1580//1580 1579//1579
f 1329//1329 1330//1330 1581//1581
f 1329//1329 1581//1581 1580//1580
f 1330//1330 1331//1331 1582//1582
f 1330//1330 1582//1582 1581//1581
f 1331//1331 1332//1332 1583//1583
f 1331//1331 1583//1583 1582//1582
f 1332//1332 1333//1333 1584//1584
f 1332//1332 1584//1584 1583//1583
f 1333//1333 1334//1334 1585//1585
f 1333//1333 1585//1585 1584//1584
f 1334//1334 1335//1335 1586//1586
f 1334//1334 1586//1586 1585//1585
f 1335//1335 1336//1336 1587//1587
f 1335//1335 1587//1587 1586//1586
f 1336//1336 1337//1337 1588//1588
f 1336//1336 1588//1588 1587//1587
f 1337//1337 1338//1338 1589//1589
f 1337//1337 1589//1589 1588//1588
f 1338//1338 1339//1339 1590//1590
f 1338//1338 1590//1590 1589//1589
f 1339//1339 1340//1340 1591//1591
f 1339//1339 1591//1591 1590//1590
f 1340//1340 1341//1341 1592//1592
f 1340//1340 1592//1592 1591//1591
f 1341//1341 1342//1342 1593//1593
f 1341//1341 1593//1593 1592//1592
f 1342//1342 1343//1343 1594//1594
f 1342//1342 1594//1594 1593//1593
f 1343//1343 1344//1344 1595//1595
f 1343//1343 1595//1595 1594//1594
f 1344//1344 1345//1345 1596//1596
f 1344//1344 1596//1596 1595//1595
f 1345//1345 1346//1346 1597//1597
f 1345//1345 1597//1597 1596//1596
f 1346//1346 1347//1347 1598//1598
f 1346//1346 1598//1598 1597//1597
f 1347//1347 1348//1348 1599//1599
f 1347//1347 1599//1599 1598//1598
f 1348//1348 1349//1349 1600//1600
f 1348//1348 1600//1600 1599//1599
f 1349//1349 1350//1350 1601//1601
f 1349//1349 1601//1601 1600//1600
f 1350//1350 1351//1351 1602//1602
f 1350//1350 1602//1602 1601//1601
f 1351//1351 1352//1352 1603//1603
f 1351//1351 1603//1603 1602//1602
f 1352//1352 1353//1353 1604//1604
f 1352//1352 1604//1604 1603//1603
f 1353//1353 1354//1354 1605//1605
f 1353//1353 1605//1605 1604//1604
f 1354//1354 1355//1355 1606//1606
f 1354//1354 1606//1606 1605//1605
f 1355//1355 1356//1356 1607//1607
f 1355//1355 1607//1607 1606//1606
f 1356//1356 1357//1357 1608//1608
f 1356//1356 1608//1608 1607//1607
f 1357//1357 1358//1358 1609//1609
f 1357//1357 1609//1609 1608//1608
f 1358//1358 1359//1359 1610//1610
f 1358//1358 1610//1610 1609//1609
f 1359//1359 1360//1360 1611//1611
f 1359//1359 1611//1611 1610//1610
f 1360//1360 1361//1361 1612//1612
f 1360//1360 1612//1612 1611//1611
f 1361//1361 1362//1362 1613//1613
f 1361//1361 1613//1613 1612//1612
f 1362//1362 1363//1363 1614//1614
f 1362//1362 1614//1614 1613//1613
f 1363//1363 1364//1364 1615//1615
f 1363//1363 1615//1615 1614//1614
f 1364//1364 1365//1365 1616//1616
f 1364//1364 1616//1616 1615//1615
f 1365//1365 1366//1366 1617//1617
f 1365//1365 1617//1617 1616//1616
f 1366//1366 1367//1367 1618//1618
f 1366//1366 1618//1618 1617//1617
f 1367//1367 1368//1368 1619//1619
f 1367//1367 1619//1619 1618//1618
f 1368//1368 1369//1369 1620//1620
f 1368//1368 1620//1620 1619//1619
f 1369//1369 1370//1370 1621//1621
f 1369//1369 1621//1621 1620//1620
f 1370//1370 1371//1371 1622//1622
f 1370//1370 1622//1622 1621//1621
f 1371//1371 1372//1372 1623//1623
f 1371//1371 1623//1623 1622//1622
f 1372//1372 1373//1373 1624//1624
f 1372//1372 1624//1624 1623//1623
f 1373//1373 1374//1374 1625//1625
f 1373//1373 1625//1625 1624//1624
f 1374//1374 1375//1375 1626//1626
f 1374//1374 1626//1626 1625//1625
f 1375//1375 1376//1376 1627//1627
f 1375//1375 1627//1627 1626//1626
f 1376//1376 1377//1377 1628//1628
f 1376//1376 1628//1628 1627//1627
f 1377//1377 1378//1378 1629//1629
f 1377//1377 1629//1629 1628//1628
f 1378//1378 1379//1379 1630//1630
f 1378//1378 1630//1630 1629//1629
f 1379//1379 1380//1380 1631//1631
f 1379//1379 1631//1631 1630//1630
f 1380//1380 1381//1381 1632//1632
f 1380//1380 1632//1632 1631//1631
f 1381//1381 1382//1382 1633//1633
f 1381//1381 1633//1633 1632//1632
f 1382//1382 1383//1383 1634//1634
f 1382//1382 1634//1634 1633//1633
f 1383//1383 1384//1384 1635//1635
f 1383//1383 1635//1635 1634//1634
f 1384//1384 1385//1385 1636//1636
f 1384//1384 1636//1636 1635//1635
f 1385//1385 1386//1386 1637//1637
f 1385//1385 1637//1637 1636//1636
f 1386//1386 1387//1387 1638//1638
f 1386//1386 1638//1638 1637//1637
f 1387//1387 1388//1388 1639//1639
f 1387//1387 1639//1639 1638//1638
f 1388//1388 1389//1389 1640//1640
f 1388//1388 1640//1640 1639//1639
f 1389//1389 1390//1390 1641//1641
f 1389//1389 1641//1641 1640//1640
f 1390//1390 1391//1391 1642//1642
f 1390//1390 1642//1642 1641//1641
f 1391//1391 1392//1392 1643//1643
f 1391//1391 1643//1643 1642//1642
f 1392//1392 1393//1393 1644//1644
f 1392//1392 1644//1644 1643//1643
f 1393//1393 1394//1394 1645//1645
f 1393//1393 1645//1645 1644//1644
f 1394//1394 1395//1395 1646//1646
f 1394//1394 1646//1646 1645//1645
f 1395//1395 1396//1396 1647//1647
f 1395//1395 1647//1647 1646//1646
f 1396//1396 1397//1397 1648//1648
f 1396//1396 1648//1648 1647//1647
f 1397//1397 1398//1398 1649//1649
f 1397//1397 1649//1649 1648//1648
f 1398//1398 1399//1399 1650//1650
f 1398//1398 1650//1650 1649//1649
f 1399//1399 1400//1400 1651//1651
f 1399//1399 1651//1651 1650//1650
f 1400//1400 1401//1401 1652//1652
f 1400//1400 1652//1652 1651//1651
f 1401//1401 1402//1402 1653//1653
f 1401//1401 1653//1653 1652//1652
f 1402//1402 1403//1403 1654//1654
f 1402//1402 1654//1654 1653//1653
f 1403//1403 1404//1404 1655//1655
f 1403//1403 1655//1655 1654//1654
f 1404//1404 1405//1405 1656//1656
f 1404//1404 1656//1656 1655//1655
f 1405//1405 1406//1406 1657//1657
f 1405//1405 1657//1657 1656//1656
f 1406//1406 1407//1407 1658//1658
f 1406//1406 1658//1658 1657//1657
f 1407//1407 1408//1408 1659//1659
f 1407//1407 1659//1659 1658//1658
f 1408//1408 1409//1409 1660//1660
f 1408//1408 1660//1660 1659//1659
f 1409//1409 1410//1410 1661//1661
f 1409//1409 1661//1661 1660//1660
f 1410//1410 1411//1411 1662//1662
f 1410//1410 1662//1662 1661//1661
f 1411//1411 1412//1412 1663//1663
f 1411//1411 1663//1663 1662//1662
f 1412//1412 1413//1413 1664//1664
f 1412//1412 1664//1664 1663//1663
f 1413//1413 1414//1414 1665//1665
f 1413//1413 1665//1665 1664//1664
f 1414//1414 1415//1415 1666//1666
f 1414//1414 1666//1666 1665//1665
f 1415//1415 1416//1416 1667//1667
f 1415//1415 1667//1667 1666//1666
f 1416//1416 1417//1417 1668//1668
f 1416//1416 1668//1668 1667//1667
f 1417//1417 1418//1418 1669//1669
f 1417//1417 1669//1669 1668//1668
f 1418//1418 1419//1419 1670//1670
f 1418//1418 1670//1670 1669//1669
f 1419//1419 1420//1420 1671//1671
f 1419//1419 1671//1671 1670//1670
f 1420//1420 1421//1421 1672//1672
f 1420//1420 1672//1672 1671//1671
f 1421//1421 1422//1422 1673//1673
f 1421//1421 1673//1673 1672//1672
f 1422//1422 1423//1423 1674//1674
f 1422//1422 1674//1674 1673//1673
f 1423//1423 1424//1424 1675//1675
f 1423//1423 1675//1675 1674//1674
f 1424//1424 1425//1425 1676//1676
f 1424//1424 1676//1676 1675//1675
f 1425//1425 1426//1426 1677//1677
f 1425//1425 1677//1677 1676//1676
f 1426//1426 1427//1427 1678//1678
f 1426//1426 1678//1678 1677//1677
f 1427//1427 1428//1428 1679//1679
f 1427//1427 1679//1679 1678//1678
f 1428//1428 1429//1429 1680//1680
f 1428//1428 1680//1680 1679//1679
f 1429//1429 1430//1430 1681//1681
f 1429//1429 1681//1681 1680//1680
f 1430//1430 1431//1431 1682//1682
f 1430//1430 1682//1682 1681//1681
f 1431//1431 1432//1432 1683//1683
f 1431//1431 1683//1683 1682//1682
f 1432//1432 1433//1433 1684//1684
f 1432//1432 1684//1684 1683//1683
f 1433//1433 1434//1434 1685//1685
f 1433//1433 1685//1685 1684//1684
f 1434//1434 1435//1435 1686//1686
f 1434//1434 1686//1686 1685//1685
f 1435//1435 1436//1436 1687//1687
f 1435//1435 1687//1687 1686//1686
f 1436//1436 1437//1437 1688//1688
f 1436//1436 1688//1688 1687//1687
f 1437//1437 1438//1438 1689//1689
f 1437//1437 1689//1689 1688//1688
f 1438//1438 1439//1439 1690//1690
f 1438//1438 1690//1690 1689//1689
f 1439//1439 1440//1440 1691//1691
f 1439//1439 1691//1691 1690//1690
f 1440//1440 1441//1441 1692//1692
f 1440//1440 1692//1692 1691//1691
f 1441//1441 1442//1442 1693//1693
f 1441//1441 1693//1693 1692//1692
f 1442//1442 1443//1443 1694//1694
f 1442//1442 1694//1694 1693//1693
f 1443//1443 1444//1444 1695//1695
f 1443//1443 1695//1695 1694//1694
f 1444//1444 1445//1445 1696//1696
f 1444//1444 1696//1696 1695//1695
f 1445//1445 1446//1446 1697//1697
f 1445//1445 1697//1697 1696//1696
f 1446//1446 1447//1447 1698//1698
f 1446//1446 1698//1698 1697//1697
f 1447//1447 1448//1448 1699//1699
f 1447//1447 1699//1699 1698//1698
f 1448//1448 1449//1449 1700//1700
f 1448//1448 1700//1700 1699//1699
f 1449//1449 1450//1450 1701//1701
f 1449//1449 1701//1701 1700//1700
f 1450//1450 1451//1451 1702//1702
f 1450//1450 1702//1702 1701//1701
f 1451//1451 1452//1452 1703//1703
f 1451//1451 1703//1703 1702//1702
f 1452//1452 1453//1453 1704//1704
f 1452//1452 1704//1704 1703//1703
f 1453//1453 1454//1454 1705//1705
f 1453//1453 1705//1705 1704//1704
f 1454//1454 1455//1455 1706//1706
f 1454//1454 1706//1706 1705//1705
f 1455//1455 1456//1456 1707//1707
f 1455//1455 1707//1707 1706//1706
f 1456//1456 1457//1457 1708//1708
f 1456//1456 1708//1708 1707//1707
f 1457//1457 1458//1458 1709//1709
f 1457//1457 1709//1709 1708//1708
f 1458//1458 1459//1459 1710//1710
f 1458//1458 1710//1710 1709//1709
f 1459//1459 1460//1460 1711//1711
f 1459//1459 1711//1711 1710//1710
f 1460//1460 1461//1461 1712//1712
f 1460//1460 1712//1712 1711//1711
f 1461//1461 1462//1462 1713//1713
f 1461//1461 1713//1713 1712//1712
f 1462//1462 1463//1463 1714//1714
f 1462//1462 1714//1714 1713//1713
f 1463//1463 1464//1464 1715//1715
f 1463//1463 1715//1715 1714//1714
f 1464//1464 1465//1465 1716//1716
f 1464//1464 1716//1716 1715//1715
f 1465//1465 1466//1466 1717//1717
f 1465//1465 1717//1717 1716//1716
f 1466//1466 1467//1467 1718//1718
f 1466//1466 1718//1718 1717//1717
f 1467//1467 1468//1468 1719//1719
f 1467//1467 1719//1719 1718//1718
f 1468//1468 1469//1469 1720//1720
f 1468//1468 1720//1720 1719//1719
f 1469//1469 1470//1470 1721//1721
f 1469//1469 1721//1721 1720//1720
f 1470//1470 1471//1471 1722//1722
f 1470//1470 1722//1722 1721//1721
f 1471//1471 1472//1472 1723//1723
f 1471//1471 1723//1723 1722//1722
f 1472//1472 1473//1473 1724//1724
f 1472//1472 1724//1724 1723//1723
f 1473//1473 1474//1474 1725//1725
f 1473//1473 1725//1725 1724//1724
f 1474//1474 1475//1475 1726//1726
f 1474//1474 1726//1726 1725//1725
f 1475//1475 1476//1476 1727//1727
f 1475//1475 1727//1727 1726//1726
f 1476//1476 1477//1477 1728//1728
f 1476//1476 1728//1728 1727//1727
f 1477//1477 1478//1478 1729//1729
f 1477//1477 1729//1729 1728//1728
f 1478//1478 1479//1479 1730//1730
f 1478//1478 1730//1730 1729//1729
f 1479//1479 1480//1480 1731//1731
f 1479//1479 1731//1731 1730//1730
f 1480//1480 1481//1481 1732//1732
f 1480//1480 1732//1732 1731//1731
f 1481//1481 1482//1482 1733//1733
f 1481//1481 1733//1733 1732//1732
f 1482//1482 1483//1483 1734//1734
f 1482//1482 1734//1734 1733//1733
f 1483//1483 1484//1484 1735//1735
f 1483//1483 1735//1735 1734//1734
f 1484//1484 1485//1485 1736//1736
f 1484//1484 1736//1736 1735//1735
f 1485//1485 1486//1486 1737//1737
f 1485//1485 1737//1737 1736//1736
f 1486//1486 1487//1487 1738//1738
f 1486//1486 1738//1738 1737//1737
f 1487//1487 1488//1488 1739//1739
f 1487//1487 1739//1739 1738//1738
f 1488//1488 1489//1489 1740//1740
f 1488//1488 1740//1740 1739//1739
f 1489//1489 1490//1490 1741//1741
f 1489//1489 1741//1741 1740//1740
f 1490//1490 1491//1491 1742//1742
f 1490//1490 1742//1742 1741//1741
f 1491//1491 1492//1492 1743//1743
f 1491//1491 1743//1743 1742//1742
f 1492//1492 1493//1493 1744//1744
f 1492//1492 1744//1744 1743//1743
f 1493//1493 1494//1494 1745//1745
f 1493//1493 1745//1745 1744//1744
f 1494//1494 1495//1495 1746//1746
f 1494//1494 1746//1746 1745//1745
f 1495//1495 1496//1496 1747//1747
f 1495//1495 1747//1747 1746//1746
f 1496//1496 1497//1497 1748//1748
f 1496//1496 1748//1748 1747//1747
f 1497//1497 1498//1498 1749//1749
f 1497//1497 1749//1749 1748//1748
f 1498//1498 1499//1499 1750//1750
f 1498//1498 1750//1750 1749//1749
f 1499//1499 1500//1500 1751//1751
f 1499//1499 1751//1751 1750//1750
f 1500//1500 1501//1501 1752//1752
f 1500//1500 1752//1752 1751//1751
f 1501//1501 1502//1502 1753//1753
f 1501//1501 1753//1753 1752//1752
f 1502//1502 1503//1503 1754//1754
f 1502//1502 1754//1754 1753//1753
f 1503//1503 1504//1504 1755//1755
f 1503//1503 1755//1755 1754//1754
f 1504//1504 1505//1505 1756//1756
f 1504//1504 1756//1756 1755//1755
f 1505//1505 1506//1506 1757//1757
f 1505//1505 1757//1757 1756//1756
f 1506//1506 1256//1256 1507//1507
f 1506//1506 1507//1507 1757//1757
f 1507//1507 1508//1508 1759//1759
f 1507//1507 1759//1759 1758//1758
f 1508//1508 1509//1509 1760//1760
f 1508//1508 1760//1760 1759//1759
f 1509//1509 1510//1510 1761//1761
f 1509//1509 1761//1761 1760//1760
f 1510//1510 1511//1511 1762//1762
f 1510//1510 1762//1762 1761//1761
f 1511//1511 1512//1512 1763//1763
f 1511//1511 1763//1763 1762//1762
f 1512//1512 1513//1513 1764//1764
f 1512//1512 1764//1764 1763//1763
f 1513//1513 1514//1514 1765//1765
f 1513//1513 1765//1765 1764//1764
f 1514//1514 1515//1515 1766//1766
f 1514//1514 1766//1766 1765//1765
f 1515//1515 1516//1516 1767//1767
f 1515//1515 1767//1767 1766//1766
f 1516//1516 1517//1517 1768//1768
f 1516//1516 1768//1768 1767//1767
f 1517//1517 1518//1518 1769//1769
f 1517//1517 1769//1769 1768//1768
f 1518//1518 1519//1519 1770//1770
f 1518//1518 1770//1770 1769//1769
f 1519//1519 1520//1520 1771//1771
f 1519//1519 1771//1771 1770//1770
f 1520//1520 1521//1521 1772//1772
f 1520//1520 1772//1772 1771//1771
f 1521//1521 1522//1522 1773//1773
f 1521//1521 1773//1773 1772//1772
f 1522//1522 1523//1523 1774//1774
f 1522//1522 1774//1774 1773//1773
f 1523//1523 1524//1524 1775//1775
f 1523//1523 1775//1775 1774//1774
f 1524//1524 1525//1525 1776//1776
f 1524//1524 1776//1776 1775//1775
f 1525//1525 1526//1526 1777//1777
f 1525//1525 1777//1777 1776//1776
f 1526//1526 1527//1527 1778//1778
f 1526//1526 1778//1778 1777//1777
f 1527//1527 1528//1528 1779//1779
f 1527//1527 1779//1779 1778//1778
f 1528//1528 1529//1529 1780//1780
f 1528//1528 1780//1780 1779//1779
f 1529//1529 1530//1530 1781//1781
f 1529//1529 1781//1781 1780//1780
f 1530//1530 1531//1531 1782//1782
f 1530//1530 1782//1782 1781//1781
f 1531//1531 1532//1532 1783//1783
f 1531//1531 1783//1783 1782//1782
f 1532//1532 1533//1533 1784//1784
f 1532//1532 1784//1784 1783//1783
f 1533//1533 1534//1534 1785//1785
f 1533//1533 1785//1785 1784//1784
f 1534//1534 1535//1535 1786//1786
f 1534//1534 1786//1786 1785//1785
f 1535//1535 1536//1536 1787//1787
f 1535//1535 1787//1787 1786//1786
f 1536//1536 1537//1537 1788//1788
f 1536//1536 1788//1788 1787//1787
f 1537//1537 1538//1538 1789//1789
f 1537//1537 1789//1789 1788//1788
f 1538//1538 1539//1539 1790//1790
f 1538//1538 1790//1790 1789//1789
f 1539//1539 1540//1540 1791//1791
f 1539//1539 1791//1791 1790//1790
f 1540//1540 1541//1541 1792//1792
f 1540//1540 1792//1792 1791//1791
f 1541//1541 1542//1542 1793//1793
f 1541//1541 1793//1793 1792//1792
f 1542//1542 1543//1543 1794//1794
f 1542//1542 1794//1794 1793//1793
f 1543//1543 1544//1544 1795//1795
f 1543//1543 1795//1795 1794//1794
f 1544//1544 1545//1545 1796//1796
f 1544//1544 1796//1796 1795//1795
f 1545//1545 1546//1546 1797//1797
f 1545//1545 1797//1797 1796//1796
f 1546//1546 1547//1547 1798//1798
f 1546//1546 1798//1798 1797//1797
f 1547//1547 1548//1548 1799//1799
f 1547//1547 1799//1799 1798//1798
f 1548//1548 1549//1549 1800//1800
f 1548//1548 1800//1800 1799//1799
f 1549//1549 1550//1550 1801//1801
f 1549//1549 1801//1801 1800//1800
f 1550//1550 1551//1551 1802//1802
f 1550//1550 1802//1802 1801//1801
f 1551//1551 1552//1552 1803//1803
f 1551//1551 1803//1803 1802//1802
f 1552//1552 1553//1553 1804//1804
f 1552//1552 1804//1804 1803//1803
f 1553//1553 1554//1554 1805//1805
f 1553//1553 1805//1805 1804//1804
f 1554//1554 1555//1555 1806//1806
f 1554//1554 1806//1806 1805//1805
f 1555//1555 1556//1556 1807//1807
f 1555//1555 1807//1807 1806//1806
f 1556//1556 1557//1557 1808//1808
f 1556//1556 1808//1808 1807//1807
f 1557//1557 1558//1558 1809//1809
f 1557//1557 1809//1809 1808//1808
f 1558//1558 1559//1559 1810//1810
f 1558//1558 1810//1810 1809//1809
f 1559//1559 1560//1560 1811//1811
f 1559//1559 1811//1811 1810//1810
f 1560//1560 1561//1561 1812//1812
f 1560//1560 1812//1812 1811//1811
f 1561//1561 1562//1562 1813//1813
f 1561//1561 1813//1813 1812//1812
f 1562//1562 1563//1563 1814//1814
f 1562//1562 1814//1814 1813//1813
f 1563//1563 1564//1564 1815//1815
f 1563//1563 1815//1815 1814//1814
f 1564//1564 1565//1565 1816//1816
f 1564//1564 1816//1816 1815//1815
f 1565//1565 1566//1566 1817//1817
f 1565//1565 1817//1817 1816//1816
f 1566//1566 1567//1567 1818//1818
f 1566//1566 1818//1818 1817//1817
f 1567//1567 1568//1568 1819//1819
f 1567//1567 1819//1819 1818//1818
f 1568//1568 1569//1569 1820//1820
f 1568//1568 1820//1820 1819//1819
f 1569//1569 1570//1570 1821//1821
f 1569//1569 1821//1821 1820//1820
f 1570//1570 1571//1571 1822//1822
f 1570//1570 1822//1822 1821//1821
f 1571//1571 1572//1572 1823//1823
f 1571//1571 1823//1823 1822//1822
f 1572//1572 1573//1573 1824//1824
f 1572//1572 1824//1824 1823//1823
f 1573//1573 1574//1574 1825//1825
f 1573//1573 1825//1825 1824//1824
f 1574//1574 1575//1575 1826//1826
f 1574//1574 1826//1826 1825//1825
f 1575//1575 1576//1576 1827//1827
f 1575//1575 1827//1827 1826//1826
f 1576//1576 1577//1577 1828//1828
f 1576//1576 1828//1828 1827//1827
f 1577//1577 1578//1578 1829//1829
f 1577//1577 1829//1829 1828//1828
f 1578//1578 1579//1579 1830//1830
f 1578//1578 1830//1830 1829//1829
f 1579//1579 1580//1580 1831//1831
f 1579//1579 1831//1831 1830//1830
f 1580//1580 1581//1581 1832//1832
f 1580//1580 1832//1832 1831//1831
f 1581//1581 1582//1582 1833//1833
f 1581//1581 1833//1833 1832//1832
f 1582//1582 1583//1583 1834//1834
f 1582//1582 1834//1834 1833//1833
f 1583//1583 1584//1584 1835//1835
f 1583//1583 1835//1835 1834//1834
f 1584//1584 1585//1585 1836//1836
f 1584//1584 1836//1836 1835//1835
f 1585//1585 1586//1586 1837//1837
f 1585//1585 1837//1837 1836//1836
f 1586//1586 1587//1587 1838//1838
f 1586//1586 1838//1838 1837//1837
f 1587//1587 1588//1588 1839//1839
f 1587//1587 1839//1839 1838//1838
f 1588//1588 1589//1589 1840//1840
f 1588//1588 1840//1840 1839//1839
f 1589//1589 1590//1590 1841//1841
f 1589//1589 1841//1841 1840//1840
f 1590//1590 1591//1591 1842//1842
f 1590//1590 1842//1842 1841//1841
f 1591//1591 1592//1592 1843//1843
f 1591//1591 1843//1843 1842//1842
f 1592//1592 1593//1593 1844//1844
f 1592//1592 1844//1844 1843//1843
f 1593//1593 1594//1594 1845//1845
f 1593//1593 1845//1845 1844//1844
f 1594//1594 1595//1595 1846//1846
f 1594//1594 1846//1846 1845//1845
f 1595//1595 1596//1596 1847//1847
f 1595//1595 1847//1847 1846//1846
f 1596//1596 1597//1597 1848//1848
f 1596//1596 1848//1848 1847//1847
f 1597//1597 1598//1598 1849//1849
f 1597//1597 1849//1849 1848//1848
f 1598//1598 1599//1599 1850//1850
f 1598//1598 1850//1850 1849//1849
f 1599//1599 1600//1600 1851//1851
f 1599//1599 1851//1851 1850//1850
f 1600//1600 1601//1601 1852//1852
f 1600//1600 1852//1852 1851//1851
f 1601//1601 1602//1602 1853//1853
f 1601//1601 1853//1853 1852//1852
f 1602//1602 1603//1603 1854//1854
f 1602//1602 1854//1854 1853//1853
f 1603//1603 1604//1604 1855//1855
f 1603//1603 1855//1855 1854//1854
f 1604//1604 1605//1605 1856//1856
f 1604//1604 1856//1856 1855//1855
f 1605//1605 1606//1606 1857//1857
f 1605//1605 1857//1857 1856//1856
f 1606//1606 1607//1607 1858//1858
f 1606//1606 1858//1858 1857//1857
f 1607//1607 1608//1608 1859//1859
f 1607//1607 1859//1859 1858//1858
f 1608//1608 1609//1609 1860//1860
f 1608//1608 1860//1860 1859//1859
f 1609//1609 1610//1610 1861//1861
f 1609//1609 1861//1861 1860//1860
f 1610//1610 1611//1611 1862//1862
f 1610//1610 1862//1862 1861//1861
f 1611//1611 1612//1612 1863//1863
f 1611//1611 1863//1863 1862//1862
f 1612//1612 1613//1613 1864//1864
f 1612//1612 1864//1864 1863//1863
f 1613//1613 1614//1614 1865//1865
f 1613//1613 1865//1865 1864//1864
f 1614//1614 1615//1615 1866//1866
f 1614//1614 1866//1866 1865//1865
f 1615//1615 1616//1616 1867//1867
f 1615//1615 1867//1867 1866//1866
f 1616//1616 1617//1617 1868//1868
f 1616//1616 1868//1868 1867//1867
f 1617//1617 1618//1618 1869//1869
f 1617//1617 1869//1869 1868//1868
f 1618//1618 1619//1619 1870//1870
f 1618//1618 1870//1870 1869//1869
f 1619//1619 1620//1620 1871//1871
f 1619//1619 1871//1871 1870//1870
f 1620//1620 1621//1621 1872//1872
f 1620//1620 1872//1872 1871//1871
f 1621//1621 1622//1622 1873//1873
f 1621//1621 1873//1873 1872//1872
f 1622//1622 1623//1623 1874//1874
f 1622//1622 1874//1874 1873//1873
f 1623//1623 1624//1624 1875//1875
f 1623//1623 1875//1875 1874//1874
f 1624//1624 1625//1625 1876//1876
f 1624//1624 1876//1876 1875//1875
f 1625//1625 1626//1626 1877//1877
f 1625//1625 1877//1877 1876//1876
f 1626//1626 1627//1627 1878//1878
f 1626//1626 1878//1878 1877//1877
f 1627//1627 1628//1628 1879//1879
f 1627//1627 1879//1879 1878//1878
f 1628//1628 1629//1629 1880//1880
f 1628//1628 1880//1880 1879//1879
f 1629//1629 1630//1630 1881//1881
f 1629//1629 1881//1881 1880//1880
f 1630//1630 1631//1631 1882//1882
f 1630//1630 1882//1882 1881//1881
f 1631//1631 1632//1632 1883//1883
f 1631//1631 1883//1883 1882//1882
f 1632//1632 1633//1633 1884//1884
f 1632//1632 1884//1884 1883//1883
f 1633//1633 1634//1634 1885//1885
f 1633//1633 1885//1885 1884//1884
f 1634//1634 1635//1635 1886//1886
f 1634//1634 1886//1886 1885//1885
f 1635//1635 1636//1636 1887//1887
f 1635//1635 1887//1887 1886//1886
f 1636//1636 1637//1637 1888//1888
f 1636//1636 1888//1888 1887//1887
f 1637//1637 1638//1638 1889//1889
f 1637//1637 1889//1889 1888//1888
f 1638//1638 1639//1639 1890//1890
f 1638//1638 1890//1890 1889//1889
f 1639//1639 1640//1640 1891//1891
f 1639//1639 1891//1891 1890//1890
f 1640//1640 1641//1641 1892//1892
f 1640//1640 1892//1892 1891//1891
f 1641//1641 1642//1642 1893//1893
f 1641//1641 1893//1893 1892//1892
f 1642//1642 1643//1643 1894//1894
f 1642//1642 1894//1894 1893//1893
f 1643//1643 1644//1644 1895//1895
f 1643//1643 1895//1895 1894//1894
f 1644//1644 1645//1645 1896//1896
f 1644//1644 1896//1896 1895//1895
f 1645//1645 1646//1646 1897//1897
f 1645//1645 1897//1897 1896//1896
f 1646//1646 1647//1647 1898//1898
f 1646//1646 1898//1898 1897//1897
f 1647//1647 1648//1648 1899//1899
f 1647//1647 1899//1899 1898//1898
f 1648//1648 1649//1649 1900//1900
f 1648//1648 1900//1900 1899//1899
f 1649//1649 1650//1650 1901//1901
f 1649//1649 1901//1901 1900//1900
f 1650//1650 1651//1651 1902//1902
f 1650//1650 1902//1902 1901//1901
f 1651//1651 1652//1652 1903//1903
f 1651//1651 1903//1903 1902//1902
f 1652//1652 1653//1653 1904//1904
f 1652//1652 1904//1904 1903//1903
f 1653//1653 1654//1654 1905//1905
f 1653//1653 1905//1905 1904//1904
f 1654//1654 1655//1655 1906//1906
f 1654//1654 1906//1906 1905//1905
f 1655//1655 1656//1656 1907//1907
f 1655//1655 1907//1907 1906//1906
f 1656//1656 1657//1657 1908//1908
f 1656//1656 1908//1908 1907//1907
f 1657//1657 1658//1658 1909//1909
f 1657//1657 1909//1909 1908//1908
f 1658//1658 1659//1659 1910//1910
f 1658//1658 1910//1910 1909//1909
f 1659//1659 1660//1660 1911//1911
f 1659//1659 1911//1911 1910//1910
f 1660//1660 1661//1661 1912//1912
f 1660//1660 1912//1912 1911//1911
f 1661//1661 1662//1662 1913//1913
f 1661//1661 1913//1913 1912//1912
f 1662//1662 1663//1663 1914//1914
f 1662//1662 1914//1914 1913//1913
f 1663//1663 1664//1664 1915//1915
f 1663//1663 1915//1915 1914//1914
f 1664//1664 1665//1665 1916//1916
f 1664//1664 1916//1916 1915//1915
f 1665//1665 1666//1666 1917//1917
f 1665//1665 1917//1917 1916//1916
f 1666//1666 1667//1667 1918//1918
f 1666//1666 1918//1918 1917//1917
f 1667//1667 1668//1668 1919//1919
f 1667//1667 1919//1919 1918//1918
f 1668//1668 1669//1669 1920//1920
f 1668//1668 1920//1920 1919//1919
f 1669//1669 1670//1670 1921//1921
f 1669//1669 1921//1921 1920//1920
f 1670//1670 1671//1671 1922//1922
f 1670//1670 1922//1922 1921//1921
f 1671//1671 1672//1672 1923//1923
f 1671//1671 1923//1923 1922//1922
f 1672//1672 1673//1673 1924//1924
f 1672//1672 1924//1924 1923//1923
f 1673//1673 1674//1674 1925//1925
f 1673//1673 1925//1925 1924//1924
f 1674//1674 1675//1675 1926//1926
f 1674//1674 1926//1926 1925//1925
f 1675//1675 1676//1676 1927//1927
f 1675//1675 1927//1927 1926//1926
f 1676//1676 1677//1677 1928//1928
f 1676//1676 1928//1928 1927//1927
f 1677//1677 1678//1678 1929//1929
f 1677//1677 1929//1929 1928//1928
f 1678//1678 1679//1679 1930//1930
f 1678//1678 1930//1930 1929//1929
f 1679//1679 1680//1680 1931//1931
f 1679//1679 1931//1931 1930//1930
f 1680//1680 1681//1681 1932//1932
f 1680//1680 1932//1932 1931//1931
f 1681//1681 1682//1682 1933//1933
f 1681//1681 1933//1933 1932//1932
f 1682//1682 1683//1683 1934//1934
f 1682//1682 1934//1934 1933//1933
f 1683//1683 1684//1684 1935//1935
f 1683//1683 1935//1935 1934//1934
f 1684//1684 1685//1685 1936//1936
f 1684//1684 1936//1936 1935//1935
f 1685//1685 1686//1686 1937//1937
f 1685//1685 1937//1937 1936//1936
f 1686//1686 1687//1687 1938//1938
f 1686//1686 1938//1938 1937//1937
f 1687//1687 1688//1688 1939//1939
f 1687//1687 1939//1939 1938//1938
f 1688//1688 1689//1689 1940//1940
f 1688//1688 1940//1940 1939//1939
f 1689//1689 1690//1690 1941//1941
f 1689//1689 1941//1941 1940//1940
f 1690//1690 1691//1691 1942//1942
f 1690//1690 1942//1942 1941//1941
f 1691//1691 1692//1692 1943//1943
f 1691//1691 1943//1943 1942//1942
f 1692//1692 1693//1693 1944//1944
f 1692//1692 1944//1944 1943//1943
f 1693//1693 1694//1694 1945//1945
f 1693//1693 1945//1945 1944//1944
f 1694//1694 1695//1695 1946//1946
f 1694//1694 1946//1946 1945//1945
f 1695//1695 1696//1696 1947//1947
f 1695//1695 1947//1947 1946//1946
f 1696//1696 1697//1697 1948//1948
f 1696//1696 1948//1948 1947//1947
f 1697//1697 1698//1698 1949//1949
f 1697//1697 1949//1949 1948//1948
f 1698//1698 1699//1699 1950//1950
f 1698//1698 1950//1950 1949//1949
f 1699//1699 1700//1700 1951//1951
f 1699//1699 1951//1951 1950//1950
f 1700//1700 1701//1701 1952//1952
f 1700//1700 1952//1952 1951//1951
f 1701//1701 1702//1702 1953//1953
f 1701//1701 1953//1953 1952//1952
f 1702//1702 1703//1703 1954//1954
f 1702//1702 1954//1954 1953//1953
f 1703//1703 1704//1704 1955//1955
f 1703//1703 1955//1955 1954//1954
f 1704//1704 1705//1705 1956//1956
f 1704//1704 1956//1956 1955//1955
f 1705//1705 1706//1706 1957//1957
f 1705//1705 1957//1957 1956//1956
f 1706//1706 1707//1707 1958//1958
f 1706//1706 1958//1958 1957//1957
f 1707//1707 1708//1708 1959//1959
f 1707//1707 1959//1959 1958//1958
f 1708//1708 1709//1709 1960//1960
f 1708//1708 1960//1960 1959//1959
f 1709//1709 1710//1710 1961//1961
f 1709//1709 1961//1961 1960//1960
f 1710//1710 1711//1711 1962//1962
f 1710//1710 1962//1962 1961//1961
f 1711//1711 1712//1712 1963//1963
f 1711//1711 1963//1963 1962//1962
f 1712//1712 1713//1713 1964//1964
f 1712//1712 1964//1964 1963//1963
f 1713//1713 1714//1714 1965//1965
f 1713//1713 1965//1965 1964//1964
f 1714//1714 1715//1715 1966//1966
f 1714//1714 1966//1966 1965//1965
f 1715//1715 1716//1716 1967//1967
f 1715//1715 1967//1967 1966//1966
f 1716//1716 1717//1717 1968//1968
f 1716//1716 1968//1968 1967//1967
f 1717//1717 1718//1718 1969//1969
f 1717//1717 1969//1969 1968//1968
f 1718//1718 1719//1719 1970//1970
f 1718//1718 1970//1970 1969//1969
f 1719//1719 1720//1720 1971//1971
f 1719//1719 1971//1971 1970//1970
f 1720//1720 1721//1721 1972//1972
f 1720//1720 1972//1972 1971//1971
f 1721//1721 1722//1722 1973//1973
f 1721//1721 1973//1973 1972//1972
f 1722//1722 1723//1723 1974//1974
f 1722//1722 1974//1974 1973//1973
f 1723//1723 1724//1724 1975//1975
f 1723//1723 1975//1975 1974//1974
f 1724//1724 1725//1725 1976//1976
f 1724//1724 1976//1976 1975//1975
f 1725//1725 1726//1726 1977//1977
f 1725//1725 1977//1977 1976//1976
f 1726//1726 1727//1727 1978//1978
f 1726//1726 1978//1978 1977//1977
f 1727//1727 1728//1728 1979//1979
f 1727//1727 1979//1979 1978//1978
f 1728//1728 1729//1729 1980//1980
f 1728//1728 1980//1980 1979//1979
f 1729//1729 1730//1730 1981//1981
f 1729//1729 1981//1981 1980//1980
f 1730//1730 1731//1731 1982//1982
f 1730//1730 1982//1982 1981//1981
f 1731//1731 1732//1732 1983//1983
f 1731//1731 1983//1983 1982//1982
f 1732//1732 1733//1733 1984//1984
f 1732//1732 1984//1984 1983//1983
f 1733//1733 1734//1734 1985//1985
f 1733//1733 1985//1985 1984//1984
f 1734//1734 1735//1735 1986//1986
f 1734//1734 1986//1986 1985//1985
f 1735//1735 1736//1736 1987//1987
f 1735//1735 1987//1987 1986//1986
f 1736//1736 1737//1737 1988//1988
f 1736//1736 1988//1988 1987//1987
f 1737//1737 1738//1738 1989//1989
f 1737//1737 1989//1989 1988//1988
f 1738//1738 1739//1739 1990//1990
f 1738//1738 1990//1990 1989//1989
f 1739//1739 1740//1740 1991//1991
f 1739//1739 1991//1991 1990//1990
f 1740//1740 1741//1741 1992//1992
f 1740//1740 1992//1992 1991//1991
f 1741//1741 1742//1742 1993//1993
f 1741//1741 1993//1993 1992//1992
f 1742//1742 1743//1743 1994//1994
f 1742//1742 1994//1994 1993//1993
f 1743//1743 1744//1744 1995//1995
f 1743//1743 1995//1995 1994//1994
f 1744//1744 1745//1745 1996//1996
f 1744//1744 1996//1996 1995//1995
f 1745//1745 1746//1746 1997//1997
f 1745//1745 1997//1997 1996//1996
f 1746//1746 1747//1747 1998//1998
f 1746//1746 1998//1998 1997//1997
f 1747//1747 1748//1748 1999//1999
f 1747//1747 1999//1999 1998//1998
f 1748//1748 1749//1749 2000//2000
f 1748//1748 2000//2000 1999//1999
f 1749//1749 1750//1750 2001//2001
f 1749//1749 2001//2001 2000//2000
f 1750//1750 1751//1751 2002//2002
f 1750//1750 2002//2002 2001//2001
f 1751//1751 1752//1752 2003//2003
f 1751//1751 2003//2003 2002//2002
f 1752//1752 1753//1753 2004//2004
f 1752//1752 2004//2004 2003//2003
f 1753//1753 1754//1754 2005//2005
f 1753//1753 2005//2005 2004//2004
f 1754//1754 1755//1755 2006//2006
f 1754//1754 2006//2006 2005//2005
f 1755//1755 1756//1756 2007//2007
f 1755//1755 2007//2007 2006//2006
f 1756//1756 1757//1757 2008//2008
f 1756//1756 2008//2008 2007//2007
f 1757//1757 1507//1507 1758//1758
f 1757//1757 1758//1758 2008//2008
f 1758//1758 1759//1759 2010//2010
f 1758//1758 2010//2010 2009//2009
f 1759//1759 1760//1760 2011//2011
f 1759//1759 2011//2011 2010//2010
f 1760//1760 1761//1761 2012//2012
f 1760//1760 2012//2012 2011//2011
f 1761//1761 1762//1762 2013//2013
f 1761//1761 2013//2013 2012//2012
f 1762//1762 1763//1763 2014//2014
f 1762//1762 2014//2014 2013//2013
f 1763//1763 1764//1764 2015//2015
f 1763//1763 2015//2015 2014//2014
f 1764//1764 1765//1765 2016//2016
f 1764//1764 2016//2016 2015//2015
f 1765//1765 1766//1766 2017//2017
f 1765//1765 2017//2017 2016//2016
f 1766//1766 1767//1767 2018//2018
f 1766//1766 2018//2018 2017//2017
f 1767//1767 1768//1768 2019//2019
f 1767//1767 2019//2019 2018//2018
f 1768//1768 1769//1769 2020//2020
f 1768//1768 2020//2020 2019//2019
f 1769//1769 1770//1770 2021//2021
f 1769//1769 2021//2021 2020//2020
f 1770//1770 1771//1771 2022//2022
f 1770//1770 2022//2022 2021//2021
f 1771//1771 1772//1772 2023//2023
f 1771//1771 2023//2023 2022//2022
f 1772//1772 1773//1773 2024//2024
f 1772//1772 2024//2024 2023//2023
f 1773//1773 1774//1774 2025//2025
f 1773//1773 2025//2025 2024//2024
f 1774//1774 1775//1775 2026//2026
f 1774//1774 2026//2026 2025//2025
f 1775//1775 1776//1776 2027//2027
f 1775//1775 2027//2027 2026//2026
f 1776//1776 1777//1777 2028//2028
f 1776//1776 2028//2028 2027//2027
f 1777//1777 1778//1778 2029//2029
f 1777//1777 2029//2029 2028//2028
f 1778//1778 1779//1779 2030//2030
f 1778//1778 2030//2030 2029//2029
f 1779//1779 1780//1780 2031//2031
f 1779//1779 2031//2031 2030//2030
f 1780//1780 1781//1781 2032//2032
f 1780//1780 2032//2032 2031//2031
f 1781//1781 1782//1782 2033//2033
f 1781//1781 2033//2033 2032//2032
f 1782//1782 1783//1783 2034//2034
f 1782//1782 2034//2034 2033//2033
f 1783//1783 1784//1784 2035//2035
f 1783//1783 2035//2035 2034//2034
f 1784//1784 1785//1785 2036//2036
f 1784//1784 2036//2036 2035//2035
f 1785//1785 1786//1786 2037//2037
f 1785//1785 2037//2037 2036//2036
f 1786//1786 1787//1787 2038//2038
f 1786//1786 2038//2038 2037//2037
f 1787//1787 1788//1788 2039//2039
f 1787//1787 2039//2039 2038//2038
f 1788//1788 1789//1789 2040//2040
f 1788//1788 2040//2040 2039//2039
f 1789//1789 1790//1790 2041//2041
f 1789//1789 2041//2041 2040//2040
f 1790//1790 1791//1791 2042//2042
f 1790//1790 2042//2042 2041//2041
f 1791//1791 1792//1792 2043//2043
f 1791//1791 2043//2043 2042//2042
f 1792//1792 1793//1793 2044//2044
f 1792//1792 2044//2044 2043//2043
f 1793//1793 1794//1794 2045//2045
f 1793//1793 2045//2045 2044//2044
f 1794//1794 1795//1795 2046//2046
f 1794//1794 2046//2046 2045//2045
f 1795//1795 1796//1796 2047//2047
f 1795//1795 2047//2047 2046//2046
f 1796//1796 1797//1797 2048//2048
f 1796//1796 2048//2048 2047//2047
f 1797//1797 1798//1798 2049//2049
f 1797//1797 2049//2049 2048//2048
f 1798//1798 1799//1799 2050//2050
f 1798//1798 2050//2050 2049//2049
f 1799//1799 1800//1800 2051//2051
f 1799//1799 2051//2051 2050//2050
f 1800//1800 1801//1801 2052//2052
f 1800//1800 2052//2052 2051//2051
f 1801//1801 1802//1802 2053//2053
f 1801//1801 2053//2053 2052//2052
f 1802//1802 1803//1803 2054//2054
f 1802//1802 2054//2054 2053//2053
f 1803//1803 1804//1804 2055//2055
f 1803//1803 2055//2055 2054//2054
f 1804//1804 1805//1805 2056//2056
f 1804//1804 2056//2056 2055//2055
f 1805//1805 1806//1806 2057//2057
f 1805//1805 2057//2057 2056//2056
f 1806//1806 1807//1807 2058//2058
f 1806//1806 2058//2058 2057//2057
f 1807//1807 1808//1808 2059//2059
f 1807//1807 2059//2059 2058//2058
f 1808//1808 1809//1809 2060//2060
f 1808//1808 2060//2060 2059//2059
f 1809//1809 1810//1810 2061//2061
f 1809//1809 2061//2061 2060//2060
f 1810//1810 1811//1811 2062//2062
f 1810//1810 2062//2062 2061//2061
f 1811//1811 1812//1812 2063//2063
f 1811//1811 2063//2063 2062//2062
f 1812//1812 1813//1813 2064//2064
f 1812//1812 2064//2064 2063//2063
f 1813//1813 1814//1814 2065//2065
f 1813//1813 2065//2065 2064//2064
f 1814//1814 1815//1815 2066//2066
f 1814//1814 2066//2066 2065//2065
f 1815//1815 1816//1816 2067//2067
f 1815//1815 2067//2067 2066//2066
f 1816//1816 1817//1817 2068//2068
f 1816//1816 2068//2068 2067//2067
f 1817//1817 1818//1818 2069//2069
f 1817//1817 2069//2069 2068//2068
f 1818//1818 1819//1819 2070//2070
f 1818//1818 2070//2070 2069//2069
f 1819//1819 1820//1820 2071//2071
f 1819//1819 2071//2071 2070//2070
f 1820//1820 1821//1821 2072//2072
f 1820//1820 2072//2072 2071//2071
f 1821//1821 1822//1822 2073//2073
f 1821//1821 2073//2073 2072//2072
f 1822//1822 1823//1823 2074//2074
f 1822//1822 2074//2074 2073//2073
f 1823//1823 1824//1824 2075//2075
f 1823//1823 2075//2075 2074//2074
f 1824//1824 1825//1825 2076//2076
f 1824//1824 2076//2076 2075//2075
f 1825//1825 1826//1826 2077//2077
f 1825//1825 2077//2077 2076//2076
f 1826//1826 1827//1827 2078//2078
f 1826//1826 2078//2078 2077//2077
f 1827//1827 1828//1828 2079//2079
f 1827//1827 2079//2079 2078//2078
f 1828//1828 1829//1829 2080//2080
f 1828//1828 2080//2080 2079//2079
f 1829//1829 1830//1830 2081//2081
f 1829//1829 2081//2081 2080//2080
f 1830//1830 1831//1831 2082//2082
f 1830//1830 2082//2082 2081//2081
f 1831//1831 1832//1832 2083//2083
f 1831//1831 2083//2083 2082//2082
f 1832//1832 1833//1833 2084//2084
f 1832//1832 2084//2084 2083//2083
f 1833//1833 1834//1834 2085//2085
f 1833//1833 2085//2085 2084//2084
f 1834//1834 1835//1835 2086//2086
f 1834//1834 2086//2086 2085//2085
f 1835//1835 1836//1836 2087//2087
f 1835//1835 2087//2087 2086//2086
f 1836//1836 1837//1837 2088//2088
f 1836//1836 2088//2088 2087//2087
f 1837//1837 1838//1838 2089//2089
f 1837//1837 2089//2089 2088//2088
f 1838//1838 1839//1839 2090//2090
f 1838//1838 2090//2090 2089//2089
f 1839//1839 1840//1840 2091//2091
f 1839//1839 2091//2091 2090//2090
f 1840//1840 1841//1841 2092//2092
f 1840//1840 2092//2092 2091//2091
f 1841//1841 1842//1842 2093//2093
f 1841//1841 2093//2093 2092//2092
f 1842//1842 1843//1843 2094//2094
f 1842//1842 2094//2094 2093//2093
f 1843//1843 1844//1844 2095//2095
f 1843//1843 2095//2095 2094//2094
f 1844//1844 1845//1845 2096//2096
f 1844//1844 2096//2096 2095//2095
f 1845//1845 1846//1846 2097//2097
f 1845//1845 2097//2097 2096//2096
f 1846//1846 1847//1847 2098//2098
f 1846//1846 2098//2098 2097//2097
f 1847//1847 1848//1848 2099//2099
f 1847//1847 2099//2099 2098//2098
f 1848//1848 1849//1849 2100//2100
f 1848//1848 2100//2100 2099//2099
f 1849//1849 1850//1850 2101//2101
f 1849//1849 2101//2101 2100//2100
f 1850//1850 1851//1851 2102//2102
f 1850//1850 2102//2102 2101//2101
f 1851//1851 1852//1852 2103//2103
f 1851//1851 2103//2103 2102//2102
f 1852//1852 1853//1853 2104//2104
f 1852//1852 2104//2104 2103//2103
f 1853//1853 1854//1854 2105//2105
f 1853//1853 2105//2105 2104//2104
f 1854//1854 1855//1855 2106//2106
f 1854//1854 2106//2106 2105//2105
f 1855//1855 1856//1856 2107//2107
f 1855//1855 2107//2107 2106//2106
f 1856//1856 1857//1857 2108//2108
f 1856//1856 2108//2108 2107//2107
f 1857//1857 1858//1858 2109//2109
f 1857//1857 2109//2109 2108//2108
f 1858//1858 1859//1859 2110//2110
f 1858//1858 2110//2110 2109//2109
f 1859//1859 1860//1860 2111//2111
f 1859//1859 2111//2111 2110//2110
f 1860//1860 1861//1861 2112//2112
f 1860//1860 2112//2112 2111//2111
f 1861//1861 1862//1862 2113//2113
f 1861//1861 2113//2113 2112//2112
f 1862//1862 1863//1863 2114//2114
f 1862//1862 2114//2114 2113//2113
f 1863//1863 1864//1864 2115//2115
f 1863//1863 2115//2115 2114//2114
f 1864//1864 1865//1865 2116//2116
f 1864//1864 2116//2116 2115//2115
f 1865//1865 1866//1866 2117//2117
f 1865//1865 2117//2117 2116//2116
f 1866//1866 1867//1867 2118//2118
f 1866//1866 2118//2118 2117//2117
f 1867//1867 1868//1868 2119//2119
f 1867//1867 2119//2119 2118//2118
f 1868//1868 1869//1869 2120//2120
f 1868//1868 2120//2120 2119//2119
f 1869//1869 1870//1870 2121//2121
f 1869//1869 2121//2121 2120//2120
f 1870//1870 1871//1871 2122//2122
f 1870//1870 2122//2122 2121//2121
f 1871//1871 1872//1872 2123//2123
f 1871//1871 2123//2123 2122//2122
f 1872//1872 1873//1873 2124//2124
f 1872//1872 2124//2124 2123//2123
f 1873//1873 1874//1874 2125//2125
f 1873//1873 2125//2125 2124//2124
f 1874//1874 1875//1875 2126//2126
f 1874//1874 2126//2126 2125//2125
f 1875//1875 1876//1876 2127//2127
f 1875//1875 2127//2127 2126//2126
f 1876//1876 1877//1877 2128//2128
f 1876//1876 2128//2128 2127//2127
f 1877//1877 1878//1878 2129//2129
f 1877//1877 2129//2129 2128//2128
f 1878//1878 1879//1879 2130//2130
f 1878//1878 2130//2130 2129//2129
f 1879//1879 1880//1880 2131//2131
f 1879//1879 2131//2131 2130//2130
f 1880//1880 1881//1881 2132//2132
f 1880//1880 2132//2132 2131//2131
f 1881//1881 1882//1882 2133//2133
f 1881//1881 2133//2133 2132//2132
f 1882//1882 1883//1883 2134//2134
f 1882//1882 2134//2134 2133//2133
f 1883//1883 1884//1884 2135//2135
f 1883//1883 2135//2135 2134//2134
f 1884//1884 1885//1885 2136//2136
f 1884//1884 2136//2136 2135//2135
f 1885//1885 1886//1886 2137//2137
f 1885//1885 2137//2137 2136//2136
f 1886//1886 1887//1887 2138//2138
f 1886//1886 2138//2138 2137//2137
f 1887//1887 1888//1888 2139//2139
f 1887//1887 2139//2139 2138//2138
f 1888//1888 1889//1889 2140//2140
f 1888//1888 2140//2140 2139//2139
f 1889//1889 1890//1890 2141//2141
f 1889//1889 2141//2141 2140//2140
f 1890//1890 1891//1891 2142//2142
f 1890//1890 2142//2142 2141//2141
f 1891//1891 1892//1892 2143//2143
f 1891//1891 2143//2143 2142//2142
f 1892//1892 1893//1893 2144//2144
f 1892//1892 2144//2144 2143//2143
f 1893//1893 1894//1894 2145//2145
f 1893//1893 2145//2145 2144//2144
f 1894//1894 1895//1895 2146//2146
f 1894//1894 2146//2146 2145//2145
f 1895//1895 1896//1896 2147//2147
f 1895//1895 2147//2147 2146//2146
f 1896//1896 1897//1897 2148//2148
f 1896//1896 2148//2148 2147//2147
f 1897//1897 1898//1898 2149//2149
f 1897//1897 2149//2149 2148//2148
f 1898//1898 1899//1899 2150//2150
f 1898//1898 2150//2150 2149//2149
f 1899//1899 1900//1900 2151//2151
f 1899//1899 2151//2151 2150//2150
f 1900//1900 1901//1901 2152//2152
f 1900//1900 2152//2152 2151//2151
f 1901//1901 1902//1902 2153//2153
f 1901//1901 2153//2153 2152//2152
f 1902//1902 1903//1903 2154//2154
f 1902//1902 2154//2154 2153//2153
f 1903//1903 1904//1904 2155//2155
f 1903//1903 2155//2155 2154//2154
f 1904//1904 1905//1905 2156//2156
f 1904//1904 2156//2156 2155//2155
f 1905//1905 1906//1906 2157//2157
f 1905//1905 2157//2157 2156//2156
f 1906//1906 1907//1907 2158//2158
f 1906//1906 2158//2158 2157//2157
f 1907//1907 1908//1908 2159//2159
f 1907//1907 2159//2159 2158//2158
f 1908//1908 1909//1909 2160//2160
f 1908//1908 2160//2160 2159//2159
f 1909//1909 1910//1910 2161//2161
f 1909//1909 2161//2161 2160//2160
f 1910//1910 1911//1911 2162//2162
f 1910//1910 2162//2162 2161//2161
f 1911//1911 1912//1912 2163//2163
f 1911//1911 2163//2163 2162//2162
f 1912//1912 1913//1913 2164//2164
f 1912//1912 2164//2164 2163//2163
f 1913//1913 1914//1914 2165//2165
f 1913//1913 2165//2165 2164//2164
f 1914//1914 1915//1915 2166//2166
f 1914//1914 2166//2166 2165//2165
f 1915//1915 1916//1916 2167//2167
f 1915//1915 2167//2167 2166//2166
f 1916//1916 1917//1917 2168//2168
f 1916//1916 2168//2168 2167//2167
f 1917//1917 1918//1918 2169//2169
f 1917//1917 2169//2169 2168//2168
f 1918//1918 1919//1919 2170//2170
f 1918//1918 2170//2170 2169//2169
f 1919//1919 1920//1920 2171//2171
f 1919//1919 2171//2171 2170//2170
f 1920//1920 1921//1921 2172//2172
f 1920//1920 2172//2172 2171//2171
f 1921//1921 1922//1922 2173//2173
f 1921//1921 2173//2173 2172//2172
f 1922//1922 1923//1923 2174//2174
f 1922//1922 2174//2174 2173//2173
f 1923//1923 1924//1924 2175//2175
f 1923//1923 2175//2175 2174//2174
f 1924//1924 1925//1925 2176//2176
f 1924//1924 2176//2176 2175//2175
f 1925//1925 1926//1926 2177//2177
f 1925//1925 2177//2177 2176//2176
f 1926//1926 1927//1927 2178//2178
f 1926//1926 2178//2178 2177//2177
f 1927//1927 1928//1928 2179//2179
f 1927//1927 2179//2179 2178//2178
f 1928//1928 1929//1929 2180//2180
f 1928//1928 2180//2180 2179//2179
f 1929//1929 1930//1930 2181//2181
f 1929//1929 2181//2181 2180//2180
f 1930//1930 1931//1931 2182//2182
f 1930//1930 2182//2182 2181//2181
f 1931//1931 1932//1932 2183//2183
f 1931//1931 2183//2183 2182//2182
f 1932//1932 1933//1933 2184//2184
f 1932//1932 2184//2184 2183//2183
f 1933//1933 1934//1934 2185//2185
f 1933//1933 2185//2185 2184//2184
f 1934//1934 1935//1935 2186//2186
f 1934//1934 2186//2186 2185//2185
f 1935//1935 1936//1936 2187//2187
f 1935//1935 2187//2187 2186//2186
f 1936//1936 1937//1937 2188//2188
f 1936//1936 2188//2188 2187//2187
f 1937//1937 1938//1938 2189//2189
f 1937//1937 2189//2189 2188//2188
f 1938//1938 1939//1939 2190//2190
f 1938//1938 2190//2190 2189//2189
f 1939//1939 1940//1940 2191//2191
f 1939//1939 2191//2191 2190//2190
f 1940//1940 1941//1941 2192//2192
f 1940//1940 2192//2192 2191//2191
f 1941//1941 1942//1942 2193//2193
f 1941//1941 2193//2193 2192//2192
f 1942//1942 1943//1943 2194//2194
f 1942//1942 2194//2194 2193//2193
f 1943//1943 1944//1944 2195//2195
f 1943//1943 2195//2195 2194//2194
f 1944//1944 1945//1945 2196//2196
f 1944//1944 2196//2196 2195//2195
f 1945//1945 1946//1946 2197//2197
f 1945//1945 2197//2197 2196//2196
f 1946//1946 1947//1947 2198//2198
f 1946//1946 2198//2198 2197//2197
f 1947//1947 1948//1948 2199//2199
f 1947//1947 2199//2199 2198//2198
f 1948//1948 1949//1949 2200//2200
f 1948//1948 2200//2200 2199//2199
f 1949//1949 1950//1950 2201//2201
f 1949//1949 2201//2201 2200//2200
f 1950//1950 1951//1951 2202//2202
f 1950//1950 2202//2202 2201//2201
f 1951//1951 1952//1952 2203//2203
f 1951//1951 2203//2203 2202//2202
f 1952//1952 1953//1953 2204//2204
f 1952//1952 2204//2204 2203//2203
f 1953//1953 1954//1954 2205//2205
f 1953//1953 2205//2205 2204//2204
f 1954//1954 1955//1955 2206//2206
f 1954//1954 2206//2206 2205//2205
f 1955//1955 1956//1956 2207//2207
f 1955//1955 2207//2207 2206//2206
f 1956//1956 1957//1957 2208//2208
f 1956//1956 2208//2208 2207//2207
f 1957//1957 1958//1958 2209//2209
f 1957//1957 2209//2209 2208//2208
f 1958//1958 1959//1959 2210//2210
f 1958//1958 2210//2210 2209//2209
f 1959//1959 1960//1960 2211//2211
f 1959//1959 2211//2211 2210//2210
f 1960//1960 1961//1961 2212//2212
f 1960//1960 2212//2212 2211//2211
f 1961//1961 1962//1962 2213//2213
f 1961//1961 2213//2213 2212//2212
f 1962//1962 1963//1963 2214//2214
f 1962//1962 2214//2214 2213//2213
f 1963//1963 1964//1964 2215//2215
f 1963//1963 2215//2215 2214//2214
f 1964//1964 1965//1965 2216//2216
f 1964//1964 2216//2216 2215//2215
f 1965//1965 1966//1966 2217//2217
f 1965//1965 2217//2217 2216//2216
f 1966//1966 1967//1967 2218//2218
f 1966//1966 2218//2218 2217//2217
f 1967//1967 1968//1968 2219//2219
f 1967//1967 2219//2219 2218//2218
f 1968//1968 1969//1969 2220//2220
f 1968//1968 2220//2220 2219//2219
f 1969//1969 1970//1970 2221//2221
f 1969//1969 2221//2221 2220//2220
f 1970//1970 1971//1971 2222//2222
f 1970//1970 2222//2222 2221//2221
f 1971//1971 1972//1972 2223//2223
f 1971//1971 2223//2223 2222//2222
f 1972//1972 1973//1973 2224//2224
f 1972//1972 2224//2224 2223//2223
f 1973//1973 1974//1974 2225//2225
f 1973//1973 2225//2225 2224//2224
f 1974//1974 1975//1975 2226//2226
f 1974//1974 2226//2226 2225//2225
f 1975//1975 1976//1976 2227//2227
f 1975//1975 2227//2227 2226//2226
f 1976//1976 1977//1977 2228//2228
f 1976//1976 2228//2228 2227//2227
f 1977//1977 1978//1978 2229//2229
f 1977//1977 2229//2229 2228//2228
f 1978//1978 1979//1979 2230//2230
f 1978//1978 2230//2230 2229//2229
f 1979//1979 1980//1980 2231//2231
f 1979//1979 2231//2231 2230//2230
f 1980//1980 1981//1981 2232//2232
f 1980//1980 2232//2232 2231//2231
f 1981//1981 1982//1982 2233//2233
f 1981//1981 2233//2233 2232//2232
f 1982//1982 1983//1983 2234//2234
f 1982//1982 2234//2234 2233//2233
f 1983//1983 1984//1984 2235//2235
f 1983//1983 2235//2235 2234//2234
f 1984//1984 1985//1985 2236//2236
f 1984//1984 2236//2236 2235//2235
f 1985//1985 1986//1986 2237//2237
f 1985//1985 2237//2237 2236//2236
f 1986//1986 1987//1987 2238//2238
f 1986//1986 2238//2238 2237//2237
f 1987//1987 1988//1988 2239//2239
f 1987//1987 2239//2239 2238//2238
f 1988//1988 1989//1989 2240//2240
f 1988//1988 2240//2240 2239//2239
f 1989//1989 1990//1990 2241//2241
f 1989//1989 2241//2241 2240//2240
f 1990//1990 1991//1991 2242//2242
f 1990//1990 2242//2242 2241//2241
f 1991//1991 1992//1992 2243//2243
f 1991//1991 2243//2243 2242//2242
f 1992//1992 1993//1993 2244//2244
f 1992//1992 2244//2244 2243//2243
f 1993//1993 1994//1994 2245//2245
f 1993//1993 2245//2245 2244//2244
f 1994//1994 1995//1995 2246//2246
f 1994//1994 2246//2246 2245//2245
f 1995//1995 1996//1996 2247//2247
f 1995//1995 2247//2247 2246//2246
f 1996//1996 1997//1997 2248//2248
f 1996//1996 2248//2248 2247//2247
f 1997//1997 1998//1998 2249//2249
f 1997//1997 2249//2249 2248//2248
f 1998//1998 1999//1999 2250//2250
f 1998//1998 2250//2250 2249//2249
f 1999//1999 2000//2000 2251//2251
f 1999//1999 2251//2251 2250//2250
f 2000//2000 2001//2001 2252//2252
f 2000//2000 2252//2252 2251//2251
f 2001//2001 2002//2002 2253//2253
f 2001//2001 2253//2253 2252//2252
f 2002//2002 2003//2003 2254//2254
f 2002//2002 2254//2254 2253//2253
f 2003//2003 2004//2004 2255//2255
f 2003//2003 2255//2255 2254//2254
f 2004//2004 2005//2005 2256//2256
f 2004//2004 2256//2256 2255//2255
f 2005//2005 2006//2006 2257//2257
f 2005//2005 2257//2257 2256//2256
f 2006//2006 2007//2007 2258//2258
f 2006//2006 2258//2258 2257//2257
f 2007//2007 2008//2008 2259//2259
f 2007//2007 2259//2259 2258//2258
f 2008//2008 1758//1758 2009//2009
f 2008//2008 2009//2009 2259//2259
f 2259//2259 2009//2009 2010//2010
f 251//251 2//2 1//1
f 2259//2259 2010//2010 2011//2011
f 251//251 3//3 2//2
f 2259//2259 2011//2011 2012//2012
f 251//251 4//4 3//3
f 2259//2259 2012//2012 2013//2013
f 251//251 5//5 4//4
f 2259//2259 2013//2013 2014//2014
f 251//251 6//6 5//5
f 2259//2259 2014//2014 2015//2015
f 251//251 7//7 6//6
f 2259//2259 2015//2015 2016//2016
f 251//251 8//8 7//7
f 2259//2259 2016//2016 2017//2017
f 251//251 9//9 8//8
f 2259//2259 2017//2017 2018//2018
f 251//251 10//10 9//9
f 2259//2259 2018//2018 2019//2019
f 251//251 11//11 10//10
f 2259//2259 2019//2019 2020//2020
f 251//251 12//12 11//11
f 2259//2259 2020//2020 2021//2021
f 251//251 13//13 12//12
f 2259//2259 2021//2021 2022//2022
f 251//251 14//14 13//13
f 2259//2259 2022//2022 2023//2023
f 251//251 15//15 14//14
f 2259//2259 2023//2023 2024//2024
f 251//251 16//16 15//15
f 2259//2259 2024//2024 2025//2025
f 251//251 17//17 16//16
f 2259//2259 2025//2025 2026//2026
f 251//251 18//18 17//17
f 2259//2259 2026//2026 2027//2027
f 251//251 19//19 18//18
f 2259//2259 2027//2027 2028//2028
f 251//251 20//20 19//19
f 2259//2259 2028//2028 2029//2029
f 251//251 21//21 20//20
f 2259//2259 2029//2029 2030//2030
f 251//251 22//22 21//21
f 2259//2259 2030//2030 2031//2031
f 251//251 23//23 22//22
f 2259//2259 2031//2031 2032//2032
f 251//251 24//24 23//23
f 2259//2259 2032//2032 2033//2033
f 251//251 25//25 24//24
f 2259//2259 2033//2033 2034//2034
f 251//251 26//26 25//25
f 2259//2259 2034//2034 2035//2035
f 251//251 27//27 26//26
f 2259//2259 2035//2035 2036//2036
f 251//251 28//28 27//27
f 2259//2259 2036//2036 2037//2037
f 251//251 29//29 28//28
f 2259//2259 2037//2037 2038//2038
f 251//251 30//30 29//29
f 2259//2259 2038//2038 2039//2039
f 251//251 31//31 30//30
f 2259//2259 2039//2039 2040//2040
f 251//251 32//32 31//31
f 2259//2259 2040//2040 2041//2041
f 251//251 33//33 32//32
f 2259//2259 2041//2041 2042//2042
f 251//251 34//34 33//33
f 2259//2259 2042//2042 2043//2043
f 251//251 35//35 34//34
f 2259//2259 2043//2043 2044//2044
f 251//251 36//36 35//35
f 2259//2259 2044//2044 2045//2045
f 251//251 37//37 36//36
f 2259//2259 2045//2045 2046//2046
f 251//251 38//38 37//37
f 2259//2259 2046//2046 2047//2047
f 251//251 39//39 38//38
f 2259//2259 2047//2047 2048//2048
f 251//251 40//40 39//39
f 2259//2259 2048//2048 2049//2049
f 251//251 41//41 40//40
f 2259//2259 2049//2049 2050//2050
f 251//251 42//42 41//41
f 2259//2259 2050//2050 2051//2051
f 251//251 43//43 42//42
f 2259//2259 2051//2051 2052//2052
f 251//251 44//44 43//43
f 2259//2259 2052//2052 2053//2053
f 251//251 45//45 44//44
f 2259//2259 2053//2053 2054//2054
f 251//251 46//46 45//45
f 2259//2259 2054//2054 2055//2055
f 251//251 47//47 46//46
f 2259//2259 2055//2055 2056//2056
f 251//251 48//48 47//47
f 2259//2259 2056//2056 2057//2057
f 251//251 49//49 48//48
f 2259//2259 2057//2057 2058//2058
f 251//251 50//50 49//49
f 2259//2259 2058//2058 2059//2059
f 251//251 51//51 50//50
f 2259//2259 2059//2059 2060//2060
f 251//251 52//52 51//51
f 2259//2259 2060//2060 2061//2061
f 251//251 53//53 52//52
f 2259//2259 2061//2061 2062//2062
f 251//251 54//54 53//53
f 2259//2259 2062//2062 2063//2063
f 251//251 55//55 54//54
f 2259//2259 2063//2063 2064//2064
f 251//251 56//56 55//55
f 2259//2259 2064//2064 2065//2065
f 251//251 57//57 56//56
f 2259//2259 2065//2065 2066//2066
f 251//251 58//58 57//57
f 2259//2259 2066//2066 2067//2067
f 251//251 59//59 58//58
f 2259//2259 2067//2067 2068//2068
f 251//251 60//60 59//59
f 2259//2259 2068//2068 2069//2069
f 251//251 61//61 60//60
f 2259//2259 2069//2069 2070//2070
f 251//251 62//62 61//61
f 2259//2259 2070//2070 2071//2071
f 251//251 63//63 62//62
f 2259//2259 2071//2071 2072//2072
f 251//251 64//64 63//63
f 2259//2259 2072//2072 2073//2073
f 251//251 65//65 64//64
f 2259//2259 2073//2073 2074//2074
f 251//251 66//66 65//65
f 2259//2259 2074//2074 2075//2075
f 251//251 67//67 66//66
f 2259//2259 2075//2075 2076//2076
f 251//251 68//68 67//67
f 2259//2259 2076//2076 2077//2077
f 251//251 69//69 68//68
f 2259//2259 2077//2077 2078//2078
f 251//251 70//70 69//69
f 2259//2259 2078//2078 2079//2079
f 251//251 71//71 70//70
f 2259//2259 2079//2079 2080//2080
f 251//251 72//72 71//71
f 2259//2259 2080//2080 2081//2081
f 251//251 73//73 72//72
f 2259//2259 2081//2081 2082//2082
f 251//251 74//74 73//73
f 2259//2259 2082//2082 2083//2083
f 251//251 75//75 74//74
f 2259//2259 2083//2083 2084//2084
f 251//251 76//76 75//75
f 2259//2259 2084//2084 2085//2085
f 251//251 77//77 76//76
f 2259//2259 2085//2085 2086//2086
f 251//251 78//78 77//77
f 2259//2259 2086//2086 2087//2087
f 251//251 79//79 78//78
f 2259//2259 2087//2087 2088//2088
f 251//251 80//80 79//79
f 2259//2259 2088//2088 2089//2089
f 251//251 81//81 80//80
f 2259//2259 2089//2089 2090//2090
f 251//251 82//82 81//81
f 2259//2259 2090//2090 2091//2091
f 251//251 83//83 82//82
f 2259//2259 2091//2091 2092//2092
f 251//251 84//84 83//83
f 2259//2259 2092//2092 2093//2093
f 251//251 85//85 84//84
f 2259//2259 2093//2093 2094//2094
f 251//251 86//86 85//85
f 2259//2259 2094//2094 2095//2095
f 251//251 87//87 86//86
f 2259//2259 2095//2095 2096//2096
f 251//251 88//88 87//87
f 2259//2259 2096//2096 2097//2097
f 251//251 89//89 88//88
f 2259//2259 2097//2097 2098//2098
f 251//251 90//90 89//89
f 2259//2259 2098//2098 2099//2099
f 251//251 91//91 90//90
f 2259//2259 2099//2099 2100//2100
f 251//251 92//92 91//91
f 2259//2259 2100//2100 2101//2101
f 251//251 93//93 92//92
f 2259//2259 2101//2101 2102//2102
f 251//251 94//94 93//93
f 2259//2259 2102//2102 2103//2103
f 251//251 95//95 94//94
f 2259//2259 2103//2103 2104//2104
f 251//251 96//96 95//95
f 2259//2259 2104//2104 2105//2105
f 251//251 97//97 96//96
f 2259//2259 2105//2105 2106//2106
f 251//251 98//98 97//97
f 2259//2259 2106//2106 2107//2107
f 251//251 99//99 98//98
f 2259//2259 2107//2107 2108//2108
f 251//251 100//100 99//99
f 2259//2259 2108//2108 2109//2109
f 251//251 101//101 100//100
f 2259//2259 2109//2109 2110//2110
f 251//251 102//102 101//101
f 2259//2259 2110//2110 2111//2111
f 251//251 103//103 102//102
f 2259//2259 2111//2111 2112//2112
f 251//251 104//104 103//103
f 2259//2259 2112//2112 2113//2113
f 251//251 105//105 104//104
f 2259//2259 2113//2113 2114//2114
f 251//251 106//106 105//105
f 2259//2259 2114//2114 2115//2115
f 251//251 107//107 106//106
f 2259//2259 2115//2115 2116//2116
f 251//251 108//108 107//107
f 2259//2259 2116//2116 2117//2117
f 251//251 109//109 108//108
f 2259//2259 2117//2117 2118//2118
f 251//251 110//110 109//109
f 2259//2259 2118//2118 2119//2119
f 251//251 111//111 110//110
f 2259//2259 2119//2119 2120//2120
f 251//251 112//112 111//111
f 2259//2259 2120//2120 2121//2121
f 251//251 113//113 112//112
f 2121//2121 2122//2122 2123//2123
f 113//113 115//115 114//114
f 2121//2121 2123//2123 2124//2124
f 113//113 116//116 115//115
f 2121//2121 2124//2124 2125//2125
f 113//113 117//117 116//116
f 2141//2141 2142//2142 2143//2143
f 133//133 135//135 134//134
f 2140//2140 2141//2141 2143//2143
f 132//132 135//135 133//133
f 2140//2140 2143//2143 2144//2144
f 132//132 136//136 135//135
f 2140//2140 2144//2144 2145//2145
f 132//132 137//137 136//136
f 2139//2139 2140//2140 2145//2145
f 131//131 137//137 132//132
f 2139//2139 2145//2145 2146//2146
f 131//131 138//138 137//137
f 2139//2139 2146//2146 2147//2147
f 131//131 139//139 138//138
f 2138//2138 2139//2139 2147//2147
f 130//130 139//139 131//131
f 2138//2138 2147//2147 2148//2148
f 130//130 140//140 139//139
f 2138//2138 2148//2148 2149//2149
f 130//130 141//141 140//140
f 2138//2138 2149//2149 2150//2150
f 130//130 142//142 141//141
f 2138//2138 2150//2150 2151//2151
f 130//130 143//143 142//142
f 2138//2138 2151//2151 2152//2152
f 130//130 144//144 143//143
f 2138//2138 2152//2152 2153//2153
f 130//130 145//145 144//144
f 2138//2138 2153//2153 2154//2154
f 130//130 146//146 145//145
f 2138//2138 2154//2154 2155//2155
f 130//130 147//147 146//146
f 2137//2137 2138//2138 2155//2155
f 129//129 147//147 130//130
f 2137//2137 2155//2155 2156//2156
f 129//129 148//148 147//147
f 2137//2137 2156//2156 2157//2157
f 129//129 149//149 148//148
f 2137//2137 2157//2157 2158//2158
f 129//129 150//150 149//149
f 2137//2137 2158//2158 2159//2159
f 129//129 151//151 150//150
f 2235//2235 2236//2236 2237//2237
f 227//227 229//229 228//228
f 2234//2234 2235//2235 2237//2237
f 226//226 229//229 227//227
f 2233//2233 2234//2234 2237//2237
f 225//225 229//229 226//226
f 2232//2232 2233//2233 2237//2237
f 224//224 229//229 225//225
f 2231//2231 2232//2232 2237//2237
f 223//223 229//229 224//224
f 2231//2231 2237//2237 2238//2238
f 223//223 230//230 229//229
f 2230//2230 2231//2231 2238//2238
f 222//222 230//230 223//223
f 2229//2229 2230//2230 2238//2238
f 221//221 230//230 222//222
f 2228//2228 2229//2229 2238//2238
f 220//220 230//230 221//221
f 2227//2227 2228//2228 2238//2238
f 219//219 230//230 220//220
f 2227//2227 2238//2238 2239//2239
f 219//219 231//231 230//230
f 2226//2226 2227//2227 2239//2239
f 218//218 231//231 219//219
f 2225//2225 2226//2226 2239//2239
f 217//217 231//231 218//218
f 2224//2224 2225//2225 2239//2239
f 216//216 231//231 217//217
f 2223//2223 2224//2224 2239//2239
f 215//215 231//231 216//216
f 2222//2222 2223//2223 2239//2239
f 214//214 231//231 215//215
f 2222//2222 2239//2239 2240//2240
f 214//214 232//232 231//231
f 2221//2221 2222//2222 2240//2240
f 213//213 232//232 214//214
f 2220//2220 2221//2221 2240//2240
f 212//212 232//232 213//213
f 2219//2219 2220//2220 2240//2240
f 211//211 232//232 212//212
f 2218//2218 2219//2219 2240//2240
f 210//210 232//232 211//211
f 2218//2218 2240//2240 2241//2241
f 210//210 233//233 232//232
f 2217//2217 2218//2218 2241//2241
f 209//209 233//233 210//210
f 2216//2216 2217//2217 2241//2241
f 208//208 233//233 209//209
f 2215//2215 2216//2216 2241//2241
f 207//207 233//233 208//208
f 2214//2214 2215//2215 2241//2241
f 206//206 233//233 207//207
f 2214//2214 2241//2241 2242//2242
f 206//206 234//234 233//233
f 2213//2213 2214//2214 2242//2242
f 205//205 234//234 206//206
f 2212//2212 2213//2213 2242//2242
f 204//204 234//234 205//205
f 2211//2211 2212//2212 2242//2242
f 203//203 234//234 204//204
f 2210//2210 2211//2211 2242//2242
f 202//202 234//234 203//203
f 2209//2209 2210//2210 2242//2242
f 201//201 234//234 202//202
f 2209//2209 2242//2242 2243//2243
f 201//201 235//235 234//234
f 2208//2208 2209//2209 2243//2243
f 200//200 235//235 201//201
f 2207//2207 2208//2208 2243//2243
f 199//199 235//235 200//200
f 2206//2206 2207//2207 2243//2243
f 198//198 235//235 199//199
f 2205//2205 2206//2206 2243//2243
f 197//197 235//235 198//198
f 2205//2205 2243//2243 2244//2244
f 197//197 236//236 235//235
f 2204//2204 2205//2205 2244//2244
f 196//196 236//236 197//197
f 2203//2203 2204//2204 2244//2244
f 195//195 236//236 196//196
f 2202//2202 2203//2203 2244//2244
f 194//194 236//236 195//195
f 2201//2201 2202//2202 2244//2244
f 193//193 236//236 194//194
f 2200//2200 2201//2201 2244//2244
f 192//192 236//236 193//193
f 2200//2200 2244//2244 2245//2245
f 192//192 237//237 236//236
f 2199//2199 2200//2200 2245//2245
f 191//191 237//237 192//192
f 2198//2198 2199//2199 2245//2245
f 190//190 237//237 191//191
f 2197//2197 2198//2198 2245//2245
f 189//189 237//237 190//190
f 2196//2196 2197//2197 2245//2245
f 188//188 237//237 189//189
f 2196//2196 2245//2245 2246//2246
f 188//188 238//238 237//237
f 2195//2195 2196//2196 2246//2246
f 187//187 238//238 188//188
f 2194//2194 2195//2195 2246//2246
f 186//186 238//238 187//187
f 2193//2193 2194//2194 2246//2246
f 185//185 238//238 186//186
f 2192//2192 2193//2193 2246//2246
f 184//184 238//238 185//185
f 2192//2192 2246//2246 2247//2247
f 184//184 239//239 238//238
f 2191//2191 2192//2192 2247//2247
f 183//183 239//239 184//184
f 2190//2190 2191//2191 2247//2247
f 182//182 239//239 183//183
f 2189//2189 2190//2190 2247//2247
f 181//181 239//239 182//182
f 2188//2188 2189//2189 2247//2247
f 180//180 239//239 181//181
f 2188//2188 2247//2247 2248//2248
f 180//180 240//240 239//239
f 2187//2187 2188//2188 2248//2248
f 179//179 240//240 180//180
f 2186//2186 2187//2187 2248//2248
f 178//178 240//240 179//179
f 2185//2185 2186//2186 2248//2248
f 177//177 240//240 178//178
f 2184//2184 2185//2185 2248//2248
f 176//176 240//240 177//177
f 2184//2184 2248//2248 2249//2249
f 176//176 241//241 240//240
f 2183//2183 2184//2184 2249//2249
f 175//175 241//241 176//176
f 2182//2182 2183//2183 2249//2249
f 174//174 241//241 175//175
f 2181//2181 2182//2182 2249//2249
f 173//173 241//241 174//174
f 2180//2180 2181//2181 2249//2249
f 172//172 241//241 173//173
f 2180//2180 2249//2249 2250//2250
f 172//172 242//242 241//241
f 2179//2179 2180//2180 2250//2250
f 171//171 242//242 172//172
f 2178//2178 2179//2179 2250//2250
f 170//170 242//242 171//171
f 2177//2177 2178//2178 2250//2250
f 169//169 242//242 170//170
f 2176//2176 2177//2177 2250//2250
f 168//168 242//242 169//169
f 2176//2176 2250//2250 2251//2251
f 168//168 243//243 242//242
f 2175//2175 2176//2176 2251//2251
f 167//167 243//243 168//168
f 2174//2174 2175//2175 2251//2251
f 166//166 243//243 167//167
f 2173//2173 2174//2174 2251//2251
f 165//165 243//243 166//166
f 2172//2172 2173//2173 2251//2251
f 164//164 243//243 165//165
f 2172//2172 2251//2251 2252//2252
f 164//164 244//244 243//243
f 2171//2171 2172//2172 2252//2252
f 163//163 244//244 164//164
f 2170//2170 2171//2171 2252//2252
f 162//162 244//244 163//163
f 2169//2169 2170//2170 2252//2252
f 161//161 244//244 162//162
f 2169//2169 2252//2252 2253//2253
f 161//161 245//245 244//244
f 2168//2168 2169//2169 2253//2253
f 160//160 245//245 161//161
f 2167//2167 2168//2168 2253//2253
f 159//159 245//245 160//160
f 2166//2166 2167//2167 2253//2253
f 158//158 245//245 159//159
f 2165//2165 2166//2166 2253//2253
f 157//157 245//245 158//158
f 2165//2165 2253//2253 2254//2254
f 157//157 246//246 245//245
f 2164//2164 2165//2165 2254//2254
f 156//156 246//246 157//157
f 2163//2163 2164//2164 2254//2254
f 155//155 246//246 156//156
f 2162//2162 2163//2163 2254//2254
f 154//154 246//246 155//155
f 2162//2162 2254//2254 2255//2255
f 154//154 247//247 246//246
f 2161//2161 2162//2162 2255//2255
f 153//153 247//247 154//154
f 2160//2160 2161//2161 2255//2255
f 152//152 247//247 153//153
f 2159//2159 2160//2160 2255//2255
f 151//151 247//247 152//152
f 2137//2137 2159//2159 2255//2255
f 129//129 247//247 151//151
f 2137//2137 2255//2255 2256//2256
f 129//129 248//248 247//247
f 2137//2137 2256//2256 2257//2257
f 129//129 249//249 248//248
f 2136//2136 2137//2137 2257//2257
f 128//128 249//249 129//129
f 2136//2136 2257//2257 2258//2258
f 128//128 250//250 249//249
f 2136//2136 2258//2258 2259//2259
f 128//128 251//251 250//250
f 2136//2136 2259//2259 2121//2121
f 128//128 113//113 251//251
f 2135//2135 2136//2136 2121//2121
f 127//127 113//113 128//128
f 2134//2134 2135//2135 2121//2121
f 126//126 113//113 127//127
f 2133//2133 2134//2134 2121//2121
f 125//125 113//113 126//126
f 2132//2132 2133//2133 2121//2121
f 124//124 113//113 125//125
f 2131//2131 2132//2132 2121//2121
f 123//123 113//113 124//124
f 2130//2130 2131//2131 2121//2121
f 122//122 113//113 123//123
f 2129//2129 2130//2130 2121//2121
f 121//121 113//113 122//122
f 2128//2128 2129//2129 2121//2121
f 120//120 113//113 121//121
f 2127//2127 2128//2128 2121//2121
f 119//119 113//113 120//120
f 2127//2127 2121//2121 2125//2125
f 119//119 117//117 113//113
f 2125//2125 2126//2126 2127//2127
f 117//117 119//119 118//118
usemtl Shaft
f 2260//2260 2288//2288 2289//2289
f 2260//2260 2289//2289 2261//2261
f 2261//2261 2289//2289 2290//2290
f 2261//2261 2290//2290 2262//2262
f 2262//2262 2290//2290 2291//2291
f 2262//2262 2291//2291 2263//2263
f 2263//2263 2291//2291 2292//2292
f 2263//2263 2292//2292 2264//2264
f 2264//2264 2292//2292 2293//2293
f 2264//2264 2293//2293 2265//2265
f 2265//2265 2293//2293 2294//2294
f 2265//2265 2294//2294 2266//2266
f 2266//2266 2294//2294 2295//2295
f 2266//2266 2295//2295 2267//2267
f 2267//2267 2295//2295 2296//2296
f 2267//2267 2296//2296 2268//2268
f 2268//2268 2296//2296 2297//2297
f 2268//2268 2297//2297 2269//2269
f 2269//2269 2297//2297 2298//2298
f 2269//2269 2298//2298 2270//2270
f 2270//2270 2298//2298 2299//2299
f 2270//2270 2299//2299 2271//2271
f 2271//2271 2299//2299 2300//2300
f 2271//2271 2300//2300 2272//2272
f 2272//2272 2300//2300 2301//2301
f 2272//2272 2301//2301 2273//2273
f 2273//2273 2301//2301 2302//2302
f 2273//2273 2302//2302 2274//2274
f 2274//2274 2302//2302 2303//2303
f 2274//2274 2303//2303 2275//2275
f 2275//2275 2303//2303 2304//2304
f 2275//2275 2304//2304 2276//2276
f 2276//2276 2304//2304 2305//2305
f 2276//2276 2305//2305 2277//2277
f 2277//2277 2305//2305 2306//2306
f 2277//2277 2306//2306 2278//2278
f 2278//2278 2306//2306 2307//2307
f 2278//2278 2307//2307 2279//2279
f 2279//2279 2307//2307 2308//2308
f 2279//2279 2308//2308 2280//2280
f 2280//2280 2308//2308 2309//2309
f 2280//2280 2309//2309 2281//2281
f 2281//2281 2309//2309 2310//2310
f 2281//2281 2310//2310 2282//2282
f 2282//2282 2310//2310 2311//2311
f 2282//2282 2311//2311 2283//2283
f 2283//2283 2311//2311 2312//2312
f 2283//2283 2312//2312 2284//2284
f 2284//2284 2312//2312 2313//2313
f 2284//2284 2313//2313 2285//2285
f 2285//2285 2313//2313 2314//2314
f 2285//2285 2314//2314 2286//2286
f 2286//2286 2314//2314 2315//2315
f 2286//2286 2315//2315 2287//2287
f 2287//2287 2315//2315 2288//2288
f 2287//2287 2288//2288 2260//2260
f 2344//2344 2317//2317 2316//2316
f 2344//2344 2318//2318 2317//2317
f 2344//2344 2319//2319 2318//2318
f 2344//2344 2320//2320 2319//2319
f 2344//2344 2321//2321 2320//2320
f 2344//2344 2322//2322 2321//2321
f 2344//2344 2323//2323 2322//2322
f 2344//2344 2324//2324 2323//2323
f 2344//2344 2325//2325 2324//2324
f 2344//2344 2326//2326 2325//2325
f 2344//2344 2327//2327 2326//2326
f 2344//2344 2328//2328 2327//2327
f 2344//2344 2329//2329 2328//2328
f 2344//2344 2330//2330 2329//2329
f 2344//2344 2331//2331 2330//2330
f 2344//2344 2332//2332 2331//2331
f 2344//2344 2333//2333 2332//2332
f 2344//2344 2334//2334 2333//2333
f 2344//2344 2335//2335 2334//2334
f 2344//2344 2336//2336 2335//2335
f 2344//2344 2337//2337 2336//2336
f 2344//2344 2338//2338 2337//2337
f 2344//2344 2339//2339 2338//2338
f 2344//2344 2340//2340 2339//2339
f 2344//2344 2341//2341 2340//2340
f 2344//2344 2342//2342 2341//2341
f 2344//2344 2343//2343 2342//2342
f 2344//2344 2316//2316 2343//2343
f 2345//2345 2373//2373 2374//2374
f 2345//2345 2374//2374 2346//2346
f 2346//2346 2374//2374 2375//2375
f 2346//2346 2375//2375 2347//2347
f 2347//2347 2375//2375 2376//2376
f 2347//2347 2376//2376 2348//2348
f 2348//2348 2376//2376 2377//2377
f 2348//2348 2377//2377 2349//2349
f 2349//2349 2377//2377 2378//2378
f 2349//2349 2378//2378 2350//2350
f 2350//2350 2378//2378 2379//2379
f 2350//2350 2379//2379 2351//2351
f 2351//2351 2379//2379 2380//2380
f 2351//2351 2380//2380 2352//2352
f 2352//2352 2380//2380 2381//2381
f 2352//2352 2381//2381 2353//2353
f 2353//2353 2381//2381 2382//2382
f 2353//2353 2382//2382 2354//2354
f 2354//2354 2382//2382 2383//2383
f 2354//2354 2383//2383 2355//2355
f 2355//2355 2383//2383 2384//2384
f 2355//2355 2384//2384 2356//2356
f 2356//2356 2384//2384 2385//2385
f 2356//2356 2385//2385 2357//2357
f 2357//2357 2385//2385 2386//2386
f 2357//2357 2386//2386 2358//2358
f 2358//2358 2386//2386 2387//2387
f 2358//2358 2387//2387 2359//2359
f 2359//2359 2387//2387 2388//2388
f 2359//2359 2388//2388 2360//2360
f 2360//2360 2388//2388 2389//2389
f 2360//2360 2389//2389 2361//2361
f 2361//2361 2389//2389 2390//2390
f 2361//2361 2390//2390 2362//2362
f 2362//2362 2390//2390 2391//2391
f 2362//2362 2391//2391 2363//2363
f 2363//2363 2391//2391 2392//2392
f 2363//2363 2392//2392 2364//2364
f 2364//2364 2392//2392 2393//2393
f 2364//2364 2393//2393 2365//2365
f 2365//2365 2393//2393 2394//2394
f 2365//2365 2394//2394 2366//2366
f 2366//2366 2394//2394 2395//2395
f 2366//2366 2395//2395 2367//2367
f 2367//2367 2395//2395 2396//2396
f 2367//2367 2396//2396 2368//2368
f 2368//2368 2396//2396 2397//2397
f 2368//2368 2397//2397 2369//2369
f 2369//2369 2397//2397 2398//2398
f 2369//2369 2398//2398 2370//2370
f 2370//2370 2398//2398 2399//2399
f 2370//2370 2399//2399 2371//2371
f 2371//2371 2399//2399 2400//2400
f 2371//2371 2400//2400 2372//2372
f 2372//2372 2400//2400 2373//2373
f 2372//2372 2373//2373 2345//2345
usemtl Grip
f 2401//2401 2429//2429 2430//2430
f 2401//2401 2430//2430 2402//2402
f 2402//2402 2430//2430 2431//2431
f 2402//2402 2431//2431 2403//2403
f 2403//2403 2431//2431 2432//2432
f 2403//2403 2432//2432 2404//2404
f 2404//2404 2432//2432 2433//2433
f 2404//2404 2433//2433 2405//2405
f 2405//2405 2433//2433 2434//2434
f 2405//2405 2434//2434 2406//2406
f 2406//2406 2434//2434 2435//2435
f 2406//2406 2435//2435 2407//2407
f 2407//2407 2435//2435 2436//2436
f 2407//2407 2436//2436 2408//2408
f 2408//2408 2436//2436 2437//2437
f 2408//2408 2437//2437 2409//2409
f 2409//2409 2437//2437 2438//2438
f 2409//2409 2438//2438 2410//2410
f 2410//2410 2438//2438 2439//2439
f 2410//2410 2439//2439 2411//2411
f 2411//2411 2439//2439 2440//2440
f 2411//2411 2440//2440 2412//2412
f 2412//2412 2440//2440 2441//2441
f 2412//2412 2441//2441 2413//2413
f 2413//2413 2441//2441 2442//2442
f 2413//2413 2442//2442 2414//2414
f 2414//2414 2442//2442 2443//2443
f 2414//2414 2443//2443 2415//2415
f 2415//2415 2443//2443 2444//2444
f 2415//2415 2444//2444 2416//2416
f 2416//2416 2444//2444 2445//2445
f 2416//2416 2445//2445 2417//2417
f 2417//2417 2445//2445 2446//2446
f 2417//2417 2446//2446 2418//2418
f 2418//2418 2446//2446 2447//2447
f 2418//2418 2447//2447 2419//2419
f 2419//2419 2447//2447 2448//2448
f 2419//2419 2448//2448 2420//2420
f 2420//2420 2448//2448 2449//2449
f 2420//2420 2449//2449 2421//2421
f 2421//2421 2449//2449 2450//2450
f 2421//2421 2450//2450 2422//2422
f 2422//2422 2450//2450 2451//2451
f 2422//2422 2451//2451 2423//2423
f 2423//2423 2451//2451 2452//2452
f 2423//2423 2452//2452 2424//2424
f 2424//2424 2452//2452 2453//2453
f 2424//2424 2453//2453 2425//2425
f 2425//2425 2453//2453 2454//2454
f 2425//2425 2454//2454 2426//2426
f 2426//2426 2454//2454 2455//2455
f 2426//2426 2455//2455 2427//2427
f 2427//2427 2455//2455 2456//2456
f 2427//2427 2456//2456 2428//2428
f 2428//2428 2456//2456 2429//2429
f 2428//2428 2429//2429 2401//2401
f 2485//2485 2458//2458 2457//2457
f 2485//2485 2459//2459 2458//2458
f 2485//2485 2460//2460 2459//2459
f 2485//2485 2461//2461 2460//2460
f 2485//2485 2462//2462 2461//2461
f 2485//2485 2463//2463 2462//2462
f 2485//2485 2464//2464 2463//2463
f 2485//2485 2465//2465 2464//2464
f 2485//2485 2466//2466 2465//2465
f 2485//2485 2467//2467 2466//2466
f 2485//2485 2468//2468 2467//2467
f 2485//2485 2469//2469 2468//2468
f 2485//2485 2470//2470 2469//2469
f 2485//2485 2471//2471 2470//2470
f 2485//2485 2472//2472 2471//2471
f 2485//2485 2473//2473 2472//2472
f 2485//2485 2474//2474 2473//2473
f 2485//2485 2475//2475 2474//2474
f 2485//2485 2476//2476 2475//2475
f 2485//2485 2477//2477 2476//2476
f 2485//2485 2478//2478 2477//2477
f 2485//2485 2479//2479 2478//2478
f 2485//2485 2480//2480 2479//2479
f 2485//2485 2481//2481 2480//2480
f 2485//2485 2482//2482 2481//2481
f 2485//2485 2483//2483 2482//2482
f 2485//2485 2484//2484 2483//2483
f 2485//2485 2457//2457 2484//2484
usemtl GripLine
f 2486//2486 2514//2514 2515//2515
f 2486//2486 2515//2515 2487//2487
f 2487//2487 2515//2515 2516//2516
f 2487//2487 2516//2516 2488//2488
f 2488//2488 2516//2516 2517//2517
f 2488//2488 2517//2517 2489//2489
f 2489//2489 2517//2517 2518//2518
f 2489//2489 2518//2518 2490//2490
f 2490//2490 2518//2518 2519//2519
f 2490//2490 2519//2519 2491//2491
f 2491//2491 2519//2519 2520//2520
f 2491//2491 2520//2520 2492//2492
f 2492//2492 2520//2520 2521//2521
f 2492//2492 2521//2521 2493//2493
f 2493//2493 2521//2521 2522//2522
f 2493//2493 2522//2522 2494//2494
f 2494//2494 2522//2522 2523//2523
f 2494//2494 2523//2523 2495//2495
f 2495//2495 2523//2523 2524//2524
f 2495//2495 2524//2524 2496//2496
f 2496//2496 2524//2524 2525//2525
f 2496//2496 2525//2525 2497//2497
f 2497//2497 2525//2525 2526//2526
f 2497//2497 2526//2526 2498//2498
f 2498//2498 2526//2526 2527//2527
f 2498//2498 2527//2527 2499//2499
f 2499//2499 2527//2527 2528//2528
f 2499//2499 2528//2528 2500//2500
f 2500//2500 2528//2528 2529//2529
f 2500//2500 2529//2529 2501//2501
f 2501//2501 2529//2529 2530//2530
f 2501//2501 2530//2530 2502//2502
f 2502//2502 2530//2530 2531//2531
f 2502//2502 2531//2531 2503//2503
f 2503//2503 2531//2531 2532//2532
f 2503//2503 2532//2532 2504//2504
f 2504//2504 2532//2532 2533//2533
f 2504//2504 2533//2533 2505//2505
f 2505//2505 2533//2533 2534//2534
f 2505//2505 2534//2534 2506//2506
f 2506//2506 2534//2534 2535//2535
f 2506//2506 2535//2535 2507//2507
f 2507//2507 2535//2535 2536//2536
f 2507//2507 2536//2536 2508//2508
f 2508//2508 2536//2536 2537//2537
f 2508//2508 2537//2537 2509//2509
f 2509//2509 2537//2537 2538//2538
f 2509//2509 2538//2538 2510//2510
f 2510//2510 2538//2538 2539//2539
f 2510//2510 2539//2539 2511//2511
f 2511//2511 2539//2539 2540//2540
f 2511//2511 2540//2540 2512//2512
f 2512//2512 2540//2540 2541//2541
f 2512//2512 2541//2541 2513//2513
f 2513//2513 2541//2541 2514//2514
f 2513//2513 2514//2514 2486//2486
usemtl Knob
f 2542//2542 2570//2570 2571//2571
f 2542//2542 2571//2571 2543//2543
f 2543//2543 2571//2571 2572//2572
f 2543//2543 2572//2572 2544//2544
f 2544//2544 2572//2572 2573//2573
f 2544//2544 2573//2573 2545//2545
f 2545//2545 2573//2573 2574//2574
f 2545//2545 2574//2574 2546//2546
f 2546//2546 2574//2574 2575//2575
f 2546//2546 2575//2575 2547//2547
f 2547//2547 2575//2575 2576//2576
f 2547//2547 2576//2576 2548//2548
f 2548//2548 2576//2576 2577//2577
f 2548//2548 2577//2577 2549//2549
f 2549//2549 2577//2577 2578//2578
f 2549//2549 2578//2578 2550//2550
f 2550//2550 2578//2578 2579//2579
f 2550//2550 2579//2579 2551//2551
f 2551//2551 2579//2579 2580//2580
f 2551//2551 2580//2580 2552//2552
f 2552//2552 2580//2580 2581//2581
f 2552//2552 2581//2581 2553//2553
f 2553//2553 2581//2581 2582//2582
f 2553//2553 2582//2582 2554//2554
f 2554//2554 2582//2582 2583//2583
f 2554//2554 2583//2583 2555//2555
f 2555//2555 2583//2583 2584//2584
f 2555//2555 2584//2584 2556//2556
f 2556//2556 2584//2584 2585//2585
f 2556//2556 2585//2585 2557//2557
f 2557//2557 2585//2585 2586//2586
f 2557//2557 2586//2586 2558//2558
f 2558//2558 2586//2586 2587//2587
f 2558//2558 2587//2587 2559//2559
f 2559//2559 2587//2587 2588//2588
f 2559//2559 2588//2588 2560//2560
f 2560//2560 2588//2588 2589//2589
f 2560//2560 2589//2589 2561//2561
f 2561//2561 2589//2589 2590//2590
f 2561//2561 2590//2590 2562//2562
f 2562//2562 2590//2590 2591//2591
f 2562//2562 2591//2591 2563//2563
f 2563//2563 2591//2591 2592//2592
f 2563//2563 2592//2592 2564//2564
f 2564//2564 2592//2592 2593//2593
f 2564//2564 2593//2593 2565//2565
f 2565//2565 2593//2593 2594//2594
f 2565//2565 2594//2594 2566//2566
f 2566//2566 2594//2594 2595//2595
f 2566//2566 2595//2595 2567//2567
f 2567//2567 2595//2595 2596//2596
f 2567//2567 2596//2596 2568//2568
f 2568//2568 2596//2596 2597//2597
f 2568//2568 2597//2597 2569//2569
f 2569//2569 2597//2597 2570//2570
f 2569//2569 2570//2570 2542//2542
f 2626//2626 2599//2599 2598//2598
f 2626//2626 2600//2600 2599//2599
f 2626//2626 2601//2601 2600//2600
f 2626//2626 2602//2602 2601//2601
f 2626//2626 2603//2603 2602//2602
f 2626//2626 2604//2604 2603//2603
f 2626//2626 2605//2605 2604//2604
f 2626//2626 2606//2606 2605//2605
f 2626//2626 2607//2607 2606//2606
f 2626//2626 2608//2608 2607//2607
f 2626//2626 2609//2609 2608//2608
f 2626//2626 2610//2610 2609//2609
f 2626//2626 2611//2611 2610//2610
f 2626//2626 2612//2612 2611//2611
f 2626//2626 2613//2613 2612//2612
f 2626//2626 2614//2614 2613//2613
f 2626//2626 2615//2615 2614//2614
f 2626//2626 2616//2616 2615//2615
f 2626//2626 2617//2617 2616//2616
f 2626//2626 2618//2618 2617//2617
f 2626//2626 2619//2619 2618//2618
f 2626//2626 2620//2620 2619//2619
f 2626//2626 2621//2621 2620//2620
f 2626//2626 2622//2622 2621//2621
f 2626//2626 2623//2623 2622//2622
f 2626//2626 2624//2624 2623//2623
f 2626//2626 2625//2625 2624//2624
f 2626//2626 2598//2598 2625//2625
f 2655//2655 2627//2627 2628//2628
f 2655//2655 2628//2628 2629//2629
f 2655//2655 2629//2629 2630//2630
f 2655//2655 2630//2630 2631//2631
f 2655//2655 2631//2631 2632//2632
f 2655//2655 2632//2632 2633//2633
f 2655//2655 2633//2633 2634//2634
f 2655//2655 2634//2634 2635//2635
f 2655//2655 2635//2635 2636//2636
f 2655//2655 2636//2636 2637//2637
f 2655//2655 2637//2637 2638//2638
f 2655//2655 2638//2638 2639//2639
f 2655//2655 2639//2639 2640//2640
f 2655//2655 2640//2640 2641//2641
f 2655//2655 2641//2641 2642//2642
f 2655//2655 2642//2642 2643//2643
f 2655//2655 2643//2643 2644//2644
f 2655//2655 2644//2644 2645//2645
f 2655//2655 2645//2645 2646//2646
f 2655//2655 2646//2646 2647//2647
f 2655//2655 2647//2647 2648//2648
f 2655//2655 2648//2648 2649//2649
f 2655//2655 2649//2649 2650//2650
f 2655//2655 2650//2650 2651//2651
f 2655//2655 2651//2651 2652//2652
f 2655//2655 2652//2652 2653//2653
f 2655//2655 2653//2653 2654//2654
f 2655//2655 2654//2654 2627//2627
